tree
version=v4
num_class=1
num_tree_per_iteration=1
label_index=0
max_feature_idx=8
objective=regression
feature_names=bp roe mom20 mom60 mom250 vol60 size liq roe_chg60
feature_infos=[0.0061728395061728392:1] [0.0061728395061728392:1] [0.0061728395061728392:1] [0.0061728395061728392:1] [0.0061728395061728392:1] [0.0061728395061728392:1] [0.0061728395061728392:1] [0.0061728395061728392:1] [0.0061728395061728392:1]
tree_sizes=1459 1543 1540 1561 1536 1542 1531 1525 1525 1533 1552 1534 1548 1542 1547 1553 1526 1543 1530 1554 1530 1524 1517 1550 1534 1537 1556 1530 1521 1530 1560 1543 1530 1533 1525 1552 1536 1556 1525 1525 1545 1532 1526 1537 1547 1536 1538 1532 1533 1546 1533 1514 1543 1525 1540 1556 1531 1526 1558 1512 1541 1530 1517 1549 1520 1514 1527 1525 1525 1543 1534 1533 1532 1520 1537 1543 1548 1538 1534 1550 1535 1535 1523 1522 1533 1516 1537 1541 1536 1541 1521 1535 1540 1535 1553 1530 1537 1534 1532 1548 1543 1539 1544 1527 1542 1541 1539 1534 1545 1541 1535 1530 1539 1530 1533 1524 1554 1531 1523 1539 1528 1524 1528 1526 1542 1543 1524 1540 1536 1542 1519 1537 1539 1526 1521 1541 1541 1546 1527 1544 1545 1535 1544 1539 1533 1534 1529 1541 1533 1555 1532 1533 1528 1521 1549 1550 1523 1558 1539 1534 1520 1523 1531 1516 1546 1535 1530 1555 1539 1526 1542 1538 1534 1523 1523 1528 1528 1528 1535 1514 1542 1536 1536 1561 1551 1551 1522 1541 1532 1551 1520 1532 1529 1549 1525 1538 1539 1538 1542 1543 1552 1535 1547 1556 1532 1537 1519 1536 1535 1527 1525 1519 1527 1528 1523 1528 1531 1535 1525 1538 1556 1540 1535 1517 1551 1543 1539 1531 1523 1517 1526 1538 1544 1543 1534 1553 1557 1548 1532 1546 1533 1543 1552 1536 1539 1523 1536 1540 1532 1540 1559 1547 1541 1531 1538 1539 1527 1526 1535 1531 1537 1544 1519 1545 1528 1544 1553 1538 1553 1542 1533 1545 1537 1534 1522 1545 1538 1528 1539 1546 1531 1531 1533 1531 1547 1541 1529 1522 1536 1544 1544 1517 1526 1536 1554 1541 1547 1538 1548 1538

Tree=0
num_leaves=15
num_cat=0
split_feature=5 0 1 1 0 8 1 3 4 2 0 4 2 1
split_gain=17.9545 9.79134 4.59291 3.69689 3.24904 3.20667 2.64027 2.38559 2.0422 1.88686 1.69753 1.51675 1.65926 1.34514
threshold=0.96807643312101921 0.25649460188933876 0.83103349828701945 0.45150089605734772 0.6555456619733987 0.40891053391053395 0.24435962680237491 0.043988648090815284 0.96057811852465813 0.94604989604989609 0.035587639311043577 0.59341463414634166 0.084680573663624525 0.94623128549303048
decision_type=10 2 2 2 2 10 2 10 8 8 2 10 10 2
left_child=1 2 9 8 6 10 -3 -8 -2 -1 -4 -6 -13 -9
right_child=3 4 5 -5 11 -7 7 13 -10 -11 -12 12 -14 -15
leaf_value=0.50210595714337647 0.49840748375681865 0.50263684769340267 0.49855162395662417 0.50169017466545129 0.50476720428648747 0.50457892518358993 0.50094541145961935 0.50439326446814703 0.49339802049485204 0.49860309419668342 0.50273239997914199 0.50258978584575587 0.5060698157216611 0.50737507999515941
leaf_weight=5068 711 2590 303 713 11520 4196 496 15006 285 416 1222 370 4612 388
leaf_count=5068 711 2590 303 713 11520 4196 496 15006 285 416 1222 370 4612 388
internal_value=0.503974 0.50416 0.502874 0.498942 0.504573 0.503865 0.504117 0.504358 0.496974 0.50184 0.501902 0.505082 0.505811 0.504468
internal_weight=47896 46187 11205 1709 34982 5721 18480 15890 996 5484 1525 16502 4982 15394
internal_count=47896 46187 11205 1709 34982 5721 18480 15890 996 5484 1525 16502 4982 15394
is_linear=0
shrinkage=1


Tree=1
num_leaves=15
num_cat=0
split_feature=5 0 5 1 0 1 0 7 1 4 7 2 2 1
split_gain=14.8975 7.52269 5.1611 3.49921 2.76343 2.71176 2.97413 2.23651 2.56401 2.42535 1.85829 1.77409 1.46119 1.46377
threshold=0.87614833544037096 0.25221308264786529 0.98501851644035476 0.96070711749266646 0.6555456619733987 0.70740003318400546 0.13229217306757415 0.24034734645199765 0.47162141432735089 0.63346055979643767 0.51736194839643124 0.67193750000000019 0.46745780945337195 0.76987638713302442
decision_type=8 2 10 2 2 2 2 2 2 10 2 10 10 2
left_child=1 3 5 10 7 6 -2 8 9 -3 -1 -4 13 -12
right_child=2 4 11 -5 -6 -7 -8 -9 -10 -11 12 -13 -14 -15
leaf_value=-0.0022092457837902049 -0.0061306027731719758 -0.0014714791471636332 -0.0036562834024227346 0.0014958490695568755 0.0011773251377849249 -0.00039089536675875736 -0.0019757434726966959 0.00057355341335888974 9.4839461792020142e-05 -0.0067407298995118955 -0.0011485342954842654 -0.0082936159599424769 -0.0014848600330846686 0.0016905981243837071
leaf_weight=3436 518 980 415 1259 15886 2248 2556 13047 2641 281 824 410 2253 1011
leaf_count=3436 518 980 415 1259 15886 2248 2556 13047 2641 281 824 410 2253 1011
internal_value=1.64976e-05 0.000355859 -0.00228113 -0.000943901 0.00070353 -0.00171071 -0.00267588 0.000259451 -0.000790806 -0.00264567 -0.00135215 -0.0059609 -0.000631748 0.000415696
internal_weight=47765 41618 6147 8783 32835 5322 3074 16949 3902 1261 7524 825 4088 1835
internal_count=47765 41618 6147 8783 32835 5322 3074 16949 3902 1261 7524 825 4088 1835
is_linear=0
shrinkage=0.05


Tree=2
num_leaves=15
num_cat=0
split_feature=6 0 0 2 6 1 0 6 7 6 3 1 6 0
split_gain=17.2397 8.01614 3.75568 3.10383 3.09819 2.42608 2.25088 2.1203 2.5509 1.94486 1.82845 1.7509 1.52933 1.51756
threshold=0.14854307432432437 0.25649460188933876 0.28090682667270467 0.6949753576150981 0.016064516129032261 0.76624208622249024 0.6795384064885498 0.7153031224655314 0.67193750000000019 0.75431162652393702 0.50471740097908324 0.65917508417508419 0.54964359739143631 0.9426490550276706
decision_type=2 2 2 8 2 2 2 2 2 2 10 2 2 2
left_child=2 5 3 -1 -4 -2 9 8 10 11 -7 -3 -10 -6
right_child=1 6 4 -5 13 7 -8 -9 12 -11 -12 -13 -14 -15
leaf_value=-0.0023649235570287175 -0.0019240464611861132 -0.00041220520250007131 -0.0057465323655322819 -0.0059489622297285057 -0.0012305322708811095 -0.0014711276621771202 0.0012798438122672369 0.0010972293058084876 -0.006366411351860223 0.0012060121665852898 0.000782628331283927 0.00086669671339663758 -0.0017982608431856718 0.0030152736859178934
leaf_weight=1471 3336 7286 375 1025 3742 1740 14131 1983 285 5422 1864 4230 513 223
leaf_count=1471 3336 7286 375 1025 3742 1740 14131 1983 285 5422 1864 4230 513 223
internal_value=3.23961e-05 0.000421833 -0.00229135 -0.00383673 -0.00140258 -0.000831261 0.000813907 -0.000260309 -0.000871849 0.000425186 -0.000305478 5.75547e-05 -0.00342974 -0.000991739
internal_weight=47626 40790 6836 2496 4340 9721 31069 6385 4402 16938 3604 11516 798 3965
internal_count=47626 40790 6836 2496 4340 9721 31069 6385 4402 16938 3604 11516 798 3965
is_linear=0
shrinkage=0.05


Tree=3
num_leaves=15
num_cat=0
split_feature=6 0 5 8 6 7 4 0 8 3 0 0 5 8
split_gain=14.5951 6.44328 5.23133 3.22109 3.03963 3.14864 2.22192 2.01941 2.07556 2.30935 1.84565 1.81847 1.57611 1.48579
threshold=0.17667066826730696 0.54474578327872847 0.90234733174399417 0.45150089605734772 0.74169426048565135 0.87280431432973815 0.66409231870229013 0.12033556112503481 0.41525057603686644 0.50159235668789826 0.088117647058823537 0.10033557046979867 0.98501851644035476 0.74318125464914464
decision_type=2 2 8 10 2 2 10 2 10 10 2 2 10 8
left_child=2 4 11 10 5 7 -3 8 -2 -10 -4 -1 -5 -13
right_child=1 6 3 12 -6 -7 -8 -9 9 -11 -12 13 -14 -15
leaf_value=-0.0050794194548390917 -0.0034983056326990899 0.00074047633260553459 -0.0092540056990687309 -0.0010944528155608364 0.00066782521401580815 -0.0057131921415760492 0.0019831167754152871 -0.00019946379651160619 -0.0026147758178187148 0.00073537232771229521 -0.0044035529729457316 -0.0012207675345978508 -0.0049916424329971851 0.00080243210321401855
leaf_weight=250 1022 14384 229 1241 6455 300 4797 10381 923 1162 1366 3559 328 1218
leaf_count=250 1022 14384 229 1241 6455 300 4797 10381 923 1162 1366 3559 328 1218
internal_value=-4.43264e-06 0.000394583 -0.00192493 -0.00351767 -0.000227633 -0.000646852 0.00105125 -0.000534166 -0.00165246 -0.000747691 -0.00509995 -0.00092246 -0.00190916 -0.000704909
internal_weight=47615 39424 8191 3164 20243 13788 19181 13488 3107 2085 1595 5027 1569 4777
internal_count=47615 39424 8191 3164 20243 13788 19181 13488 3107 2085 1595 5027 1569 4777
is_linear=0
shrinkage=0.05


Tree=4
num_leaves=15
num_cat=0
split_feature=6 0 8 7 0 1 1 0 2 1 8 8 6 2
split_gain=16.1731 6.40802 3.61202 4.25357 2.59781 2.65603 2.34699 2.18566 2.1821 1.91417 1.86516 1.83209 1.77263 1.70636
threshold=0.16423240938166314 0.25649460188933876 0.53739907177824409 0.54086217364905897 0.47546715579502469 0.94623128549303048 0.52530179246433373 0.30852659513095654 0.98326330532212891 0.83881792595799964 0.36803405572755427 0.39136871193322814 0.65327956989247327 0.84641025641025658
decision_type=2 2 8 2 2 2 2 2 10 2 10 10 2 10
left_child=2 8 4 6 5 10 -4 13 9 -2 -1 -12 -11 -8
right_child=1 -3 3 -5 -6 -7 7 -9 -10 12 11 -13 -14 -15
leaf_value=-0.0024366843568749946 -0.0013282625631454573 0.00076230815125799588 -0.0015968745764228087 -0.0056159931132607269 -0.0015085834361689926 0.00030200478703043364 0.0012701724772709953 0.0037233277134580025 -0.0052172543110056806 -0.00057615596705563215 -0.0097889459762561335 -0.0047493523024015093 0.0014934102942481867 -0.0041530024953204334
leaf_weight=812 4543 30612 1084 374 1938 337 474 613 263 3100 204 1555 1553 209
leaf_count=812 4543 30612 1084 374 1938 337 474 613 263 3100 204 1555 1553 209
internal_value=9.75396e-06 0.000410834 -0.00210494 -0.000659008 -0.00292667 -0.00387173 0.000119946 0.00155593 -0.000726636 -0.000598207 -0.00441882 -0.00533382 0.000114589 -0.000389335
internal_weight=47671 40071 7600 2754 4846 2908 2380 1296 9459 9196 2571 1759 4653 683
internal_count=47671 40071 7600 2754 4846 2908 2380 1296 9459 9196 2571 1759 4653 683
is_linear=0
shrinkage=0.05


Tree=5
num_leaves=15
num_cat=0
split_feature=0 1 2 8 0 8 3 0 1 4 0 3 0 7
split_gain=9.49966 5.10985 3.45324 3.142 3.13992 3.08419 2.62587 2.20531 2.46896 2.77527 2.10975 1.6947 1.56724 1.43241
threshold=0.25649460188933876 0.67193750000000019 0.8948992852501626 0.79359959037378403 0.12829175329175332 0.40891053391053395 0.42066228790366728 0.65156402737047914 0.34685648452929568 0.7969337406015039 0.93172105672105687 0.66728855721393043 0.37539808917197459 0.2323262153566561
decision_type=2 2 10 8 2 10 8 2 2 10 2 8 2 2
left_child=1 4 7 10 13 -3 -6 8 9 -2 12 -9 -4 -1
right_child=2 5 3 -5 6 -7 -8 11 -10 -11 -12 -13 -14 -15
leaf_value=-0.0014709671703035966 -0.00039874545972102177 -0.0020778980958669471 -2.2069746374918692e-05 0.0012337409063359151 0.00031331874789694049 9.9022714267654722e-05 -0.0030144882042041805 0.00073316069739120279 0.00052481184279277082 -0.0044083236534334909 0.002624876541591695 0.001952730426770845 -0.003420000635887285 -0.0055967650533460022
leaf_weight=266 3278 2228 434 973 992 6032 1473 11981 13088 497 207 3737 1556 1006
leaf_count=266 3278 2228 434 973 992 6032 1473 11981 13088 497 207 3737 1556 1006
internal_value=3.52128e-05 -0.00118225 0.000443757 -0.00113165 -0.00271639 -0.000488166 -0.00167527 0.000597037 0.000199888 -0.000926629 -0.00217922 0.00102312 -0.00267894 -0.00473398
internal_weight=47748 11997 35751 3170 3737 8260 2465 32581 16863 3775 2197 15718 1990 1272
internal_count=47748 11997 35751 3170 3737 8260 2465 32581 16863 3775 2197 15718 1990 1272
is_linear=0
shrinkage=0.05


Tree=6
num_leaves=15
num_cat=0
split_feature=5 0 0 8 7 8 7 2 8 5 5 4 8 4
split_gain=9.23619 5.53328 2.38195 2.36707 2.28262 3.07778 2.16708 1.90856 2.04195 2.69917 1.68851 2.07887 2.47011 1.56028
threshold=0.96807643312101921 0.26448946947480678 0.87280431432973815 0.48338852097130253 0.883795948987247 0.90033112582781472 0.61245155038759702 0.8948992852501626 0.79359959037378403 0.69927440980072564 0.8049813972715999 0.056670681118693972 0.46888827433628327 0.5335585585585586
decision_type=10 2 2 8 2 10 2 8 8 10 10 10 10 10
left_child=1 4 7 -2 10 -6 -5 -3 9 -9 -1 12 -12 -4
right_child=3 2 13 6 5 -7 -8 8 -10 -11 11 -13 -14 -15
leaf_value=-0.00062418414471394478 -0.0054335927911571651 0.00039312436996882306 0.00082833525442418748 0.00038920582864772194 -6.1628654909722793e-05 0.0057495742008632734 -0.0048854949408300759 -5.537407334313252e-05 0.0011076597690964918 -0.004081855031659044 -0.0019438037408867897 -0.002749886898100132 0.0036521954150809444 0.0025549203420757133
leaf_weight=6669 871 25890 4336 495 1263 278 321 840 739 825 533 2439 313 1874
leaf_count=6669 871 25890 4336 495 1263 278 321 840 739 825 533 2439 313 1874
internal_value=1.28301e-05 0.000146092 0.000462616 -0.00362077 -0.000804004 0.000986726 -0.00168577 0.00026799 -0.00107965 -0.00205048 -0.00108123 -0.0020091 0.000126584 0.00134937
internal_weight=47686 45999 34504 1687 11495 1541 816 28294 2404 1665 9954 3285 846 6210
internal_count=47686 45999 34504 1687 11495 1541 816 28294 2404 1665 9954 3285 846 6210
is_linear=0
shrinkage=0.05


Tree=7
num_leaves=15
num_cat=0
split_feature=6 0 0 8 0 7 1 1 2 6 7 8 8 2
split_gain=11.2999 4.79755 3.52617 3.31276 2.28933 2.18074 2.38135 1.933 1.85922 1.78548 2.12332 1.6441 1.75766 1.60644
threshold=0.14854307432432437 0.25649460188933876 0.12411276113767934 0.54043156059285102 0.72265840642826484 0.54086217364905897 0.52530179246433373 0.8948992852501626 0.84983660130718963 0.58147781626257633 0.73021094402673359 0.36803405572755427 0.12287891860799541 0.65327956989247327
decision_type=2 2 2 8 2 2 2 2 10 2 2 10 10 10
left_child=2 7 13 4 11 6 -5 9 -9 10 -2 12 -4 -1
right_child=1 -3 3 5 -6 -7 -8 8 -10 -11 -12 -13 -14 -15
leaf_value=-0.0027621023045346547 -0.0015568358482734015 0.00066788066841729204 -0.0031661156394932628 -0.0010912114818408464 8.8724954283623327e-05 -0.0041119850615002947 0.0025206706776586649 -0.00030371478776351811 0.0024179564926756925 -0.00024315255671849764 -0.0062408089253098882 -0.0036461490329165042 0.0011971263976071314 -0.0069842433290094822
leaf_weight=482 3023 31061 493 861 824 255 971 2631 824 2990 263 2129 434 423
leaf_count=482 3023 31061 493 861 824 255 971 2631 824 2990 263 2129 434 423
internal_value=4.83933e-05 0.000364378 -0.00182728 -0.00138619 -0.00225023 0.000220164 0.000823165 -0.000604393 0.00034539 -0.00112726 -0.00193172 -0.00288089 -0.00112335 -0.00473555
internal_weight=47664 40792 6872 5967 3880 2087 1832 9731 3455 6276 3286 3056 927 905
internal_count=47664 40792 6872 5967 3880 2087 1832 9731 3455 6276 3286 3056 927 905
is_linear=0
shrinkage=0.05


Tree=8
num_leaves=15
num_cat=0
split_feature=6 0 0 4 1 0 2 6 7 4 6 7 0 6
split_gain=12.6439 3.64121 3.20616 3.03793 2.20159 2.00706 1.99136 1.94679 2.28926 1.7645 1.97581 2.36564 1.76098 1.50286
threshold=0.14854307432432437 0.25649460188933876 0.13229217306757415 0.75850497570006958 0.8948992852501626 0.87280431432973815 0.78210647586708715 0.58147781626257633 0.73021094402673359 0.59341463414634166 0.49186938127974622 0.17667066826730696 0.9678709677419356 0.33974596127759288
decision_type=2 2 2 10 2 2 8 2 2 10 2 2 2 2
left_child=2 4 3 -1 7 -3 -4 8 -2 10 11 13 -13 -7
right_child=1 5 6 -5 -6 9 -8 -9 -10 -11 -12 12 -14 -15
leaf_value=-0.0023155597091170273 -0.0015155954233090614 0.00041251227554885508 -0.00090209382978556824 -0.0079353200841442133 0.00050380992769650168 0.0016255139271086816 -0.0028696028390373632 -0.00014804279834596944 -0.0063717772302246001 0.002960570594990726 7.4081497899460659e-05 0.0026864855096486551 0.0076960536908882203 -0.0033250309429156046
leaf_weight=592 3006 25467 4011 405 3490 547 1893 3027 264 1445 2585 652 240 213
leaf_count=592 3006 25467 4011 405 3490 547 1893 3027 264 1445 2585 652 240 213
internal_value=4.00549e-06 0.000337763 -0.00197581 -0.00459841 -0.000503511 0.000602091 -0.00153294 -0.0010618 -0.00190765 0.00145179 0.000937235 0.00228787 0.00403435 0.000238059
internal_weight=47837 40936 6901 997 9787 31149 5904 6297 3270 5682 4237 1652 892 760
internal_count=47837 40936 6901 997 9787 31149 5904 6297 3270 5682 4237 1652 892 760
is_linear=0
shrinkage=0.05


Tree=9
num_leaves=15
num_cat=0
split_feature=6 0 0 4 8 1 6 4 8 0 3 8 1 0
split_gain=11.0758 3.49901 2.87326 3.31298 2.3577 2.11833 1.95793 2.04582 1.50702 1.83377 1.56343 1.97977 1.44573 1.50472
threshold=0.14854307432432437 0.26448946947480678 0.13229217306757415 0.75850497570006958 0.54043156059285102 0.43968574223526541 0.65327956989247327 0.71841418883672425 0.36803405572755427 0.73021094402673359 0.75079617834394918 0.2893649412788169 0.059765276183186639 0.9426490550276706
decision_type=2 2 2 10 8 2 2 8 10 2 10 10 2 2
left_child=2 6 3 -1 8 -6 -2 -8 10 -10 11 -4 13 -3
right_child=1 12 4 -5 5 -7 7 -9 9 -11 -12 -13 -14 -15
leaf_value=-0.0019985081644455509 -0.0010474847909844659 -0.0024872018241161651 -0.0013345614806715184 -0.0078869023837469295 -0.0020367965502170564 0.0012500182698718901 -0.00066097012820603182 0.0017389376652115077 -0.0034895068262716677 -0.00011492250742087367 -0.0041864495908579442 0.0035028633824931311 0.00060790774629824714 0.0022368361993523487
leaf_weight=593 6472 721 690 400 825 1208 1994 1601 2156 495 263 305 29680 220
leaf_count=593 6472 721 690 400 825 1208 1994 1601 2156 495 263 305 29680 220
internal_value=-3.39271e-05 0.000280876 -0.00188089 -0.00437047 -0.00146484 -8.37851e-05 -0.000527789 0.000407807 -0.00218311 -0.0028594 -0.000757957 0.000148267 0.000546734 -0.00138275
internal_weight=47623 40688 6935 993 5942 2033 10067 3595 3909 2651 1258 995 30621 941
internal_count=47623 40688 6935 993 5942 2033 10067 3595 3909 2651 1258 995 30621 941
is_linear=0
shrinkage=0.05


Tree=10
num_leaves=15
num_cat=0
split_feature=6 2 0 8 0 6 4 4 8 0 5 6 0 4
split_gain=8.88186 3.52104 3.37236 2.47697 2.07949 2.70757 1.68091 1.55768 1.44264 1.56247 1.35807 1.23504 1.27147 2.83863
threshold=0.16423240938166314 0.79346840842442024 0.24814774161681577 0.52746009802689464 0.28090682667270467 0.019292803970223329 1.0000000180025095e-35 0.61660401002506282 0.40446398937935618 0.075693913929208059 0.96497362286835975 0.92044189181269431 0.6795384064885498 0.54575358851674649
decision_type=2 8 2 8 2 2 10 10 10 2 10 2 2 10
left_child=1 3 6 7 -3 -6 8 -1 -2 -10 -8 12 -4 -14
right_child=2 4 11 -5 5 -7 10 -9 9 -11 -12 -13 13 -15
leaf_value=-0.00083275729080952874 -0.0017152168148718144 -0.0049180737967759059 0.00010803715053067515 0.00065325749609527301 -0.0070408728217113432 -0.0010061333324795278 -0.00067880271417164538 -0.0030462410671364317 0.0059176192366205771 0.0006914373083591706 -0.0045664284803634469 0.0014732640660495206 0.00024269950987266021 0.0018400102097428383
leaf_weight=2147 236 1002 15416 1770 220 1198 8163 1262 249 336 231 3035 8137 4226
leaf_count=2147 236 1002 15416 1770 220 1198 8163 1262 249 336 231 3035 8137 4226
internal_value=-3.28709e-05 -0.00159998 0.000264625 -0.000864263 -0.00317448 -0.00194241 -0.000574595 -0.00165218 0.00158468 0.00291591 -0.000785789 0.000515596 0.000410966 0.000788703
internal_weight=47628 7599 40029 5179 2420 1418 9215 3409 821 585 8394 30814 27779 12363
internal_count=47628 7599 40029 5179 2420 1418 9215 3409 821 585 8394 30814 27779 12363
is_linear=0
shrinkage=0.05


Tree=11
num_leaves=15
num_cat=0
split_feature=6 0 8 5 3 4 6 0 4 0 3 4 6 8
split_gain=8.10493 3.06264 2.85538 2.88843 2.24185 2.1273 1.89438 1.66495 2.2482 1.55373 3.21909 1.54269 1.62602 1.553
threshold=0.14854307432432437 0.64771415377510977 0.53231608261777685 0.78210647586708715 0.4448028673835126 0.74525297440211513 0.73390796093518806 0.2966921815199563 0.91726730619652586 0.10843023255813955 0.87911344446849971 0.67220002755200448 0.49596747967479676 0.51992063492063501
decision_type=2 2 8 10 8 10 2 2 8 2 10 10 2 10
left_child=2 6 3 -1 5 -4 9 -6 -9 10 -2 12 13 -3
right_child=1 11 4 -5 7 -7 -8 8 -10 -11 -12 -13 -14 -15
leaf_value=-0.00064743049971371371 -0.0023123828981848824 0.00068148997922319891 0.00376878037046415 -0.003339954068277268 -0.0030252556272052536 -0.0021392444657638322 0.0005291709073500082 -0.0013791447310513227 0.0038503104082325047 -0.00017235004373853397 0.0015949839543188647 0.0017406640499979054 9.239689044750245e-05 0.0027229504371088084
leaf_weight=1543 2321 3083 523 2810 748 215 8276 737 285 14092 682 3407 7609 1335
leaf_count=1543 2321 3083 523 2810 748 215 8276 737 285 14092 682 3407 7609 1335
internal_value=-2.12739e-05 0.000246074 -0.0016113 -0.00238554 -0.000267483 0.00204761 -9.1782e-05 -0.00123276 7.91671e-05 -0.000392397 -0.001425 0.000801455 0.000535397 0.00129836
internal_weight=47666 40805 6861 4353 2508 738 25371 1770 1022 17095 3003 15434 12027 4418
internal_count=47666 40805 6861 4353 2508 738 25371 1770 1022 17095 3003 15434 12027 4418
is_linear=0
shrinkage=0.05


Tree=12
num_leaves=15
num_cat=0
split_feature=5 0 5 8 7 0 4 8 8 4 8 7 4 7
split_gain=6.96796 3.55656 2.61369 2.19165 1.78191 2.53709 2.57377 1.50554 3.59951 1.48711 1.42097 1.39196 1.3876 1.37292
threshold=0.98501851644035476 0.70341905318527187 0.72659060251798568 0.55093393289519199 0.72265840642826484 0.10452638766949567 0.89886560872799415 0.83196638655462196 0.86925590749120174 0.068726145038167957 0.5240967741935485 0.25649460188933876 0.01923155948222725 0.3833959899749374
decision_type=8 2 10 10 2 2 8 10 10 10 10 2 10 2
left_child=1 2 4 9 5 6 10 -5 -9 -4 -1 -11 -10 -13
right_child=-2 -3 3 7 -6 -7 -8 8 12 11 -12 13 -14 -15
leaf_value=-0.0046898233538678891 -0.0043947516200321711 0.00076394414921116547 -0.00019253016963606556 0.0018025379905340763 0.00079575476665512835 1.4929386249625522e-05 0.002275590660027325 -0.0054299962783452907 0.0038310283086641487 -0.0032514156266605539 -0.00048943511348160755 0.00084255072390877588 -0.00020367913683331298 -0.0017859437192022641
leaf_weight=704 876 14272 1882 990 6831 13981 241 323 236 1295 282 601 2196 2865
leaf_count=704 876 14272 1882 990 6831 13981 241 323 236 1295 282 601 2196 2865
internal_value=2.3346e-05 0.000106223 -0.000183259 -0.000837102 0.000124928 -0.000176388 -0.00235635 0.000130165 -0.000470797 -0.0013824 -0.0034885 -0.00185275 0.000187847 -0.00133017
internal_weight=47575 46699 32427 10388 22039 15208 1227 3745 2755 6643 986 4761 2432 3466
internal_count=47575 46699 32427 10388 22039 15208 1227 3745 2755 6643 986 4761 2432 3466
is_linear=0
shrinkage=0.05


Tree=13
num_leaves=15
num_cat=0
split_feature=5 6 8 0 1 8 0 1 2 0 8 5 2 4
split_gain=5.94888 3.79348 3.12824 2.57383 2.10353 2.35367 2.17192 1.76989 1.75019 1.52428 1.72269 1.50064 1.4008 1.41006
threshold=0.98501851644035476 0.088117647058823537 0.55613076999110411 0.26053379098118129 0.65917508417508419 0.40891053391053395 0.027460098026894562 0.55273855370132663 0.95356537809949182 0.47956342577124406 0.36512474012474017 0.85758377425044097 0.056162383177570101 0.012821039654818166
decision_type=8 2 8 2 2 10 2 2 10 2 10 10 10 10
left_child=1 2 8 4 7 6 -6 -3 9 10 -1 -11 -7 -14
right_child=-2 3 -4 -5 5 12 -8 -9 -10 11 -12 -13 13 -15
leaf_value=-0.00039535958844446462 -0.0040949118106209216 -0.0010115480410344891 0.00064195207031887214 0.00041097461826176962 -0.0060100612103780532 -0.0024756814186684887 -0.00092028813348738023 -0.0040997893902364295 -0.0061740085322132994 0.0016515025940079372 -0.0044191053585669431 -0.0027340763059450594 0.0029160531739173853 0.00037655224340660574
leaf_weight=388 876 2158 1113 32638 235 379 1939 591 296 430 846 357 618 4732
leaf_count=388 876 2158 1113 32638 235 379 1939 591 296 430 846 357 618 4732
internal_value=-1.26411e-05 6.39015e-05 -0.0015367 0.000190722 -0.000484136 -6.97356e-05 -0.00147047 -0.00167548 -0.00258325 -0.00205734 -0.00315394 -0.00033789 0.000461805 0.0006699
internal_weight=47596 46720 3430 43290 10652 7903 2174 2749 2317 2021 1234 787 5729 5350
internal_count=47596 46720 3430 43290 10652 7903 2174 2749 2317 2021 1234 787 5729 5350
is_linear=0
shrinkage=0.05


Tree=14
num_leaves=15
num_cat=0
split_feature=5 6 1 7 0 6 0 2 8 8 1 0 8 0
split_gain=5.82045 2.94625 2.24609 4.60424 2.01442 1.87718 1.63785 1.58458 1.71179 2.76875 1.56978 2.3059 1.62757 1.30639
threshold=0.97231800766283538 0.15635629251700683 0.44765682079114921 0.74583217560433468 0.6795384064885498 0.74169426048565135 0.9426490550276706 0.78210647586708715 0.53052351375332762 0.36803405572755427 0.91726730619652586 0.12033556112503481 0.41525057603686644 0.052012882447665061
decision_type=8 2 2 2 2 2 2 10 10 10 2 2 8 2
left_child=1 6 -2 -4 5 10 7 8 9 -1 11 12 -3 -14
right_child=2 4 3 -5 -6 -7 -8 -9 -10 -11 -12 -13 13 -15
leaf_value=0.00086211293374345967 -0.0046372649075594984 -0.0041893826168468385 0.0022765709866054648 -0.0066379384818001409 0.0007409794162730448 0.00060941709526709728 0.0031493986914845947 -0.0023403985933619013 0.00099825340010889821 -0.0024360067172408476 0.00089216184860591323 -0.00025691925166246597 0.0012357076203996116 -0.0022552261958126798
leaf_weight=998 899 637 424 220 13881 8448 236 1781 1237 1756 2403 13516 408 781
leaf_count=998 899 637 424 220 13881 8448 236 1781 1237 1756 2403 13516 408 781
internal_value=-1.93044e-06 9.92154e-05 -0.00302267 -0.000768758 0.000254016 -4.05069e-06 -0.000933321 -0.00110025 -0.00054683 -0.00124083 -0.000296109 -0.000482227 -0.00214995 -0.00105733
internal_weight=47625 46082 1543 644 40074 26193 6008 5772 3991 2754 17745 15342 1826 1189
internal_count=47625 46082 1543 644 40074 26193 6008 5772 3991 2754 17745 15342 1826 1189
is_linear=0
shrinkage=0.05


Tree=15
num_leaves=15
num_cat=0
split_feature=6 5 0 8 6 7 1 3 0 1 3 8 8 8
split_gain=5.04952 2.73816 2.25864 2.17961 1.87389 2.26875 2.23332 1.62847 1.55515 1.79243 1.48486 1.61785 1.45389 1.41249
threshold=0.055749805749805752 0.98501851644035476 0.87280431432973815 0.4387279439369291 0.73390796093518806 0.87280431432973815 0.96485050654806048 0.13354564755838644 0.13229217306757415 0.90980525083199815 0.75079617834394918 0.85490027086924414 0.028004705574799036 0.95130420054200548
decision_type=2 10 2 8 2 2 2 10 2 2 10 8 10 10
left_child=3 2 4 7 5 8 12 -1 9 -2 -11 -12 -6 -10
right_child=1 -3 -4 -5 6 -7 -8 -9 13 10 11 -13 -14 -15
leaf_value=-0.0067428637114408914 -0.0020016669105203133 -0.0040266207712442437 0.0010571757224210345 -0.00086051846722366991 -0.0036998345742809448 -0.0040160815462064866 0.0050958777670660673 -0.0025767834862275231 -8.2855941784180486e-05 -0.0010142989981871615 0.003835681865646927 -0.0013808009197019968 0.00053026283981219948 0.0017224255850816373
leaf_weight=336 2231 394 6063 1380 207 385 265 777 21867 1049 427 228 10861 1140
leaf_count=336 2231 394 6063 1380 207 385 265 777 21867 1049 427 228 10861 1140
internal_value=2.32039e-06 0.000123363 0.000159923 -0.00218824 1.92081e-05 -0.000204967 0.000559757 -0.00383447 -0.000150507 -0.00106905 0.000152003 0.00201987 0.000451149 6.59601e-06
internal_weight=47610 45117 44723 2493 38660 27327 11333 1113 26942 3935 1704 655 11068 23007
internal_count=47610 45117 44723 2493 38660 27327 11333 1113 26942 3935 1704 655 11068 23007
is_linear=0
shrinkage=0.05


Tree=16
num_leaves=15
num_cat=0
split_feature=6 0 0 8 4 1 5 8 8 5 8 4 6 1
split_gain=5.7307 2.93257 2.39776 2.29501 1.59448 1.5601 2.00506 1.66475 2.81604 1.512 1.46091 1.40923 1.47831 1.21685
threshold=0.088117647058823537 0.12411276113767934 0.24814774161681577 0.448344280240832 0.75463121783876519 0.96070711749266646 0.65144564915207126 0.86925590749120174 0.83600153688524603 0.97231800766283538 0.50851449275362326 0.29719937328632989 0.26021828711437806 0.9678709677419356
decision_type=2 2 2 8 8 2 8 10 10 10 8 10 2 2
left_child=1 4 5 -3 -1 7 10 8 9 -2 -7 -9 -13 -4
right_child=2 3 13 -5 -6 6 -8 11 -10 -11 -12 12 -14 -15
leaf_value=-0.0022326135335672174 -0.00077339568730586594 -0.002600588805019993 0.00032854242803620237 -5.4813291636151987e-07 -0.0074674782613756542 0.001070605484514451 -0.00028570777531938569 0.0031967398006626092 -0.0061654434702535527 -0.0050520462714170634 0.006427271856673228 -0.0036199517493647141 0.00077443464042324412 0.003836956318927439
leaf_weight=266 6745 1656 33197 1741 321 282 1116 418 264 213 232 247 850 249
leaf_count=266 6745 1656 33197 1741 321 282 1116 418 264 213 232 247 850 249
internal_value=-1.63648e-05 -0.00183194 0.000148729 -0.00126804 -0.00509529 -0.000515651 0.00090441 -0.000780581 -0.00109669 -0.000904375 0.0034884 0.000726323 -0.000215003 0.000354662
internal_weight=47797 3984 43813 3397 587 10367 1630 8737 7222 6958 514 1515 1097 33446
internal_count=47797 3984 43813 3397 587 10367 1630 8737 7222 6958 514 1515 1097 33446
is_linear=0
shrinkage=0.05


Tree=17
num_leaves=15
num_cat=0
split_feature=6 0 0 4 2 6 8 5 5 7 6 6 6 6
split_gain=5.07313 2.43123 1.95428 2.2466 1.82482 1.82224 1.95131 1.79156 1.63693 1.56385 1.70017 1.54543 1.45607 1.77602
threshold=0.14854307432432437 0.27697505197505207 0.64771415377510977 0.71084065082644632 0.67931729799798368 0.016064516129032261 0.52746009802689464 0.97570810385523221 0.78964130070398941 0.83474667624865262 0.37959583671262509 0.50159235668789826 0.883795948987247 0.82784171099772019
decision_type=2 2 2 10 8 2 10 8 10 2 2 2 2 2
left_child=1 4 7 11 8 -3 -7 -2 -1 10 -5 -4 13 -13
right_child=2 5 3 9 -6 6 -8 -9 -10 -11 -12 12 -14 -15
leaf_value=0.0013615231670685169 2.2085565520608504e-05 -0.0038574132610776587 0.0011032631331747865 0.00064906211796353201 -0.0040605503474698953 -0.00096010437773418479 0.001393266412060362 -0.0040878183109366072 -0.0023773015724004531 -0.00056022446095039147 0.003432838632563124 -0.00019736157094457434 0.0011570524866394809 -0.0036472510049430809
leaf_weight=409 25023 373 4798 839 1044 2745 1297 268 1030 517 1584 5354 1905 401
leaf_count=409 25023 373 4798 839 1044 2745 1297 268 1030 517 1584 5354 1905 401
internal_value=3.63517e-05 -0.00121748 0.000248914 0.00069301 -0.00246918 -0.00051353 -0.000204953 -2.14657e-05 -0.00131463 0.00193624 0.00246891 0.000399616 -4.11275e-05 -0.000437745
internal_weight=47587 6898 40689 15398 2483 4415 4042 25291 1439 2940 2423 12458 7660 5755
internal_count=47587 6898 40689 15398 2483 4415 4042 25291 1439 2940 2423 12458 7660 5755
is_linear=0
shrinkage=0.05


Tree=18
num_leaves=15
num_cat=0
split_feature=5 8 5 2 8 3 4 2 7 8 3 6 7 5
split_gain=3.99122 3.17983 1.52264 1.39027 2.39797 1.7763 1.53504 1.30685 1.02473 0.95008 0.883155 0.839531 1.61697 0.963292
threshold=0.78964130070398941 0.5967064245052861 0.98501851644035476 0.887270994387377 0.42971804898127192 0.81205530605036091 0.064927732610659455 0.76987638713302442 0.60065359477124192 0.37298334634400215 0.043988648090815284 0.59717226219024788 0.69533836920529812 0.83082579185520378
decision_type=10 10 10 10 10 10 10 10 2 8 10 2 2 10
left_child=-1 3 11 6 -5 -6 7 9 -7 -2 -11 12 13 -3
right_child=1 2 -4 4 5 8 -8 -9 -10 10 -12 -13 -14 -15
leaf_value=0.00025905059431138654 0.0030044661807832451 -0.0013454486035763909 -0.0033591746239878769 -0.0045063651283922699 -0.0045070717597450773 -0.00098169330796560512 -0.0016158532359505729 -0.0033301919189468476 0.0034190606543173397 -0.0028690317110850079 0.00095894292231945991 0.0021758982206818447 -0.0030358742114025873 0.0012705950357383504
leaf_weight=37243 388 443 253 894 218 321 3674 207 225 202 593 718 328 1711
leaf_count=37243 388 443 253 894 218 321 3674 207 225 202 593 718 328 1711
internal_value=1.92799e-05 -0.00085834 0.000374924 -0.00149185 -0.00274853 -0.000691592 -0.0010804 0.000334886 0.000831804 0.000976197 -1.36997e-05 0.000670151 0.000234564 0.000732569
internal_weight=47418 10175 3453 6722 1658 764 5064 1390 546 1183 795 3200 2482 2154
internal_count=47418 10175 3453 6722 1658 764 5064 1390 546 1183 795 3200 2482 2154
is_linear=0
shrinkage=0.05


Tree=19
num_leaves=15
num_cat=0
split_feature=6 0 4 2 8 0 8 3 4 8 8 0 8 0
split_gain=3.98958 2.03661 2.50516 1.82715 1.91825 1.80204 1.57487 1.4933 1.32348 1.73403 1.76114 1.32444 1.28624 1.81686
threshold=0.16423240938166314 0.64771415377510977 0.71084065082644632 0.73390796093518806 0.52746009802689464 0.28090682667270467 0.85830052493438325 0.016064516129032261 0.8948992852501626 0.024291896144767903 0.19124040920716115 0.075693913929208059 0.43460441910192449 0.088117647058823537
decision_type=2 2 10 8 8 2 10 10 8 10 10 2 10 2
left_child=3 7 -3 4 -1 -5 -7 -2 12 -10 -11 -12 13 -9
right_child=1 2 -4 5 -6 6 -8 8 9 10 11 -13 -14 -15
leaf_value=-0.0011211013332238292 -0.0037678542135064631 0.00039650010057681623 0.002030662443878705 -0.0035793274154228313 0.00098315061652315449 -0.0018348455262388948 0.0018014398099965034 -0.002826021780342964 -0.0033589433184417553 0.0051924169292294382 0.0022413325323505837 0.0002403918978306937 0.00017440609539965922 -0.00039259208744813037
leaf_weight=3216 264 12386 2893 1112 1633 1259 390 855 244 234 1103 3305 11438 7457
leaf_count=3216 264 12386 2893 1112 1633 1259 390 855 244 234 1103 3305 11438 7457
internal_value=5.2659e-05 0.00025148 0.00070592 -0.000997069 -0.000412451 -0.0020238 -0.000974839 -2.73709e-05 1.27122e-05 0.000749515 0.00096547 0.000741081 -0.000169567 -0.000642903
internal_weight=47789 40179 15279 7610 4849 2761 1649 24900 24636 4886 4642 4408 19750 8312
internal_count=47789 40179 15279 7610 4849 2761 1649 24900 24636 4886 4642 4408 19750 8312
is_linear=0
shrinkage=0.05


Tree=20
num_leaves=15
num_cat=0
split_feature=6 1 0 0 0 1 8 2 6 8 2 2 8 1
split_gain=3.81261 2.49659 2.43459 1.70919 1.67361 1.34229 1.75989 1.29392 1.27896 1.13711 1.43324 1.18668 1.10702 1.27851
threshold=0.16423240938166314 0.94623128549303048 0.22472194135490398 0.9426490550276706 0.24435962680237491 0.8948992852501626 0.98283230179781911 0.65327956989247327 0.012821039654818166 0.90033112582781472 0.84983660130718963 0.39145636971723935 0.53231608261777685 0.52530179246433373
decision_type=2 2 2 2 2 2 8 10 2 10 10 10 8 2
left_child=1 2 7 8 5 -2 9 -1 -4 10 -7 -11 -10 -14
right_child=4 -3 3 -5 -6 6 -8 -9 12 11 -12 -13 13 -15
leaf_value=-0.0016907007049418712 -0.00083669013589229499 0.0019773654288940796 -0.0041934281696854566 0.0031835880317905747 0.00039912968132428786 -0.00032846215342415257 -0.0034645151754593554 -0.0043673282066365041 -0.0012862984648542716 0.0058467675611175206 0.002678841455214485 0.0011511442875054823 -0.0010880012552944834 0.0017804249754052003
leaf_weight=1061 5734 645 282 267 31015 1938 267 786 2987 201 498 407 770 784
leaf_count=1061 5734 645 282 267 31015 1938 267 786 2987 201 498 407 770 784
internal_value=3.00125e-05 -0.000998122 -0.00127478 -0.000710532 0.000224604 -0.000373841 0.000427724 -0.00282975 -0.00092611 0.000769126 0.000286331 0.00270348 -0.000723207 0.000359133
internal_weight=47642 7582 6937 5090 40060 9045 3311 1847 4823 3044 2436 608 4541 1554
internal_count=47642 7582 6937 5090 40060 9045 3311 1847 4823 3044 2436 608 4541 1554
is_linear=0
shrinkage=0.05


Tree=21
num_leaves=15
num_cat=0
split_feature=5 7 0 1 1 8 8 7 6 1 6 8 6 0
split_gain=4.74892 2.51626 2.11232 1.97461 1.51974 1.43343 1.82363 1.36864 1.21468 1.32 1.28126 1.23972 1.11541 1.17224
threshold=0.96807643312101921 0.84641025641025658 0.24814774161681577 0.54086217364905897 0.83474667624865262 0.40891053391053395 0.39959677419354844 0.86516379601486004 0.35192592592592598 0.92044189181269431 0.14410597037715686 0.5240967741935485 0.040134228187919473 0.41543878656554717
decision_type=10 2 2 2 2 10 8 2 2 2 2 10 2 2
left_child=2 3 4 -2 -1 6 -6 8 9 -7 -11 -12 13 -4
right_child=1 -3 12 -5 5 7 -8 -9 -10 10 11 -13 -14 -15
leaf_value=-0.0011208562679621331 -0.0031113657619919626 -0.0074646546047864139 -0.0045861572176238109 0.0007682604924698288 -0.00046053812930597134 -0.00056214076582497606 -0.0051173209654734823 0.0024087667884173164 -0.00092607408995262666 -0.00061045226591107044 0.0008775256498707619 0.0052063497165089302 0.0003228621640549145 -0.00028851313084694169
leaf_weight=5308 996 229 232 489 1176 750 256 794 1539 280 283 398 34480 502
leaf_count=5308 996 229 232 489 1176 750 256 794 1539 280 283 398 34480 502
internal_value=-1.99208e-06 -0.00258614 9.42998e-05 -0.00183383 -0.000517977 6.64062e-05 -0.00129304 0.000547791 9.31405e-05 0.0010099 0.00223677 0.00340744 0.000281805 -0.0016469
internal_weight=47712 1714 45998 1485 10784 5476 1432 4044 3250 1711 961 681 35214 734
internal_count=47712 1714 45998 1485 10784 5476 1432 4044 3250 1711 961 681 35214 734
is_linear=0
shrinkage=0.05


Tree=22
num_leaves=15
num_cat=0
split_feature=5 6 7 8 7 8 1 0 6 7 0 6 1 6
split_gain=3.38933 2.1204 1.74263 1.83162 1.77507 1.39205 1.38435 2.05413 2.66033 1.52085 1.50932 1.3499 1.12572 1.11873
threshold=0.74596669268800431 0.23629205440229065 0.78210647586708715 0.53739907177824409 0.12829175329175332 0.721199955391993 0.96070711749266646 0.10452638766949567 0.65327956989247327 0.24814774161681577 0.059765276183186639 0.80887036343199714 0.90601158721964103 0.35985611510791371
decision_type=8 2 2 8 2 8 2 2 2 2 2 2 2 2
left_child=6 2 3 -2 -5 -6 7 8 -1 -8 -11 -10 -7 -12
right_child=1 -3 -4 4 5 12 9 -9 11 10 13 -13 -14 -15
leaf_value=-0.0033056932963455472 -0.0018444854845309556 -2.5556215323286298e-05 -0.0056059356639010516 0.0024246773850594523 0.0023626800873848552 -0.0021554688595961315 0.0059112224832358886 0.00026505984044888242 0.0038882903501980455 0.0034735100101536084 0.0017315395005620881 -0.0008063832126583055 0.00098465424820129888 -0.0033910882901001791
leaf_weight=928 3976 5727 231 541 289 1205 205 32731 234 357 205 443 374 222
leaf_count=928 3976 5727 231 541 289 1205 205 32731 234 357 205 443 374 222
internal_value=-1.6676e-05 -0.00072993 -0.00133966 -0.00118531 -9.73492e-05 -0.000827765 0.000232544 0.000179422 -0.00156701 0.00207683 0.00107422 0.000816296 -0.0014117 -0.000931747
internal_weight=47668 12343 6616 6385 2409 1868 35325 34336 1605 989 784 677 1579 427
internal_count=47668 12343 6616 6385 2409 1868 35325 34336 1605 989 784 677 1579 427
is_linear=0
shrinkage=0.05


Tree=23
num_leaves=15
num_cat=0
split_feature=0 2 8 1 8 0 1 0 7 8 0 3 1 2
split_gain=2.17863 1.95195 1.78406 1.4928 2.48305 1.23834 1.09907 1.02154 1.00851 1.50164 1.09902 1.26951 1.7295 1.18533
threshold=0.23629205440229065 0.8948992852501626 0.78386720053386727 0.76624208622249024 0.40891053391053395 0.93172105672105687 0.9721250971250972 0.37539808917197459 0.7153031224655314 0.028004705574799036 0.65156402737047914 0.85618676694422069 0.69533836920529812 0.35495558672276772
decision_type=2 8 8 2 10 2 2 2 2 10 2 10 2 10
left_child=3 6 5 -1 -5 7 8 -3 10 -10 11 -2 -13 -12
right_child=1 2 -4 4 -6 -7 -8 -9 9 -11 13 12 -14 -15
leaf_value=-0.0013365363639274801 -2.6168954501498603e-05 -0.00016064859755750369 0.00083393443071560461 -0.0016856622745076843 0.00043276914227615912 0.00204378612304572 0.0037952108567722641 -0.0027122659746181225 -0.0027506105475386118 0.00085618309115680189 -0.00018387922404807953 -0.0031468881949551046 0.00081488975004410545 0.00088224232589456772
leaf_weight=4140 11433 523 980 1895 5122 200 227 1569 298 9127 4117 773 428 7109
leaf_count=4140 11433 523 980 1895 5122 200 227 1569 298 9127 4117 773 428 7109
internal_value=2.8443e-05 0.000214075 -0.000951574 -0.000583575 -0.000139331 -0.00171501 0.000327885 -0.00207436 0.000304238 0.000742143 0.00013126 -0.000188615 -0.00173503 0.000491255
internal_weight=47941 36784 3272 11157 7017 2292 33512 2092 33285 9425 23860 12634 1201 11226
internal_count=47941 36784 3272 11157 7017 2292 33512 2092 33285 9425 23860 12634 1201 11226
is_linear=0
shrinkage=0.05


Tree=24
num_leaves=15
num_cat=0
split_feature=6 2 4 2 6 7 4 6 3 7 7 1 2 4
split_gain=2.21101 1.90991 1.65736 1.43469 1.44053 1.76231 2.51156 2.02032 1.74455 1.69609 1.46525 1.44738 1.21556 1.16174
threshold=0.20036496350364966 0.77394282310899354 0.66909119763013125 0.064632165235553499 0.33603278688524596 0.57648273273273276 0.92796396396396408 0.26820431247790749 0.76239754098360668 0.17667066826730696 0.26448946947480678 0.92044189181269431 0.63713245789323447 0.9244490248929762
decision_type=2 8 10 8 2 2 8 2 8 2 2 2 10 10
left_child=1 2 -1 -2 5 6 11 -7 10 -6 -8 -5 -11 -4
right_child=3 -3 13 4 9 7 8 -9 -10 12 -12 -13 -14 -15
leaf_value=0.00039454349558940276 -0.001278110940614972 -0.0017450197545820002 -0.0021271115533110186 0.00047408534766875008 -0.0013736313736181724 -0.0053555105402622195 0.0030615502378084324 0.0012938270625551191 0.0010460982898240253 0.00041484262810021085 0.0088213188280919994 0.0036419082553510711 -0.0002579693054667195 0.0001910615001874073
leaf_weight=4018 1700 3039 1481 4371 1910 231 227 226 327 18080 215 393 10678 851
leaf_count=4018 1700 3039 1481 4371 1910 231 227 226 327 18080 215 393 10678 851
internal_value=-2.64677e-05 -0.000714187 -0.000220848 0.000141867 0.000207718 0.00091693 0.00116341 -0.00206722 0.00381486 6.91966e-05 0.00586325 0.000735411 0.000165024 -0.00128116
internal_weight=47747 9389 6350 38358 36658 5990 5533 457 769 30668 442 4764 28758 2332
internal_count=47747 9389 6350 38358 36658 5990 5533 457 769 30668 442 4764 28758 2332
is_linear=0
shrinkage=0.05


Tree=25
num_leaves=15
num_cat=0
split_feature=0 8 4 7 3 2 3 8 3 3 8 8 5 4
split_gain=2.1277 2.22775 2.33257 1.7638 2.55746 1.36704 1.21593 1.38962 2.29205 1.77471 1.54142 1.11906 1.31642 1.12681
threshold=0.10033557046979867 0.43604511278195496 0.012821039654818166 0.63568660022148404 0.33877632631298321 0.9912662090007629 0.06024760176302827 0.82007194244604331 0.49609351156686815 0.3008489819411469 0.48338852097130253 0.8862712490761272 0.78964130070398941 0.59683670917729448
decision_type=2 10 10 2 8 8 10 10 10 10 10 10 8 8
left_child=1 3 -3 -1 -5 11 -4 8 -8 -9 -10 12 -2 -13
right_child=5 2 6 4 -6 -7 7 9 10 -11 -12 13 -14 -15
leaf_value=-0.0038121124899073676 0.00016678025752375877 0.0040187374294460331 -0.0044065112120006229 0.0033998874213564422 -0.0027550588671290833 -0.0024150061449765771 -0.0022290880673579753 0.0024654760999546855 -0.00048124120195564826 -0.0027984767326624154 0.0038130904560146686 -9.9929210882947279e-05 -0.00063852736004612297 0.0015572942200375907
leaf_weight=1003 32346 297 200 260 481 536 441 200 337 803 550 1711 6019 2561
leaf_count=1003 32346 297 200 260 481 536 441 200 337 803 550 1711 6019 2561
internal_value=-1.42507e-05 -0.00103994 -0.000173206 -0.00244539 -0.000595429 9.43688e-05 -0.000665109 -0.000344096 0.000716863 -0.00174884 0.00218153 0.000125915 4.04373e-05 0.000893551
internal_weight=47745 4572 2828 1744 741 43173 2531 2331 1328 1003 887 42637 38365 4272
internal_count=47745 4572 2828 1744 741 43173 2531 2331 1328 1003 887 42637 38365 4272
is_linear=0
shrinkage=0.05


Tree=26
num_leaves=15
num_cat=0
split_feature=5 0 1 4 6 6 4 4 1 0 6 4 7 1
split_gain=3.30609 1.62904 1.59306 1.32971 1.22373 1.2819 1.02705 2.35373 1.3058 1.58152 1.39847 1.93128 1.91675 1.06818
threshold=0.98501851644035476 0.6555456619733987 0.2323262153566561 0.93536783476444663 0.95017730496453912 0.96070711749266646 0.28101874358558859 0.1058256609056157 0.92044189181269431 0.43968574223526541 0.42745013543462207 0.8948992852501626 0.55648667601683044 0.73390796093518806
decision_type=10 2 2 10 2 2 10 8 2 2 2 10 2 2
left_child=1 2 -1 -3 6 -6 7 -4 9 10 12 -12 13 -8
right_child=-2 3 4 -5 5 -7 8 -9 -10 -11 11 -13 -14 -15
leaf_value=-0.0010500817054406317 -0.0031131375139340804 0.0003909608515551416 -0.0010842423254273491 0.0038599192943702394 0.0042169495804629618 0.00059660777173093954 -0.00025227268451921057 0.00090764851663139255 0.00074904347070726962 0.00014851997584631571 -0.00082601852949781666 0.0017870284660759768 -0.0047080792754560872 -0.0021867921104769474
leaf_weight=4365 840 16333 2014 281 318 1058 1393 5626 2463 5749 4617 835 464 1463
leaf_count=4365 840 16333 2014 281 318 1058 1393 5626 2463 5749 4617 835 464 1463
internal_value=-4.00549e-06 5.15868e-05 -0.000166201 0.000449633 -1.78114e-05 0.00143329 -9.88994e-05 0.000382561 -0.000315477 -0.000496037 -0.000918468 -0.000425818 -0.00172748 -0.00124324
internal_weight=47819 46979 30365 16614 26000 1376 24624 7640 16984 14521 8772 5452 3320 2856
internal_count=47819 46979 30365 16614 26000 1376 24624 7640 16984 14521 8772 5452 3320 2856
is_linear=0
shrinkage=0.05


Tree=27
num_leaves=15
num_cat=0
split_feature=5 2 8 4 4 2 1 8 8 8 5 8 3 1
split_gain=2.3114 1.73042 3.20104 1.94559 1.69742 1.85971 1.19044 1.14921 1.57419 1.71469 1.24884 1.15634 1.13682 2.86479
threshold=0.74596669268800431 0.8948992852501626 0.35461956521739141 0.97189680136896162 0.57358641130870958 0.9576867987586537 0.96485050654806048 0.67752546689303916 0.36803405572755427 0.09782322940217679 0.9244490248929762 0.82397183098591553 0.85618676694422069 0.66770833333333346
decision_type=10 10 8 10 8 10 2 10 8 10 10 10 8 2
left_child=6 7 -3 4 -4 -6 -1 8 9 -2 -11 -9 -10 -14
right_child=1 2 3 -5 5 -7 -8 11 12 10 -12 -13 13 -15
leaf_value=0.00013909858440033554 -0.00083614004655877894 -0.005819116039197241 -0.0020670760376796334 -0.0051409150098356629 -0.0013878671944942049 0.002352350039108025 0.0019871166031271161 0.0028062323239192322 -0.0015562845284460532 0.0033389328122255726 -0.0011527344269458863 0.00011255550589591551 -0.0020541846642184356 0.0032785608770460281
leaf_weight=34531 957 399 1058 258 621 715 894 483 3538 641 204 2275 561 457
leaf_count=34531 957 399 1058 258 621 715 894 483 3538 641 204 2275 561 457
internal_value=-1.84744e-05 -0.000613046 -0.00164375 -0.00101556 -0.00057097 0.000613821 0.000185736 -0.000268083 -0.000637829 0.000613159 0.00225455 0.000584291 -0.00113262 0.000339789
internal_weight=47592 12167 3051 2652 2394 1336 35425 9116 6358 1802 845 2758 4556 1018
internal_count=47592 12167 3051 2652 2394 1336 35425 9116 6358 1802 845 2758 4556 1018
is_linear=0
shrinkage=0.05


Tree=28
num_leaves=15
num_cat=0
split_feature=5 2 0 1 6 6 1 1 8 1 5 7 2 6
split_gain=2.22564 1.55735 1.48792 1.17558 1.11577 1.33054 1.20497 1.05534 1.14249 1.87563 1.31781 1.42277 1.16117 1.0797
threshold=0.98501851644035476 0.6830127104087943 0.25649460188933876 0.8948992852501626 0.92044189181269431 0.9678709677419356 0.33877632631298321 0.9912662090007629 0.60822072072072075 0.96070711749266646 0.83474667624865262 0.66770833333333346 0.7188521241830067 0.39145636971723935
decision_type=8 8 2 2 2 2 2 2 10 2 10 2 10 2
left_child=2 -2 3 -1 -4 -6 -7 8 9 -5 -10 -12 -11 -9
right_child=1 -3 4 7 5 6 -8 13 10 12 11 -13 -14 -15
leaf_value=-0.00084092744060199206 -0.00048142958002912501 -0.0046996850939193639 9.1355730459766359e-05 -0.0011191182822522462 0.0020744272329700315 -0.0035844413613827495 0.00057493066443095131 0.00065620665946804679 0.00041545517863759589 0.00039533963058477079 0.0061600727970133598 0.00068064819785748317 0.0045443439969623635 -0.0037521118564318593
leaf_weight=7588 451 425 32131 1496 1616 204 1189 251 692 436 277 207 275 311
leaf_count=7588 451 425 32131 1496 1616 204 1189 251 692 436 277 207 275 311
internal_value=-3.1022e-05 -0.00252796 1.58427e-05 -0.000476941 0.000177575 0.00109825 -3.41949e-05 0.000223167 0.000556486 -0.000114245 0.00181525 0.0038166 0.00200009 -0.00178327
internal_weight=47549 876 46673 11533 35140 3009 1393 3945 3383 2207 1176 484 711 562
internal_count=47549 876 46673 11533 35140 3009 1393 3945 3383 2207 1176 484 711 562
is_linear=0
shrinkage=0.05


Tree=29
num_leaves=15
num_cat=0
split_feature=6 7 2 0 4 4 1 4 1 1 0 1 0 4
split_gain=2.05423 1.79302 1.44632 1.69176 1.09665 1.12939 1.23517 1.0829 1.26693 0.955313 0.916461 0.86949 1.47946 1.1413
threshold=0.20036496350364966 0.7188521241830067 0.76624208622249024 0.1123247663551402 0.67220002755200448 0.15128814683768246 0.94623128549303048 0.9244490248929762 0.50159235668789826 0.027460098026894562 0.85758377425044097 0.21222498962224992 0.87280431432973815 0.58921650055371
decision_type=2 2 10 2 10 8 2 10 2 2 2 2 2 10
left_child=1 2 4 -4 5 9 -7 -6 -9 -1 -5 -2 -13 -14
right_child=11 -3 3 10 7 6 -8 8 -10 -11 -12 12 13 -15
leaf_value=0.0022214756809636328 -0.00038343741000314166 -0.0041891297477878254 -0.0046814076240080287 -0.001337807615776577 -0.0018689943251956722 0.00060723836712475721 0.004340576919246099 -0.0022727970244293965 0.0019942836327289707 -0.0014270589776286806 0.001966767934013916 0.00012407177157206791 0.00074636464027655076 0.0030954005094050215
leaf_weight=214 7067 356 364 2287 1400 2408 244 270 489 1110 231 28421 2037 693
leaf_count=214 7067 356 364 2287 1400 2408 244 270 489 1110 231 28421 2037 693
internal_value=-4.54079e-05 -0.000708733 -0.000571324 -0.00149524 -0.000137303 0.000355305 0.000950728 -0.00104448 0.00047635 -0.000837341 -0.00103465 0.000117273 0.000230866 0.00134266
internal_weight=47591 9373 9017 2882 6135 3976 2652 2159 759 1324 2518 38218 31151 2730
internal_count=47591 9373 9017 2882 6135 3976 2652 2159 759 1324 2518 38218 31151 2730
is_linear=0
shrinkage=0.05


Tree=30
num_leaves=15
num_cat=0
split_feature=6 0 2 0 4 3 2 1 4 6 0 0 6 4
split_gain=2.9112 1.43973 1.56823 1.01005 1.35869 1.23887 1.06989 1.05308 1.18584 1.01472 1.23199 0.971506 0.968556 1.11359
threshold=0.16423240938166314 0.9426490550276706 0.73390796093518806 0.64771415377510977 0.67220002755200448 0.016064516129032261 0.98326330532212891 0.2323262153566561 0.97525762677277839 0.5054228683512173 0.98490544543176128 0.13229217306757415 0.95017730496453912 0.29316826549131453
decision_type=2 2 10 2 10 10 10 2 8 2 2 2 2 10
left_child=1 2 -1 5 9 -2 7 8 -7 -5 -11 -4 13 -9
right_child=3 -3 11 4 -6 6 -8 12 -10 10 -12 -13 -14 -15
leaf_value=-0.00047560880810812906 -0.0035175099724230985 0.0027253372582739153 -0.0041231682214430783 0.00082525914441246003 0.0013679008161145475 -0.0012165328670869406 -0.0025720738770840072 0.00062524173966004969 0.002444498793142005 1.1033134929502109e-05 -0.0030791379735059764 -0.0015680792319579741 0.0014664745783864374 -0.00017718600494962566
leaf_weight=4675 253 264 444 4452 3362 2464 398 6276 243 7051 338 2295 1328 13899
leaf_count=4675 253 264 444 4452 3362 2464 398 6276 243 7051 338 2295 1328 13899
internal_value=-1.11386e-05 -0.000903023 -0.00103222 0.000159785 0.000480825 -3.65372e-05 -7.48621e-07 4.15226e-05 -0.000887892 0.000228959 -0.000130323 -0.00198227 0.000158526 7.24317e-05
internal_weight=47742 7678 7414 40064 15203 24861 24608 24210 2707 11841 7389 2739 21503 20175
internal_count=47742 7678 7414 40064 15203 24861 24608 24210 2707 11841 7389 2739 21503 20175
is_linear=0
shrinkage=0.05


Tree=31
num_leaves=15
num_cat=0
split_feature=5 6 8 4 7 0 0 8 6 4 8 0 1 6
split_gain=2.77539 1.75116 1.38697 1.32642 1.85775 1.30551 1.10222 1.60198 1.30594 1.76914 1.47718 1.31846 1.6957 1.34851
threshold=0.98501851644035476 0.055749805749805752 0.49615361855731116 0.13010914355718903 0.7264554104176747 0.18479366268800515 0.9426490550276706 0.75378874856486811 0.72265840642826484 1.0000000180025095e-35 0.028004705574799036 0.12829175329175332 0.91318840579710148 0.29571341090018377
decision_type=10 2 8 10 2 2 2 10 2 10 10 2 2 2
left_child=1 2 -1 -2 -5 -4 8 -8 9 -3 -10 12 -11 -14
right_child=3 6 5 4 -6 -7 7 -9 10 11 -12 -13 13 -15
leaf_value=-0.0024998845486557501 0.00015237180343792431 0.0010859737890235564 -0.0031228384339950189 -0.0020579945176723412 -0.0078652098643403785 0.0014233257608881607 0.00064173311975650204 0.004683154599347609 -0.0033398873120884173 -0.0021669840330775666 0.00050374616337768758 -0.00016265656171978864 0.0024780700491277298 -0.00091543278949331348
leaf_weight=1212 254 2535 217 380 216 580 2576 271 255 1967 12674 23201 421 961
leaf_count=1212 254 2535 217 380 216 580 2576 271 255 1967 12674 23201 421 961
internal_value=-4.16792e-05 9.67117e-06 -0.00143454 -0.0028732 -0.00416262 0.000185537 7.43469e-05 0.00102643 9.8309e-06 -0.000176028 0.000427938 -0.000296524 -0.00122392 0.000118333
internal_weight=47720 46870 2009 850 596 797 44861 2847 42014 29085 12929 26550 3349 1382
internal_count=47720 46870 2009 850 596 797 44861 2847 42014 29085 12929 26550 3349 1382
is_linear=0
shrinkage=0.05


Tree=32
num_leaves=15
num_cat=0
split_feature=5 7 1 0 8 1 1 7 5 2 8 3 8 3
split_gain=1.60857 1.6875 1.27641 1.07967 1.64966 1.47965 1.38055 1.42516 1.94559 1.10564 2.4132 1.10786 1.13126 1.04478
threshold=0.98501851644035476 0.7264554104176747 0.33440860215053769 0.9426490550276706 0.66938816315649163 0.22837075921065425 0.26448946947480678 0.42366996233521664 0.47491007194244611 0.75836129753914994 0.43071308253790014 0.3710899315738026 0.58264293050325244 0.59581754590498404
decision_type=10 2 2 2 10 2 2 2 10 8 8 8 10 10
left_child=3 2 -2 5 -5 -1 7 -7 -9 13 -11 12 -12 -8
right_child=1 -3 -4 4 -6 6 9 8 -10 10 11 -13 -14 -15
leaf_value=-0.00061406210901638573 -0.0024563637517690277 -0.005653552580090454 0.0023111184735501991 0.00047334109660951613 0.0037604107493143198 -0.00035508507410156656 1.6097709692687581e-05 0.00089527620246509371 0.0056831035002360593 -0.0017461692879612977 0.00021136610710306426 -8.7417881460481503e-05 0.0050823621916414596 0.00070604078222072332
leaf_weight=8245 388 244 220 2454 452 540 17980 503 367 2470 263 5285 218 7897
leaf_count=8245 388 244 220 2454 452 540 17980 503 367 2470 263 5285 218 7897
internal_value=1.20371e-05 -0.00214095 -0.000731288 5.13383e-05 0.000984613 -1.0627e-05 0.000129432 0.00166261 0.00291497 6.60611e-05 -0.000438501 0.000121669 0.00241901 0.000226651
internal_weight=47526 852 608 46674 2906 43768 35523 1410 870 34113 8236 5766 481 25877
internal_count=47526 852 608 46674 2906 43768 35523 1410 870 34113 8236 5766 481 25877
is_linear=0
shrinkage=0.05


Tree=33
num_leaves=15
num_cat=0
split_feature=5 7 1 0 6 7 1 1 5 6 7 7 2 8
split_gain=1.54903 1.03654 1.20056 0.880537 1.58463 2.25035 1.75761 1.07225 1.5689 1.12061 1.11835 1.31032 0.873958 0.992093
threshold=0.98501851644035476 0.74583217560433468 0.41131892015557087 0.26448946947480678 0.091704892966360876 0.36678657074340532 0.27697505197505207 0.17667066826730696 0.9426490550276706 0.02409677419354839 0.60474493623405856 0.28090682667270467 0.74583217560433468 0.35461956521739141
decision_type=8 2 2 2 2 2 2 2 10 2 2 2 10 8
left_child=3 2 -2 4 5 6 -1 9 12 -5 11 -10 13 -9
right_child=1 -3 -4 7 -6 -7 -8 8 10 -11 -12 -13 -14 -15
leaf_value=0.0015878205344568939 -0.0025782167396294266 -0.0049372717929894441 0.002132129973266274 -0.0040809980404305553 -0.00016934129723462376 -0.0059205403543458263 -0.0029273667536643955 0.0010699327855271579 0.0041933895632682841 -0.00033089378625512293 0.0056271343747065902 -0.0013291836653510913 -0.00030945040539831259 0.00020098196964595091
leaf_weight=401 418 238 200 206 10754 291 466 4027 200 6042 217 232 6248 17821
leaf_count=401 418 238 200 206 10754 291 466 4027 200 6042 217 232 6248 17821
internal_value=-2.57412e-05 -0.00213357 -0.00105383 1.2726e-05 -0.00035858 -0.00211599 -0.000839028 0.000139123 0.00026816 -0.000454537 0.00269861 0.00122756 0.000212019 0.000361146
internal_weight=47761 856 618 46905 11912 1158 867 34993 28745 6248 649 432 28096 21848
internal_count=47761 856 618 46905 11912 1158 867 34993 28745 6248 649 432 28096 21848
is_linear=0
shrinkage=0.05


Tree=34
num_leaves=15
num_cat=0
split_feature=2 1 0 1 1 5 7 5 4 5 7 3 0 4
split_gain=1.33563 1.1149 1.53794 1.34161 1.30231 1.72953 2.03806 1.29152 1.50952 1.85131 1.42859 1.14855 0.9475 0.939256
threshold=0.98326330532212891 0.22837075921065425 0.60474493623405856 0.11635871296591273 0.26448946947480678 0.48263805160356893 0.41131892015557087 0.80139415136500547 0.052805855698849775 0.887270994387377 0.6876990445859873 0.70606617647058834 0.12411276113767934 0.30521412860654684
decision_type=8 2 2 2 2 10 2 10 8 10 2 10 2 8
left_child=1 2 3 7 5 13 -7 10 -9 -10 -1 -5 -11 -3
right_child=-2 4 -4 11 -6 6 -8 8 9 12 -12 -13 -14 -15
leaf_value=0.0014807357149042226 -0.0017695298283689537 0.0023772644806686915 5.5952010963487377e-05 -0.001589058887557681 0.00010133589503912884 -6.7644643711455252e-05 0.0055603760519054137 0.0017273269290330286 -0.0058215148183068518 -0.0039989353049669808 -0.0022886122195467625 -0.0049442740327167566 -0.00012387216200759793 -0.00083216401576320968
leaf_weight=998 1045 339 6428 881 34733 257 430 264 301 219 336 359 564 696
leaf_count=998 1045 339 6428 881 34733 257 430 264 301 219 336 359 564 696
internal_value=-1.62096e-06 3.78506e-05 -0.000420134 -0.00120042 0.000167878 0.00151004 0.00345499 -0.000571623 -0.00166312 -0.00248884 0.000531335 -0.00256045 -0.0012077 0.00021904
internal_weight=47850 46805 10350 3922 36455 1722 687 2682 1348 1084 1334 1240 783 1035
internal_count=47850 46805 10350 3922 36455 1722 687 2682 1348 1084 1334 1240 783 1035
is_linear=0
shrinkage=0.05


Tree=35
num_leaves=15
num_cat=0
split_feature=5 4 8 1 4 7 4 5 3 3 8 8 1 2
split_gain=1.30967 0.822404 1.01508 0.923997 2.18677 1.46511 0.961749 1.22198 1.19296 1.18155 1.04171 1.2789 1.23213 0.924254
threshold=0.98501851644035476 0.15128814683768246 0.01923155948222725 0.94623128549303048 0.83093413421706719 0.23629205440229065 0.24399846360668334 0.7190931733272955 0.17893706714844929 0.61674454828660441 0.53231608261777685 0.46888827433628327 0.9244490248929762 0.13354564755838644
decision_type=10 8 10 2 10 2 10 10 8 10 10 8 2 10
left_child=1 2 -1 6 5 -5 8 9 -3 -8 11 -9 -12 -13
right_child=-2 3 -4 4 -6 -7 7 10 -10 -11 12 13 -14 -15
leaf_value=0.0022181746279641419 -0.0019973716272066486 0.0018294470953462824 -0.00068087120533658638 0.0052861372051463528 -0.0010770518895253172 0.0013898821139168593 -0.00020342220781940565 -0.0007585764130933325 0.00022194384628084136 0.00052867439471134469 -0.00024785357700124163 -7.6319267870584396e-05 0.0037079315124988843 -0.0039738286996570211
leaf_weight=318 838 1430 5981 301 793 1216 14582 3334 5983 8860 2935 204 211 598
leaf_count=318 838 1430 5981 301 793 1216 14582 3334 5983 8860 2935 204 211 598
internal_value=-3.82045e-05 -3.08319e-06 -0.000534515 7.96792e-05 0.0010507 0.00216297 2.08633e-05 -0.000102472 0.000532038 7.32767e-05 -0.000668235 -0.0011898 1.74581e-05 -0.00298244
internal_weight=47584 46746 6299 40447 2310 1517 38137 30724 7413 23442 7282 4136 3146 802
internal_count=47584 46746 6299 40447 2310 1517 38137 30724 7413 23442 7282 4136 3146 802
is_linear=0
shrinkage=0.05


Tree=36
num_leaves=15
num_cat=0
split_feature=6 0 1 4 0 0 5 2 4 0 7 1 6 6
split_gain=1.64061 1.57157 1.65795 1.25429 1.0231 0.998746 0.881975 0.8469 0.892878 1.08289 1.79507 1.23137 1.05504 0.811697
threshold=0.17667066826730696 0.091704892966360876 0.94623128549303048 0.68379210658622436 0.9426490550276706 0.20866437284954648 0.57633003766478352 0.9912662090007629 0.85758377425044097 0.088117647058823537 0.40752535975465914 0.96485050654806048 0.31230095541401276 0.92044189181269431
decision_type=2 2 2 10 2 2 10 10 8 2 2 2 2 2
left_child=1 3 4 -1 6 -4 -3 8 9 10 12 -12 -2 -11
right_child=7 2 5 -5 -6 -7 -8 -9 -10 13 11 -13 -14 -15
leaf_value=-0.0010932765331854173 -0.0013271441762290389 0.00063984932271447413 0.0044598493774084215 -0.0054704412938993332 0.002258722112247711 0.00035385860502445157 -0.00096133328229492721 -0.0025309959874019452 0.00070146681083361475 8.3866378300761823e-05 -0.0010261039228337979 0.0024596089506380716 -0.0062901708059347784 0.00092653981618358013
leaf_weight=400 206 1015 263 277 302 339 5633 282 7709 26645 1091 330 223 3201
leaf_count=400 206 1015 263 277 302 339 5633 282 7709 26645 1091 330 223 3201
internal_value=6.60969e-05 -0.000576417 -0.000369533 -0.00288423 -0.00058757 0.00214767 -0.000716869 0.00019932 0.00021886 0.000101482 -0.00107238 -0.000216614 -0.00390699 0.000174244
internal_weight=47916 8229 7552 677 6950 602 6648 39687 39405 31696 1850 1421 429 29846
internal_count=47916 8229 7552 677 6950 602 6648 39687 39405 31696 1850 1421 429 29846
is_linear=0
shrinkage=0.05


Tree=37
num_leaves=15
num_cat=0
split_feature=2 5 8 1 2 4 0 8 8 4 4 4 8 4
split_gain=1.24282 1.46981 1.49938 1.20591 1.01166 0.926367 0.87627 1.40919 1.43286 1.3596 1.32546 1.10954 1.50855 1.93934
threshold=0.8948992852501626 0.7153031224655314 0.43071308253790014 0.86890898812888639 0.91721941576982224 0.5773502805450591 0.64771415377510977 0.90333704115684099 0.75378874856486811 0.93536783476444663 0.044182717334721504 0.26448946947480678 0.37026647966339415 0.1913311862587225
decision_type=8 10 10 2 10 10 2 10 8 10 10 10 10 8
left_child=6 3 -3 4 -2 -6 7 8 11 -8 -9 12 13 -1
right_child=1 2 -4 -5 5 -7 9 10 -10 -11 -12 -13 -14 -15
leaf_value=0.00058102107676946885 -0.0020339898864074326 -0.0029580597896349953 -0.00065704650518718744 0.0033218654015298751 0.0018110314109446059 -0.0010795778049807598 0.00030604939825968052 0.0039887958695801118 -0.0011713827937420191 0.0039518227874158094 0.00056612467821199794 -0.00032581635491190064 -2.4429061438548059e-05 0.0040013995319336223
leaf_weight=1350 511 1048 2182 288 684 466 15550 319 3449 260 2497 13738 4688 598
leaf_count=1350 511 1048 2182 288 684 466 15550 319 3449 260 2497 13738 4688 598
internal_value=-1.80907e-05 -0.000749321 -0.00140363 0.000335039 -0.000182846 0.000639706 7.11232e-05 -0.000103887 -0.000228916 0.000366005 0.000953849 -6.93714e-05 0.000461527 0.00163101
internal_weight=47628 5179 3230 1949 1661 1150 42449 26639 23823 15810 2816 20374 6636 1948
internal_count=47628 5179 3230 1949 1661 1150 42449 26639 23823 15810 2816 20374 6636 1948
is_linear=0
shrinkage=0.05


Tree=38
num_leaves=15
num_cat=0
split_feature=0 1 1 7 1 2 1 7 4 3 1 3 7 1
split_gain=1.26507 1.19967 1.33656 1.32346 2.64927 1.11138 1.10906 1.02265 1.01171 1.01628 0.98068 0.958387 1.04641 0.889978
threshold=0.13229217306757415 0.6637549588037841 0.36678657074340532 0.51342342342342351 0.055749805749805752 0.99215674212598437 0.063762027374983071 0.883795948987247 0.064927732610659455 0.52960654460459688 0.92044189181269431 0.41694260485651219 0.27303030303030307 0.96070711749266646
decision_type=2 2 2 2 2 8 2 2 10 10 2 10 2 2
left_child=1 2 3 6 -5 -2 -1 8 -3 11 -9 12 -10 -11
right_child=5 7 -4 4 -6 -7 -8 10 9 13 -12 -13 -14 -15
leaf_value=-0.00088747297487327753 0.00011386975766536293 0.00096370660103462479 -0.0046369925593841548 -0.0029234073682394075 0.0046658784963977363 -0.0025781484415817249 -0.0055621685089273292 0.0028703134171467228 -0.0043548435359700875 -0.00087772123158447917 -0.00048451276854633897 -0.0048202326320196422 -0.00068518207019113361 0.0017546019637673009
leaf_weight=316 41143 778 354 228 232 387 212 448 244 1304 424 253 953 426
leaf_count=316 41143 778 354 228 232 387 212 448 244 1304 424 253 953 426
internal_value=-1.04798e-05 -0.000678403 -0.00200087 -0.00105635 0.000904232 8.8784e-05 -0.00276443 -0.00031096 -0.000652452 -0.00104785 0.00123907 -0.00202419 -0.00143322 -0.000229531
internal_weight=47702 6172 1342 988 460 41530 528 4830 3958 3180 872 1450 1197 1730
internal_count=47702 6172 1342 988 460 41530 528 4830 3958 3180 872 1450 1197 1730
is_linear=0
shrinkage=0.05


Tree=39
num_leaves=15
num_cat=0
split_feature=4 2 6 6 2 4 1 1 8 3 8 5 6 4
split_gain=1.16832 1.12843 1.18218 1.34984 1.08928 1.08578 1.02785 0.899217 1.28809 0.765494 0.969345 0.893914 1.19177 0.757168
threshold=0.97189680136896162 0.87606962627075269 0.49840764331210197 0.088117647058823537 0.016064516129032261 0.89886560872799415 0.13229217306757415 0.43559907834101391 0.46657327280465316 0.90829510703363925 0.50163398692810468 0.92796396396396408 0.35599640472521837 0.93536783476444663
decision_type=10 10 2 2 10 10 2 2 10 10 10 10 2 10
left_child=4 2 3 -2 -1 -6 -7 8 -8 11 -11 12 13 -9
right_child=1 -3 -4 -5 5 6 7 9 -10 10 -12 -13 -14 -15
leaf_value=-0.0023692267506490432 0.0014949628067108156 -0.0040326829636528052 0.0019946749400744429 -0.0030218451432496391 7.3136479620214425e-06 -0.0021813409986626161 0.0054306178591494768 0.0015471922232078239 0.00077321018811456763 -0.0034893410202736655 0.00071297083625474693 -0.0017961419932659495 0.00056462521556692414 0.0050539159880115102
leaf_weight=461 236 318 305 553 42614 239 280 287 316 210 396 202 880 332
leaf_count=461 236 318 305 553 42614 239 280 287 316 210 396 202 880 332
internal_value=5.80107e-06 -0.00141097 -0.000648897 -0.00167081 4.90855e-05 7.34505e-05 0.000970444 0.00122993 0.00296125 0.000782648 -0.000743276 0.00132628 0.00174704 0.00342802
internal_weight=47629 1412 1094 789 46217 45756 3142 2903 596 2307 606 1701 1499 619
internal_count=47629 1412 1094 789 46217 45756 3142 2903 596 2307 606 1701 1499 619
is_linear=0
shrinkage=0.05


Tree=40
num_leaves=15
num_cat=0
split_feature=5 1 3 6 6 5 6 1 1 7 6 8 1 2
split_gain=1.15702 0.860735 1.37511 0.829522 1.66106 0.835042 0.767598 1.3335 0.790295 2.33738 1.42822 1.53089 1.33773 0.946617
threshold=0.98501851644035476 0.21222498962224992 0.035842754367934229 0.95017730496453912 0.96070711749266646 0.97864741641337394 0.040134228187919473 0.60065359477124192 0.28464345873105001 0.44357870482658263 0.67546764261647507 0.40446398937935618 0.24034734645199765 0.52548558703451709
decision_type=10 2 10 2 2 10 2 2 2 2 2 8 2 8
left_child=1 2 -1 5 -5 6 7 -3 9 -8 -11 -12 -13 -10
right_child=-2 3 -4 4 -6 -7 8 -9 13 10 11 12 -14 -15
leaf_value=0.0026742324799404306 -0.0018143647855348483 -0.0038860017704797608 -0.00048040098018962171 0.0037790294456088152 0.00041925704950010408 0.0031961196240695455 -0.00069925080256862506 0.00066802352410377363 0.0003093678393515291 0.0036254455763234865 0.0033277151008316618 -0.0029395427229944558 0.0013313353348815896 -0.00024569507426014945
leaf_weight=359 835 323 9149 460 1837 218 1406 320 16115 784 408 318 433 14677
leaf_count=359 835 323 9149 460 1837 218 1406 320 16115 784 408 318 433 14677
internal_value=3.04718e-05 6.33822e-05 -0.000361289 0.000171637 0.00109209 0.000111232 9.18983e-05 -0.00161961 0.000124132 0.000853569 0.00197723 0.000862296 -0.000477106 4.47972e-05
internal_weight=47642 46807 9508 37299 2297 35002 34784 643 34141 3349 1943 1159 751 30792
internal_count=47642 46807 9508 37299 2297 35002 34784 643 34141 3349 1943 1159 751 30792
is_linear=0
shrinkage=0.05


Tree=41
num_leaves=15
num_cat=0
split_feature=6 0 5 6 8 6 5 7 4 4 3 5 8 0
split_gain=1.10977 1.46766 1.35432 0.99552 0.915479 0.903463 1.8171 1.51626 1.49101 1.41718 1.28049 1.60614 1.27013 1.11989
threshold=0.20036496350364966 0.9426490550276706 0.63568660022148404 0.18821999256781868 0.84753833736884598 0.33974596127759288 0.9426490550276706 0.57648273273273276 0.9244490248929762 0.33876273344651958 0.67193750000000019 0.66367658889782799 0.45634645669291346 0.17667066826730696
decision_type=2 2 10 2 8 2 10 2 8 10 10 10 10 2
left_child=1 2 4 -4 -1 7 -7 8 10 -9 12 -12 13 -2
right_child=5 -3 3 -5 -6 6 -8 9 -10 -11 11 -13 -14 -15
leaf_value=7.6292563770551179e-05 0.0019734040988046994 0.0026887677077957837 -0.00083122794005584689 -0.0038845028779335429 0.0030852676424125733 -4.9056162963109139e-05 0.0033509288944336755 0.0012046776697388851 0.002780164224215384 -0.0037610869426016862 0.0030395397872341585 -0.00029055584794040486 0.0011755324520589484 -0.0011947108958509187
leaf_weight=1698 328 347 6727 278 297 31125 398 240 875 358 945 587 1478 1865
leaf_count=1698 328 347 6727 278 297 31125 398 240 875 358 945 587 1478 1865
internal_value=-1.37175e-05 -0.000502053 -0.000625077 -0.0009524 0.000524245 0.000105775 -6.12897e-06 0.000634165 0.000870522 -0.00176814 0.000549373 0.00176358 4.26526e-05 -0.000720866
internal_weight=47546 9347 9000 7005 1995 38199 31523 6676 6078 598 5203 1532 3671 2193
internal_count=47546 9347 9000 7005 1995 38199 31523 6676 6078 598 5203 1532 3671 2193
is_linear=0
shrinkage=0.05


Tree=42
num_leaves=15
num_cat=0
split_feature=0 8 6 8 7 3 6 8 4 8 4 4 0 0
split_gain=1.37315 1.3852 1.05158 1.03399 1.40643 1.36163 0.952871 1.07777 1.72351 1.56177 1.24334 0.844263 0.817627 1.09007
threshold=0.9426490550276706 0.66135382270764553 0.36391694725028062 0.49581524022972412 0.15635629251700683 0.4567415184213085 0.2323262153566561 0.50163398692810468 0.056670681118693972 0.85830052493438325 0.83093413421706719 0.25649460188933876 0.7378179762577729 0.61245155038759702
decision_type=2 10 2 8 2 10 2 10 10 10 10 10 2 2
left_child=6 3 -3 4 11 -5 7 10 9 -9 12 -2 13 -1
right_child=1 2 -4 5 -6 -7 -8 8 -10 -11 -12 -13 -14 -15
leaf_value=-0.00052186964418929262 0.0011313845698996332 0.0062713342235036912 0.0014459843445933985 0.00086099179523894227 0.0018963443345727021 -0.0042375103512563043 5.6589752136298376e-05 0.0062288521754774546 -0.00025726546121447889 0.00069809627456008804 -0.0023366275841548464 -0.0031004238002567313 0.00085500822945808381 -0.0028398758775487849
leaf_weight=3771 211 202 256 299 1445 233 34337 204 3452 341 1207 267 858 586
leaf_count=3771 211 202 256 299 1445 233 34337 204 3452 341 1207 267 858 586
internal_value=-2.03207e-06 0.00104985 0.0035742 0.00057891 0.00111863 -0.001372 -7.04949e-05 -0.000489317 0.000155281 0.00276832 -0.000890509 -0.00123241 -0.000555808 -0.000833633
internal_weight=47669 2913 458 2455 1923 532 44756 10419 3997 545 6422 478 5215 4357
internal_count=47669 2913 458 2455 1923 532 44756 10419 3997 545 6422 478 5215 4357
is_linear=0
shrinkage=0.05


Tree=43
num_leaves=15
num_cat=0
split_feature=2 2 3 8 4 4 4 1 1 4 4 6 4 3
split_gain=1.17728 0.96137 0.997413 0.819414 1.18126 1.00606 0.643647 0.793317 1.19664 0.892806 0.835026 0.834185 0.832226 0.685128
threshold=0.9755097960815674 0.016064516129032261 0.99215674212598437 0.38358978842454977 0.9244490248929762 0.73764678525752825 0.97802168312580517 0.96070711749266646 0.98479065463798299 0.83093413421706719 0.01923155948222725 0.33229166666666671 0.39525506376594149 0.58019979266798616
decision_type=8 10 10 10 10 8 10 2 2 10 8 2 10 10
left_child=1 -1 6 -2 5 -5 7 10 9 12 -3 -10 -9 -8
right_child=3 2 -4 4 -6 -7 13 8 11 -11 -12 -13 -14 -15
leaf_value=-0.0020398186194052923 -0.0040278633256942932 0.0019008175612492649 0.0032483977078421353 -0.0012759117538894504 -0.0043363096651258728 0.0022977098921167964 -0.0033191419785035797 0.0015315384653113856 0.0017070964800977456 -0.00032331956457613278 -2.5755227718829965e-05 -0.0018146967786152976 0.0048599111681654197 -0.00030359792968254776
leaf_weight=566 257 570 240 605 203 292 291 408 271 262 42353 443 348 534
leaf_count=566 257 570 240 605 203 292 291 408 271 262 42353 443 348 534
internal_value=-3.43506e-05 8.20682e-06 3.35608e-05 -0.00148594 -0.00089206 -0.000112592 1.65959e-05 4.21627e-05 0.00109129 0.00219195 -1.71124e-07 -0.000477994 0.00306365 -0.00136726
internal_weight=47643 46286 45720 1357 1100 897 45480 44655 1732 1018 42923 714 756 825
internal_count=47643 46286 45720 1357 1100 897 45480 44655 1732 1018 42923 714 756 825
is_linear=0
shrinkage=0.05


Tree=44
num_leaves=15
num_cat=0
split_feature=0 8 6 3 6 6 0 2 6 2 6 3 8 8
split_gain=0.762775 1.52805 1.15212 0.73222 0.685383 0.842041 0.594302 1.12507 1.03204 1.45817 1.29301 0.871027 1.35162 1.44358
threshold=0.87280431432973815 0.75378874856486811 0.012821039654818166 0.80810958904109598 0.75836129753914994 0.31620789341377581 0.26448946947480678 0.016064516129032261 0.080123456790123462 0.14169947506561684 0.043988648090815284 0.93355408388520977 0.89316682724375618 0.82007194244604331
decision_type=2 10 2 10 2 2 2 8 2 10 2 10 10 8
left_child=2 -2 -1 4 5 -3 7 -4 9 -9 -11 12 13 -10
right_child=1 3 6 -5 -6 -7 -8 8 11 10 -12 -13 -14 -15
leaf_value=-0.0029590064448142507 0.00018756126084459488 0.0028212431283290724 -0.0035760113163577803 0.0049397904454154852 0.0040517666438188151 -0.0013015323031644866 6.7523530935491573e-05 0.0014501599135439633 -0.00033234519899160927 -0.00079569647296426143 -0.0048187488530956136 0.0011174554336992391 0.0010966270760267309 -0.0026360480697615006
leaf_weight=345 5401 231 264 216 204 267 28677 265 7585 395 404 1236 1489 747
leaf_count=345 5401 231 264 216 204 267 28677 265 7585 395 404 1236 1489 747
internal_value=-3.57198e-06 0.000508114 -8.16588e-05 0.00239407 0.00161077 0.000610839 -5.74836e-05 -0.000346933 -0.000276602 -0.00176389 -0.00282988 -0.000133482 -0.000290916 -0.000538882
internal_weight=47726 6319 41407 918 702 498 41062 12385 12121 1064 799 11057 9821 8332
internal_count=47726 6319 41407 918 702 498 41062 12385 12121 1064 799 11057 9821 8332
is_linear=0
shrinkage=0.05


Tree=45
num_leaves=15
num_cat=0
split_feature=6 8 4 0 2 6 3 8 8 2 8 4 3 8
split_gain=1.17144 1.09155 0.941064 0.788126 0.930397 0.936787 1.02106 1.928 1.47846 1.33518 1.2767 1.29108 1.11299 0.991669
threshold=0.032129032258064523 0.4387279439369291 0.39145636971723935 0.26448946947480678 0.016064516129032261 0.063762027374983071 0.93355408388520977 0.74318125464914464 0.90033112582781472 0.95017730496453912 0.42641750639193871 0.85758377425044097 0.25649460188933876 0.52746009802689464
decision_type=2 8 8 2 10 2 10 8 10 10 10 10 10 8
left_child=1 2 -1 4 -2 -6 8 10 13 -9 -8 -12 -10 -7
right_child=3 -3 -4 -5 5 6 7 9 12 -11 11 -13 -14 -15
leaf_value=-0.0011809004664375513 -0.0034719467163581322 -0.0001715509712054324 -0.0050654233256729958 0.00011476845454946074 -0.0023585708821940773 -0.00030114874361770533 5.3654338844890309e-05 0.00091778062927826284 0.0035162549595495183 -0.0040900364609634766 0.0069076403990399465 0.001670039268556218 0.00030357347736477977 -0.001537363421345303
leaf_weight=327 235 714 298 34291 525 6274 271 328 362 224 242 229 1056 2188
leaf_count=327 235 714 298 34291 525 6274 271 328 362 224 242 229 1056 2188
internal_value=-4.92595e-05 -0.0015072 -0.00303304 -7.02738e-06 -0.000356994 -0.000294423 -0.000197441 0.00112326 -0.000370415 -0.00111438 0.00278791 0.00436112 0.00112374 -0.000620794
internal_weight=47564 1339 625 46225 11934 11699 11174 1294 9880 552 742 471 1418 8462
internal_count=47564 1339 625 46225 11934 11699 11174 1294 9880 552 742 471 1418 8462
is_linear=0
shrinkage=0.05


Tree=46
num_leaves=15
num_cat=0
split_feature=2 0 8 6 7 6 7 2 7 2 7 8 0 0
split_gain=0.737034 0.580619 0.996831 1.34841 1.34929 1.81691 1.117 1.02401 0.846732 0.825002 0.950998 0.849712 0.813064 0.802172
threshold=0.016064516129032261 0.89849411231884069 0.38014084507042262 0.49596747967479676 0.4593593593593594 0.65768788923151356 0.14854307432432437 0.68698971125124475 0.14854307432432437 0.51360607182525009 0.99215674212598437 0.98634796384307155 0.94623128549303048 0.9721250971250972
decision_type=8 2 10 2 2 2 2 10 2 10 2 10 2 2
left_child=-1 9 8 6 -5 -6 -4 12 -3 11 -11 -2 -7 -8
right_child=1 2 3 4 5 7 13 -9 -10 10 -12 -13 -14 -15
leaf_value=-0.0017583362841371284 0.00016248275591008535 -0.0028584723179243677 0.00043179727848157454 -0.0033168753781153458 0.0035898661172048744 0.0019216323983204412 0.0021491071483789302 -0.0028152591234594676 8.0394838167401631e-05 -0.0002776972122487059 0.0027422921014063338 0.0027045388940993968 -0.0011723028830347365 0.0052010931426314131
leaf_weight=575 20840 309 658 253 387 472 710 312 1185 20733 264 334 386 309
leaf_count=575 20840 309 658 253 387 472 710 312 1185 20733 264 334 386 309
internal_value=2.09579e-05 4.26557e-05 0.000553177 0.00101617 6.97511e-05 0.000620051 0.00203764 -0.000362273 -0.000527443 -1.76442e-05 -0.000239726 0.000202581 0.000529722 0.00307459
internal_weight=47727 47152 4981 3487 1810 1557 1677 1170 1494 42171 20997 21174 858 1019
internal_count=47727 47152 4981 3487 1810 1557 1677 1170 1494 42171 20997 21174 858 1019
is_linear=0
shrinkage=0.05


Tree=47
num_leaves=15
num_cat=0
split_feature=6 0 5 0 7 1 7 7 1 0 1 5 1 1
split_gain=1.04862 1.34847 1.3494 1.43035 1.16541 1.13046 1.06614 1.32876 1.02723 0.985755 0.918499 1.97281 0.903986 1.08728
threshold=0.2323262153566561 0.9426490550276706 0.63568660022148404 0.61245155038759702 0.47162141432735089 0.040134228187919473 0.42745013543462207 0.12411276113767934 0.9426490550276706 0.39145636971723935 0.52530179246433373 0.83474667624865262 0.40329357549471406 0.70341905318527187
decision_type=2 2 10 2 2 2 2 2 2 2 2 10 2 2
left_child=1 2 8 4 9 -6 7 -5 -1 -4 -11 -12 -7 -14
right_child=-2 -3 3 6 5 12 -8 -9 -10 10 11 -13 13 -15
leaf_value=0.00013154660610339094 0.00013886920024611785 0.0022481107232649347 -0.00063009741660547281 -0.00064722098682919605 -0.0051590172980236363 0.00059689378029670706 0.00047352563996174921 -0.004335135897845145 0.0036801633282946343 -0.00019935286873359005 -2.1490960637532662e-05 0.0056060309772146865 -0.0045342446266688772 -0.00099696229577244571
leaf_weight=2506 36836 454 3207 374 204 482 267 704 222 778 368 270 305 755
leaf_count=2506 36836 454 3207 374 204 482 267 704 222 778 368 270 305 755
internal_value=1.14101e-05 -0.00041949 -0.000535472 -0.000873484 -0.000560604 -0.00166116 -0.00235507 -0.00305566 0.000420327 -0.000144949 0.00095383 0.00236006 -0.00119841 -0.00201477
internal_weight=47732 10896 10442 7714 6369 1746 1345 1078 2728 4623 1416 638 1542 1060
internal_count=47732 10896 10442 7714 6369 1746 1345 1078 2728 4623 1416 638 1542 1060
is_linear=0
shrinkage=0.05


Tree=48
num_leaves=15
num_cat=0
split_feature=2 7 1 7 2 6 5 1 4 4 6 7 6 6
split_gain=0.908697 1.00674 0.886501 1.28408 1.47283 0.897266 0.928644 1.32451 0.921327 0.757004 0.743309 1.5886 0.85906 1.09686
threshold=0.98326330532212891 0.80519724013799321 0.96070711749266646 0.2164892100009507 0.887270994387377 0.71118935837245711 0.91721941576982224 0.9912662090007629 0.72586618876941478 0.49576240752711348 0.88014084507042267 0.80155700957227694 0.4553208478513357 0.83881792595799964
decision_type=8 2 2 2 10 2 8 2 10 8 2 2 2 2
left_child=2 -2 10 -4 5 6 7 8 9 -5 11 -1 -13 -14
right_child=1 -3 3 4 -6 -7 -8 -9 -10 -11 -12 12 13 -15
leaf_value=-3.1195126379103521e-05 -0.00065095384738327478 -0.0043534713648342447 0.0044589679268635029 -0.00046700748076373456 0.0041694537479171154 0.0027510694727104516 0.0025338701415457765 -0.0038369195889336643 -0.0024053469490137929 0.0036265578940990108 0.00047616032793458085 -0.0042804990572536871 -0.00035575610800166939 -0.0023275556208475602
leaf_weight=35543 792 239 240 253 242 241 200 324 252 204 5762 205 2354 1007
leaf_count=35543 792 239 240 253 242 241 200 324 252 204 5762 205 2354 1007
internal_value=-4.09267e-05 -0.00150925 -8.59837e-06 0.00103338 0.00055428 -3.92556e-05 -0.000584648 -0.00118843 2.18864e-05 0.00136032 -5.402e-05 -0.000132132 -0.00113819 -0.000946533
internal_weight=47858 1031 46827 1956 1716 1474 1233 1033 709 457 44871 39109 3566 3361
internal_count=47858 1031 46827 1956 1716 1474 1233 1033 709 457 44871 39109 3566 3361
is_linear=0
shrinkage=0.05


Tree=49
num_leaves=15
num_cat=0
split_feature=5 2 2 4 1 1 2 1 1 4 5 5 1 5
split_gain=0.942112 0.962401 0.758964 0.889253 0.901394 0.721425 0.561341 0.975021 1.40569 0.943083 1.11715 1.16027 1.08186 1.04769
threshold=0.98501851644035476 0.67193750000000019 0.076362383375742179 0.88014084507042267 0.80155700957227694 0.41131892015557087 0.64527568062228335 0.91318840579710148 0.93172105672105687 0.1058256609056157 0.84641025641025658 0.91318840579710148 0.27697505197505207 0.14169947506561684
decision_type=8 8 10 8 2 2 10 2 2 8 10 10 2 10
left_child=2 -2 3 -1 5 -5 -4 9 -9 10 -8 -12 13 -11
right_child=1 -3 6 4 -6 -7 7 8 -10 12 11 -13 -14 -15
leaf_value=-0.001229315801459919 3.3473319789758262e-05 -0.0032388685016189094 0.00025400590209904576 -0.00012624991163512336 -0.0011986029208543702 0.0035732920411004065 -0.00049875564660448537 0.0037826102975126452 0.00027788159508981418 -0.0016465849756758155 -0.0059246554471186919 -0.00095051691634956837 -0.00039278904906756652 0.00091833731115943088
leaf_weight=2236 457 442 26952 235 396 300 984 361 1379 453 237 232 9738 3287
leaf_count=2236 457 442 26952 235 396 300 984 361 1379 453 237 232 9738 3287
internal_value=2.78802e-05 -0.0015754 5.86848e-05 -0.000688689 0.000609744 0.00194826 0.000112944 -0.000115112 0.00100501 -0.000245646 -0.00145591 -0.0034641 -0.000115173 0.000607666
internal_weight=47689 899 46790 3167 931 535 43623 16671 1740 14931 1453 469 13478 3740
internal_count=47689 899 46790 3167 931 535 43623 16671 1740 14931 1453 469 13478 3740
is_linear=0
shrinkage=0.05


Tree=50
num_leaves=15
num_cat=0
split_feature=0 8 5 1 0 4 3 2 2 8 8 5 5 5
split_gain=0.977675 1.26216 1.43722 1.25165 1.75721 1.24408 1.36338 1.32904 1.15098 1.0435 1.84576 1.18189 0.987401 1.18828
threshold=0.93172105672105687 0.38014084507042262 0.63197222222222227 0.6637549588037841 0.12033556112503481 0.55767262657275307 0.20463493199713675 0.41131892015557087 0.99215674212598437 0.41849261849261854 0.32501184553423362 0.91318840579710148 0.59288874841972194 0.38721035892776018
decision_type=2 10 10 2 2 10 10 10 8 10 8 10 10 10
left_child=3 2 -2 4 9 6 -3 -7 -6 10 -1 -11 13 -8
right_child=1 5 -4 -5 8 7 12 -9 -10 11 -12 -13 -14 -15
leaf_value=-0.00032822026655722025 -0.0017478198071591425 0.0033582856271905277 0.0025415232233998177 0.0002846877476854409 -0.00015388222764642833 0.00039359904937755273 0.00046909845064014866 0.0050961553712724414 -0.003589756624362379 0.0010053053451513727 -0.0064234563077145536 -0.0032978142654922389 0.0025769631880319726 -0.0030625350450068228
leaf_weight=214 767 391 262 16175 26572 241 728 399 246 371 296 280 295 354
leaf_count=214 767 391 262 16175 26572 241 728 399 246 371 296 280 295 354
internal_value=-2.20696e-06 0.000810062 -0.000655684 -6.5435e-05 -0.000267845 0.00143641 0.000752636 0.00332535 -0.000185399 -0.00217227 -0.00386585 -0.000845499 1.27599e-05 -0.000686353
internal_weight=47591 3437 1029 44154 27979 2408 1768 640 26818 1161 510 651 1377 1082
internal_count=47591 3437 1029 44154 27979 2408 1768 640 26818 1161 510 651 1377 1082
is_linear=0
shrinkage=0.05


Tree=51
num_leaves=15
num_cat=0
split_feature=0 6 4 8 8 1 5 0 7 6 8 7 1 8
split_gain=1.40993 1.53222 0.822853 1.6815 1.55359 1.37007 0.965718 0.956256 1.42857 1.34438 1.0922 0.953909 0.907731 0.896032
threshold=0.13229217306757415 0.7153031224655314 0.71084065082644632 0.48338852097130253 0.82007194244604331 0.89849411231884069 0.73046561825470258 0.1123247663551402 0.60474493623405856 0.46745780945337195 0.40612088497934168 0.64771415377510977 0.85758377425044097 0.3871574096531652
decision_type=2 2 10 10 10 2 10 2 2 2 10 2 2 8
left_child=1 2 3 7 6 -4 -5 8 9 10 13 -7 -12 -1
right_child=-2 -3 5 4 -6 11 -8 -9 -10 -11 12 -13 -14 -15
leaf_value=-0.0019343970557032476 0.0001218327393180576 0.00069444925212152904 -0.0032605142301790555 0.0010164504610264548 -0.00059315539913771696 0.00046517600351797208 0.0059058517909143125 0.0010104714220348068 0.00052705637338772311 -0.0066263608746586159 0.0020717295607928896 -0.0034599248946803373 -0.0025827686272285274 -0.0062593484328210582
leaf_weight=290 41372 1506 965 204 586 632 200 313 403 203 210 205 209 204
leaf_count=290 41372 1506 965 204 586 632 200 313 403 203 210 205 209 204
internal_value=1.69775e-05 -0.000690701 -0.00114183 -0.000608841 0.00105145 -0.00197652 0.00343695 -0.00150605 -0.0020246 -0.00294603 -0.00212773 -0.000496169 -0.000249965 -0.00372041
internal_weight=47502 6130 4624 2822 990 1802 404 1832 1519 1116 913 837 419 494
internal_count=47502 6130 4624 2822 990 1802 404 1832 1519 1116 913 837 419 494
is_linear=0
shrinkage=0.05


Tree=52
num_leaves=15
num_cat=0
split_feature=5 8 4 2 8 4 4 2 2 0 5 8 4 6
split_gain=0.922964 1.36817 0.889998 0.754642 0.8305 0.864418 0.740517 1.66394 0.696431 1.02437 1.68059 1.18995 1.80971 1.36167
threshold=0.96807643312101921 0.96029118048985607 0.95753696357735318 0.076362383375742179 0.38237068133564955 0.085370701649771438 0.70317540322580652 0.71063505872118327 0.49596747967479676 0.93172105672105687 0.57261510890543155 0.36803405572755427 0.55767262657275307 0.39867072955308253
decision_type=10 10 10 10 8 10 10 10 10 2 10 10 10 2
left_child=3 2 6 4 5 -1 7 -2 -5 -10 11 -11 13 -13
right_child=1 -3 -4 8 -6 -7 -8 -9 9 10 -12 12 -14 -15
leaf_value=0.0034547493031809682 0.00076120499495875007 0.0020017685000627825 -0.0040858020309965607 0.00028619341260187233 -0.0012515810005500358 -0.00030681208658702791 0.00077967823485726093 -0.0040727110760746567 -0.00020853734194539389 -0.0029591046152395743 0.003464079086745642 0.0025613989629208354 0.0046705744771441396 -0.0023163817077767974
leaf_weight=201 309 282 330 19674 2221 636 348 420 21662 260 512 227 232 387
leaf_count=201 309 282 330 19674 2221 636 348 420 21662 260 512 227 232 387
internal_value=-2.89775e-05 -0.00117692 -0.00181401 1.31608e-05 -0.000745745 0.000596502 -0.00111792 -0.00202377 6.71892e-05 -0.000117892 0.00109568 -7.19781e-07 0.000908477 -0.000513033
internal_weight=47701 1689 1407 46012 3058 837 1077 729 42954 23280 1618 1106 846 614
internal_count=47701 1689 1407 46012 3058 837 1077 729 42954 23280 1618 1106 846 614
is_linear=0
shrinkage=0.05


Tree=53
num_leaves=15
num_cat=0
split_feature=6 4 4 8 1 1 0 8 8 6 8 1 1 0
split_gain=0.769245 1.24898 1.05231 1.49156 1.3405 1.33045 1.22965 1.60259 1.08498 1.07217 1.48751 0.91422 2.46168 1.08588
threshold=0.2323262153566561 0.8948992852501626 0.044182717334721504 0.50163398692810468 0.40329357549471406 0.39145636971723935 0.083942774782469462 0.43381995133819956 0.254065309360127 0.13652714192282542 0.42165732246007481 0.96485050654806048 0.98479065463798299 0.10452638766949567
decision_type=2 10 10 10 2 2 2 10 10 2 8 2 2 2
left_child=2 11 3 5 -5 8 7 -4 -1 10 -7 13 -13 -2
right_child=1 -3 6 4 -6 9 -8 -9 -10 -11 -12 12 -14 -15
leaf_value=0.003882217170148044 -0.0011380359932641143 0.0010644119077975126 -0.0063754357376707886 0.00019696564892964332 0.0052966691999782366 -0.0060589879202759926 -0.00047096683742738971 -0.00074818934189247973 -0.00016557908859216757 0.00054521488901907095 -0.00019327885210469295 0.0040793400509564716 -0.0011219115972876765 3.6539956715930569e-05
leaf_weight=272 2102 3030 208 238 281 225 8343 323 423 329 208 471 440 30800
leaf_count=272 2102 3030 208 238 281 225 8343 323 423 329 208 471 440 30800
internal_value=-1.70631e-05 9.19082e-05 -0.000387094 0.00065641 0.00295808 -0.00016347 -0.000619454 -0.00295246 0.00141859 -0.00160643 -0.00324128 4.76169e-06 0.00156721 -3.84998e-05
internal_weight=47693 36843 10850 1976 519 1457 8874 531 695 762 433 33813 911 32902
internal_count=47693 36843 10850 1976 519 1457 8874 531 695 762 433 33813 911 32902
is_linear=0
shrinkage=0.05


Tree=54
num_leaves=15
num_cat=0
split_feature=5 3 3 3 5 8 7 7 8 4 4 2 1 7
split_gain=0.745886 1.35529 0.630066 0.721137 0.531992 1.60494 1.52364 1.44391 1.34958 1.36997 1.13651 1.10867 0.956862 0.907991
threshold=0.98501851644035476 0.97570810385523221 0.99215674212598437 0.99141615089890966 0.86516379601486004 0.49581524022972412 0.63568660022148404 0.47162141432735089 0.37026647966339415 0.60905673274094341 0.052805855698849775 0.71063505872118327 0.096076923076923101 0.55648667601683044
decision_type=10 8 10 8 10 10 2 2 8 10 10 10 2 2
left_child=2 -2 3 4 -1 6 8 10 9 11 -7 -6 -10 -9
right_child=1 -3 -4 -5 5 7 -8 13 12 -11 -12 -13 -14 -15
leaf_value=2.7596583553631345e-05 0.00023828024867976057 -0.0037590400207413253 0.0021829946578237986 -0.0030057160236032273 0.0033774089302778358 0.0051275036365553313 0.00067464496294861751 -0.0030353590484889295 -0.0050707701141396279 -0.0033760315773338732 0.0010109393965081054 -0.0014588176150636995 -0.0021013277254249649 4.2245921880823876e-05
leaf_weight=41099 483 378 319 205 279 206 732 309 360 228 901 206 1101 1068
leaf_count=41099 483 378 319 205 279 206 732 309 360 228 901 206 1101 1068
internal_value=-5.82836e-05 -0.00151664 -3.15752e-05 -4.67045e-05 -3.36563e-05 -0.000500712 -0.0012984 0.000432494 -0.00196274 -0.000179459 0.00177698 0.00132326 -0.00283302 -0.000648371
internal_weight=47874 861 47013 46694 46489 5390 2906 2484 2174 713 1107 485 1461 1377
internal_count=47874 861 47013 46694 46489 5390 2906 2484 2174 713 1107 485 1461 1377
is_linear=0
shrinkage=0.05


Tree=55
num_leaves=15
num_cat=0
split_feature=0 6 7 0 4 0 1 7 4 7 4 4 7 7
split_gain=0.770888 1.08813 1.93596 0.874333 2.36804 1.49842 0.968166 0.893251 0.941573 0.931001 1.25065 0.845036 1.24727 2.28986
threshold=0.7264554104176747 0.74169426048565135 0.86516379601486004 0.096076923076923101 0.052805855698849775 0.063762027374983071 0.92044189181269431 0.18821999256781868 0.24809115812787785 0.6637549588037841 0.88399327122153226 0.56928691746210003 0.47162141432735089 0.83881792595799964
decision_type=2 2 2 2 10 2 2 2 10 2 10 10 2 2
left_child=1 2 3 4 5 -1 -5 -6 -9 -10 -11 -2 -13 -14
right_child=11 -3 -4 6 7 -7 -8 8 9 10 -12 12 13 -15
leaf_value=0.0031156689129982862 1.7801553529100957e-05 0.00030569872566887284 -0.0034057039230880127 -0.00025915010676148321 -0.0044599196239371239 -0.0018444257966863612 0.0009378219005408277 -0.0035487584503088366 -0.00023892839591749561 -8.5865935394448671e-05 -0.0054929571105702991 -5.4868929272463609e-05 0.0027688418473987494 -0.00074125059394121332
leaf_weight=471 9076 9104 502 19909 279 225 1846 427 1265 203 226 1897 1521 669
leaf_count=471 9076 9104 502 19909 279 225 1846 427 1265 203 226 1897 1521 669
internal_value=-3.88498e-05 -0.000163189 -0.000331562 -0.000269463 -0.00105563 0.00151219 -0.000157582 -0.0018003 -0.00145045 -0.000921537 -0.00293436 0.000286636 0.000883637 0.00169658
internal_weight=47620 34457 25353 24851 3096 696 21755 2400 2121 1694 429 13163 4087 2190
internal_count=47620 34457 25353 24851 3096 696 21755 2400 2121 1694 429 13163 4087 2190
is_linear=0
shrinkage=0.05


Tree=56
num_leaves=15
num_cat=0
split_feature=1 4 7 0 1 4 3 0 4 1 3 8 1 4
split_gain=0.622969 1.44165 1.3619 1.41344 1.11291 1.14136 0.942775 0.780918 1.27932 1.28632 1.39425 1.29082 1.12577 1.35819
threshold=0.94623128549303048 0.15954207770064549 0.30078244391466474 0.30078244391466474 0.9912662090007629 0.73384195869111168 0.47252184230395861 0.6555456619733987 0.33031618610747054 0.6637549588037841 0.4567415184213085 0.23734910376783322 0.74583217560433468 0.15128814683768246
decision_type=2 8 2 2 2 10 8 2 10 2 8 8 2 10
left_child=7 -2 6 4 5 -4 -3 8 9 10 -1 -12 13 -11
right_child=1 2 3 -5 -6 -7 -8 -9 -10 12 11 -13 -14 -15
leaf_value=0.0004371712653018027 -0.0020574677769949201 0.0059907420984713989 0.002463988641324584 0.0044549901789062143 -0.0020286999462213328 -0.00067956119408109654 0.0016201020132545121 0.00022002495425063525 -0.00047070086867799304 0.0040499217094318403 0.0015027642871059635 -0.0015209522247871385 0.00044173073297085094 0.00037030477719801147
leaf_weight=3442 397 217 577 207 455 578 286 16541 17802 543 415 2361 3295 466
leaf_count=3442 397 217 577 207 455 578 286 16541 17802 543 415 2361 3295 466
internal_value=-8.42344e-06 0.000726752 0.00120319 0.000565801 6.57619e-05 0.000890853 0.00350565 -5.29453e-05 -0.000212358 0.000224729 -0.000235217 -0.00106892 0.000889213 0.00235051
internal_weight=47582 2717 2320 1817 1610 1155 503 44865 28324 10522 6218 2776 4304 1009
internal_count=47582 2717 2320 1817 1610 1155 503 44865 28324 10522 6218 2776 4304 1009
is_linear=0
shrinkage=0.05


Tree=57
num_leaves=15
num_cat=0
split_feature=4 8 8 7 1 3 4 3 1 4 1 1 8 7
split_gain=0.511117 0.928204 1.08237 0.763008 0.693752 1.29038 1.9358 1.22156 1.19165 1.12409 1.07519 1.66726 1.63151 1.47324
threshold=0.89156976744186067 0.032600031882671777 0.15853174603174605 0.31678403755868551 0.41543878656554717 0.58019979266798616 0.96057811852465813 0.40839201877934278 0.79725004725004733 0.90980525083199815 0.90601158721964103 0.85758377425044097 0.95130420054200548 0.6637549588037841
decision_type=8 10 10 2 2 10 8 10 2 10 2 2 10 2
left_child=-1 3 -3 -2 5 9 -7 8 -6 -4 11 12 -9 -12
right_child=1 2 4 -5 7 6 -8 10 -10 -11 13 -13 -14 -15
leaf_value=-6.8208700318684765e-05 0.00086779800721826009 0.0029142332708144911 -0.00065622615839477558 -0.0024708514276660523 0.0033259723004309301 0.0032833990791356262 -0.00087310994005564103 -0.00018826576496490995 0.00052324462917908792 -0.0044108611391111543 0.003113426958821303 -0.0031710653091770015 0.0044291444943268662 -0.00056623385670503111
leaf_weight=38975 261 442 686 497 732 453 734 2260 787 281 633 430 209 477
leaf_count=38975 261 442 686 497 732 453 734 2260 787 281 633 430 209 477
internal_value=9.79578e-06 0.000352086 0.000508216 -0.00132126 0.000369781 -0.000391414 0.000713157 0.000666383 0.00187387 -0.00174728 0.00020887 -0.000297809 0.000202596 0.00153217
internal_weight=47857 8882 8124 758 7682 2154 1187 5528 1519 967 4009 2899 2469 1110
internal_count=47857 8882 8124 758 7682 2154 1187 5528 1519 967 4009 2899 2469 1110
is_linear=0
shrinkage=0.05


Tree=58
num_leaves=15
num_cat=0
split_feature=2 1 8 0 2 1 0 3 5 8 0 0 3 3
split_gain=0.782563 0.674821 1.0795 1.02622 0.81224 1.03827 1.63687 1.01802 0.998179 0.801865 0.805044 1.47638 0.801243 0.839478
threshold=0.076362383375742179 0.21222498962224992 0.028004705574799036 0.39525506376594149 0.52548558703451709 0.27697505197505207 0.49159604519774019 0.60065359477124192 0.40698809887091858 0.53052351375332762 0.047972602739726034 0.096076923076923101 0.35495558672276772 0.043988648090815284
decision_type=10 2 10 2 10 2 2 10 10 10 2 2 10 10
left_child=-1 -2 3 -3 7 6 -6 9 -8 10 -4 -12 13 -13
right_child=1 2 4 -5 5 -7 8 -9 -10 -11 11 12 -14 -15
leaf_value=-0.00069463078965878282 -0.00030134676842709975 -0.0033972446390099624 0.0031751426713900904 0.0002205437313738257 -0.0026310780853964389 -0.00012660989818015196 0.00051570553578160212 0.0011772460666050403 0.0033233754021209866 -0.00033829650345712964 -0.0031343680800637232 -0.0013664131005723884 -0.00010051655397263088 0.001100275875789383
leaf_weight=3483 9048 406 277 379 230 16261 618 3944 649 3908 280 371 2963 4907
leaf_count=3483 9048 406 277 379 230 16261 618 3944 649 3908 280 371 2963 4907
internal_value=2.697e-05 8.37801e-05 0.000182795 -0.00165057 0.000224622 -1.06079e-05 0.00124945 0.000475506 0.00195389 0.000257682 0.000522411 0.000436177 0.000557491 0.000926888
internal_weight=47724 44241 35193 785 34408 17758 1497 16650 1267 12706 8798 8521 8241 5278
internal_count=47724 44241 35193 785 34408 17758 1497 16650 1267 12706 8798 8521 8241 5278
is_linear=0
shrinkage=0.05


Tree=59
num_leaves=15
num_cat=0
split_feature=2 8 4 7 3 6 4 6 7 7 1 1 6 7
split_gain=0.742616 0.5701 1.04386 1.13789 1.93244 1.0004 0.867886 1.12003 0.746059 1.38878 0.905364 0.869058 0.616524 1.33194
threshold=0.016064516129032261 0.92963248239436636 0.59683670917729448 0.41543878656554717 0.5374574829931974 0.4553208478513357 0.72240143369175636 0.2323262153566561 0.7264554104176747 0.883795948987247 0.92044189181269431 0.80519724013799321 0.14854307432432437 0.62408681277662248
decision_type=10 10 8 2 10 2 10 2 2 2 2 2 2 2
left_child=-1 12 3 4 -3 -5 7 -4 10 -10 11 -8 13 -2
right_child=1 2 6 5 -6 -7 8 -9 9 -11 -12 -13 -14 -15
leaf_value=-0.0017452533837968077 -0.00067740123944321797 0.0045327870463162459 0.00066007924297483149 -0.0042097572119406193 -0.0012026900831022596 -0.0003482448672426947 0.0018648190888362244 0.0048647411644983998 -0.0035511312820136129 0.0016388393873485792 0.0039447636146010961 -0.0019344777046214968 8.4497011873438675e-05 0.0024744581636665756
leaf_weight=576 5261 252 295 263 352 463 432 342 245 272 277 231 38044 358
leaf_count=576 5261 252 295 263 352 463 432 342 245 272 277 231 38044 358
internal_value=3.91821e-05 6.10105e-05 0.000682287 -0.000413149 0.00119026 -0.00174711 0.00137805 0.00291753 0.000704993 -0.000820624 0.00154408 0.000541082 1.22908e-05 -0.000476589
internal_weight=47663 47087 3424 1330 604 726 2094 637 1457 517 940 663 43663 5619
internal_count=47663 47087 3424 1330 604 726 2094 637 1457 517 940 663 43663 5619
is_linear=0
shrinkage=0.05


Tree=60
num_leaves=15
num_cat=0
split_feature=1 1 7 6 4 6 4 6 0 2 3 4 7 6
split_gain=0.674 0.996079 1.57922 1.74019 1.25407 0.712689 1.132 1.31791 1.30317 1.00024 1.236 0.94068 0.966743 2.7638
threshold=0.22837075921065425 0.26448946947480678 0.42745013543462207 0.73021094402673359 0.58544608472400517 0.72265840642826484 1.0000000180025095e-35 0.54612656846699414 0.035587639311043577 0.19011174484926088 0.48046755783434053 0.89156976744186067 0.84228550829127624 0.92044189181269431
decision_type=2 2 2 2 10 2 10 2 2 10 8 10 2 2
left_child=-1 2 -2 4 -4 6 7 9 -8 -3 -11 12 -7 -14
right_child=1 5 3 -5 -6 11 8 -9 -10 10 -12 -13 13 -15
leaf_value=-0.00032233920771796359 -0.00050135953834403227 -0.00051837996038808147 0.0021849287294925068 0.00019566438284414038 0.0068229267663007381 0.00075375601159057535 -0.002608498228998155 -0.0014169836845684524 -0.00012822809368474318 0.0045801650820067154 0.0012776084491005896 0.0018466762685526829 -0.0017060175071171076 0.00068848125875769096
leaf_weight=10671 723 417 314 447 272 4950 543 449 21450 408 927 1024 1951 3152
leaf_count=10671 723 417 314 447 272 4950 543 449 21450 408 927 1024 1951 3152
internal_value=2.77726e-05 0.000128673 0.00129094 0.00254537 0.00433772 7.08087e-05 -8.127e-05 0.000999846 -0.000189465 0.00161923 0.00228693 0.000402974 0.000255918 -0.000226993
internal_weight=47698 37027 1756 1033 586 35271 24194 2201 21993 1752 1335 11077 10053 5103
internal_count=47698 37027 1756 1033 586 35271 24194 2201 21993 1752 1335 11077 10053 5103
is_linear=0
shrinkage=0.05


Tree=61
num_leaves=15
num_cat=0
split_feature=0 1 8 0 7 2 1 0 6 5 2 6 7 5
split_gain=0.905524 1.17844 0.85684 1.56455 1.54711 0.870631 0.815439 0.793391 0.762101 1.33967 1.41588 1.13423 2.73002 0.917655
threshold=0.23629205440229065 0.9721250971250972 0.41016417635122676 0.035587639311043577 0.69927440980072564 0.056162383177570101 0.059765276183186639 0.15635629251700683 0.13229217306757415 0.97864741641337394 0.51360607182525009 0.27969064833471619 0.61648985477392115 0.79346840842442024
decision_type=2 2 10 2 2 10 2 2 2 10 10 2 2 10
left_child=2 -2 3 4 -1 -4 7 -5 9 10 -7 12 13 -10
right_child=1 -3 5 6 -6 8 -8 -9 11 -11 -12 -13 -14 -15
leaf_value=-0.0066636927387393689 9.041892394817528e-05 0.003329491808887303 -0.0018862410418011841 -0.00057404629364812181 -0.00065876214437195994 0.00030475152849229596 -0.0009838398835165128 0.0036110864632490389 0.0011906505187085203 0.0024757284969453095 -0.0037503299066214825 -8.5626136298679913e-05 -0.0036381096703310811 0.0040808693749746659
leaf_weight=230 36229 283 624 253 201 378 2678 205 570 206 500 4505 210 530
leaf_count=230 36229 283 624 253 201 378 2678 205 570 206 500 4505 210 530
internal_value=-4.66182e-06 0.000115525 -0.000400356 -0.00103862 -0.00386325 -9.7727e-05 -0.00065041 0.00129921 6.40403e-05 -0.00115311 -0.00200452 0.000290934 0.0015859 0.00258321
internal_weight=47602 36512 11090 3567 431 7523 3136 458 6899 1084 878 5815 1310 1100
internal_count=47602 36512 11090 3567 431 7523 3136 458 6899 1084 878 5815 1310 1100
is_linear=0
shrinkage=0.05


Tree=62
num_leaves=15
num_cat=0
split_feature=0 5 8 6 8 4 7 4 4 4 0 8 7 0
split_gain=0.84367 1.19376 1.32447 1.83299 1.00888 0.976701 0.946994 0.726695 0.509885 0.772734 1.10485 2.6987 1.23077 0.900733
threshold=0.9576867987586537 0.56457098968619712 0.36512474012474017 0.54612656846699414 0.46888827433628327 0.26820431247790749 0.21222498962224992 0.39525506376594149 0.97189680136896162 0.8948992852501626 0.063762027374983071 0.42165732246007481 0.67193750000000019 0.14854307432432437
decision_type=2 10 10 2 10 10 2 10 10 8 2 10 2 2
left_child=8 2 5 6 -5 -2 -4 -3 9 -1 11 -11 -13 -12
right_child=1 7 3 4 -6 -7 -8 -9 -10 10 13 12 -14 -15
leaf_value=-0.00012742476974199777 0.00015759081321201079 0.0043102866316858555 0.0010694559819258557 0.001159745551204752 -0.0034885628874905001 -0.004735369698690841 0.0048272000170259521 0.00096667965782134256 -0.00098872010460087831 -0.0023630912390989111 -0.0011782308052988625 0.0064154714614542627 0.0017597989733878746 0.00047518803934700659
leaf_weight=36910 206 344 385 216 254 202 297 308 1449 231 974 279 289 5338
leaf_count=36910 206 344 385 216 254 202 297 308 1449 231 974 279 289 5338
internal_value=-1.94643e-05 0.000934098 0.000183172 0.0010502 -0.00135232 -0.0022649 0.00270589 0.00273079 -6.58527e-05 -3.54755e-05 0.000441792 0.00219352 0.00404665 0.00022005
internal_weight=47682 2212 1560 1152 470 408 682 652 45470 44021 7111 799 568 6312
internal_count=47682 2212 1560 1152 470 408 682 652 45470 44021 7111 799 568 6312
is_linear=0
shrinkage=0.05


Tree=63
num_leaves=15
num_cat=0
split_feature=7 5 0 4 1 2 8 0 0 1 8 1 1 1
split_gain=0.679114 1.84052 0.654462 0.881305 1.05445 0.896728 1.19659 1.16903 0.684028 0.682205 0.649828 0.627308 0.592918 1.80374
threshold=0.99215674212598437 0.32659863945578232 0.26448946947480678 0.88014084507042267 0.12829175329175332 0.8948992852501626 0.7886751402725295 0.37539808917197459 0.9244490248929762 0.019292803970223329 1.0000000180025095e-35 0.9678709677419356 0.67193750000000019 0.58076375711574968
decision_type=2 10 2 10 2 8 8 2 2 2 10 2 2 2
left_child=2 -2 10 5 -5 9 7 -7 -9 -4 -1 -11 13 -12
right_child=1 -3 3 4 -6 6 -8 8 -10 11 12 -13 -14 -15
leaf_value=-0.0029638472182647352 -0.0007583618567334814 0.0051169435009162162 0.0026573477710250628 -0.0023777413850547663 0.0012420304838710358 0.0012332265709029556 0.0008105014707685713 -0.0024582929063399206 0.00064912122413928949 7.9987226719590101e-05 -0.00033305857788156748 0.00288991109788185 -1.5198351575628345e-05 -0.0034380579869763271
leaf_weight=226 308 235 263 218 2609 324 788 1388 203 28870 3374 200 8166 543
leaf_count=226 308 235 263 218 2609 324 788 1388 203 28870 3374 200 8166 543
internal_value=2.6207e-05 0.00178436 5.96886e-06 0.000116631 0.000962897 4.19527e-05 -0.000829485 -0.00150432 -0.00206181 0.000122255 -0.000307462 9.93193e-05 -0.000257777 -0.000763494
internal_weight=47715 543 47172 34863 2827 32036 2703 1915 1591 29333 12309 29070 12083 3917
internal_count=47715 543 47172 34863 2827 32036 2703 1915 1591 29333 12309 29070 12083 3917
is_linear=0
shrinkage=0.05


Tree=64
num_leaves=15
num_cat=0
split_feature=0 8 4 4 8 6 7 6 8 0 8 7 2 8
split_gain=0.658203 0.992558 1.18117 0.757294 1.15588 1.34301 0.746505 1.28949 1.7368 1.25845 1.06146 1.16776 0.687513 0.655344
threshold=0.90980525083199815 0.75378874856486811 0.44726144629867354 0.15528890959925445 0.01923155948222725 0.883795948987247 0.12411276113767934 0.49596747967479676 0.254065309360127 0.97818152967311978 0.55093393289519199 0.67546764261647507 0.60905673274094341 0.36803405572755427
decision_type=2 10 8 8 8 2 2 2 8 2 10 2 10 10
left_child=3 6 -3 4 -1 -6 13 8 -8 10 11 -9 -13 -2
right_child=1 2 -4 -5 5 -7 7 9 -10 -11 -12 12 -14 -15
leaf_value=0.0023957810506321079 -0.0032576638295453183 -0.00035123000504210639 0.0044316873355740817 3.4454786838255263e-05 -0.00096342345522748031 0.0020808120337852203 -0.0015886184077484817 0.003108287548394898 0.0029601108685125832 -0.0021552105180806095 -0.0026662089499810606 0.0010152375525313481 -0.0021996362971166447 -6.526643670115032e-05
leaf_weight=309 243 210 335 37340 5100 390 271 485 930 558 208 509 247 475
leaf_count=309 243 210 335 37340 5100 390 271 485 930 558 208 509 247 475
internal_value=1.17478e-05 0.000589223 0.00258873 -4.81028e-05 -0.000579694 -0.000747166 0.000311656 0.000637835 0.00193371 -0.000137625 0.000639333 0.00119336 -3.51247e-05 -0.0011457
internal_weight=47610 4471 545 43139 5799 5490 3926 3208 1201 2007 1449 1241 756 718
internal_count=47610 4471 545 43139 5799 5490 3926 3208 1201 2007 1449 1241 756 718
is_linear=0
shrinkage=0.05


Tree=65
num_leaves=15
num_cat=0
split_feature=8 4 7 3 1 3 8 7 6 7 1 7 7 3
split_gain=0.528576 0.938044 1.29902 1.72331 0.68486 1.42135 1.09927 0.888552 1.40873 1.20283 0.659122 0.629656 1.6699 0.875548
threshold=0.92332190102890754 0.60142393838046015 0.39934640522875825 0.43700591347650181 0.69533836920529812 0.61302095596891937 0.95416345682470782 0.5967064245052861 0.6876990445859873 0.48338852097130253 0.84641025641025658 0.7153031224655314 0.80155700957227694 0.1129733520336606
decision_type=10 8 2 10 2 10 10 2 2 2 2 2 2 8
left_child=11 2 3 -2 5 -3 -7 9 -9 10 -6 -1 13 -13
right_child=1 4 -4 -5 7 6 -8 8 -10 -11 -12 12 -14 -15
leaf_value=-0.00016473491250756919 0.0050325783968214795 -0.0026378575347752627 -0.0017134348888035264 -0.00050358717835396127 0.0040794343987760259 -0.00063049598413697895 0.0042816943021115059 -0.0019874626349298615 0.0025459329375042768 0.0062577677907744217 0.00073134820304157188 0.0037707122047407598 -0.00012517057733213202 0.00090868123701207972
leaf_weight=31260 207 310 836 438 220 235 221 317 373 201 443 289 8831 3546
leaf_count=31260 207 310 836 438 220 235 221 317 373 201 443 289 8831 3546
internal_value=4.7122e-06 0.00057037 -0.000412734 0.00127314 0.00119795 -2.56501e-05 0.00175019 0.00180108 0.000463199 0.00286953 0.00184233 -4.42352e-05 0.000253161 0.00112436
internal_weight=47727 3801 1481 645 2320 766 456 1554 690 864 663 43926 12666 3835
internal_count=47727 3801 1481 645 2320 766 456 1554 690 864 663 43926 12666 3835
is_linear=0
shrinkage=0.05


Tree=66
num_leaves=15
num_cat=0
split_feature=0 2 0 7 7 7 1 4 2 3 1 5 7 7
split_gain=0.555496 1.27975 1.29257 0.963662 0.843969 1.6788 0.786033 1.1638 0.9932 1.16146 1.04493 1.40869 1.06505 0.776605
threshold=0.9576867987586537 0.78596059113300509 0.9755097960815674 0.40752535975465914 0.33877632631298321 0.14854307432432437 0.22837075921065425 0.01923155948222725 0.55364521841794578 0.60065359477124192 0.27697505197505207 0.40698809887091858 0.41131892015557087 0.84228550829127624
decision_type=2 10 2 2 2 2 2 8 8 10 2 10 2 2
left_child=6 2 3 -2 5 -4 7 -1 9 -8 11 -10 -13 -11
right_child=1 -3 4 -5 -6 -7 8 -9 10 13 -12 12 -14 -15
leaf_value=0.0026651518722666944 0.00023593074381157445 0.0035354946591821634 -0.0020609183503452122 0.003971305623672379 -0.0020146469260387784 0.0036007863238864957 9.8483128484264351e-05 -0.000554695549629156 -0.00068822037931235021 0.00069744504114169106 -0.00031678794677288775 0.0001793322947285161 0.0047200035702111599 0.0023741362663110064
leaf_weight=290 375 354 268 320 626 256 15171 8693 467 3800 15498 205 349 844
leaf_count=290 375 354 268 320 626 256 15171 8693 467 3800 15498 205 349 844
internal_value=5.70975e-06 0.000781793 0.000253441 0.00195582 -0.000775386 0.000705105 -3.19496e-05 -0.000450749 7.15918e-05 0.000310278 -0.000214718 0.00133462 0.00303979 0.00100217
internal_weight=47516 2199 1845 695 1150 524 45317 8983 36334 19815 16519 1021 554 4644
internal_count=47516 2199 1845 695 1150 524 45317 8983 36334 19815 16519 1021 554 4644
is_linear=0
shrinkage=0.05


Tree=67
num_leaves=15
num_cat=0
split_feature=1 2 8 7 1 8 1 2 3 4 4 8 2 8
split_gain=0.786776 1.01945 1.28956 1.30476 1.0482 1.13155 1.09867 0.952721 0.8285 1.08022 0.834672 1.0973 1.15122 0.810806
threshold=0.22837075921065425 0.75836129753914994 0.44023472381681344 0.85758377425044097 0.887270994387377 0.39771415377510971 0.27697505197505207 0.88014084507042267 0.41694260485651219 0.51360607182525009 0.24015503875968994 0.83600153688524603 0.90980525083199815 0.50754727728411952
decision_type=2 8 10 2 2 8 2 8 10 10 8 10 10 10
left_child=-1 -2 3 4 6 -6 -3 -5 9 -4 11 12 -10 -12
right_child=1 2 8 7 5 -7 -8 -9 10 -11 13 -13 -14 -15
leaf_value=-0.00036270693058603658 0.00027322773064247791 0.0020140369523562116 0.0036664829302472963 -0.0016206168346897751 0.003886407825787544 -0.0010905305445443705 -0.0015776504939611015 -0.006172643367285964 -0.0026022030815037902 -0.00095216590976018227 0.0013689564219958959 -0.0045991958249286908 0.0022045068689702271 -0.00020548582084052968
leaf_weight=10735 27870 239 342 265 233 224 1951 203 269 201 1059 222 232 3589
leaf_count=10735 27870 239 342 265 233 224 1951 203 269 201 1059 222 232 3589
internal_value=1.40345e-05 0.00012364 -0.000338097 -0.00116144 -0.000731162 0.00144695 -0.00118568 -0.00359511 9.55731e-05 0.00195682 -9.25958e-05 -0.00167299 -0.000376341 0.000153235
internal_weight=47634 36899 9029 3115 2647 457 2190 468 5914 543 5371 723 501 4648
internal_count=47634 36899 9029 3115 2647 457 2190 468 5914 543 5371 723 501 4648
is_linear=0
shrinkage=0.05


Tree=68
num_leaves=15
num_cat=0
split_feature=2 8 7 2 5 3 2 6 6 7 3 7 7 2
split_gain=0.538431 0.520909 0.805079 1.39441 0.55156 0.700921 0.687733 1.32516 0.88804 0.515031 0.500542 0.722551 0.498368 0.446575
threshold=0.016064516129032261 0.90033112582781472 0.17229961178351225 0.66135382270764553 0.82041266025641035 0.90106773440106791 0.70301177536231896 0.25609917355371908 0.10033557046979867 0.57261510890543155 0.68698971125124475 0.47546715579502469 0.56457098968619712 0.33877632631298321
decision_type=8 10 2 10 10 10 10 2 2 2 10 2 2 10
left_child=9 -2 3 -3 5 10 12 8 -8 -1 13 -12 -6 -4
right_child=1 2 4 -5 6 -7 7 -9 -10 -11 11 -13 -14 -15
leaf_value=-0.0028084860485262024 -1.2737734261897495e-05 0.00017833576008256173 0.00063365893476325882 0.0045831097885250761 0.003283112086554088 -0.0025007030678818286 0.00018850108623465008 0.0021142595413807213 -0.0043263284769367999 0.00022048128343202353 -0.00071588621273114801 0.0024107578585641502 0.00073557209251826072 -0.0012288584827362461
leaf_weight=325 42353 420 538 314 399 295 235 386 203 247 314 449 370 801
leaf_count=325 42353 420 538 314 399 295 235 386 203 247 314 449 370 801
internal_value=2.42823e-05 4.28091e-05 0.000540814 0.00206267 0.000260854 -0.000218387 0.000981972 -2.16538e-05 -0.00190399 -0.00150052 0.00010192 0.00112404 0.00205738 -0.000480513
internal_weight=47649 47077 4724 734 3990 2397 1593 824 438 572 2102 763 769 1339
internal_count=47649 47077 4724 734 3990 2397 1593 824 438 572 2102 763 769 1339
is_linear=0
shrinkage=0.05


Tree=69
num_leaves=15
num_cat=0
split_feature=1 0 3 8 3 5 2 2 1 3 1 0 1 8
split_gain=0.700048 1.10349 1.3991 1.19432 0.860915 0.800027 1.06782 1.05749 0.80224 0.798187 3.03057 1.24407 1.20826 1.75694
threshold=0.6637549588037841 0.6555456619733987 0.42066228790366728 0.95416345682470782 0.02409677419354839 0.93885340395700279 0.20187896965419905 0.89849411231884069 0.99215674212598437 0.83467820654649583 0.052012882447665061 0.22837075921065425 0.24814774161681577 0.35849379058903957
decision_type=2 2 8 10 10 8 8 10 2 8 2 2 2 10
left_child=1 2 4 9 -1 8 -7 -8 -2 11 -11 -4 -12 -14
right_child=5 -3 3 -5 -6 6 7 -9 -10 10 12 -13 13 -15
leaf_value=-0.0021060586247282726 0.00029149771100934888 0.00022409383332090425 -0.002332403963141693 0.0019774453085496598 0.00035448591886788361 -0.00069551858747583784 0.0044242759644112081 0.00079080660570821646 -0.0019196498562787081 0.0028555598448184952 -0.0040191493904560291 -0.0002914743041244072 -0.0058213180300019582 -0.00092395188319537849
leaf_weight=378 14686 15443 860 386 5972 353 400 401 422 338 662 5666 208 1532
leaf_count=378 14686 15443 860 386 5972 353 400 401 422 338 662 5666 208 1532
internal_value=6.03232e-05 -7.74149e-05 -0.000368391 -0.000747606 0.000208016 0.00032666 0.00159559 0.00260527 0.000229735 -0.000861125 -0.00157731 -0.000560429 -0.00220108 -0.00150938
internal_weight=47707 31445 16002 9652 6350 16262 1154 801 15108 9266 2740 6526 2402 1740
internal_count=47707 31445 16002 9652 6350 16262 1154 801 15108 9266 2740 6526 2402 1740
is_linear=0
shrinkage=0.05


Tree=70
num_leaves=15
num_cat=0
split_feature=2 6 3 6 3 5 0 2 7 0 5 5 1 0
split_gain=0.749491 0.997313 1.07108 0.84552 0.762068 0.702488 0.58424 0.550549 0.579742 0.508591 0.477259 0.708278 0.43042 1.10811
threshold=0.076362383375742179 0.096076923076923101 0.4921254960317461 0.055749805749805752 0.1008077649664517 0.87280431432973815 0.18479366268800515 0.98326330532212891 0.80519724013799321 0.78210647586708715 0.89849411231884069 0.97570810385523221 0.69927440980072564 0.12033556112503481
decision_type=10 2 8 2 8 10 2 10 2 2 8 10 2 2
left_child=1 2 3 -1 5 6 -3 12 10 -6 -9 -12 13 -2
right_child=7 4 -4 -5 9 -7 -8 8 -10 -11 11 -13 -14 -15
leaf_value=-0.0021540540063258403 -0.001704756211417458 -0.0027435537389776648 0.0033054399404484937 0.0018514107703538982 -0.0022233605865534974 0.0025444332219194624 0.00015388340594795595 -0.001980311085104144 -0.0033167127786348305 0.00011788647004453066 0.0021567690208132875 -0.0016677268987115455 0.0003532412590405753 6.1183334046022045e-05
leaf_weight=314 916 251 287 227 1352 204 567 308 223 280 284 211 12838 29404
leaf_count=314 916 251 287 227 1352 204 567 308 223 280 284 211 12838 29404
internal_value=2.77079e-05 -0.000678556 0.000836423 -0.000473388 -0.0011512 -8.05438e-05 -0.000735183 8.33663e-05 -0.00106134 -0.00182168 -0.000434998 0.000526529 0.000110579 7.83239e-06
internal_weight=47666 3482 828 541 2654 1022 818 44184 1026 1632 803 495 43158 30320
internal_count=47666 3482 828 541 2654 1022 818 44184 1026 1632 803 495 43158 30320
is_linear=0
shrinkage=0.05


Tree=71
num_leaves=15
num_cat=0
split_feature=4 2 6 6 2 0 0 8 4 4 2 4 8 6
split_gain=0.526302 1.03922 1.30569 1.35311 0.491042 0.497748 0.477907 1.51547 1.72258 2.05097 1.17041 0.5834 0.507305 0.516531
threshold=0.97189680136896162 0.87606962627075269 0.49840764331210197 0.088117647058823537 0.012821039654818166 0.99691358024691368 0.040134228187919473 0.40891053391053395 0.52960654460459688 0.75463121783876519 0.49840764331210197 0.96057811852465813 0.99691358024691368 0.016064516129032261
decision_type=10 10 2 2 10 2 2 10 8 10 10 10 10 2
left_child=4 2 3 -2 -1 6 7 10 -9 -10 -6 12 13 -8
right_child=1 -3 -4 -5 5 -7 11 8 9 -11 -12 -13 -14 -15
leaf_value=-0.0020483253073459978 0.0019271856060021839 -0.0034506706977234349 0.0024503976741504872 -0.0026491361697428928 -0.00066653813564163805 0.0018404804624423073 -0.00162121268653209 -0.0027758297472716292 0.0050986218982968495 -0.0006047307414715834 -0.005924240467244421 0.0019269626708309858 0.0022687194960657507 2.8123665077443244e-05
leaf_weight=287 227 324 322 560 204 375 480 329 261 398 220 406 250 42977
leaf_count=287 227 324 322 560 204 375 480 329 261 398 220 406 250 42977
internal_value=-1.5859e-05 -0.000959549 -0.000231756 -0.00132916 1.342e-05 2.63115e-05 1.13678e-05 -0.00089412 0.000178957 0.00165411 -0.00339459 4.03513e-05 2.28263e-05 9.90608e-06
internal_weight=47620 1433 1109 787 46187 45900 45525 1412 988 659 424 44113 43707 43457
internal_count=47620 1433 1109 787 46187 45900 45525 1412 988 659 424 44113 43707 43457
is_linear=0
shrinkage=0.05


Tree=72
num_leaves=15
num_cat=0
split_feature=1 8 3 1 3 7 7 3 8 8 7 8 1 0
split_gain=0.530477 0.640492 1.41686 1.24416 0.916848 1.14832 0.824138 0.624883 0.49848 0.595681 0.805858 0.750687 0.624333 0.932885
threshold=0.96070711749266646 0.76868209970555401 0.4921254960317461 0.9755097960815674 0.26848744717872242 0.6637549588037841 0.54877237341140472 0.24809115812787785 0.0096162736939435986 0.028004705574799036 0.85375234521575993 0.041039748484167977 0.22472194135490398 0.99215674212598437
decision_type=2 8 10 2 8 2 2 10 8 10 2 10 2 2
left_child=8 2 7 -4 -3 -6 -5 -2 -1 10 -10 -11 13 -13
right_child=1 4 3 6 5 -7 -8 -9 9 11 -12 12 -14 -15
leaf_value=0.0017843998959452057 0.00097687765313840482 0.0026230412041328257 0.006427204141634244 -0.00061667485250637127 0.00045259550025806156 -0.0040016626680696036 0.0038667302356362797 -0.0023988015354470403 -0.00057952497077529391 0.0017515057228331288 -0.0039939925181291377 -0.0005247744059119245 4.641815848129726e-05 0.0018622858253891615
leaf_weight=369 388 201 201 205 374 236 205 212 1130 584 204 8913 33950 429
leaf_count=369 388 201 201 205 374 236 205 212 1130 584 204 8913 33950 429
internal_value=-1.0716e-05 0.000781761 0.00151 0.00320479 -0.00030566 -0.00127069 0.00162503 -0.000215862 -4.58723e-05 -6.08108e-05 -0.00110168 -2.91644e-05 -5.31853e-05 -0.000415157
internal_weight=47601 2022 1211 611 811 610 410 600 45579 45210 1334 43876 43292 9342
internal_count=47601 2022 1211 611 811 610 410 600 45579 45210 1334 43876 43292 9342
is_linear=0
shrinkage=0.05


Tree=73
num_leaves=15
num_cat=0
split_feature=7 2 0 1 7 6 0 6 4 4 7 0 4 1
split_gain=0.694672 0.65546 1.11022 0.467974 1.04438 1.3984 1.80382 0.892467 0.726072 0.663915 0.707567 0.630448 0.815273 1.25066
threshold=0.99691358024691368 0.016064516129032261 0.29277003484320563 0.94623128549303048 0.2164892100009507 0.7153031224655314 0.035587639311043577 0.12411276113767934 0.81974597548368056 0.58921650055371 0.42366996233521664 0.027460098026894562 0.1913311862587225 0.85758377425044097
decision_type=2 10 2 2 2 2 2 2 10 10 2 2 10 2
left_child=1 2 -1 11 -5 6 -6 -8 9 10 -9 12 -3 -14
right_child=-2 3 -4 4 5 -7 7 8 -10 -11 -12 -13 13 -15
leaf_value=-0.0039121227582731002 0.0021601307962873513 0.00088277327770698978 0.00048964420732642926 0.0031309287986120331 -0.0044837311810301816 0.002824011217490323 0.0032632739395166768 -0.0027335822871937128 -0.0019382442454033177 0.0028955851509971054 0.00073100527123350339 -2.1720241926442199e-05 -8.4475894089662231e-05 -0.0055049449497234226
leaf_weight=286 366 219 287 363 231 427 212 200 427 228 560 43381 207 219
leaf_count=286 366 219 287 363 231 427 212 200 427 228 560 43381 207 219
internal_value=-9.78845e-06 -2.65978e-05 -0.0017074 -5.9632e-06 0.0006396 0.000243823 -0.000349149 0.000237876 -0.0002154 0.00052919 -0.000180728 -4.47914e-05 -0.0015965 -0.00287106
internal_weight=47613 47247 573 46674 2648 2285 1858 1627 1415 988 760 44026 645 426
internal_count=47613 47247 573 46674 2648 2285 1858 1627 1415 988 760 44026 645 426
is_linear=0
shrinkage=0.05


Tree=74
num_leaves=15
num_cat=0
split_feature=8 4 4 8 5 5 3 8 6 4 1 5 1 3
split_gain=0.923837 0.784099 1.01616 0.859461 0.790833 1.20995 1.11612 0.670072 0.506488 1.26968 0.838331 0.804104 1.07912 1.12947
threshold=0.93280446506961001 0.60142393838046015 0.72240143369175636 0.94821200510855697 0.85375234521575993 0.67576887232059657 0.90437979539641955 0.96934820904286567 0.16423240938166314 0.064927732610659455 0.42366996233521664 0.60065359477124192 0.040134228187919473 0.98340220385674948
decision_type=10 8 10 10 10 10 10 10 2 8 2 10 2 8
left_child=8 3 -3 -2 5 -4 -6 -5 9 10 -1 -11 -13 -14
right_child=1 2 4 7 6 -7 -8 -9 -10 11 -12 12 13 -15
leaf_value=0.002523538695847055 0.0022932549083070886 0.0030968387283152993 0.0016209418653293393 -0.0026309814224249055 -0.00029769335331687166 -0.0026241951676596511 0.0036032715596555861 7.6492230623854946e-05 1.5222329165982975e-05 0.00053989461772075364 -0.00065995881899990553 0.0011788339432440959 -0.0010190878648769208 -0.0039376348523408973
leaf_weight=543 284 626 326 340 340 346 398 697 37713 1020 334 503 3820 363
leaf_count=543 284 626 326 340 340 346 398 697 37713 1020 334 503 3820 363
internal_value=5.19028e-06 0.000804894 0.00142041 -0.000143781 0.000676129 -0.000564798 0.00180608 -0.000811204 -5.54158e-05 -0.000460091 0.00131112 -0.000732322 -0.00100925 -0.00127236
internal_weight=47653 3357 2036 1321 1410 672 738 1037 44296 6583 877 5706 4686 4183
internal_count=47653 3357 2036 1321 1410 672 738 1037 44296 6583 877 5706 4686 4183
is_linear=0
shrinkage=0.05


Tree=75
num_leaves=15
num_cat=0
split_feature=6 8 6 1 7 8 8 5 5 8 7 5 5 1
split_gain=0.393453 1.43339 1.32883 1.28259 1.19878 1.4771 1.11058 0.920828 0.897328 1.08293 1.15602 0.921934 0.839927 0.799589
threshold=0.72265840642826484 0.028004705574799036 0.6795384064885498 0.1681829459928873 0.87280431432973815 0.44317592112091336 0.32501184553423362 0.26689497716894983 0.90234733174399417 0.5240967741935485 0.92777975343764829 0.76987638713302442 0.27876733921815894 0.84964863138237756
decision_type=2 10 2 2 2 10 10 10 10 10 2 10 10 2
left_child=2 -2 4 -4 -1 -6 -5 -8 9 10 11 13 -11 -3
right_child=1 8 3 6 5 -7 7 -9 -10 12 -12 -13 -14 -15
leaf_value=1.988173951628859e-05 -0.0032531257092871567 0.00096455043185383308 -0.004648080998284094 0.0017049009159441537 -0.005588128007883119 0.00011962687865255161 -0.0031105481013797105 -0.00049977974627026173 0.0032145501548962842 -0.0011353792282057377 -0.00041938103195914906 -0.0014866946752530128 0.0001919076651947225 0.0034307110564785869
leaf_weight=31746 290 5167 255 342 214 241 535 916 259 1979 2043 361 2997 351
leaf_count=31746 290 5167 255 342 214 241 535 916 259 1979 2043 361 2997 351
internal_value=-5.2012e-06 0.000223984 -9.5185e-05 -0.00133014 -1.66412e-05 -0.0025649 -0.000858263 -0.0014624 0.000300625 0.000242111 0.000605216 0.000961271 -0.000335966 0.00112142
internal_weight=47696 13447 34249 2048 32201 455 1793 1451 13157 12898 7922 5879 4976 5518
internal_count=47696 13447 34249 2048 32201 455 1793 1451 13157 12898 7922 5879 4976 5518
is_linear=0
shrinkage=0.05


Tree=76
num_leaves=15
num_cat=0
split_feature=0 6 4 6 3 4 2 6 5 5 3 7 4 7
split_gain=0.665904 0.88774 0.823137 1.32462 1.50337 0.854154 0.825633 0.68653 0.667129 0.591583 0.518038 0.543087 0.726275 1.20035
threshold=0.26448946947480678 0.016064516129032261 0.88014084507042267 0.063762027374983071 0.84191594093146549 0.01923155948222725 0.54958393508011849 0.29181873479318737 0.86166353971232035 0.75850497570006958 0.016064516129032261 0.883795948987247 0.97525762677277839 0.71118935837245711
decision_type=2 2 10 2 10 8 10 2 10 10 10 2 10 2
left_child=10 -2 5 -4 6 -3 8 -6 9 -5 -1 12 -12 -14
right_child=1 2 3 4 7 -7 -8 -9 -10 -11 11 -13 13 -15
leaf_value=-0.0022587949906305513 -0.0022388862893701748 0.0023672275065382796 0.0046651456670859853 0.0008550907559317783 -0.0029301547068533809 2.1858913843387186e-05 0.0031472909771767922 -2.0825398339281893e-05 0.0032779963947743465 -0.0022383271195547711 -0.00030428956874498894 0.0005674415338859383 -0.00054144309273431248 -0.0051979129194429652
leaf_weight=339 403 393 221 658 305 31775 537 605 209 202 9822 1645 426 205
leaf_count=339 403 393 221 658 305 31775 537 605 209 202 9822 1645 426 205
internal_value=-1.64253e-05 9.43985e-05 0.000121338 0.000953747 0.000627745 5.05125e-05 0.00154776 -0.00099593 0.000744255 0.000128497 -0.000331048 -0.000277031 -0.000409926 -0.00205424
internal_weight=47745 35308 34905 2737 2516 32168 1606 910 1069 860 12437 12098 10453 631
internal_count=47745 35308 34905 2737 2516 32168 1606 910 1069 860 12437 12098 10453 631
is_linear=0
shrinkage=0.05


Tree=77
num_leaves=15
num_cat=0
split_feature=4 2 8 8 8 4 7 5 5 5 5 0 0 2
split_gain=0.418165 0.942644 1.07469 1.33235 0.899316 0.864043 0.858361 1.63275 1.52283 1.21662 0.751245 0.741947 0.914635 0.815965
threshold=0.15128814683768246 0.56147098515519578 0.5240967741935485 0.45305822649572652 0.75874296894106152 0.24399846360668334 0.47162141432735089 0.78596059113300509 0.92032191868667446 0.83881792595799964 0.64758001561280265 0.12033556112503481 0.59272486772486788 0.14963308157908836
decision_type=8 10 8 10 10 8 2 10 10 10 10 2 2 10
left_child=1 2 3 -1 -4 11 8 -8 9 10 -3 -2 13 -13
right_child=5 6 4 -5 -6 -7 7 -9 -10 -11 -12 12 -14 -15
leaf_value=0.00023428173909758414 -0.0014606611349911999 -0.001127363583329298 0.0038302377030208093 -0.0026796402424380458 0.00027535338971888953 1.422005682953136e-05 -0.00057812159577931902 -0.004117773609099212 0.0038178327847158584 -0.0041982750770766545 0.0016388788299666419 0.0046552955050219473 0.00024469879221469365 0.0014060526573525416
leaf_weight=2452 338 674 333 467 382 37191 864 523 205 221 386 221 1965 1537
leaf_count=2452 338 674 333 467 382 37191 864 523 205 221 386 221 1965 1537
internal_value=3.10756e-05 -0.000341443 0.000193649 -0.000231906 0.00193098 8.98359e-05 -0.00101827 -0.00191283 -0.00018331 -0.000823618 -0.000120034 0.000782333 0.000985967 0.00181452
internal_weight=47759 6507 3634 2919 715 41252 2873 1387 1486 1281 1060 4061 3723 1758
internal_count=47759 6507 3634 2919 715 41252 2873 1387 1486 1281 1060 4061 3723 1758
is_linear=0
shrinkage=0.05


Tree=78
num_leaves=15
num_cat=0
split_feature=0 4 6 7 0 3 6 8 6 8 4 6 0 6
split_gain=0.617529 0.767676 0.564878 1.58768 1.27341 0.743112 0.706409 0.517914 0.480544 1.35625 0.744655 0.918607 0.824433 0.81587
threshold=0.9576867987586537 0.2115304729689633 0.5773502805450591 0.17229961178351225 0.97818152967311978 0.57254986456537804 0.271564058539776 0.38844564526382713 0.72265840642826484 0.028004705574799036 0.99691358024691368 0.36391694725028062 0.072036036036036047 0.2164892100009507
decision_type=2 8 2 2 2 10 2 10 2 10 8 2 2 2
left_child=8 7 3 6 -4 -5 -3 -2 10 -10 -1 13 -13 -12
right_child=1 2 4 5 -6 -7 -8 -9 9 -11 11 12 -14 -15
leaf_value=-0.00025267362133190631 0.00034770218867509229 0.00077523776732122589 0.0017149632575478701 0.00090535592978378213 -0.0028953589768632784 0.0044695806372429025 -0.0031038627036789209 0.0034490562241369241 -0.003334562928355456 0.00025947059385925602 0.00051091591584477428 0.0025014167110868893 -0.00097604627906558309 0.0027289350185969426
leaf_weight=29205 210 227 257 295 359 290 243 375 268 12773 1191 201 1121 636
leaf_count=29205 210 227 257 295 359 290 243 375 268 12773 1191 201 1121 636
internal_value=-3.04991e-05 0.000776917 0.000231185 0.000933648 -0.000971897 0.00267224 -0.00123034 0.00233575 -7.06253e-05 0.000185611 -0.000173907 0.000556602 -0.000447325 0.00128303
internal_weight=47651 2256 1671 1055 616 585 470 585 45395 13041 32354 3149 1322 1827
internal_count=47651 2256 1671 1055 616 585 470 585 45395 13041 32354 3149 1322 1827
is_linear=0
shrinkage=0.05


Tree=79
num_leaves=15
num_cat=0
split_feature=7 3 7 1 3 6 5 1 0 5 8 8 5 1
split_gain=0.580365 0.519343 1.24321 0.979162 0.974464 0.940978 0.894748 0.878038 1.47618 1.54421 1.39002 1.13424 0.843899 0.812604
threshold=0.99691358024691368 0.83070719602977683 0.93172105672105687 0.075693913929208059 0.68321596244131466 0.019292803970223329 0.97570810385523221 0.6876990445859873 0.74169426048565135 0.76624208622249024 0.38237068133564955 0.40540742066332619 0.85375234521575993 0.88014084507042267
decision_type=2 8 2 2 10 2 10 2 2 10 10 8 10 2
left_child=1 4 3 6 -1 -5 12 8 9 11 -11 -7 -3 -9
right_child=-2 2 -4 5 -6 7 -8 13 -10 10 -12 -13 -14 -15
leaf_value=-5.8230001684771974e-05 0.001934188886986969 0.0024804330767834669 -0.0029776431528337134 -0.0036295287953478032 0.00059392405712318814 -0.00011493466219608411 0.0042892751889971742 0.0011135099000519619 0.00066955939263393721 -0.0039266533869902476 0.00063315623403850045 -0.0033655651733882665 -0.0016614219209372548 -0.00053089557201689249
leaf_weight=32019 384 243 436 220 6976 356 209 1578 1166 201 992 1090 249 1434
leaf_count=32019 384 243 436 220 6976 356 209 1578 1166 201 992 1090 249 1434
internal_value=-1.76206e-06 -1.75225e-05 -0.000379896 -0.000233525 5.84369e-05 -0.000411045 0.00154852 -0.000307177 -0.000812048 -0.00146667 -0.000135093 -0.00256527 0.00038425 0.000330616
internal_weight=47553 47169 8174 7738 38995 7037 701 6817 3805 2639 1193 1446 492 3012
internal_count=47553 47169 8174 7738 38995 7037 701 6817 3805 2639 1193 1446 492 3012
is_linear=0
shrinkage=0.05


Tree=80
num_leaves=15
num_cat=0
split_feature=0 8 8 8 3 0 8 8 3 6 8 1 3 1
split_gain=0.492275 1.36434 1.01025 0.598509 0.524171 0.511702 1.12343 0.714132 1.46989 1.22655 1.07822 1.91008 1.12869 0.908594
threshold=0.027460098026894562 0.48338852097130253 0.82397183098591553 0.99233705226071656 0.34240404788349998 0.87280431432973815 0.69775807261167822 0.49163165266106446 0.46467783076411229 0.49840764331210197 0.38014084507042262 0.20067114093959734 0.71475875118259236 0.2164892100009507
decision_type=2 10 10 10 10 2 8 10 10 2 10 2 10 2
left_child=1 4 -3 5 -1 -2 7 10 9 -9 11 -7 -12 -10
right_child=3 2 -4 -5 -6 6 -8 8 13 -11 12 -13 -14 -15
leaf_value=-0.00098842120338963366 -6.1796338978229129e-05 0.0032527339723836101 -0.00095478068783449999 0.0019466606806527124 -0.0041136297347012588 -0.0018391250186260038 0.0018058045709577167 0.002967206499855244 -0.0054317753090640407 -0.0014369494455815542 0.00059113070247728428 0.0014454328247925469 0.0034282157396601041 -0.0011962515999728472
leaf_weight=229 39805 227 384 400 324 1058 1192 297 217 338 1625 761 447 304
leaf_count=229 39805 227 384 400 324 1058 1192 297 217 338 1625 761 447 304
internal_value=-4.52978e-06 -0.00102013 0.000608404 2.09236e-05 -0.00281947 4.19406e-06 0.000425215 9.91471e-05 -0.000992028 0.000622947 0.000423331 -0.000464992 0.00120319 -0.00296038
internal_weight=47608 1164 611 46444 553 46044 6239 5047 1156 635 3891 1819 2072 521
internal_count=47608 1164 611 46444 553 46044 6239 5047 1156 635 3891 1819 2072 521
is_linear=0
shrinkage=0.05


Tree=81
num_leaves=15
num_cat=0
split_feature=4 2 6 6 3 8 3 4 1 1 3 4 1 6
split_gain=0.363841 0.556905 0.904937 0.644388 0.429786 1.11489 0.923458 0.86068 1.06073 1.05846 0.70711 0.674752 1.60353 1.02978
threshold=0.97802168312580517 0.883795948987247 0.49840764331210197 0.10033557046979867 0.94773680616525224 0.97802168312580517 0.90106773440106791 0.88399327122153226 0.71118935837245711 0.86890898812888639 0.97253990197310558 0.88014084507042267 0.12829175329175332 0.22456373853889386
decision_type=10 10 2 2 10 10 8 10 2 2 10 10 2 2
left_child=4 2 3 -2 6 7 11 9 -9 10 -6 -1 -13 -14
right_child=1 -3 -4 -5 5 -7 -8 8 -10 -11 -12 12 13 -15
leaf_value=-3.4968361639225688e-05 0.00090328234764790053 -0.0030382341568643031 0.0024560928124445279 -0.0024697459640778434 0.0023221875563801367 -0.0028782361949242618 -0.0010178521029835853 0.0012705171133863893 -0.0029208575770139863 0.0045732754193446188 -0.00012828302634037845 -0.0034592116903403845 -0.0004891626707775764 0.0016359690252095536
leaf_weight=38944 218 242 218 404 569 201 2253 349 266 261 610 212 788 2061
leaf_count=38944 218 242 218 404 569 201 2253 349 266 261 610 212 788 2061
internal_value=-1.84503e-05 -0.000924849 -0.000315992 -0.00128756 2.63414e-06 0.000675813 -3.16804e-05 0.00102344 -0.000542338 0.00169215 0.00105434 2.12144e-05 0.000736008 0.00104818
internal_weight=47596 1082 840 622 46514 2256 44258 2055 615 1440 1179 42005 3061 2849
internal_count=47596 1082 840 622 46514 2256 44258 2055 615 1440 1179 42005 3061 2849
is_linear=0
shrinkage=0.05


Tree=82
num_leaves=15
num_cat=0
split_feature=7 0 8 4 4 6 0 3 8 8 1 8 7 6
split_gain=0.472735 0.653767 0.596177 0.42191 0.71441 0.797655 0.336853 0.825642 1.24015 1.43019 1.1481 1.24854 1.79739 1.29044
threshold=0.9912662090007629 0.51342342342342351 0.51992063492063501 0.97802168312580517 0.99209473815773042 0.1681829459928873 0.26448946947480678 0.32530003871467289 0.87966443887496537 0.45019083969465651 0.088117647058823537 0.40891053391053395 0.69169799498746876 0.44357870482658263
decision_type=2 2 8 10 10 2 2 8 10 8 2 10 2 2
left_child=3 -2 -3 6 -5 -6 7 8 9 10 -1 12 -12 -13
right_child=1 2 -4 4 5 -7 -8 -9 -10 -11 11 13 -14 -15
leaf_value=0.0032398392232862168 0.0036488220359189648 0.0019835102543384569 -0.0015834993484581041 -0.0021932516608879553 0.0028114303799102887 -0.0014565484537879419 0.00011049071169872373 -0.00050513218069275767 0.0026090566242905483 -0.0013134686973087005 -0.0020798497527374864 0.0042534194592959602 0.0020487015003014301 -0.0004283976080727012
leaf_weight=397 211 248 222 559 202 239 34378 7632 541 1251 777 325 399 269
leaf_count=397 211 248 222 559 202 239 34378 7632 541 1251 777 325 399 269
internal_value=2.87597e-05 0.00133667 0.000298667 9.79635e-06 -0.00100623 0.000498399 3.18989e-05 -0.000201198 0.000384713 3.26442e-05 0.00080975 0.000264695 -0.000679091 0.0021332
internal_weight=47650 681 470 46969 1000 441 45969 11591 3959 3418 2167 1770 1176 594
internal_count=47650 681 470 46969 1000 441 45969 11591 3959 3418 2167 1770 1176 594
is_linear=0
shrinkage=0.05


Tree=83
num_leaves=15
num_cat=0
split_feature=0 5 8 6 8 7 6 1 1 7 6 3 7 0
split_gain=0.47832 1.09354 1.17542 1.46798 1.09607 1.07549 0.592176 0.563577 0.467347 1.26575 1.95554 0.989048 0.78615 1.7943
threshold=0.9576867987586537 0.59683670917729448 0.36512474012474017 0.55378258105530842 0.45796355925547794 0.20067114093959734 0.40329357549471406 0.15635629251700683 0.17667066826730696 0.92777975343764829 0.887270994387377 0.027460098026894562 0.69533836920529812 0.80155700957227694
decision_type=2 10 10 2 10 2 2 2 2 2 2 10 2 2
left_child=8 2 6 5 -5 -4 -2 -3 9 10 11 -1 -13 -14
right_child=1 7 3 4 -6 -7 -8 -9 -10 -11 -12 12 13 -15
leaf_value=0.0027207599780989982 -0.0042032815263373779 0.0012981554900826473 0.00040461498977126579 0.0014418992304854328 -0.0032525813817515428 0.0042285019360116909 -0.00055952413648132249 0.0045259033684322443 -2.728074041351188e-05 -0.0037313369703576801 0.0039948241569035025 -0.00037206853056214931 -0.00033637450302648393 -0.0047203505464323975
leaf_weight=229 200 351 385 216 293 352 252 220 38543 286 251 5080 657 362
leaf_count=229 200 351 385 216 293 352 252 220 38543 286 251 5080 657 362
internal_value=-5.95762e-05 0.000648897 1.23657e-05 0.000804698 -0.00126042 0.00223095 -0.00217181 0.00254177 -9.4978e-05 -0.000475059 -0.000333503 -0.000505186 -0.000626311 -0.00189378
internal_weight=47677 2269 1698 1246 509 737 452 571 45408 6865 6579 6328 6099 1019
internal_count=47677 2269 1698 1246 509 737 452 571 45408 6865 6579 6328 6099 1019
is_linear=0
shrinkage=0.05


Tree=84
num_leaves=15
num_cat=0
split_feature=7 5 7 3 4 3 1 5 3 2 5 4 7 1
split_gain=0.604077 0.608526 0.86544 0.755022 0.628576 0.957727 1.12412 0.881063 1.61226 1.42653 1.12873 0.688301 0.830439 0.65729
threshold=0.99691358024691368 0.98501851644035476 0.74583217560433468 0.96837895263092122 0.15128814683768246 0.41694260485651219 0.95017730496453912 0.70341905318527187 0.1129733520336606 0.4553208478513357 0.44706208425720623 0.068726145038167957 0.30852659513095654 0.96070711749266646
decision_type=2 8 2 10 8 10 2 10 10 10 10 10 2 2
left_child=1 4 3 -3 5 6 7 10 11 -10 -1 12 -9 -6
right_child=-2 2 -4 -5 13 -7 -8 8 9 -11 -12 -13 -14 -15
leaf_value=0.00066592823141065267 0.002016553302363363 0.0011060693865354227 -0.0038540270463332596 -0.0024700063863784317 5.2869898878351755e-05 -0.0012449535818508707 -0.0033334448119193764 0.0031227383880165988 0.0053546563201852032 0.00071257539046156858 -0.001553537118084161 -0.0026360956983651328 -0.0010803507804602146 0.0010428757381585494
leaf_weight=1252 374 369 242 246 38454 2333 233 202 330 332 1056 232 281 1753
leaf_count=1252 374 369 242 246 38454 2333 233 202 330 332 1056 232 281 1753
internal_value=1.49834e-05 -8.3793e-07 -0.00132107 -0.000324361 2.35161e-05 -0.000442923 3.46519e-05 0.000247614 0.00124855 0.0030266 -0.000349564 -0.000397706 0.000677463 9.60335e-05
internal_weight=47689 47315 857 615 46458 6251 3918 3685 1377 662 2308 715 483 40207
internal_count=47689 47315 857 615 46458 6251 3918 3685 1377 662 2308 715 483 40207
is_linear=0
shrinkage=0.05


Tree=85
num_leaves=15
num_cat=0
split_feature=3 5 3 0 6 8 8 0 1 8 0 8 5 1
split_gain=0.504142 0.961062 0.5539 1.31183 1.15136 0.747773 1.34125 0.75771 0.681507 1.29158 1.63752 1.00949 1.35787 1.11037
threshold=0.99215674212598437 0.96497362286835975 0.81974597548368056 0.7264554104176747 0.75079617834394918 0.47983739837398381 0.7323389153820562 0.86166353971232035 0.65917508417508419 0.82007194244604331 0.091704892966360876 0.4700370328807093 0.887270994387377 0.84228550829127624
decision_type=10 10 8 2 2 10 10 2 2 10 2 8 8 2
left_child=2 -2 -1 8 5 -5 -7 -8 -4 11 -11 13 -13 -10
right_child=1 -3 3 4 -6 6 7 -9 9 10 -12 12 -14 -15
leaf_value=9.8861689649861267e-05 0.0042950951875956609 -7.8188648843553976e-05 -0.001174735454470279 0.0028147746993592844 -0.0017920087136543833 -0.0027269254501724001 2.5318189582321793e-05 0.0042610872059193408 0.0013505911000602465 -0.0042461390952307186 -0.00030716868440416179 0.00069351351929930482 0.0050998384757743528 -0.0016754705134500161
leaf_weight=38855 201 335 3268 637 311 224 220 203 547 364 959 644 240 680
leaf_count=38855 201 335 3268 637 311 224 220 203 547 364 959 644 240 680
internal_value=3.70043e-05 0.00156179 1.96713e-05 -0.000351179 0.000937578 0.00159872 0.000401452 0.00205809 -0.000657888 -0.000166026 -0.00139091 0.000601628 0.0018898 -0.000326444
internal_weight=47688 536 47152 8297 1595 1284 647 423 6702 3434 1323 2111 884 1227
internal_count=47688 536 47152 8297 1595 1284 647 423 6702 3434 1323 2111 884 1227
is_linear=0
shrinkage=0.05


Tree=86
num_leaves=15
num_cat=0
split_feature=2 4 4 1 2 4 4 6 5 6 7 0 0 0
split_gain=0.457923 0.830973 0.371783 0.881991 1.37596 0.99604 0.704225 1.05703 1.0501 0.645334 1.21148 0.92196 0.609491 0.894486
threshold=0.016064516129032261 0.32155344655344659 0.11814602720114532 0.067732891550911181 0.56147098515519578 0.04849910394265234 0.24399846360668334 0.047972602739726034 0.85375234521575993 0.883795948987247 0.84964863138237756 0.95017730496453912 0.68339328537170274 0.096076923076923101
decision_type=10 10 8 2 8 10 8 2 10 2 2 2 2 2
left_child=1 -1 3 4 5 -2 7 -4 12 10 11 -5 13 -9
right_child=2 -3 6 9 -6 -7 -8 8 -10 -11 -12 -13 -14 -15
leaf_value=-0.0039472675869590057 0.0054171496580102457 -2.2947887409438585e-05 0.0040177746182108983 -0.00083888823773057501 -0.0010559214531039127 0.0006260515902844914 -6.1609698649057876e-05 -0.0015900274818704931 -0.0025763748150642654 0.0016746672050636045 -0.0037213552707212813 0.0025724914413214756 -7.131157295101028e-05 0.0013488146598480205
leaf_weight=211 214 374 211 3229 408 220 36675 288 279 257 349 211 2094 2564
leaf_count=211 214 374 211 3229 408 220 36675 288 279 257 349 211 2094 2564
internal_value=-4.81064e-05 -0.00143839 -3.08015e-05 -0.000443566 0.00102872 0.00298848 1.71098e-05 0.000548206 0.000408095 -0.00074996 -0.000914417 -0.000629644 0.000576447 0.00105205
internal_weight=47584 585 46999 4888 842 434 42111 5436 5225 4046 3789 3440 4946 2852
internal_count=47584 585 46999 4888 842 434 42111 5436 5225 4046 3789 3440 4946 2852
is_linear=0
shrinkage=0.05


Tree=87
num_leaves=15
num_cat=0
split_feature=2 8 0 6 7 5 1 0 5 0 5 0 8 0
split_gain=0.420937 1.25195 0.975305 1.28728 1.13758 0.693718 0.58554 0.907544 0.74238 1.77631 1.6036 0.988581 0.973578 1.05462
threshold=0.49596747967479676 0.99233705226071656 0.9244490248929762 0.49840764331210197 0.091704892966360876 0.59683670917729448 0.23629205440229065 0.41946762914504859 0.7190931733272955 0.33877632631298321 0.85758377425044097 0.27697505197505207 0.067994187966448724 0.040134228187919473
decision_type=8 10 2 2 2 10 2 2 10 2 10 2 8 2
left_child=1 6 -2 4 -4 -6 -1 8 12 11 -11 -10 -8 -14
right_child=2 -3 3 -5 5 -7 7 -9 9 10 -12 -13 13 -15
leaf_value=-0.00030768709561214294 -0.00020655746274655056 0.0038264272716473447 -0.00054363346508650399 -0.00041164141107906795 0.0021399604594302991 0.0054465707868616283 -0.0028260368898121928 0.00060931396813166143 -0.00062667654959604332 -0.0068510296204212038 -0.00064225559767362651 0.0022249618334897353 0.0035534068723905863 0.00024341669956965298
leaf_weight=5503 22509 233 260 846 437 249 243 9681 2266 209 207 351 254 4578
leaf_count=5503 22509 233 260 846 437 249 243 9681 2266 209 207 351 254 4578
internal_value=2.87665e-05 0.000179529 -0.000117182 0.00100545 0.00227274 0.00334017 0.000143048 0.000282482 -0.000107758 -0.00072664 -0.00376157 -0.000244206 0.000262108 0.00041741
internal_weight=47826 23525 24301 1792 946 686 23292 17789 8108 3033 416 2617 5075 4832
internal_count=47826 23525 24301 1792 946 686 23292 17789 8108 3033 416 2617 5075 4832
is_linear=0
shrinkage=0.05


Tree=88
num_leaves=15
num_cat=0
split_feature=7 6 1 1 4 8 1 5 6 1 6 8 4 7
split_gain=0.469573 0.93239 1.04303 2.26842 1.37179 1.12935 1.00095 1.09053 1.43262 0.835035 1.05853 0.758482 0.736398 1.30176
threshold=0.80155700957227694 0.86166353971232035 0.51342342342342351 0.41131892015557087 0.41946762914504859 0.52754099544896349 0.043988648090815284 0.97570810385523221 0.52570475711049591 0.70740003318400546 0.92777975343764829 0.0096162736939435986 0.30521412860654684 0.84641025641025658
decision_type=2 2 2 2 8 10 2 8 2 2 2 8 10 2
left_child=11 6 3 4 -3 -5 -2 8 -8 10 -4 -1 13 -10
right_child=1 2 9 5 -6 -7 7 -9 12 -11 -12 -13 -14 -15
leaf_value=0.0025095212511987712 0.0022561999156818966 0.0012647855634056483 -0.0032954518337030129 0.0048201078625755732 -0.0016790645593487185 0.00070285220563571572 0.0028921635282155049 -0.0043445318767266301 -0.0001285631447017811 0.00020488324073513094 -0.00047979489028716275 5.7285099270167239e-05 -0.00057156665188904862 -0.0035678981917829852
leaf_weight=318 229 828 472 440 758 268 230 249 458 2125 1140 37506 1789 689
leaf_count=318 229 828 472 440 758 268 230 249 458 2125 1140 37506 1789 689
internal_value=-1.60791e-06 -0.000312448 6.90898e-05 0.000908336 -0.000142174 0.0032616 -0.000943913 -0.0011585 -0.000907928 -0.000446091 -0.00130423 7.79019e-05 -0.00120562 -0.00219456
internal_weight=47499 9675 6031 2294 1586 708 3644 3415 3166 3737 1612 37824 2936 1147
internal_count=47499 9675 6031 2294 1586 708 3644 3415 3166 3737 1612 37824 2936 1147
is_linear=0
shrinkage=0.05


Tree=89
num_leaves=15
num_cat=0
split_feature=2 8 1 5 5 5 7 8 7 1 4 8 1 1
split_gain=0.361093 1.03598 1.16698 1.26289 1.11878 1.34944 0.950913 0.814331 0.765567 0.703396 0.682199 0.645963 0.716943 0.761534
threshold=0.64960384303450003 0.44023472381681344 0.26870335820895525 0.86516379601486004 0.35869965780468549 0.74596669268800431 0.59272486772486788 0.35461956521739141 0.11635871296591273 0.18479366268800515 0.43559907834101391 0.44487142022209242 0.4593593593593594 0.40752535975465914
decision_type=8 10 2 10 10 10 2 10 2 2 10 10 2 2
left_child=-1 2 4 -4 -2 9 -7 -5 10 -6 -3 -10 13 -13
right_child=1 8 3 7 5 6 -8 -9 11 -11 -12 12 -14 -15
leaf_value=9.0785034456652232e-05 -0.0016095007893082549 0.0027755432264034083 -0.00082391238375622016 -0.0057858405529823105 0.0014113743115156307 -0.0016499812687354857 0.0018279521634350674 -0.0018954060877887022 0.0023875138084016121 0.0046282551926950374 0.00017375860200469852 -0.00037119726948558118 0.00025910696611305381 -0.0025691360343570034
leaf_weight=30642 606 487 3881 213 588 581 297 365 270 239 522 2944 5474 455
leaf_count=30642 606 487 3881 213 588 581 297 365 270 239 522 2944 5474 455
internal_value=-1.15932e-05 -0.000196978 -0.000676051 -0.00114865 0.000235805 0.000891674 -0.000473505 -0.00332908 0.000122499 0.00234104 0.00142953 -2.17414e-05 -9.50535e-05 -0.00066542
internal_weight=47564 16922 6770 4459 2311 1705 878 578 10152 827 1009 9143 8873 3399
internal_count=47564 16922 6770 4459 2311 1705 878 578 10152 827 1009 9143 8873 3399
is_linear=0
shrinkage=0.05


Tree=90
num_leaves=15
num_cat=0
split_feature=3 8 8 0 8 8 7 5 3 2 7 0 0 0
split_gain=0.47982 1.24516 0.739106 0.933998 1.10841 0.890235 0.874234 1.21557 0.635889 0.91788 1.14488 0.647692 0.592147 0.566099
threshold=0.94773680616525224 0.37625610106230267 0.46442632170978632 0.080123456790123462 0.92332190102890754 0.97318432406519662 0.65917508417508419 0.81270161290322596 0.91139737367970319 0.64527568062228335 0.50934661076170518 0.39145636971723935 0.1123247663551402 0.37539808917197459
decision_type=10 8 10 2 10 10 2 10 8 8 2 2 2 2
left_child=8 -2 12 -4 6 -6 7 -5 -1 13 11 -11 -3 -10
right_child=1 2 3 4 5 -7 -8 -9 9 10 -12 -13 -14 -15
leaf_value=4.5455757809055448e-05 -0.0023366906853242659 0.00015609058569751534 0.0028893237576068549 0.00064466584272524603 0.0036732985130934551 -0.00040348854261161436 0.0012954579178282681 -0.0040937297144664729 0.0023773929939416381 -0.0047287725647152355 -0.00015512764349923336 -0.0015475323042038807 0.0033479755811881978 -0.00084082830241702746
leaf_weight=43151 301 204 330 218 275 261 240 357 281 319 651 321 505 266
leaf_count=43151 301 204 330 218 275 261 240 357 281 319 651 321 505 266
internal_value=4.54522e-05 0.000693993 0.00107568 0.000504645 -7.78445e-05 0.00168815 -0.00123928 -0.00229726 6.65994e-06 -0.000904155 -0.00163147 -0.00313318 0.00242958 0.000812408
internal_weight=47680 2691 2390 1681 1351 536 815 575 44989 1838 1291 640 709 547
internal_count=47680 2691 2390 1681 1351 536 815 575 44989 1838 1291 640 709 547
is_linear=0
shrinkage=0.05


Tree=91
num_leaves=15
num_cat=0
split_feature=1 1 0 0 7 4 1 7 4 7 6 4 7 6
split_gain=0.428616 0.648617 0.660433 0.637899 1.10493 0.768186 1.12588 1.48966 0.600124 1.26841 1.55068 1.09104 0.916422 0.89291
threshold=0.6637549588037841 0.66770833333333346 0.82373653686826853 0.12033556112503481 0.2323262153566561 0.98479065463798299 0.36678657074340532 0.52530179246433373 0.33876273344651958 0.84228550829127624 0.74583217560433468 0.027460098026894562 0.86516379601486004 0.40752535975465914
decision_type=2 2 2 2 2 8 2 2 10 2 2 8 2 2
left_child=3 -2 8 4 -1 6 7 -6 9 10 11 -3 -10 -13
right_child=1 2 -4 -5 5 -7 -8 -9 12 -11 -12 13 -14 -15
leaf_value=0.0018171218872398073 0.0028998790846788856 -0.0025298630415712554 -0.0020884092814594623 -7.5129299348028873e-05 -0.0048816778406903932 0.00065890019264630085 -0.0058213769306247644 0.00063088686045282975 -0.00024093606197216771 -0.001094795187257831 0.0039682243735950007 0.0014309579568851285 0.0010122722038008584 -0.0001398215035760292
leaf_weight=233 219 249 320 30212 201 207 216 314 8363 897 392 2588 1767 1391
leaf_count=233 219 249 320 30212 201 207 216 314 8363 897 392 2588 1767 1391
internal_value=-1.17227e-05 0.000197265 0.000160196 -0.000119509 -0.00126452 -0.00203 -0.00279143 -0.00152062 0.000206183 0.000625776 0.000959835 0.000680911 -2.2336e-05 0.000881837
internal_weight=47569 16186 15967 31383 1171 938 731 515 15647 5517 4620 4228 10130 3979
internal_count=47569 16186 15967 31383 1171 938 731 515 15647 5517 4620 4228 10130 3979
is_linear=0
shrinkage=0.05


Tree=92
num_leaves=15
num_cat=0
split_feature=6 6 2 4 3 0 5 6 2 5 4 4 2 3
split_gain=0.494184 1.15051 1.1364 0.97313 1.14743 1.21933 0.914873 0.907799 0.989754 1.08081 1.15598 1.87414 0.981973 0.980731
threshold=0.33974596127759288 0.28782428602572491 0.32295578437310729 0.122219781426767 0.28063864697715518 0.49583304396138628 0.9426490550276706 0.43190909090909096 0.20187896965419905 0.10876959479443953 0.089491566557456631 0.32530003871467289 0.63713245789323447 0.22837075921065425
decision_type=2 2 10 8 8 2 10 2 10 10 8 8 10 8
left_child=1 -1 -3 -4 -5 -6 7 8 13 -10 -11 -12 -9 -2
right_child=6 2 3 4 5 -7 -8 12 9 10 11 -13 -14 -15
leaf_value=6.75601283043407e-05 -0.00072325542404688486 -0.00024312640602945504 -0.001195621541410219 0.0056429688134996955 0.00018920382330909037 0.0033734907713476913 0.0022848796400940048 0.00020762952679169566 -0.0028626997038263382 -0.0036985840695653708 0.0024958500964886421 -0.00054724211496294344 -0.00042591647545615804 -0.0041138839422495202
leaf_weight=13542 453 857 208 237 581 623 400 17470 399 207 663 2136 9411 403
leaf_count=13542 453 857 208 237 581 623 400 17470 399 207 663 2136 9411 403
internal_value=2.37922e-05 0.000249679 0.00123382 0.0020014 0.00246287 0.00183689 -9.11348e-05 -0.000121653 -0.000799698 -0.000417617 -9.30697e-05 0.000173576 -1.4174e-05 -0.00231954
internal_weight=47590 16048 2506 1649 1441 1204 31542 31142 4261 3405 3006 2799 26881 856
internal_count=47590 16048 2506 1649 1441 1204 31542 31142 4261 3405 3006 2799 26881 856
is_linear=0
shrinkage=0.05


Tree=93
num_leaves=15
num_cat=0
split_feature=3 3 1 4 0 8 8 8 1 0 6 6 4 6
split_gain=0.571185 1.06362 1.5496 1.71506 1.26158 1.22188 1.01662 0.843537 0.726862 0.895961 1.36032 1.34482 0.857097 0.786961
threshold=0.67931729799798368 0.78964130070398941 0.6795384064885498 0.88014084507042267 0.71118935837245711 0.46657327280465316 0.44783893034825878 0.82007194244604331 0.6876990445859873 0.31271258503401367 0.091704892966360876 0.12829175329175332 0.79370039682539695 0.14854307432432437
decision_type=10 10 2 10 2 10 8 10 2 2 2 2 10 2
left_child=-1 2 3 -2 8 6 -6 -7 -3 10 -10 -11 -13 -12
right_child=1 4 -4 -5 5 7 -8 -9 9 11 13 12 -14 -15
leaf_value=-0.00010010467226221054 -7.5729099778779931e-05 -0.00076886950255244371 0.0020938747712474976 0.0038683208526325633 0.0015191057576642683 -0.001310431614886423 0.0054760783245305887 0.0015032986906621101 -0.0037825844868126773 0.0050044632062227245 0.0027863153155582646 0.0019850583403326926 -0.0012115060260536362 -0.00022156764988759314
leaf_weight=32157 3271 4196 1691 301 810 620 203 467 253 210 240 462 384 2315
leaf_count=32157 3271 4196 1691 301 810 620 203 467 253 210 240 462 384 2315
internal_value=1.98709e-05 0.00027002 0.000846931 0.000256622 -2.88263e-05 0.00106271 0.00231206 -0.000101589 -0.000313222 0.000181576 -0.00028533 0.00142312 0.000534136 6.09732e-05
internal_weight=47580 15423 5263 3572 10160 2100 1013 1087 8060 3864 2808 1056 846 2555
internal_count=47580 15423 5263 3572 10160 2100 1013 1087 8060 3864 2808 1056 846 2555
is_linear=0
shrinkage=0.05


Tree=94
num_leaves=15
num_cat=0
split_feature=3 4 4 3 4 1 6 5 0 4 6 6 0 0
split_gain=0.463963 1.46626 0.945665 0.854718 0.92039 1.31969 1.01676 0.963531 1.38313 0.911963 1.48503 0.843509 0.864026 0.830415
threshold=0.83070719602977683 0.056670681118693972 0.28464345873105001 0.68321596244131466 0.25649460188933876 0.080123456790123462 0.096076923076923101 0.24292389853137519 0.19262657152565413 0.61278964107223999 0.17667066826730696 0.35599640472521837 0.86890898812888639 0.9426490550276706
decision_type=8 8 8 10 10 2 2 10 2 10 2 2 2 2
left_child=3 -2 -3 4 13 7 -7 -6 -9 -5 -11 -12 -13 -1
right_child=1 2 -4 9 5 6 -8 8 -10 10 11 12 -14 -15
leaf_value=0.00015648572722426086 0.0037462484008760604 -0.0020899928903043686 -0.00029535689174679043 2.1552403723676566e-05 0.0010644216979646725 0.0013875949250613589 -0.00025578339411782349 -2.9223557009429088e-05 -0.0042372510120619756 -0.0018590226031503538 0.0032693365479925678 0.00080643097229201102 0.0041881550745389321 0.0016245239569175098
leaf_weight=10461 211 816 7309 3829 208 991 18731 304 546 360 570 2055 208 1061
leaf_count=10461 211 816 7309 3829 208 991 18731 304 546 360 570 2055 208 1061
internal_value=-2.98986e-05 -0.000368731 -0.000475594 4.19279e-05 -6.67568e-05 -0.000265495 -0.000173206 -0.00198584 -0.00273226 0.00054189 0.00116587 0.00155026 0.00111726 0.00029167
internal_weight=47660 8336 8125 39324 32302 20780 19722 1058 850 7022 3193 2833 2263 11522
internal_count=47660 8336 8125 39324 32302 20780 19722 1058 850 7022 3193 2833 2263 11522
is_linear=0
shrinkage=0.05


Tree=95
num_leaves=15
num_cat=0
split_feature=3 1 7 5 5 0 1 0 5 6 0 7 5 7
split_gain=0.4265 1.2483 1.38403 0.434368 0.470081 1.26011 0.386429 0.763071 0.844396 0.963705 1.16999 1.1078 1.94747 1.28588
threshold=0.04029551851050011 0.20446250829462512 0.3833959899749374 0.93536783476444663 0.69533836920529812 0.22040571199786471 0.69927440980072564 0.23629205440229065 0.93189548546691414 0.56159114857745007 0.43190909090909096 0.47162141432735089 0.63197222222222227 0.42366996233521664
decision_type=10 2 2 8 10 2 2 2 10 2 2 2 10 2
left_child=1 2 -1 4 -3 -6 -2 -8 9 11 -11 13 -13 -9
right_child=6 3 -4 -5 5 -7 7 8 -10 10 -12 12 -14 -15
leaf_value=0.0044158866578807047 -4.5114204989518858e-05 -0.00046102764558889916 -0.0012445453664279222 0.00039316342641398602 -0.00041688540147531412 -0.0045504617042641969 -8.7558006669984691e-05 0.00016483052618863886 0.0030037188600524952 0.0023090720346671998 0.00017396644160808304 -0.0048970926431377007 0.00010836281137128245 0.0039731082540753011
leaf_weight=218 31960 379 214 255 345 396 7162 2637 362 1315 1253 290 589 242
leaf_count=218 31960 379 214 255 345 396 7162 2637 362 1315 1253 290 589 242
internal_value=2.07633e-05 -0.000732679 0.00161188 -0.0014693 -0.00189334 -0.00262592 5.04832e-05 0.000271082 0.00065514 0.000520744 0.00126729 1.05958e-05 -0.00154304 0.000484943
internal_weight=47617 1807 432 1375 1120 741 45810 13850 6688 6326 2568 3758 879 2879
internal_count=47617 1807 432 1375 1120 741 45810 13850 6688 6326 2568 3758 879 2879
is_linear=0
shrinkage=0.05


Tree=96
num_leaves=15
num_cat=0
split_feature=6 6 3 7 7 3 0 0 1 1 6 0 0 0
split_gain=0.465096 0.769785 1.38088 0.884038 1.01363 1.34611 2.40143 1.08197 0.981921 1.48424 1.62223 0.956184 0.997294 1.80689
threshold=0.97818152967311978 0.92777975343764829 0.25649460188933876 0.84964863138237756 0.72265840642826484 0.35058680954203347 0.24814774161681577 0.091704892966360876 0.76624208622249024 0.28090682667270467 0.883795948987247 0.89138860802157072 0.56457098968619712 0.50934661076170518
decision_type=2 2 10 2 2 8 2 2 2 2 2 2 2 2
left_child=1 3 -3 4 -1 7 -7 -6 9 10 -5 12 13 -8
right_child=-2 2 -4 8 5 6 11 -9 -10 -11 -12 -13 -14 -15
leaf_value=-5.7163466181130829e-05 -0.00096601577513894367 -0.0015562253735498595 0.0014618280377917141 -0.0013504218762092068 0.0051982295662929209 -0.0020265991156460353 0.00099294365418319615 0.001325773586094731 0.00033499689599619082 -0.002291159752149653 0.003047609964038845 -0.0018639661383543474 0.0021224459152665446 -0.0037511391157507507
leaf_weight=34183 1209 468 1993 572 201 981 1226 1758 1343 1541 331 300 1290 240
leaf_count=34183 1209 468 1993 572 201 981 1226 1758 1343 1541 331 300 1290 240
internal_value=2.14167e-06 2.73533e-05 0.000887895 -2.08155e-05 4.80172e-05 0.000647649 0.000125773 0.0017231 -0.000751111 -0.00134794 0.000261703 0.000816702 0.0011085 0.000216286
internal_weight=47636 46427 2461 43966 40179 5996 4037 1959 3787 2444 903 3056 2756 1466
internal_count=47636 46427 2461 43966 40179 5996 4037 1959 3787 2444 903 3056 2756 1466
is_linear=0
shrinkage=0.05


Tree=97
num_leaves=15
num_cat=0
split_feature=6 6 7 3 4 3 6 8 3 6 7 8 0 8
split_gain=0.463705 1.54629 1.28723 1.03053 0.706926 0.448291 0.732583 1.49027 1.51832 0.793244 0.834979 1.15237 1.18707 0.823863
threshold=0.9678709677419356 0.95017730496453912 0.96070711749266646 0.28837491337491344 0.58921650055371 0.30521412860654684 0.055749805749805752 0.4921254960317461 0.10486690728626215 0.1123247663551402 0.26053379098118129 0.87606962627075269 0.20866437284954648 0.46317502410800393
decision_type=2 2 2 10 10 8 2 10 10 2 2 8 2 8
left_child=1 5 -2 -3 -5 6 7 8 -1 -8 11 12 -11 -12
right_child=2 3 -4 4 -6 -7 9 -9 -10 10 13 -13 -14 -15
leaf_value=-0.004488874087849557 -0.0037902747524238773 -0.0009599379571868954 -0.00017870321573160226 0.001513115440498358 0.0047861358052327472 -0.00011614338450011895 0.0016953581008771633 0.0023597792727699462 0.00062395226063984195 -0.003634610255566341 0.00080839128729557361 0.0030611366143358928 -0.00042492829229677346 -0.00017160138061531808
leaf_weight=370 299 207 1411 344 317 31377 968 215 239 330 5687 205 2267 3443
leaf_count=370 299 207 1411 344 317 31377 968 215 239 330 5687 205 2267 3443
internal_value=-1.73381e-06 2.83403e-05 -0.0008102 0.00211867 0.00308278 -1.18896e-05 0.000226464 -0.00121894 -0.00248236 0.000318791 0.000207115 -0.000547895 -0.000832782 0.000438828
internal_weight=47679 45969 1710 868 661 45101 13724 824 609 12900 11932 2802 2597 9130
internal_count=47679 45969 1710 868 661 45101 13724 824 609 12900 11932 2802 2597 9130
is_linear=0
shrinkage=0.05


Tree=98
num_leaves=15
num_cat=0
split_feature=1 4 1 6 3 3 8 0 6 4 0 7 8 3
split_gain=0.529017 0.57679 0.750236 0.610721 1.26992 0.495471 0.823398 0.436578 0.844468 1.66775 1.15197 0.883356 1.68881 1.09868
threshold=0.96070711749266646 0.69131659623829655 0.99215674212598437 0.3758627254985959 0.50471740097908324 0.15016339869281048 0.53739907177824409 0.40329357549471406 0.5773502805450591 0.8948992852501626 0.36293309438470739 0.7153031224655314 0.81556840873097858 0.99141615089890966
decision_type=2 10 2 2 10 10 8 2 2 10 2 2 8 10
left_child=7 2 5 4 -3 -2 -7 8 10 -10 11 13 -13 -1
right_child=1 3 -4 -5 -6 6 -8 -9 9 -11 -12 12 -14 -15
leaf_value=-0.00025838512792993181 0.00019231074955314398 -0.0019678551061360849 -0.00079821476318527344 -0.0017635806600696275 0.0029471151407920821 0.0044067073990043037 0.00084730522420672742 0.00011601473091258225 -6.5000850096762428e-05 0.0023064111809391556 -0.0019884761743807489 -0.00036456381605578917 -0.0058752438118035849 0.0033697853529489619
leaf_weight=8360 220 224 261 350 318 391 278 28544 5997 846 1138 446 202 214
leaf_count=8360 220 224 261 350 318 391 278 28544 5997 846 1138 446 202 214
internal_value=3.12492e-05 0.000818647 0.00155874 -0.000135505 0.000915836 0.00225071 0.00292761 -3.8977e-06 -0.000202862 0.000228177 -0.000487572 -0.00030236 -0.0020824 -0.000167829
internal_weight=47789 2042 1150 892 542 889 669 45747 17203 6843 10360 9222 648 8574
internal_count=47789 2042 1150 892 542 889 669 45747 17203 6843 10360 9222 648 8574
is_linear=0
shrinkage=0.05


Tree=99
num_leaves=15
num_cat=0
split_feature=8 8 0 0 2 5 8 5 2 6 4 4 8 5
split_gain=0.560989 0.688493 0.986767 0.844365 1.04556 0.906364 0.781708 0.884964 0.768967 0.705665 0.681538 0.679787 0.654979 1.06261
threshold=0.92963248239436636 0.64223912881330658 0.047972602739726034 0.89138860802157072 0.42745013543462207 0.28685347566399805 0.81556840873097858 0.24662100456621008 0.40748521630874573 0.14854307432432437 0.45122762658859544 0.55767262657275307 0.74822659355033461 0.45868110643581433
decision_type=10 8 2 2 10 8 10 10 10 2 8 8 10 8
left_child=1 9 -3 5 -5 6 8 -8 -4 -1 -6 -10 13 -7
right_child=-2 2 3 4 10 12 7 -9 11 -11 -12 -13 -14 -15
leaf_value=-0.00053907576767849377 0.00058094284509397915 -0.0031405328535973765 -0.00049460186217844886 -0.0011627818900853046 0.00036665828834708423 -0.001092424669328873 0.00046566018354851846 -0.003112103109772649 -0.0017443776711340072 0.00011660670142437011 0.0036531095543732616 -0.0044841832592841333 -0.0005036903666684713 0.0015902324110811607
leaf_weight=4764 3462 329 489 353 279 563 820 219 515 29596 363 404 4452 1072
leaf_count=4764 3462 329 489 353 279 563 820 219 515 29596 363 404 4452 1072
internal_value=-3.19931e-05 -7.99823e-05 -0.000448325 -0.000355374 0.00102303 -0.000516085 -0.00132878 -0.000288459 -0.00209647 2.56966e-05 0.00222489 -0.00294882 -0.000189377 0.00066648
internal_weight=47680 44218 9858 9529 995 8534 2447 1039 1408 34360 642 919 6087 1635
internal_count=47680 44218 9858 9529 995 8534 2447 1039 1408 34360 642 919 6087 1635
is_linear=0
shrinkage=0.05


Tree=100
num_leaves=15
num_cat=0
split_feature=3 8 8 0 8 5 8 3 8 3 0 1 1 0
split_gain=0.470372 0.732966 1.68864 0.981343 0.991577 1.16555 0.704665 0.637863 0.503335 0.600605 0.687175 1.75422 0.943829 0.773408
threshold=0.94773680616525224 0.38560706768583147 0.47983739837398381 0.080123456790123462 0.79359959037378403 0.86906219787302619 0.94248738939882581 0.9442501942501943 0.98634796384307155 0.83467820654649583 0.72265840642826484 0.65917508417508419 0.12411276113767934 0.35495558672276772
decision_type=10 8 10 2 10 10 10 8 10 10 2 2 2 2
left_child=7 -2 -3 -4 -5 -6 -7 8 9 -1 11 -11 -12 -13
right_child=1 2 3 4 5 6 -8 -9 -10 10 12 13 -14 -15
leaf_value=5.9609674394555009e-05 -0.001450242722516394 0.0030333249280625452 0.0026071857407768319 -0.0024779530896037651 -0.0020277996907667895 -0.00048738746343189804 0.0032449907489063611 -0.0024432291714842191 0.0015020956999900852 -0.0018993631691210514 0.0037025697974604555 -0.00040432575107160251 -0.00011076943475028773 0.0017752373732339182
leaf_weight=39133 349 711 313 428 299 201 341 266 560 1937 200 1449 860 566
leaf_count=39133 349 711 313 428 299 201 341 266 560 1937 200 1449 860 566
internal_value=3.60698e-05 0.000684447 0.00100935 9.97156e-05 -0.000518754 0.000478317 0.00186084 -2.0217e-06 1.25038e-05 -6.3924e-06 -0.000521727 -0.000824937 0.000608729 0.000207899
internal_weight=47613 2642 2293 1582 1269 841 542 44971 44705 44145 5012 3952 1060 2015
internal_count=47613 2642 2293 1582 1269 841 542 44971 44705 44145 5012 3952 1060 2015
is_linear=0
shrinkage=0.05


Tree=101
num_leaves=15
num_cat=0
split_feature=8 8 0 2 3 7 5 8 8 2 5 5 7 1
split_gain=0.427367 1.00045 0.7466 0.727608 0.697357 0.558459 0.593753 0.690576 1.04698 0.564069 0.504112 0.465953 0.462019 0.522604
threshold=0.13943957300800611 0.082140666530361908 0.93521849187316819 0.23903424393997694 0.016064516129032261 0.54474578327872847 0.21376678073177155 0.050179856115107925 0.028004705574799036 0.25080645161290327 0.56826357096141289 0.84641025641025658 0.37943619431160336 0.33440860215053769
decision_type=8 10 2 10 10 2 10 10 10 10 10 10 2 2
left_child=1 2 5 -3 11 9 -7 8 -8 -1 -9 -2 13 -11
right_child=4 3 -4 -5 -6 6 7 10 -10 12 -12 -13 -14 -15
leaf_value=0.0020721782422128462 -0.00011361105224260917 -0.00050435388237625987 -0.0025510330799052238 0.0020378739450994587 8.959997176202178e-06 0.0015683356956475694 -0.0020014066529032487 -0.00093995197819783649 0.0019025235184006704 0.00040990754636217094 -0.0042742567435364118 -0.0031566843308336169 0.0016239963365954778 -0.0023501358676866449
leaf_weight=582 221 360 268 1290 42059 271 341 235 346 493 219 292 361 263
leaf_count=582 221 360 268 1290 42059 271 341 235 346 493 219 292 361 263
internal_value=3.81028e-05 0.000474 -1.88062e-05 0.00148321 -1.33893e-05 0.000199335 -0.000535509 -0.00103519 -3.52351e-05 0.000810047 -0.00254835 -0.00184573 0.000152427 -0.000550266
internal_weight=47601 5029 3379 1650 42572 3111 1412 1141 687 1699 454 513 1117 756
internal_count=47601 5029 3379 1650 42572 3111 1412 1141 687 1699 454 513 1117 756
is_linear=0
shrinkage=0.05


Tree=102
num_leaves=15
num_cat=0
split_feature=3 2 3 6 6 1 8 1 4 5 5 8 2 2
split_gain=0.527584 0.722064 0.616992 0.372871 0.775542 1.35816 0.666517 0.774742 0.453122 0.512468 0.575455 0.44238 0.368854 0.56476
threshold=0.99215674212598437 0.9721250971250972 0.99141615089890966 0.97818152967311978 0.95017730496453912 0.39145636971723935 0.52649122807017557 0.55648667601683044 0.75850497570006958 0.4509000321440052 0.26296580868228975 0.39811866006133528 0.076362383375742179 0.49596747967479676
decision_type=10 10 8 2 2 2 10 2 8 10 10 8 10 10
left_child=2 -2 3 4 12 -6 7 -7 9 10 -5 -9 -1 -14
right_child=1 -3 -4 8 5 6 -8 11 -10 -11 -12 -13 13 -15
leaf_value=-0.00053836911429449772 0.0035877034963385269 -0.00015703736859503935 -0.0025210491866023551 -0.00062262624527081346 -0.0026321312900468947 0.0036506760848988955 0.003478371636351721 0.0015434488381446422 -0.0026657763802559464 -0.002600681842785486 0.0024836700938018898 -0.0011786814708410441 0.00020900419727123629 -0.00016341800962621858
leaf_weight=3353 239 279 248 533 202 202 396 276 276 201 207 325 18774 22237
leaf_count=3353 239 279 248 533 202 202 396 276 276 201 207 325 18774 22237
internal_value=-1.62716e-05 0.00157075 -3.36774e-05 -2.05475e-05 2.42256e-06 0.00116067 0.00179966 0.000971802 -0.000884331 -0.000361825 0.000246297 7.1415e-05 -3.41546e-05 7.06929e-06
internal_weight=47748 518 47230 46982 45765 1401 1199 803 1217 941 740 601 44364 41011
internal_count=47748 518 47230 46982 45765 1401 1199 803 1217 941 740 601 44364 41011
is_linear=0
shrinkage=0.05


Tree=103
num_leaves=15
num_cat=0
split_feature=0 0 6 1 0 7 6 1 8 5 5 5 7 1
split_gain=0.36699 0.507767 1.4585 0.773792 0.397727 0.820334 0.904611 0.369398 1.03335 1.72386 1.64704 1.52607 0.871808 0.569063
threshold=0.99691358024691368 0.97818152967311978 0.53784695696460416 0.13652714192282542 0.9576867987586537 0.38721035892776018 0.65768788923151356 0.040134228187919473 0.44317592112091336 0.67576887232059657 0.93189548546691414 0.73444413716814172 0.43968574223526541 0.21222498962224992
decision_type=2 2 2 2 2 2 2 2 10 10 10 10 2 2
left_child=1 4 3 -3 7 -6 -7 8 9 -1 12 -10 -11 -9
right_child=-2 2 -4 -5 5 6 -8 13 11 10 -12 -13 -14 -15
leaf_value=-0.0015416211609154901 0.0015162019192282688 -0.0013564019588378556 -0.0034478528742103096 0.002861318954469257 -0.0005045179911092575 0.0049555206307200853 0.00066456278836877916 -0.00049073710669003776 0.0024879897229920203 0.0067198333291076679 -2.4365648456221941e-05 -0.0029242483891446045 0.0023521995241078887 7.9364681808689003e-06
leaf_weight=307 381 219 399 216 487 203 311 6767 201 255 294 370 207 37009
leaf_count=307 381 219 399 216 487 203 311 6767 201 255 294 370 207 37009
internal_value=-2.93755e-05 -4.18396e-05 -0.00126463 0.000737915 -1.98662e-05 0.000965983 0.00235924 -4.15979e-05 0.000696533 0.00161808 0.00290119 -0.00101906 0.00476291 -6.91497e-05
internal_weight=47626 47245 834 435 46411 1001 514 45410 1634 1063 756 571 462 43776
internal_count=47626 47245 834 435 46411 1001 514 45410 1634 1063 756 571 462 43776
is_linear=0
shrinkage=0.05


Tree=104
num_leaves=15
num_cat=0
split_feature=1 6 8 8 5 4 6 8 8 7 1 8 5 1
split_gain=0.580244 0.867175 0.702654 1.37888 0.745489 0.718845 0.78468 0.546445 1.37995 0.829021 1.74539 1.49132 1.01519 0.975759
threshold=0.22837075921065425 0.96485050654806048 0.050179856115107925 0.082140666530361908 0.48669616519174047 0.04849910394265234 0.14854307432432437 0.46888827433628327 0.50754727728411952 0.30502464238490207 0.047972602739726034 0.92332190102890754 0.39867072955308253 0.063762027374983071
decision_type=2 2 8 8 10 8 2 8 8 2 2 10 10 2
left_child=1 2 5 4 -4 -1 -7 -5 -9 13 -11 12 -12 -10
right_child=-2 -3 3 7 -6 6 -8 8 9 10 11 -13 -14 -15
leaf_value=0.003583398672358757 9.3349466917591522e-05 -0.0035870120350737127 -0.00083521275434098638 4.6530081516889542e-05 -0.0048705126868071602 -0.0019280531092320014 0.0012585509143292527 -0.0029607580464505456 0.0035438022112488868 -0.004913018204316051 0.0008827556698459678 0.0036253718755395355 -0.0019929663045058239 -3.3447564185037671e-05
leaf_weight=206 36935 200 207 5400 256 274 655 590 248 242 480 205 851 824
leaf_count=206 36935 200 207 5400 256 274 655 590 248 242 480 205 851 824
internal_value=-3.64895e-07 -0.00032574 -0.000263252 -0.000406542 -0.00306639 0.000911229 0.000318691 -0.000267231 -0.000759763 -0.000304119 -0.000966277 -0.00034446 -0.000955892 0.000794125
internal_weight=47573 10638 10438 9303 463 1135 929 8840 3440 2850 1778 1536 1331 1072
internal_count=47573 10638 10438 9303 463 1135 929 8840 3440 2850 1778 1536 1331 1072
is_linear=0
shrinkage=0.05


Tree=105
num_leaves=15
num_cat=0
split_feature=4 2 8 8 5 5 8 6 5 0 4 2 5 8
split_gain=0.441342 0.621036 0.912168 0.860246 0.800486 1.41767 0.697772 0.733706 0.9691 0.848689 0.630779 0.60964 0.545298 0.865451
threshold=0.15128814683768246 0.44357870482658263 0.51992063492063501 0.83984732824427488 0.92796396396396408 0.84983660130718963 0.48338852097130253 0.059765276183186639 0.75079617834394918 0.20866437284954648 0.064927732610659455 0.87280431432973815 0.43096439585085511 0.35461956521739141
decision_type=8 10 8 10 10 10 10 2 10 2 10 10 10 10
left_child=1 2 6 -4 5 -3 7 -1 9 -9 -10 -7 13 -11
right_child=-2 4 3 -5 -6 11 -8 8 10 12 -12 -13 -14 -15
leaf_value=-0.0025712296176027129 4.2937348836949458e-05 -0.00070279409041954953 0.0034628725524025275 -0.00043602970734293644 0.0012568268235256751 -0.0019830129488750741 -0.0030582645499782216 -0.0028956417883398322 0.0032485213548882359 -0.00072753270310586544 -0.00011676225965077589 -0.0057992802069779361 -0.0010483672179693315 0.0030770725003718756
leaf_weight=254 41243 2659 351 237 397 216 210 281 368 295 224 203 491 303
leaf_count=254 41243 2659 351 237 397 216 210 281 368 295 224 203 491 303
internal_value=-1.73695e-05 -0.000400669 0.000124555 0.00189138 -0.000856217 -0.00112876 -0.000303677 -4.26372e-05 0.000284714 -0.000445761 0.00197517 -0.00383194 0.000186393 0.00120022
internal_weight=47732 6489 3014 588 3475 3078 2426 2216 1962 1370 592 419 1089 598
internal_count=47732 6489 3014 588 3475 3078 2426 2216 1962 1370 592 419 1089 598
is_linear=0
shrinkage=0.05


Tree=106
num_leaves=15
num_cat=0
split_feature=5 8 4 3 8 8 6 1 6 4 4 4 4 8
split_gain=0.392338 0.731316 0.684967 1.03329 0.633078 1.28452 1.0219 0.739744 0.622654 0.490166 0.587115 0.597848 0.463934 0.843852
threshold=0.17787193973634655 0.81556840873097858 0.30521412860654684 0.52139804639804654 0.34029700478228048 0.35849379058903957 0.36391694725028062 0.67193750000000019 0.42378493658098554 0.78175416133162623 0.29719937328632989 0.39145636971723935 0.62080234392607625 0.45194902548725641
decision_type=8 10 10 10 8 10 2 2 2 10 8 8 8 10
left_child=1 4 -3 -4 7 -6 -7 -1 -8 10 -10 -12 13 -13
right_child=-2 2 3 -5 5 6 8 -9 9 -11 11 12 -14 -15
leaf_value=5.7740497803376145e-06 8.694200747335998e-05 0.0034652630220597495 -0.0025768044751338054 0.0020777937838938917 -0.0042660858181504105 0.0010487510119852508 -0.0028740792452018674 0.0030904119948640335 0.00017479192150241568 0.0014087847424896095 -0.0025306910193593438 -0.0017153760652151289 -0.0016493447542997649 0.00077381142936578469
leaf_weight=1469 39340 232 202 291 240 866 342 224 1135 269 629 568 954 850
leaf_count=1469 39340 232 202 291 240 866 342 224 1135 269 629 568 954 850
internal_value=2.11295e-05 -0.000291899 0.00122492 0.000170636 -0.000437631 -0.00068394 -0.000530775 0.000413901 -0.000818929 -0.000659369 -0.000793879 -0.00116024 -0.000796825 -0.000223268
internal_weight=47611 8271 725 493 7546 5853 5613 1693 4747 4405 4136 3001 2372 1418
internal_count=47611 8271 725 493 7546 5853 5613 1693 4747 4405 4136 3001 2372 1418
is_linear=0
shrinkage=0.05


Tree=107
num_leaves=15
num_cat=0
split_feature=0 2 3 0 7 6 6 4 0 2 4 0 4 7
split_gain=0.548009 1.38969 0.974021 0.756919 0.834759 0.5884 0.495019 0.784935 0.956332 1.30932 0.804797 1.36048 0.807319 1.00486
threshold=0.9576867987586537 0.78596059113300509 0.3212982273201252 0.97818152967311978 0.2966921815199563 0.50934661076170518 0.2323262153566561 0.66909119763013125 0.088117647058823537 0.9755097960815674 0.93172105672105687 0.30078244391466474 0.86516379601486004 0.29277003484320563
decision_type=2 10 10 2 2 2 2 10 2 10 10 2 10 2
left_child=6 2 -2 4 -4 -5 7 -1 -9 10 12 -12 13 -10
right_child=1 -3 3 5 -6 -7 -8 8 9 -11 11 -13 -14 -15
leaf_value=-8.5677787003921599e-06 0.0014765479350119779 0.0035569739964168724 -0.0014544875547601675 -0.00034067645190327477 0.0028478240840240088 -0.0035549221887049495 6.4120838318300035e-05 -0.0035324553013881405 0.00017260922997203241 0.0031646383866463326 -0.001529345487223486 0.0021652192094645476 -0.0028671849336728622 -0.0025793617399585858
leaf_weight=6764 842 374 224 271 227 300 34998 319 942 209 517 481 696 512
leaf_count=6764 842 374 224 271 227 300 34998 319 942 209 517 481 696 512
internal_value=1.16058e-05 0.00077543 0.000217331 -0.000820107 0.000710978 -0.00202942 -2.60155e-05 -0.000328179 -0.000916279 -0.000667676 -0.000922108 0.000251301 -0.00146679 -0.000796448
internal_weight=47676 2238 1864 1022 451 571 45438 10440 3676 3357 3148 998 2150 1454
internal_count=47676 2238 1864 1022 451 571 45438 10440 3676 3357 3148 998 2150 1454
is_linear=0
shrinkage=0.05


Tree=108
num_leaves=15
num_cat=0
split_feature=7 8 1 2 3 6 6 5 1 6 3 1 6 6
split_gain=0.405993 1.7446 0.423032 0.41027 1.12172 0.605711 0.604916 0.597121 1.1216 0.774488 0.768661 0.674642 0.933238 0.860991
threshold=0.040134228187919473 0.54103974848416814 0.76624208622249024 0.57347799259563981 0.56067686207873135 0.85375234521575993 0.96070711749266646 0.883795948987247 0.89138860802157072 0.12033556112503481 0.18707356695288932 0.35058680954203347 0.10452638766949567 0.28782428602572491
decision_type=2 8 2 10 10 2 2 8 2 2 8 2 2 2
left_child=1 2 -1 4 7 -6 -7 11 9 -9 -11 12 -2 -14
right_child=3 -3 -4 -5 5 6 -8 8 -10 10 -12 -13 13 -15
leaf_value=-0.0014305689817003559 0.002037167744658942 0.0015880292652159106 -0.0039525710917296241 -0.00017683097706453976 0.00046225838493149315 0.0024944328082724815 -3.4382036604827883e-05 0.00054582205451840667 -0.0015944611937041134 0.004961270289130704 0.00088816205343213302 7.2843805130470927e-05 -0.0020728876073023788 -0.00044857924996071939
leaf_weight=986 324 533 200 19837 5925 782 339 657 347 268 204 11408 979 4895
leaf_count=986 324 533 200 19837 5925 782 339 657 347 268 204 11408 979 4895
internal_value=-3.36074e-05 -0.000788037 -0.00185586 -5.39322e-06 0.000124766 0.000663905 0.0017297 -7.43096e-05 0.000891689 0.00165581 0.00320086 -0.000155294 -0.000575203 -0.000719297
internal_weight=47684 1719 1186 45965 26128 7046 1121 19082 1476 1129 472 17606 6198 5874
internal_count=47684 1719 1186 45965 26128 7046 1121 19082 1476 1129 472 17606 6198 5874
is_linear=0
shrinkage=0.05


Tree=109
num_leaves=15
num_cat=0
split_feature=7 3 2 7 7 3 6 1 1 1 4 7 5 4
split_gain=0.424094 1.10424 0.886595 0.753315 0.727583 1.41893 1.22608 0.964448 0.747269 1.07799 1.38131 1.07606 0.820174 1.60089
threshold=0.84641025641025658 0.50900974025974033 0.62108993157380266 0.95356537809949182 0.7153031224655314 0.068434609530499957 0.5773502805450591 0.16034135100100824 0.51342342342342351 0.69169799498746876 0.17120202394174999 0.75836129753914994 0.43910678971654588 0.62080234392607625
decision_type=2 10 10 2 2 8 2 2 2 2 10 2 10 10
left_child=4 3 -3 -2 -1 -6 -7 -8 12 11 -11 -10 -9 -14
right_child=1 2 -4 -5 5 6 7 8 9 10 -12 -13 13 -15
leaf_value=-5.758659072983377e-05 -0.0015081691391100626 0.0011033468849705262 -0.00042554671204690842 6.1438730722452101e-05 0.0040555065444878718 -0.0013986976302402801 -0.0018084005181796912 0.00076823665621495775 0.0012518411474088122 0.0044370469076664377 0.00043049892736112514 -0.0020183131930628434 0.00046212584878958297 0.0048302949566442661
leaf_weight=33955 2436 1608 2311 1114 273 842 367 1367 383 265 1143 733 400 441
leaf_count=33955 2436 1608 2311 1114 273 842 367 1367 383 265 1143 733 400 441
internal_value=-3.08829e-05 -0.000376853 0.000201772 -0.00101562 3.34465e-05 0.000530876 0.000368913 0.000660799 0.000852303 0.000264623 0.00118457 -0.000896029 0.00152409 0.00275269
internal_weight=47638 7469 3919 3550 40169 6214 5941 5099 4732 2524 1408 1116 2208 841
internal_count=47638 7469 3919 3550 40169 6214 5941 5099 4732 2524 1408 1116 2208 841
is_linear=0
shrinkage=0.05


Tree=110
num_leaves=15
num_cat=0
split_feature=0 4 6 0 5 0 1 7 7 8 1 4 1 5
split_gain=0.463401 0.423091 0.451804 1.12323 1.07808 1.20167 0.997239 0.937592 1.49851 0.890079 1.43837 2.51629 1.33221 1.2904
threshold=0.99691358024691368 0.99691358024691368 0.17667066826730696 0.9426490550276706 0.60065359477124192 0.60836247086247097 0.88014084507042267 0.47162141432735089 0.57648273273273276 0.36512474012474017 0.43559907834101391 0.75079617834394918 0.1681829459928873 0.81270161290322596
decision_type=2 10 2 2 10 2 2 2 2 10 2 8 2 10
left_child=1 2 3 4 -1 6 7 9 -9 12 11 -11 -6 -12
right_child=-2 -3 -4 -5 5 -7 -8 8 -10 10 13 -13 -14 -15
leaf_value=0.00086193435734381639 0.0017378938645821681 0.001695452185833125 2.8002485559643109e-05 0.003049011274230328 0.0039341276055031224 -0.0021655661093096016 -0.001779293671213672 -0.0035054563916002224 0.00032560992609385566 0.00018670270458362949 -0.0012428780379938531 -0.0049215812925963711 -0.00020717160988457597 0.0021919161105972969
leaf_weight=1238 374 353 38904 231 382 1215 1073 459 575 765 409 352 395 825
leaf_count=1238 374 353 38904 231 382 1215 1073 459 575 765 409 352 395 825
internal_value=-1.51719e-05 -2.90698e-05 -4.2071e-05 -0.000386324 -0.000489545 -0.000748945 -0.000420159 -6.97622e-05 -0.00137503 0.00036171 -0.000123171 -0.00142307 0.00182883 0.00105348
internal_weight=47550 47176 46823 7919 7688 6450 5235 4162 1034 3128 2351 1117 777 1234
internal_count=47550 47176 46823 7919 7688 6450 5235 4162 1034 3128 2351 1117 777 1234
is_linear=0
shrinkage=0.05


Tree=111
num_leaves=15
num_cat=0
split_feature=0 7 5 3 1 1 6 1 2 2 5 1 6 1
split_gain=0.413329 0.692198 0.444961 0.393049 1.08874 0.378651 0.76739 1.18017 0.593333 0.841839 0.603779 0.491481 0.428649 1.04378
threshold=0.035587639311043577 0.84228550829127624 0.79704696523918506 0.32530003871467289 0.86516379601486004 0.96070711749266646 0.39145636971723935 0.9912662090007629 0.87280431432973815 0.37943619431160336 0.7153031224655314 0.95356537809949182 0.17667066826730696 0.88014084507042267
decision_type=2 2 8 10 2 2 2 2 10 10 8 2 2 2
left_child=1 3 -3 -1 -5 11 8 -8 9 -7 -11 12 13 -2
right_child=5 2 -4 4 -6 6 7 -9 -10 10 -12 -13 -14 -15
leaf_value=-0.00037814163139142024 -0.00016117863876100001 0.0019343905806830477 -0.00084263025391064037 0.00042158767101114418 -0.0040461163363655376 0.0025293085194304111 0.0011670336697826092 -0.0035962684019680393 0.0039228309373678773 0.00137493878223657 -0.0023264860214721492 -0.0022045019273554869 6.728399474114182e-05 -0.0022135238285475533
leaf_weight=380 6861 290 287 213 379 431 318 220 209 209 233 255 36794 681
leaf_count=380 6861 290 287 213 379 431 318 220 209 209 233 255 36794 681
internal_value=-1.53425e-05 -0.000818745 0.000553099 -0.0016331 -0.00243865 1.15876e-05 0.000762489 -0.000780785 0.00152985 0.000956956 -0.000576265 -1.56928e-05 -3.10378e-06 -0.000346494
internal_weight=47760 1549 577 972 592 46211 1620 538 1082 873 442 44591 44336 7542
internal_count=47760 1549 577 972 592 46211 1620 538 1082 873 442 44591 44336 7542
is_linear=0
shrinkage=0.05


Tree=112
num_leaves=15
num_cat=0
split_feature=6 6 3 2 7 5 3 1 6 2 4 6 3 3
split_gain=0.368335 1.02011 0.657659 0.669322 0.584818 0.962201 0.868697 0.744528 1.09583 0.973496 0.855086 1.05045 0.822442 0.742856
threshold=0.97818152967311978 0.95017730496453912 0.50900974025974033 0.65327956989247327 0.84641025641025658 0.97231800766283538 0.93355408388520977 0.28090682667270467 0.883795948987247 0.3833959899749374 0.5335585585585586 0.87606962627075269 0.24418464867464088 0.49609351156686815
decision_type=2 2 10 10 2 8 10 2 2 10 10 2 10 10
left_child=1 4 -3 -4 -1 6 7 8 12 13 11 -11 -6 -9
right_child=-2 2 3 -5 5 -7 -8 9 -10 10 -12 -13 -14 -15
leaf_value=5.2067075591769729e-05 -0.00084269134381996535 0.00019079861444246679 0.0041051327076455117 0.0010451048412661521 0.0015274579846584124 -0.0038286180058891457 0.0021127712411307476 -0.00063174893899120826 0.0023938221376552746 -0.0047155450929538345 -0.00049312958540716038 -0.0014409941768983334 -0.0025415825846906207 0.0019137922141744639
leaf_weight=40189 1243 618 323 400 205 211 326 1011 470 375 904 706 315 400
leaf_count=40189 1243 618 323 400 205 211 326 1011 470 375 904 706 315 400
internal_value=6.72765e-06 2.94566e-05 0.00138845 0.00241217 -1.09409e-05 -0.000525308 -0.000377388 -0.000562475 0.000644067 -0.000914205 -0.00162794 -0.00257694 -0.000937442 8.98786e-05
internal_weight=47696 46453 1341 723 45112 4923 4712 4386 990 3396 1985 1081 520 1411
internal_count=47696 46453 1341 723 45112 4923 4712 4386 990 3396 1985 1081 520 1411
is_linear=0
shrinkage=0.05


Tree=113
num_leaves=15
num_cat=0
split_feature=0 5 6 3 8 2 5 8 8 8 3 5 0 8
split_gain=0.334259 1.0231 1.31253 1.21706 0.818181 1.10938 1.13893 0.721353 0.598951 0.508822 0.287601 0.663494 0.372004 1.00718
threshold=0.9426490550276706 0.59683670917729448 0.65327956989247327 0.22040571199786471 0.38014084507042262 0.71475875118259236 0.22257607926397738 0.45150089605734772 0.36803405572755427 0.39771415377510971 0.99215674212598437 0.97570810385523221 0.027460098026894562 0.42165732246007481
decision_type=2 10 2 10 10 10 10 10 10 10 10 10 2 10
left_child=10 3 9 8 -5 6 -6 -8 -2 -3 12 -12 13 -1
right_child=1 2 -4 4 5 -7 7 -9 -10 -11 11 -13 -14 -15
leaf_value=-0.0032946235947424853 -2.0072748368431637e-05 0.0052466574467887935 -0.0011564796997325696 -0.0027160763119757083 0.0012334698703218535 0.0023064808890670379 -0.00010104961282740109 -0.0038366074927136313 0.003487323448280222 0.0021366504306153077 0.0031074618421047286 -0.00045945254237881889 -3.8271418784460208e-05 3.1988531869978093e-05
leaf_weight=327 203 220 224 391 344 347 207 344 304 327 233 296 43099 748
leaf_count=327 203 220 224 391 344 347 207 344 304 327 233 296 43099 748
internal_value=-1.35023e-05 0.000505646 0.00206731 -5.69916e-05 -0.000721392 -9.34362e-05 -0.00102391 -0.00243323 0.00208298 0.00338748 -4.73085e-05 0.00111161 -6.1187e-05 -0.00097992
internal_weight=47614 2911 771 2140 1633 1242 895 551 507 547 44703 529 44174 1075
internal_count=47614 2911 771 2140 1633 1242 895 551 507 547 44703 529 44174 1075
is_linear=0
shrinkage=0.05


Tree=114
num_leaves=15
num_cat=0
split_feature=5 7 7 5 1 7 3 0 4 0 5 5 1 4
split_gain=0.537306 0.505749 0.564755 0.544405 0.495645 0.97371 0.879569 0.858655 1.0606 0.784558 1.32199 0.773187 0.76181 0.581334
threshold=0.1129733520336606 0.99215674212598437 0.97818152967311978 0.48263805160356893 0.96485050654806048 0.2164892100009507 0.092653912190336044 0.027460098026894562 0.23581070716367544 0.059765276183186639 0.82041266025641035 0.74206149193548399 0.86166353971232035 0.6876990445859873
decision_type=8 2 2 10 2 2 10 2 10 2 10 10 2 8
left_child=-1 2 4 -4 7 -6 -7 8 -2 11 13 -8 -10 -11
right_child=1 -3 3 -5 5 6 9 -9 12 10 -12 -13 -14 -15
leaf_value=-0.00049247159491396886 0.0010703633243489699 0.0020496454450039891 -0.00014541248368649657 -0.0034577090840733128 0.0039472077842219733 0.0034828689997227105 0.0032579365218890822 4.5901002702845048e-05 -0.00067277177341798424 -0.0011520361154138629 0.0014111354136432388 -0.00073556370559842588 -0.0044556356417925387 -0.0045772839500129508
leaf_weight=5246 252 312 275 226 224 204 283 38908 231 298 351 212 314 212
leaf_count=5246 252 312 275 226 224 204 283 38908 231 298 351 212 314 212
internal_value=-1.51831e-05 4.40069e-05 2.91043e-05 -0.00163958 4.92545e-05 0.000864548 0.00042191 1.26223e-05 -0.00161198 -3.85884e-05 -0.000950502 0.00154759 -0.00285226 -0.00257586
internal_weight=47548 42302 41990 501 41489 1784 1560 39705 797 1356 861 495 545 510
internal_count=47548 42302 41990 501 41489 1784 1560 39705 797 1356 861 495 545 510
is_linear=0
shrinkage=0.05


Tree=115
num_leaves=15
num_cat=0
split_feature=8 8 4 3 5 0 3 7 1 5 7 3 7 3
split_gain=0.440564 1.18015 1.08911 1.26364 1.07108 0.862417 0.73445 0.675149 0.84352 0.792611 0.672329 0.618877 0.617171 0.806482
threshold=0.1681829459928873 0.082140666530361908 0.27303030303030307 0.47635027165228511 0.66367658889782799 0.93521849187316819 0.17893706714844929 0.5967064245052861 0.40752535975465914 0.74596669268800431 0.40329357549471406 0.32530003871467289 0.73390796093518806 0.33877632631298321
decision_type=8 10 10 10 10 2 10 2 2 10 2 10 2 10
left_child=1 5 3 6 -4 7 -3 8 9 -1 -10 -11 13 -9
right_child=-2 2 4 -5 -6 -7 -8 12 10 11 -12 -13 -14 -15
leaf_value=0.0024830809711756884 -6.7884027224254022e-05 0.003353419849841055 0.0010805327356491225 0.0056354165507121181 -0.0025636362862384255 -0.0030472790889182421 -5.8915864982280789e-05 -0.0046707883825889088 -0.0019865389210326078 0.0014264301459929779 0.0013282161292466083 -0.0021601451306333679 -7.58086441073385e-05 -0.00024639404410325386
leaf_weight=718 42002 285 1060 254 249 244 353 205 425 278 239 212 820 207
leaf_count=718 42002 285 1060 254 249 244 353 205 425 278 239 212 820 207
internal_value=-1.25659e-05 0.000406153 0.00130547 0.00265283 0.000387333 -0.000185066 0.0014654 3.99276e-05 0.000638148 0.00142504 -0.000793427 -0.000125313 -0.000869057 -0.00244785
internal_weight=47551 5549 2201 892 1309 3348 638 3104 1872 1208 664 490 1232 412
internal_count=47551 5549 2201 892 1309 3348 638 3104 1872 1208 664 490 1232 412
is_linear=0
shrinkage=0.05


Tree=116
num_leaves=15
num_cat=0
split_feature=3 3 0 8 2 1 0 8 1 8 8 7 1 6
split_gain=0.451236 0.600645 0.958891 0.946786 0.843001 0.818635 1.03647 1.39026 0.850684 0.763923 1.05381 0.935403 0.932765 0.775982
threshold=0.68321596244131466 0.37539808917197459 0.49840764331210197 0.9576867987586537 0.8948992852501626 0.38721035892776018 0.20866437284954648 0.32099821990962624 0.75836129753914994 0.41016417635122676 0.38094758064516132 0.53697489435744483 0.65156402737047914 0.95356537809949182
decision_type=10 8 2 8 10 2 2 8 2 8 10 2 2 2
left_child=1 5 9 4 -4 -1 7 -7 -9 10 -3 12 -12 -11
right_child=-2 2 3 -5 -6 6 -8 8 -10 13 11 -13 -14 -15
leaf_value=-0.00031412638560401505 0.00023764313047456326 -0.00067791048214903499 0.00020279785429379662 -0.002747261080907247 -0.002854463548985599 -0.0040398553411276749 0.00067517807690743584 -0.002238567557326532 0.00028456239050599021 -0.00056845709226876443 -0.0019648952613208499 -0.0010164841911595042 -0.0065111030149078795 0.0026075720657665964
leaf_weight=7044 15308 1220 8020 299 232 245 7871 394 2196 4013 203 336 254 202
leaf_count=7044 15308 1220 8020 299 232 245 7871 394 2196 4013 203 336 254 202
internal_value=1.37885e-05 -9.15565e-05 -0.000327018 1.66965e-05 0.000116845 0.000104493 0.000379924 -0.00043981 -9.92651e-05 -0.000798936 -0.00160024 -0.00301921 -0.00449167 -0.000416249
internal_weight=47837 32529 14779 8551 8252 17750 10706 2835 2590 6228 2013 793 457 4215
internal_count=47837 32529 14779 8551 8252 17750 10706 2835 2590 6228 2013 793 457 4215
is_linear=0
shrinkage=0.05


Tree=117
num_leaves=15
num_cat=0
split_feature=1 5 5 2 2 4 4 6 7 1 1 2 4 5
split_gain=0.460292 0.728627 0.866265 0.889179 0.64142 0.848571 0.521096 1.17576 1.17313 1.41389 0.998923 0.768131 0.717647 0.939844
threshold=0.96070711749266646 0.65144564915207126 0.93189548546691414 0.84983660130718963 0.12099342510786934 0.72240143369175636 0.8948992852501626 0.49186938127974622 0.52900888265544654 0.55273855370132663 0.90601158721964103 0.88014084507042267 0.92044189181269431 0.85375234521575993
decision_type=2 10 10 10 10 10 10 2 2 2 2 10 10 10
left_child=6 -2 3 4 -3 -6 -1 8 10 -10 -8 12 -9 -14
right_child=1 2 -4 -5 5 -7 7 11 9 -11 -12 -13 13 -15
leaf_value=-0.00011605199304609185 0.0020661293873212323 0.00086737854895496593 0.0023451708195306644 0.0020364805196489521 -0.00062666361437073827 -0.004439320441226244 -5.3909980240445389e-06 0.0037602477773370732 0.00036865723903607185 -0.0039077844686398753 0.0033505692299597247 -0.00058781632200386954 0.00026916757590947181 0.0037666952699238658
leaf_weight=41292 664 222 316 240 336 258 1474 412 374 400 261 357 678 268
leaf_count=41292 664 222 316 240 336 258 1474 412 374 400 261 357 678 268
internal_value=-2.90412e-05 0.00070648 4.84575e-05 -0.000638817 -0.00142567 -0.00228267 -6.19422e-05 0.000467012 -0.000222672 -0.00184139 0.000499454 0.001476 0.00201855 0.00126001
internal_weight=47552 2036 1372 1056 816 594 45516 4224 2509 774 1735 1715 1358 946
internal_count=47552 2036 1372 1056 816 594 45516 4224 2509 774 1735 1715 1358 946
is_linear=0
shrinkage=0.05


Tree=118
num_leaves=15
num_cat=0
split_feature=4 7 8 8 5 6 5 8 3 6 3 5 2 7
split_gain=0.283913 0.441346 1.05191 0.838235 0.805294 0.730146 2.41917 1.16561 1.02034 0.592681 1.44944 1.06571 0.563839 0.504111
threshold=0.89886560872799415 0.67193750000000019 0.97318432406519662 0.9390308662462663 0.82770038821648784 0.7264554104176747 0.85375234521575993 0.42020403795391315 0.90437979539641955 0.10843023255813955 0.79346840842442024 0.92796396396396408 0.7378179762577729 0.5967064245052861
decision_type=8 2 8 10 10 2 8 10 10 2 10 10 10 2
left_child=-1 3 5 9 -5 7 -7 -3 -9 10 11 -2 -12 -11
right_child=1 2 -4 4 -6 6 -8 8 -10 13 12 -13 -14 -15
leaf_value=-4.5861117071701278e-05 0.0026076820907774828 0.0018114999245066857 -0.0026944358717338086 -0.00023379083795940889 0.0036145475467271879 -3.2482159634286657e-05 0.0053932376265331478 -0.0034854437401955446 0.00066303537523994152 0.00035959663911369318 -0.0012191072361817708 -0.0015020427318019067 -0.0048145110301147593 0.0019135720156707742
leaf_weight=39068 358 268 376 207 396 1360 242 442 223 3298 228 282 209 620
leaf_count=39068 358 268 376 207 396 1360 242 442 223 3298 228 282 209 620
internal_value=1.11412e-05 0.00027286 -0.000226502 0.000532532 0.00229348 0.00013955 0.000787133 -0.000972376 -0.0020943 0.00031995 -0.000718863 0.000796835 -0.00293865 0.000605504
internal_weight=47577 8509 2911 5598 603 2535 1602 933 665 4995 1077 640 437 3918
internal_count=47577 8509 2911 5598 603 2535 1602 933 665 4995 1077 640 437 3918
is_linear=0
shrinkage=0.05


Tree=119
num_leaves=15
num_cat=0
split_feature=6 6 8 3 0 0 8 4 2 6 4 6 0 8
split_gain=0.369301 0.789052 1.12198 0.755716 0.596316 0.530257 0.372278 0.354082 0.845212 0.595046 0.49158 1.04485 0.928713 0.755889
threshold=0.97818152967311978 0.95017730496453912 0.51636665595199849 0.50900974025974033 0.39525506376594149 0.39934640522875825 0.39811866006133528 0.97189680136896162 0.883795948987247 0.49840764331210197 0.9244490248929762 0.33229166666666671 0.93521849187316819 0.43604511278195496
decision_type=2 2 10 10 2 2 10 10 10 2 8 2 2 8
left_child=1 7 3 6 -4 -5 -3 10 9 -9 -1 -12 13 -13
right_child=-2 2 4 5 -6 -7 -8 8 -10 -11 11 12 -14 -15
leaf_value=-4.6384588949766921e-05 -0.0008633811050860297 6.4654890082630452e-05 0.0049015905363306127 -0.00024402276308683213 0.0012727391052741611 0.0032225316426173476 -0.0027856571050055945 -0.00088536983726588423 -0.0031780442981837707 0.0017207745523344664 0.0012277803366773153 0.0011950509141966262 -0.0033850520596759243 -0.00047103358549108545
leaf_weight=37776 1186 255 247 200 209 246 208 777 293 305 2465 1020 206 2047
leaf_count=37776 1186 255 247 200 209 246 208 777 293 305 2465 1020 206 2047
internal_value=7.82358e-06 3.01622e-05 0.00121444 0.000199129 0.00323837 0.00166802 -0.00121583 -5.84961e-06 -0.000795828 -0.000150736 1.91129e-05 0.000450314 -0.00013522 8.30604e-05
internal_weight=47440 46254 1365 909 456 446 463 44889 1375 1082 43514 5738 3273 3067
internal_count=47440 46254 1365 909 456 446 463 44889 1375 1082 43514 5738 3273 3067
is_linear=0
shrinkage=0.05


Tree=120
num_leaves=15
num_cat=0
split_feature=4 4 0 6 0 7 8 6 2 7 8 8 8 6
split_gain=0.412335 0.986366 0.780852 0.826752 1.23232 1.18575 0.88131 1.01541 0.509424 0.499913 0.49933 0.799053 1.36706 0.885933
threshold=0.15128814683768246 0.2115304729689633 0.93172105672105687 0.77815063385533201 0.49840764331210197 0.86166353971232035 0.01923155948222725 0.032129032258064523 0.28339895013123367 0.91726730619652586 0.054741010273972608 0.38237068133564955 0.39299345692475468 0.17229961178351225
decision_type=8 8 2 2 2 2 10 2 8 2 10 10 10 2
left_child=2 9 3 6 5 -5 -1 -8 -4 -2 -9 13 -13 -12
right_child=1 -3 8 4 -6 -7 7 10 -10 -11 11 12 -14 -15
leaf_value=0.0019136245672497253 0.0012316688347106112 3.5896747713526528e-05 0.0033717385578411183 0.0055049872981659817 -0.0010782264982936972 0.00042809447791704639 0.0018212203265817605 -0.002976161494580618 0.00035567380560778332 -0.0013330240854363352 0.0027658753000419142 -0.0048371648225970639 -0.0010545831917887969 -0.00064156285357032513
leaf_weight=288 2447 38658 206 205 419 262 311 340 437 206 259 262 2705 724
leaf_count=288 2447 38658 206 205 419 262 311 340 437 206 259 262 2705 724
internal_value=4.19748e-05 9.99004e-05 -0.000330878 -0.000514906 0.000890413 0.00265671 -0.000769582 -0.000937537 0.00132194 0.00103253 -0.00113753 -0.000979269 -0.0013886 0.000256226
internal_weight=47729 41311 6418 5775 886 467 4889 4601 643 2653 4290 3950 2967 983
internal_count=47729 41311 6418 5775 886 467 4889 4601 643 2653 4290 3950 2967 983
is_linear=0
shrinkage=0.05


Tree=121
num_leaves=15
num_cat=0
split_feature=1 1 6 4 8 4 5 5 2 8 1 5 5 1
split_gain=0.603534 0.504015 0.998226 0.848915 1.16154 0.455493 0.539682 0.387152 0.370052 0.771167 1.35976 0.826581 0.910261 0.674633
threshold=0.96070711749266646 0.99215674212598437 0.39525506376594149 0.83093413421706719 0.51992063492063501 0.15128814683768246 0.59288874841972194 0.75850497570006958 0.8948992852501626 0.4387279439369291 0.26870335820895525 0.70341905318527187 0.90234733174399417 0.5684192372129695
decision_type=2 2 2 10 10 10 10 10 8 8 2 10 10 2
left_child=8 3 -3 5 -5 -2 -7 -8 -1 10 11 -10 -13 -11
right_child=1 2 -4 4 -6 6 7 -9 9 13 -12 12 -14 -15
leaf_value=2.724843228889281e-05 0.00075385095934285041 0.0015199169625193971 -0.0028631538146825022 0.0022194466473592911 -0.0029874347439321708 0.0010394519317705408 0.0055789163510416989 0.0025259953838367775 0.0029634642564596342 -0.0007172009167888809 -0.0024831687240010475 -0.0032675674282169592 0.0011018596681951814 0.00074512376325659344
leaf_weight=40834 397 286 238 202 228 246 200 216 216 1548 995 207 281 1608
leaf_count=40834 397 286 238 202 228 246 200 216 216 1548 995 207 281 1608
internal_value=1.55135e-05 0.000862812 -0.000470867 0.00133215 -0.000541411 0.0020929 0.00289593 0.00399375 -2.18174e-05 -0.000434496 -0.00129335 0.000388273 -0.000751565 2.78618e-05
internal_weight=47702 2013 524 1489 430 1059 662 416 45689 4855 1699 704 488 3156
internal_count=47702 2013 524 1489 430 1059 662 416 45689 4855 1699 704 488 3156
is_linear=0
shrinkage=0.05


Tree=122
num_leaves=15
num_cat=0
split_feature=7 5 7 8 5 2 8 1 1 8 1 1 0 7
split_gain=0.285135 0.475896 0.36347 0.518247 0.459421 0.837127 0.487581 0.488098 1.20888 0.525229 0.4411 0.68796 0.602807 0.426148
threshold=0.9912662090007629 0.33067691135382277 0.92044189181269431 0.94248738939882581 0.74206149193548399 0.47162141432735089 0.46442632170978632 0.47956342577124406 0.38721035892776018 0.32501184553423362 0.40752535975465914 0.61648985477392115 0.39525506376594149 0.883795948987247
decision_type=2 10 2 8 10 10 10 2 2 10 2 2 2 2
left_child=2 -2 13 4 6 -6 7 8 9 -4 -8 -12 -13 -1
right_child=1 -3 3 -5 5 -7 10 -9 -10 -11 11 12 -14 -15
leaf_value=-1.1949348952879276e-05 -0.00010169016674697605 0.0025395701092561034 0.00029010993899579197 0.0016987590250330171 0.00024845977741978667 -0.003978909054639013 -0.0016950512039670127 -0.0017905444584704337 0.003186551634068556 -0.0031808486071796243 0.0029457764159208939 0.0015373248302321015 -0.0017494671264543168 0.00078881581907676724
leaf_weight=41937 410 292 216 242 208 268 203 863 206 220 276 279 279 1730
leaf_count=41937 410 292 216 242 208 268 203 863 206 220 276 279 279 1730
internal_value=-3.28282e-06 0.000996954 -1.82458e-05 -0.000527531 -0.000706047 -0.00213166 -0.000439096 -0.00101391 3.00727e-05 -0.00146129 0.000395131 0.000903893 -0.000106071 1.97754e-05
internal_weight=47629 702 46927 3260 3018 476 2542 1505 642 436 1037 834 558 43667
internal_count=47629 702 46927 3260 3018 476 2542 1505 642 436 1037 834 558 43667
is_linear=0
shrinkage=0.05


Tree=123
num_leaves=15
num_cat=0
split_feature=1 8 8 4 3 8 1 0 0 4 0 6 5 4
split_gain=0.384015 0.831004 0.858659 0.778549 0.79774 0.882236 0.549019 0.433703 0.35227 1.29347 2.0941 0.870127 0.750347 1.41989
threshold=0.96070711749266646 0.47983739837398381 0.44023472381681344 0.96057811852465813 0.25649460188933876 0.87266936884771285 0.98479065463798299 0.088117647058823537 0.12411276113767934 0.016194597429845272 0.063762027374983071 0.53784695696460416 0.36293309438470739 0.65297689323663366
decision_type=2 8 10 10 8 8 2 2 2 10 2 2 10 10
left_child=8 2 6 4 -3 -6 -2 -7 9 10 -1 -11 -13 -14
right_child=1 3 -4 -5 5 7 -8 -9 -10 11 -12 12 13 -15
leaf_value=0.0045789969233570801 0.0020788292993055395 0.0029872160085271729 0.0042968474418660519 -0.002789670458316738 0.001806624669597709 -0.0032829958306198632 -0.0010402842308146918 -0.00019542727760658046 3.0174468456421484e-05 -0.0013522766878328494 -0.0018381407788800879 0.0026159245014266189 -0.0020893812319413788 0.0011363473579673838
leaf_weight=305 353 236 257 228 290 225 235 230 41184 2369 218 259 621 757
leaf_count=305 353 236 257 228 290 225 235 230 41184 2369 218 259 621 757
internal_value=1.41973e-05 0.000683002 0.00188598 -0.000157786 0.000453906 -0.000348592 0.000832245 -0.00172225 -1.58538e-05 -0.000434407 0.00190417 -0.000739718 0.000146752 -0.000317337
internal_weight=47767 2054 845 1209 981 745 588 455 45713 4529 523 4006 1637 1378
internal_count=47767 2054 845 1209 981 745 588 455 45713 4529 523 4006 1637 1378
is_linear=0
shrinkage=0.05


Tree=124
num_leaves=15
num_cat=0
split_feature=1 8 2 4 5 8 3 3 2 0 8 2 1 2
split_gain=0.63423 0.650648 0.852785 0.716594 0.656726 0.938128 0.729252 0.946097 0.619673 0.786847 1.71295 0.686297 1.15751 0.681709
threshold=0.22040571199786471 0.23734910376783322 0.82022819244604328 0.95753696357735318 0.95017730496453912 0.40891053391053395 0.95847701149425302 0.84926070884975002 0.41543878656554717 0.58874736207416356 0.37026647966339415 0.67532613585245171 0.072036036036036047 0.12099342510786934
decision_type=2 8 10 8 8 8 8 10 10 2 8 10 2 10
left_child=8 2 3 -2 -3 -6 7 -7 13 10 -10 -12 -13 -1
right_child=1 4 -4 -5 5 6 -8 -9 9 -11 11 12 -14 -15
leaf_value=0.0001409871138732981 0.00081909545429627556 1.5094518086694436e-05 -0.0011827212306221684 0.0036815661809987822 -0.0018328565022892368 0.0012826976277844401 0.00032811865889233519 0.0050837923589950569 0.001457024990601317 0.0004755736025005711 -0.00023401795220585791 -0.00075929931067878018 -0.004186001457226269 -0.0011820701626415334
leaf_weight=1443 3331 31656 508 234 236 442 611 260 641 3701 571 511 476 2993
leaf_count=1443 3331 31656 508 234 236 442 611 260 641 3701 571 511 476 2993
internal_value=4.13526e-05 0.000137442 0.000733875 0.00100698 6.42824e-05 0.00106951 0.00159118 0.00269051 -0.000305205 3.04895e-05 -0.000718604 -0.00161371 -0.00241189 -0.000751689
internal_weight=47614 37278 4073 3565 33205 1549 1313 702 10336 5900 2199 1558 987 4436
internal_count=47614 37278 4073 3565 33205 1549 1313 702 10336 5900 2199 1558 987 4436
is_linear=0
shrinkage=0.05


Tree=125
num_leaves=15
num_cat=0
split_feature=5 7 7 4 2 1 4 5 5 1 2 4 0 0
split_gain=0.431469 0.648081 0.618321 0.49824 0.434981 0.511094 1.1256 0.616576 0.914921 0.417843 0.407567 0.392401 0.390831 0.825015
threshold=0.1129733520336606 0.99215674212598437 0.97818152967311978 0.5812232905982907 0.64960384303450003 0.51342342342342351 0.33031618610747054 0.032129032258064523 0.06024760176302827 0.7188521241830067 0.38721035892776018 0.45122762658859544 0.032129032258064523 0.052012882447665061
decision_type=8 2 2 8 10 2 10 10 10 2 10 10 2 2
left_child=4 2 12 -4 5 11 -7 -8 -9 -6 -10 -1 -2 -14
right_child=1 -3 3 -5 9 6 7 8 10 -11 -12 -13 13 -15
leaf_value=-0.00014169097186977623 -0.00078987196751215518 0.0023122807294390633 -0.00012931994858778617 -0.0032310649537020276 -0.0015684288173955935 0.00087861797705122188 -0.0042764486596009637 0.0012372507430926981 -0.004195347598389439 0.00087199546212034956 -0.0011761771898751183 0.0012102046264974682 0.0015792275347934648 7.4134913897064259e-05
leaf_weight=1599 1247 322 263 255 1119 568 218 244 207 208 243 808 932 39452
leaf_count=1599 1247 322 263 255 1119 568 218 244 207 208 243 808 932 39452
internal_value=2.49612e-05 7.76592e-05 6.05876e-05 -0.00165624 -0.000404293 -0.000137455 -0.000868628 -0.00195683 -0.00122818 -0.00118591 -0.002565 0.000312124 8.19495e-05 0.00010887
internal_weight=47685 42471 42149 518 5214 3887 1480 912 694 1327 450 2407 41631 40384
internal_count=47685 42471 42149 518 5214 3887 1480 912 694 1327 450 2407 41631 40384
is_linear=0
shrinkage=0.05


Tree=126
num_leaves=15
num_cat=0
split_feature=6 6 6 8 8 4 4 6 6 5 3 1 1 1
split_gain=0.385271 0.826342 0.694264 0.603017 1.08731 0.538334 0.535498 0.501626 0.445034 0.637426 0.646382 0.572304 1.60905 1.12043
threshold=0.86166353971232035 0.84641025641025658 0.9678709677419356 0.74318125464914464 0.85830052493438325 0.86516379601486004 0.50159235668789826 0.91726730619652586 0.95017730496453912 0.43096439585085511 0.50900974025974033 0.51736194839643124 0.37539808917197459 0.76624208622249024
decision_type=2 2 2 8 10 8 10 2 2 10 10 2 2 2
left_child=1 -1 3 8 -5 7 -3 -6 11 10 -10 12 -2 -13
right_child=2 6 -4 4 5 -7 -8 -9 9 -11 -12 13 -14 -15
leaf_value=-5.4678350517665265e-06 8.644272643985602e-05 -0.0031276969379183139 -0.00049046278172833419 -0.0018752696268924591 -0.001454290801692488 0.002838902447106838 -0.00040225317140575503 0.0016882064317280251 -0.00089457729424972292 0.0043147438604041544 0.0030243172700452768 -0.00088215127475150309 0.0035525900554815998 0.001787422076953272
leaf_weight=40200 824 347 1741 579 266 261 375 243 214 228 207 1045 564 630
leaf_count=40200 824 347 1741 579 266 261 375 243 214 228 207 1045 564 630
internal_value=2.23405e-05 -3.5579e-05 0.000370794 0.000667069 -0.000238276 0.000992658 -0.00171213 4.59584e-05 0.000996087 0.00218545 0.00103229 0.00074408 0.00149488 0.000121927
internal_weight=47724 40922 6802 5061 1349 770 722 509 3712 649 421 3063 1388 1675
internal_count=47724 40922 6802 5061 1349 770 722 509 3712 649 421 3063 1388 1675
is_linear=0
shrinkage=0.05


Tree=127
num_leaves=15
num_cat=0
split_feature=2 5 8 1 5 2 8 8 8 1 7 3 8 1
split_gain=0.418701 0.422689 0.877359 0.466685 0.390975 0.384051 0.354949 0.690003 0.578341 0.457335 0.409787 0.54736 0.386176 0.380783
threshold=0.98490544543176128 0.97864741641337394 0.48338852097130253 0.4553208478513357 0.97231800766283538 0.10486690728626215 0.0096162736939435986 0.028004705574799036 0.041039748484167977 0.25221308264786529 0.18479366268800515 0.28458411507192 0.016064516129032261 0.26870335820895525
decision_type=8 8 8 2 10 10 8 10 10 2 2 10 10 2
left_child=1 4 5 -4 6 -3 -1 10 9 -9 -8 12 -12 -13
right_child=-2 2 3 -5 -6 -7 7 8 -10 -11 11 13 -14 -15
leaf_value=0.0015611275201717681 -0.0011497283588325334 0.0012023369406363857 0.00069575899956273108 0.0038423339638935811 -0.001834487286091971 -0.0016335933451813195 0.00062545664702291955 0.0028914685967753309 -4.1816098819155076e-05 5.5514205877012409e-06 -0.0014925766215048901 0.00097184428277244264 -0.0044521417100830676 -0.0017873050073831109
leaf_weight=343 852 201 204 279 306 294 235 303 43455 251 217 221 224 288
leaf_count=343 852 201 204 279 306 294 235 303 43455 251 217 221 224 288
internal_value=-5.12634e-05 -3.12746e-05 0.000997279 0.00251335 -5.32175e-05 -0.000482034 -4.12477e-05 -5.34089e-05 -2.13504e-05 0.00158395 -0.00124401 -0.00170646 -0.00299585 -0.000589325
internal_weight=47673 46821 978 483 45843 495 45537 45194 44009 554 1185 950 441 509
internal_count=47673 46821 978 483 45843 495 45537 45194 44009 554 1185 950 441 509
is_linear=0
shrinkage=0.05


Tree=128
num_leaves=15
num_cat=0
split_feature=8 8 0 7 6 0 4 7 6 0 5 8 0 7
split_gain=0.310206 0.600636 1.44651 1.19328 0.920128 0.822894 1.61184 1.06233 1.74245 0.741961 1.01601 0.672554 0.663428 0.657415
threshold=0.8862712490761272 0.83600153688524603 0.30852659513095654 0.56457098968619712 0.75836129753914994 0.055749805749805752 0.008097298714922636 0.74583217560433468 0.35599640472521837 0.083942774782469462 0.59288874841972194 0.42774045801526722 0.027460098026894562 0.34252917300862512
decision_type=10 8 2 2 2 2 10 2 2 2 10 10 2 2
left_child=1 5 -3 -4 -5 6 -1 8 13 10 -7 -12 -9 -8
right_child=-2 2 3 4 -6 9 7 12 -10 -11 11 -13 -14 -15
leaf_value=0.0050773839127174107 0.00033844593768330258 -0.0024647839389251081 0.0010278162413452393 -0.0038622532041155374 -0.00016149527272976686 -0.0037286122728801274 -0.00056535872169198446 0.00036925344669209114 -0.0033537846161039581 -2.4605451165758784e-05 -0.0020552768908888345 0.0011130995205375705 0.0035019867563036069 0.0032571824681777344
leaf_weight=218 5463 868 1122 274 434 320 228 338 358 36718 304 373 338 222
leaf_count=218 5463 868 1122 274 434 320 228 338 358 36718 304 373 338 222
internal_value=-1.60366e-05 -6.20187e-05 -0.000783754 1.35866e-05 -0.00159371 -1.26177e-05 0.0010628 0.000473057 -0.000750572 -6.11491e-05 -0.00140699 -0.000309628 0.00193562 0.00132043
internal_weight=47578 42115 2698 1830 708 39417 1702 1484 808 37715 997 677 676 450
internal_count=47578 42115 2698 1830 708 39417 1702 1484 808 37715 997 677 676 450
is_linear=0
shrinkage=0.05


Tree=129
num_leaves=15
num_cat=0
split_feature=7 8 8 2 1 3 8 5 1 3 0 3 0 2
split_gain=0.699955 0.816848 1.38698 0.870678 0.47717 0.775099 0.694331 0.86217 0.653126 0.880803 0.92702 0.867786 0.790749 0.834802
threshold=0.055749805749805752 0.721199955391993 0.84386081560283699 0.83474667624865262 0.2164892100009507 0.027460098026894562 0.23734910376783322 0.87280431432973815 0.28090682667270467 0.20031847133757966 0.23629205440229065 0.28063864697715518 0.34252917300862512 0.82022819244604328
decision_type=2 8 10 10 2 10 8 10 2 10 2 10 2 10
left_child=1 3 -3 -1 5 -2 7 8 11 -10 -11 -6 -12 -14
right_child=4 2 -4 -5 6 -7 -8 -9 9 10 12 -13 13 -15
leaf_value=-0.00089663508412325492 0.0022918996606474847 0.0038523429217995095 -0.0012248512500297728 -0.0041408821129461084 -3.2888877962250265e-05 -0.00034329334687011596 6.4408930126773871e-05 -0.0021778370103850771 0.0020009957558426135 -0.0027726800729979458 0.0032218924017674375 0.0041292421933030714 0.00057631306974775809 -0.0025873661458214233
leaf_weight=1672 288 230 324 236 200 8973 31951 233 902 242 236 335 1507 242
leaf_count=1672 288 230 324 236 200 8973 31951 233 902 242 236 335 1507 242
internal_value=1.37964e-05 -0.000807163 0.000883009 -0.00129792 5.86035e-05 -0.000261344 0.000141259 0.000771342 0.000958885 0.00068285 0.000148962 0.00257331 0.000505153 0.000138571
internal_weight=47571 2462 554 1908 45109 9261 35848 3897 3664 3129 2227 535 1985 1749
internal_count=47571 2462 554 1908 45109 9261 35848 3897 3664 3129 2227 535 1985 1749
is_linear=0
shrinkage=0.05


Tree=130
num_leaves=15
num_cat=0
split_feature=8 7 6 3 3 4 2 5 6 6 5 7 4 6
split_gain=0.358177 1.10132 1.47048 1.05207 0.837788 1.37786 0.711032 0.589201 0.684579 0.564772 0.562083 0.571217 0.548791 0.503242
threshold=0.90333704115684099 0.60474493623405856 0.55760721579305661 0.84926070884975002 0.78964130070398941 0.54964359739143631 0.60137497637497639 0.68013605442176883 0.79725004725004733 0.15635629251700683 0.47875285903454923 0.8948992852501626 0.81625150060024021 0.13652714192282542
decision_type=10 2 2 10 10 8 10 10 2 2 10 2 10 2
left_child=-1 4 3 -3 6 -6 12 10 -9 -8 11 -4 -2 -7
right_child=1 2 7 -5 5 13 9 8 -10 -11 -12 -13 -14 -15
leaf_value=-7.0691740196712413e-05 0.0015547373671581498 -0.0054952453690665691 -0.001255105503634373 -0.00076752047527493112 -0.0029428122920993095 0.0025566683480189247 0.00093248914065770813 0.0033518044358586806 -4.9792972190812588e-05 0.0041866369065401161 -0.002404401866231485 0.0023172235191318662 -0.001171075375279105 4.5070058789694305e-05
leaf_weight=43091 836 220 237 253 300 322 200 263 338 400 286 212 237 524
leaf_count=43091 836 220 237 253 300 322 200 263 338 400 286 212 237 524
internal_value=-2.57989e-05 0.000392195 -0.000570652 -0.00296646 0.00101007 -3.1396e-05 0.00172347 0.000277565 0.00143876 0.00310192 -0.000671929 0.000431607 0.000952671 0.00100102
internal_weight=47719 4628 1809 473 2819 1146 1673 1336 601 600 735 449 1073 846
internal_count=47719 4628 1809 473 2819 1146 1673 1336 601 600 735 449 1073 846
is_linear=0
shrinkage=0.05


Tree=131
num_leaves=15
num_cat=0
split_feature=3 7 7 0 7 6 4 0 4 0 5 4 4 6
split_gain=0.320461 0.623029 1.57851 1.3744 0.888772 0.753764 1.26711 0.739853 1.05278 0.706658 0.814173 0.927695 0.628954 0.604504
threshold=0.37539808917197459 0.84641025641025658 0.70740003318400546 0.10843023255813955 0.95356537809949182 0.36391694725028062 0.31715727502102614 0.17667066826730696 0.089491566557456631 0.11635871296591273 0.50917508417508428 0.18770973154362419 0.66108698697296553 0.96070711749266646
decision_type=8 2 2 2 2 2 8 2 8 2 10 10 8 2
left_child=1 2 3 5 9 -1 -7 8 -5 -3 11 -11 -12 -6
right_child=-2 4 -4 7 13 6 -8 -9 -10 10 12 -13 -14 -15
leaf_value=-0.0004935456467288704 -0.00011332984855439873 0.00093977138196873827 0.0014801250864787665 -0.0015218104490216959 0.0030454265353459437 -0.0061050475777743099 -0.00096093008626642557 0.00010708897341075851 0.0024403719277726055 0.0020528333201717728 -0.0018518464597950047 -0.0016075159956208632 -0.0051147523349047534 -2.4554261360036975e-05
leaf_weight=698 30043 334 2316 216 226 201 296 10546 749 242 467 608 216 552
leaf_count=698 30043 334 2316 216 226 201 296 10546 749 242 467 608 216 552
internal_value=-1.39581e-05 0.000155025 0.000279617 6.07936e-05 -0.000552585 -0.00155318 -0.00304135 0.000228346 0.0015535 -0.00114424 -0.00159829 -0.000565393 -0.00288375 0.00086724
internal_weight=47710 17667 15022 12706 2645 1195 497 11511 965 1867 1533 850 683 778
internal_count=47710 17667 15022 12706 2645 1195 497 11511 965 1867 1533 850 683 778
is_linear=0
shrinkage=0.05


Tree=132
num_leaves=15
num_cat=0
split_feature=6 6 3 7 1 3 7 3 2 6 6 3 6 7
split_gain=0.362543 0.930441 1.08895 0.894097 0.725527 0.706675 0.450987 1.18167 1.26158 0.866758 0.815295 1.01271 0.957758 0.748957
threshold=0.9678709677419356 0.95017730496453912 0.27650925445424673 0.93172105672105687 0.33877632631298321 0.28458411507192 0.84641025641025658 0.50900974025974033 0.43190909090909096 0.90601158721964103 0.72265840642826484 0.40061728395061735 0.81642014604006752 0.9426490550276706
decision_type=2 2 10 2 2 10 2 10 10 2 2 10 2 2
left_child=1 6 -3 -4 -2 -6 9 10 -9 -1 -8 12 -12 -14
right_child=4 2 3 -5 5 -7 7 8 -10 -11 11 -13 13 -15
leaf_value=6.3438766931239637e-05 -0.0034765441493108508 -0.0015633754649024925 0.0054211600952191602 0.0014422746371479829 0.0019549977003880097 -0.00082709092042466048 -0.0037482926751565664 0.0023079919728813364 -0.00029766016131548923 0.0032393209615191963 0.0022611926077132404 -0.0030709022797895643 -0.0014533149651277065 0.0015678887235307708
leaf_weight=39904 205 200 202 469 281 1216 284 606 1990 216 293 424 1103 252
leaf_count=39904 205 200 202 469 281 1216 284 606 1990 216 293 424 1103 252
internal_value=2.97041e-05 5.62508e-05 0.00167489 0.00264009 -0.000686886 -0.000304869 2.49713e-05 -0.000425211 0.000310593 8.05372e-05 -0.00123597 -0.000891618 -0.000330928 -0.000891438
internal_weight=47645 45943 871 671 1702 1497 45072 4952 2596 40120 2356 2072 1648 1355
internal_count=47645 45943 871 671 1702 1497 45072 4952 2596 40120 2356 2072 1648 1355
is_linear=0
shrinkage=0.05


Tree=133
num_leaves=15
num_cat=0
split_feature=1 4 1 6 0 8 0 0 4 8 3 8 8 1
split_gain=0.385486 0.902592 0.861259 1.36869 0.853007 1.27502 0.777224 0.428222 1.04616 0.774412 1.14622 0.672769 0.629498 0.608488
threshold=0.96070711749266646 0.83093413421706719 0.98479065463798299 0.35192592592592598 0.22040571199786471 0.42971804898127192 0.059765276183186639 0.088117647058823537 0.04849910394265234 0.40891053391053395 0.70606617647058834 0.37026647966339415 0.44487142022209242 0.9426490550276706
decision_type=2 10 2 2 2 10 2 2 10 10 10 10 10 2
left_child=7 2 4 -4 5 -2 -3 8 12 10 11 -10 -1 -11
right_child=1 6 3 -5 -6 -7 -8 -9 9 13 -12 -13 -14 -15
leaf_value=2.2854213057144079e-05 0.0004146405630025875 0.0012365039136794794 0.0028320567430462689 -0.0020506014084327381 -0.00012811149530069426 0.0053274176756491695 -0.0021877527928154451 8.4100915148698342e-05 0.00089391896276188514 -4.4287241534727668e-05 -0.0048415692242026473 -0.0029211954775606643 0.0033478474051586386 -0.0028503036796540971
leaf_weight=352 206 286 250 337 215 368 394 42591 260 1536 281 208 239 221
leaf_count=352 206 286 250 337 215 368 394 42591 260 1536 281 208 239 221
internal_value=7.2962e-05 0.000742699 0.00147916 2.88952e-05 0.00255813 0.0035643 -0.000747551 4.28233e-05 -0.000524841 -0.000971115 -0.00231732 -0.000801687 0.00136748 -0.000397235
internal_weight=47744 2056 1376 587 789 574 680 45688 3097 2506 749 468 591 1757
internal_count=47744 2056 1376 587 789 574 680 45688 3097 2506 749 468 591 1757
is_linear=0
shrinkage=0.05


Tree=134
num_leaves=15
num_cat=0
split_feature=6 6 2 6 1 8 4 0 3 4 4 8 3 3
split_gain=0.517911 0.625405 1.25155 1.15465 1.09577 1.01917 0.959404 1.29574 1.13085 0.741098 0.759489 0.981377 0.653362 0.626568
threshold=0.2323262153566561 0.33974596127759288 0.25896068859198362 0.28782428602572491 0.91318840579710148 0.51636665595199849 0.1260882731470967 0.39934640522875825 0.68698971125124475 0.122219781426767 0.51736194839643124 0.38911657559198548 0.83467820654649583 0.3710899315738026
decision_type=2 2 8 2 2 10 10 2 10 8 10 8 10 10
left_child=-1 2 5 4 6 -2 -4 -8 13 -5 11 -11 -10 -9
right_child=1 -3 3 9 -6 -7 7 8 12 10 -12 -13 -14 -15
leaf_value=-0.0003855031052717312 0.00021360873047403478 -7.6196315926491226e-05 0.0019867899309610952 -0.00087201008384692527 0.0036395836120531595 -0.0025921179106041751 -0.0038020412048978751 0.00042648115299198934 0.0039947002759707214 0.0004713546804986288 0.0011718075679607628 0.0044163137371523789 -1.1945685257491762e-05 -0.0027747735082442179
leaf_weight=10896 969 31615 370 210 201 486 297 269 204 215 775 591 203 354
leaf_count=10896 969 31615 370 210 201 486 297 269 204 215 775 591 203 354
internal_value=-8.27479e-05 6.994e-06 0.000518281 0.00100808 0.000148793 -0.000723562 -0.000264671 -0.000892433 -5.3449e-05 0.00191871 0.0022894 0.003364 0.0019963 -0.00139253
internal_weight=47655 36759 5144 3689 1898 1455 1697 1327 1030 1791 1581 806 407 623
internal_count=47655 36759 5144 3689 1898 1455 1697 1327 1030 1791 1581 806 407 623
is_linear=0
shrinkage=0.05


Tree=135
num_leaves=15
num_cat=0
split_feature=6 7 6 3 3 7 3 4 7 4 1 6 3 0
split_gain=0.454833 0.778127 0.751871 0.554624 0.593067 0.458956 0.667381 0.868852 0.588763 1.20531 0.749706 1.25105 0.792337 1.22613
threshold=0.9678709677419356 0.96070711749266646 0.95017730496453912 0.3833959899749374 0.72240143369175636 0.84641025641025658 0.043988648090815284 0.052805855698849775 0.7153031224655314 0.93536783476444663 0.15243012683802901 0.67546764261647507 0.39525506376594149 0.23629205440229065
decision_type=2 2 2 10 10 2 10 8 2 10 2 2 8 2
left_child=2 -2 5 -4 -5 8 -7 -8 -1 10 11 -10 -12 -14
right_child=1 -3 3 4 -6 6 7 -9 9 -11 12 -13 13 -15
leaf_value=-5.2915652669667095e-05 -0.0031273355390639109 -0.0003295950567278934 -0.0003393247110702101 0.0037897378349324219 0.00054172714746091521 -0.003173616596566882 0.002587590489229344 -0.00051260767894304143 0.0015907564153437256 -0.0021240071884676584 0.0016529328938025972 -0.0033722981277918606 -0.0015725485995717464 0.00084328985268517995
leaf_weight=34016 304 1362 283 321 250 220 238 4482 229 416 1911 285 650 2736
leaf_count=34016 304 1362 283 321 250 220 238 4482 229 416 1911 285 650 2736
internal_value=-2.85121e-05 -0.000840107 8.58084e-07 0.00147062 0.00236767 -2.69217e-05 -0.000481752 -0.000356284 2.89107e-05 0.0004759 0.000662023 -0.00116113 0.000838935 0.000379529
internal_weight=47703 1666 46037 854 571 45183 4940 4720 40243 6227 5811 514 5297 3386
internal_count=47703 1666 46037 854 571 45183 4940 4720 40243 6227 5811 514 5297 3386
is_linear=0
shrinkage=0.05


Tree=136
num_leaves=15
num_cat=0
split_feature=3 2 2 4 6 8 6 5 5 2 4 3 6 0
split_gain=0.556343 0.508987 0.376292 0.554895 1.02311 1.11987 0.722204 0.96808 0.543194 0.692355 0.495799 0.768228 0.57399 1.02733
threshold=0.99215674212598437 0.98490544543176128 0.076362383375742179 0.78596059113300509 0.69533836920529812 0.41152751423149908 0.096076923076923101 0.79346840842442024 0.48263805160356893 0.052263193834747833 0.01923155948222725 0.28063864697715518 0.16423240938166314 0.27697505197505207
decision_type=10 10 10 8 2 8 2 8 10 10 8 10 2 2
left_child=2 -2 3 8 5 -5 -7 -8 -1 -10 11 -4 13 -12
right_child=1 -3 10 4 -6 6 7 -9 9 -11 12 -13 -14 -15
leaf_value=-0.0026558959782046424 0.002903764369114051 -0.00025624879200672994 -3.2637309717863579e-05 0.0019982547110142415 0.0035122881346907847 0.00077899723545558301 5.9323788341134791e-05 -0.0040575513742058663 9.4482764883044496e-05 -0.0021319732452154362 -0.0013640034100890997 0.0036757851484180565 8.7345833266486909e-05 3.43479178303434e-05
leaf_weight=415 315 214 340 371 205 285 250 333 1080 516 2002 237 37211 3819
leaf_count=415 315 214 340 371 205 285 250 333 1080 516 2002 237 37211 3819
internal_value=1.2972e-05 0.00162542 -5.15195e-06 -0.000507439 0.000240341 -0.000301023 -0.00128378 -0.00229217 -0.00104438 -0.000625349 3.46426e-05 0.00149058 1.51205e-05 -0.000446583
internal_weight=47593 529 47064 3455 1444 1239 868 583 2011 1596 43609 577 43032 5821
internal_count=47593 529 47064 3455 1444 1239 868 583 2011 1596 43609 577 43032 5821
is_linear=0
shrinkage=0.05


Tree=137
num_leaves=15
num_cat=0
split_feature=5 3 3 6 8 8 4 7 7 7 5 3 5 6
split_gain=0.401248 0.676395 0.83626 0.372433 0.837136 1.0908 0.82583 0.692118 0.873007 0.861446 0.617508 0.59177 0.564241 0.614198
threshold=0.99691358024691368 0.99691358024691368 0.99141615089890966 0.17667066826730696 0.36803405572755427 0.32099821990962624 0.056670681118693972 0.58874736207416356 0.6795384064885498 0.47162141432735089 0.9426490550276706 0.35869965780468549 0.95017730496453912 0.33603278688524596
decision_type=8 10 8 2 10 10 8 2 2 2 10 10 10 2
left_child=1 2 3 4 5 6 -1 9 -9 -6 -11 -7 13 -5
right_child=-2 -3 -4 12 7 11 -8 8 -10 10 -12 -13 -14 -15
leaf_value=0.0026146955834490952 0.0015153073895570759 0.0024209448941630257 -0.0026043886246770852 0.00041730196854408832 -0.0006040812250300853 0.0045265961589548535 -0.00074975481109093285 0.0033913318680875884 -0.0010948004958884411 -0.0012612691053216899 -0.0048253633927256298 0.0009701769676426714 0.0018814321659219515 -9.3028361050363195e-05
leaf_weight=221 417 277 320 7264 4848 223 1044 229 206 283 213 246 404 31303
leaf_count=221 417 277 320 7264 4848 223 1044 229 206 283 213 246 404 31303
internal_value=-2.8857e-05 -4.25338e-05 -5.71134e-05 -3.95777e-05 -0.000361912 0.000601614 -0.000161973 -0.000651019 0.00126686 -0.000807135 -0.00279182 0.00266118 2.25633e-05 3.09111e-06
internal_weight=47498 47081 46804 46484 7513 1734 1265 5779 435 5344 496 469 38971 38567
internal_count=47498 47081 46804 46484 7513 1734 1265 5779 435 5344 496 469 38971 38567
is_linear=0
shrinkage=0.05


Tree=138
num_leaves=15
num_cat=0
split_feature=0 8 2 8 5 0 8 3 5 0 5 2 0 5
split_gain=0.311723 0.967366 0.90544 0.54591 0.607169 0.398539 0.533977 1.10301 0.932918 0.518593 1.1428 1.24247 1.02016 0.683065
threshold=0.032129032258064523 0.97318432406519662 0.1577144917087239 0.40160707370595078 0.67576887232059657 0.055749805749805752 0.42165732246007481 0.72607102347090147 0.81608823529411778 0.088117647058823537 0.59288874841972194 0.6949753576150981 0.072036036036036047 0.40698809887091858
decision_type=2 8 10 10 10 2 10 10 10 2 8 10 2 10
left_child=1 2 -1 -4 -5 6 8 -8 -2 10 13 -12 -13 -7
right_child=5 -3 3 4 -6 9 7 -9 -10 -11 11 12 -14 -15
leaf_value=0.0024870426304023792 0.0018334672964798909 -0.0039140494712131121 -0.0031291169751175617 0.0020394401587705657 -0.0012411535125280808 -0.0011008724715291715 -8.639216675267865e-05 0.0037888313845395368 -0.0029140558116184778 2.0648943485341286e-05 0.0014101201032877761 0.0001630949097007568 -0.0043294720040433013 -0.0051730675579930996
leaf_weight=247 210 206 215 204 457 203 390 347 204 43685 621 272 236 209
leaf_count=247 210 206 215 204 457 203 390 347 204 43685 621 272 236 209
internal_value=-9.4041e-06 -0.000764422 -0.000186662 -0.00094055 -0.000228686 1.2232e-05 0.00093101 0.00173817 -0.000505892 -1.11508e-05 -0.000912626 -9.00877e-05 -0.001924 -0.00316662
internal_weight=47706 1329 1123 876 661 46377 1151 737 414 45226 1541 1129 508 412
internal_count=47706 1329 1123 876 661 46377 1151 737 414 45226 1541 1129 508 412
is_linear=0
shrinkage=0.05


Tree=139
num_leaves=15
num_cat=0
split_feature=8 7 8 4 8 5 4 2 1 8 8 1 4 1
split_gain=0.430475 0.992056 0.744078 0.626916 0.727141 0.639003 0.578255 0.529083 0.452403 0.26495 0.894797 0.738219 0.686802 0.967251
threshold=0.028004705574799036 0.85375234521575993 0.041039748484167977 0.60142393838046015 0.01923155948222725 0.85758377425044097 0.40329357549471406 0.33564038701025006 0.48755165289256203 0.077492084288677807 0.13943957300800611 0.083942774782469462 0.060708435708435718 0.21222498962224992
decision_type=10 2 10 8 8 10 10 10 2 8 10 2 10 2
left_child=1 3 6 4 7 8 -2 -1 -5 11 12 -4 -11 -14
right_child=2 -3 9 5 -6 -7 -8 -9 -10 10 -12 -13 13 -15
leaf_value=0.0036029354013760203 0.00039583395189594331 -0.0037670377267618911 -0.0034158676243624519 -0.0016662662344734108 -0.0014291734980744018 -0.0032259672090089336 0.0035309193515799999 0.00027212720221037929 0.0013225751567384875 0.0037832501937830176 -6.9065047955460114e-06 -0.00019308838798655147 -0.0011570914079827978 0.0015622542009382919
leaf_weight=235 329 237 206 262 247 272 266 242 245 215 41824 1293 461 1125
leaf_count=235 329 237 206 262 247 272 266 242 245 215 41824 1293 461 1125
internal_value=1.14106e-05 -0.000760485 4.07879e-05 -0.000286397 0.000772844 -0.00127085 0.0017974 0.00191309 -0.000221954 1.76253e-05 4.00839e-05 -0.000635979 0.00113132 0.000771827
internal_weight=47459 1740 45719 1503 724 779 595 477 507 45124 43625 1499 1801 1586
internal_count=47459 1740 45719 1503 724 779 595 477 507 45124 43625 1499 1801 1586
is_linear=0
shrinkage=0.05


Tree=140
num_leaves=15
num_cat=0
split_feature=0 8 4 4 4 8 3 0 1 0 8 0 1 1
split_gain=0.464516 1.07724 1.05663 0.922394 0.42565 0.662095 1.20851 0.798146 1.16875 0.968892 0.952238 0.844164 1.20903 0.816702
threshold=0.027460098026894562 0.96934820904286567 0.5812232905982907 0.78596059113300509 0.33031618610747054 0.23734910376783322 0.78596059113300509 0.059765276183186639 0.91318840579710148 0.1123247663551402 0.43173642903858739 0.47546715579502469 0.055749805749805752 0.25221308264786529
decision_type=2 8 8 10 10 8 10 2 2 2 8 2 2 2
left_child=1 2 -1 -4 5 6 -2 8 -7 10 -9 13 -13 -11
right_child=4 -3 3 -5 -6 7 -8 9 -10 11 -12 12 -14 -15
leaf_value=-0.002731736596781548 0.00059586840599587618 -0.0042824927764013405 0.0033624042289274584 -0.00059182040030546809 -9.6373651405095548e-05 0.0040308835803309967 0.0043714838526188703 -0.0037667338918006459 -0.00077051912151298229 -0.00067219606133956582 -0.00035549276560091931 0.002540895197782595 -0.00039175459288766476 0.00086045674629904416
leaf_weight=298 3009 205 235 396 28728 299 228 323 220 1074 558 370 7008 4558
leaf_count=298 3009 205 235 396 28728 299 228 323 220 1074 558 370 7008 4558
internal_value=-2.09817e-06 -0.00100191 -0.000277991 0.000880831 2.235e-05 0.000215623 0.000861806 7.04676e-05 0.00199561 -1.46006e-06 -0.00160615 0.000107205 -0.000244685 0.000568186
internal_weight=47509 1134 929 631 46375 17647 3237 14410 519 13891 881 13010 7378 5632
internal_count=47509 1134 929 631 46375 17647 3237 14410 519 13891 881 13010 7378 5632
is_linear=0
shrinkage=0.05


Tree=141
num_leaves=15
num_cat=0
split_feature=0 4 5 6 7 6 0 0 6 2 7 4 2 5
split_gain=0.348652 0.821316 0.988904 1.02347 1.32485 1.04878 0.913076 0.834722 0.825399 1.11429 1.0997 1.02428 0.748143 0.745695
threshold=0.54474578327872847 0.71475875118259236 0.92032191868667446 0.50159235668789826 0.24435962680237491 0.36391694725028062 0.59272486772486788 0.98490544543176128 0.41946762914504859 0.3710899315738026 0.4593593593593594 0.1471728226174191 0.63346055979643767 0.48263805160356893
decision_type=2 10 10 2 2 2 2 2 2 10 2 10 10 10
left_child=-1 2 3 4 5 -2 -6 12 9 11 -11 -8 -5 -10
right_child=1 -3 -4 7 6 -7 8 -9 13 10 -12 -13 -14 -15
leaf_value=-0.00012036574128110994 0.0003582972071173693 0.00075213156242267707 -0.0024467320037419322 0.00011233711964204678 0.0040167875047854079 -0.0015760518247827553 0.0013884023486999638 -0.0026856246875730919 0.0011895108137251775 0.0022759696610665197 -0.0016166777127395147 -0.0027283079314483552 -0.00083879743784180119 0.0040887838791249546
leaf_weight=25742 3165 4512 405 6593 284 900 236 346 645 796 235 420 3012 338
leaf_count=25742 3165 4512 405 6593 284 900 236 346 645 796 235 420 3012 338
internal_value=4.37322e-06 0.000151083 -4.99974e-06 5.32738e-05 0.000515615 -6.9972e-05 0.00132144 -0.000272841 0.00103475 0.000363679 0.0013887 -0.0012473 -0.000185926 0.00218641
internal_weight=47629 21887 17375 16970 7019 4065 2954 9951 2670 1687 1031 656 9605 983
internal_count=47629 21887 17375 16970 7019 4065 2954 9951 2670 1687 1031 656 9605 983
is_linear=0
shrinkage=0.05


Tree=142
num_leaves=15
num_cat=0
split_feature=3 4 3 4 1 1 5 6 4 6 5 6 5 5
split_gain=0.407277 0.750202 0.671838 0.985243 1.03422 0.961373 0.94385 1.06378 0.902913 0.861924 0.719407 0.693577 0.667692 0.681992
threshold=0.68321596244131466 0.056670681118693972 0.83858560794044679 0.60142393838046015 0.12411276113767934 0.075693913929208059 0.66367658889782799 0.40329357549471406 0.67220002755200448 0.19262657152565413 0.77394282310899354 0.29571341090018377 0.98501851644035476 0.9426490550276706
decision_type=10 8 10 10 2 2 10 2 10 2 10 2 10 10
left_child=-1 -2 3 6 -5 8 7 -3 -4 -6 -8 -11 13 -7
right_child=1 2 5 4 9 12 10 -9 -10 11 -12 -13 -14 -15
leaf_value=-7.284168373238751e-05 0.0023879723021621828 0.0020611345474444783 4.2372107723479049e-05 -0.0023492542325127502 -0.00085544944032539668 -0.00038914221926684983 -0.0031298106724736152 -0.00016142355019055626 0.0037869845712217888 0.0037785779480708744 -0.00028145097406723354 0.0013626847607028023 -0.0023472447069288476 0.0011224803409430229
leaf_weight=32474 396 730 365 201 392 5815 370 2051 288 336 553 2565 381 856
leaf_count=32474 396 730 365 201 392 5815 370 2051 288 336 553 2565 381 856
internal_value=2.73628e-05 0.000240059 0.000182985 0.000530318 0.00113261 -0.000141493 -3.78304e-05 0.000421988 0.0016939 0.00134514 -0.00142326 0.0016425 -0.000311446 -0.000195176
internal_weight=47773 15299 14903 7198 3494 7705 3704 2781 653 3293 923 2901 7052 6671
internal_count=47773 15299 14903 7198 3494 7705 3704 2781 653 3293 923 2901 7052 6671
is_linear=0
shrinkage=0.05


Tree=143
num_leaves=15
num_cat=0
split_feature=7 6 5 6 3 1 3 5 6 0 7 7 0 0
split_gain=0.454917 0.573496 0.868312 0.403644 0.354507 0.633201 0.453156 0.806774 0.764013 2.46514 1.31141 0.632715 1.45713 0.946178
threshold=0.055749805749805752 0.3244138177913013 0.63985294117647074 0.096076923076923101 0.99215674212598437 0.53287072608528641 0.83467820654649583 0.99215674212598437 0.10452638766949567 0.2966921815199563 0.33877632631298321 0.46349539654336946 0.11635871296591273 0.80155700957227694
decision_type=2 2 10 2 10 2 8 8 2 2 2 2 2 2
left_child=1 2 -1 -4 6 -6 -2 8 9 -8 -11 12 -10 -14
right_child=4 -3 3 -5 5 -7 7 -9 11 10 -12 -13 13 -15
leaf_value=0.00066064593661159608 0.00010348345486078811 -0.0021908101957794231 -0.00060626434947027999 -0.0028188722738129151 -0.0003789325850261482 0.0031108478415333429 -0.0045808961794721378 0.0025692427758719025 0.0034033622978129931 -0.0015292968107816019 0.0030014167611038573 -0.00058380508206620524 -0.0006070420327940585 0.0024428656924535175
leaf_weight=1103 37286 485 541 333 263 257 431 233 357 402 265 3856 1505 306
leaf_count=1103 37286 485 541 333 263 257 431 233 357 402 265 3856 1505 306
internal_value=1.17679e-05 -0.000650091 -0.00027212 -0.00144928 4.78498e-05 0.00134582 3.27304e-05 -0.000325951 -0.000420669 -0.00163367 0.000270762 -0.000199574 0.000483819 -9.1707e-05
internal_weight=47623 2462 1977 874 45161 520 44641 7355 7122 1098 667 6024 2168 1811
internal_count=47623 2462 1977 874 45161 520 44641 7355 7122 1098 667 6024 2168 1811
is_linear=0
shrinkage=0.05


Tree=144
num_leaves=15
num_cat=0
split_feature=8 0 7 6 6 0 0 0 3 7 3 4 8 4
split_gain=0.341951 0.931023 0.670088 0.918065 0.739446 0.710555 0.538337 1.03466 1.02829 0.73146 1.04108 0.615632 0.506533 1.33246
threshold=0.082140666530361908 0.083942774782469462 0.54474578327872847 0.42745013543462207 0.58147781626257633 0.9244490248929762 0.63568660022148404 0.42745013543462207 0.48828053470060434 0.23629205440229065 0.36293309438470739 0.39525506376594149 0.13943957300800611 0.068726145038167957
decision_type=10 2 2 2 2 2 2 2 10 2 10 8 10 10
left_child=1 -1 5 -4 -5 6 7 9 -8 -3 -11 -9 13 -2
right_child=12 2 3 4 -6 -7 8 11 -10 10 -12 -13 -14 -15
leaf_value=-0.0033508473759689579 0.0047129779935251772 -0.0010251275211205183 -0.0036583247236368676 0.0023541759055874805 -0.00090494141623648954 -0.0022047274864925039 0.0032335444922397733 6.3282938852073418e-05 -0.00088502133314665235 0.00040360125768086456 0.0049380443679106515 -0.0037350313085212149 7.1126156564551996e-05 0.00042846754686616886
leaf_weight=247 207 254 261 204 1185 232 452 208 228 312 213 219 42041 1471
leaf_count=247 207 254 261 204 1185 232 452 208 228 312 213 219 42041 1471
internal_value=6.45726e-05 -0.000377029 -0.000182089 -0.000937531 -0.000426281 0.000406429 0.000727631 9.33131e-05 0.00185261 0.00117759 0.00224329 -0.0018848 0.000105128 0.00095701
internal_weight=47734 4015 3768 1650 1389 2118 1886 1206 680 779 525 427 43719 1678
internal_count=47734 4015 3768 1650 1389 2118 1886 1206 680 779 525 427 43719 1678
is_linear=0
shrinkage=0.05


Tree=145
num_leaves=15
num_cat=0
split_feature=2 4 4 3 5 8 2 8 8 7 7 5 4 1
split_gain=0.609257 0.556883 0.74258 0.523896 0.39961 0.799705 0.899184 0.580948 0.912632 0.79947 0.436664 0.427533 0.399828 0.347919
threshold=0.9912662090007629 0.14330357142857145 0.68379210658622436 0.99215674212598437 0.1129733520336606 0.81556840873097858 0.64960384303450003 0.5240967741935485 0.48790243902439029 0.52139804639804654 0.52900888265544654 0.019292803970223329 0.16720430107526885 0.6637549588037841
decision_type=10 10 10 10 8 10 10 10 10 2 2 10 10 2
left_child=3 -2 -3 4 5 6 7 8 11 -9 -7 -1 -8 -14
right_child=1 2 -4 -5 -6 10 12 9 -10 -11 -12 -13 13 -15
leaf_value=0.0012958531010301114 0.00072987179946856296 -0.0043680460794627883 -0.00049351643153106961 0.002000895055385284 5.052323774659657e-05 -7.8538175479149114e-05 -0.003841025162882988 0.00037416737471736105 0.0028151343510380879 -0.0028034675395518611 0.0029700811509933882 -0.00046988194816102448 -0.0018938462268076061 0.00042167623843131636
leaf_weight=410 203 241 254 329 41479 220 202 354 283 449 252 2092 750 207
leaf_count=410 203 241 254 329 41479 220 202 354 283 449 252 2092 750 207
internal_value=-9.11587e-06 -0.00147548 -0.0023799 1.26488e-05 -1.35897e-06 -0.000413703 -0.000608868 -0.000217757 0.000123874 -0.00140262 0.00154911 -0.000180533 -0.00181966 -0.001393
internal_weight=47725 698 495 47027 46698 5219 4747 3588 2785 803 472 2502 1159 957
internal_count=47725 698 495 47027 46698 5219 4747 3588 2785 803 472 2502 1159 957
is_linear=0
shrinkage=0.05


Tree=146
num_leaves=15
num_cat=0
split_feature=5 0 4 7 0 8 0 8 2 0 8 4 8 7
split_gain=0.355494 0.532269 0.491918 0.517901 0.466631 0.503834 0.696516 0.694218 0.860345 0.775488 0.726467 0.669821 0.655001 0.52287
threshold=0.17787193973634655 0.89849411231884069 0.74525297440211513 0.65156402737047914 0.16034135100100824 0.81556840873097858 0.5967064245052861 0.5240967741935485 0.57347799259563981 0.69533836920529812 0.48338852097130253 0.51736194839643124 0.62040416328737502 0.64771415377510977
decision_type=8 2 10 2 2 10 2 8 10 2 10 8 8 2
left_child=1 2 4 -4 -1 7 -7 10 9 12 -6 -10 -9 -12
right_child=-2 -3 3 -5 5 6 -8 8 11 -11 13 -13 -14 -15
leaf_value=-0.0024738347657403213 7.2432430283032702e-05 0.00088377400171120359 0.0021682922526881075 -0.00077041447835499751 -0.00050919748341475112 0.0024117263106225957 -0.001232644513514716 -0.0036724217269889651 -0.0017010978476774737 0.0018034406450984778 3.8764930590905675e-05 -0.0053508494601593806 -0.00026771556739328071 0.0033803456380616785
leaf_weight=300 39291 869 356 259 4152 336 215 227 311 241 257 211 374 215
leaf_count=300 39291 869 356 259 4152 336 215 227 311 241 257 211 374 215
internal_value=9.55244e-06 -0.00028729 -0.000423814 0.000930691 -0.000545619 -0.000457155 0.000989694 -0.00059029 -0.00158153 -0.000592798 -0.000297892 -0.00317638 -0.00155369 0.00156088
internal_weight=47614 8323 7454 615 6839 6539 551 5988 1364 842 4624 522 601 472
internal_count=47614 8323 7454 615 6839 6539 551 5988 1364 842 4624 522 601 472
is_linear=0
shrinkage=0.05


Tree=147
num_leaves=15
num_cat=0
split_feature=3 3 4 1 4 4 0 4 1 3 4 1 1 2
split_gain=0.441194 0.673223 0.892364 0.821976 0.971712 0.857718 0.585884 1.5914 0.990463 0.756644 1.00333 0.776976 1.1989 0.931708
threshold=0.66728855721393043 0.79346840842442024 0.88014084507042267 0.7378179762577729 0.28915934917355374 0.58921650055371 0.77815063385533201 0.5335585585585586 0.2323262153566561 0.85317893116058263 0.85758377425044097 0.040134228187919473 0.6876990445859873 0.92777975343764829
decision_type=10 10 10 2 8 10 2 8 2 10 10 2 2 10
left_child=-1 2 3 -2 -5 -6 9 8 -8 10 -3 -11 13 -13
right_child=1 6 -4 4 5 -7 7 -9 -10 11 -12 12 -14 -15
leaf_value=-0.00013965483704396614 4.909915713669424e-05 -0.00045636229459075406 0.00235927785123841 0.0042567345273412825 -0.00075343910594701132 0.0022115732734359359 0.00053933746839088129 0.0018944312169610297 -0.0039386437817956589 0.0024414186580622018 -0.0029980239401462771 -0.0014026625102781004 0.00064754530180196094 0.00046144013551358736
leaf_weight=31632 4094 1775 645 257 465 513 268 1081 229 323 497 1997 2904 1009
leaf_count=31632 4094 1775 645 257 465 513 268 1081 229 323 497 1997 2904 1009
internal_value=-3.13009e-05 0.000182154 0.000602764 0.000390163 0.00152078 0.000801828 -6.70497e-05 0.00081779 -0.00152396 -0.000231221 -0.00101235 5.35097e-05 -7.6997e-05 -0.000776954
internal_weight=47689 16057 5974 5329 1235 978 10083 1578 497 8505 2272 6233 5910 3006
internal_count=47689 16057 5974 5329 1235 978 10083 1578 497 8505 2272 6233 5910 3006
is_linear=0
shrinkage=0.05


Tree=148
num_leaves=15
num_cat=0
split_feature=0 0 6 0 4 5 8 8 4 1 4 7 5 5
split_gain=0.313406 0.288729 0.640189 0.251877 1.26907 1.03397 0.36456 0.625643 0.224055 0.696648 1.0381 0.800103 0.683994 0.554191
threshold=0.99691358024691368 0.98490544543176128 0.51360607182525009 0.9576867987586537 0.78175416133162623 0.54474578327872847 0.4700370328807093 0.3638034759358289 0.15128814683768246 0.072036036036036047 0.056670681118693972 0.36293309438470739 0.80842198581560287 0.93189548546691414
decision_type=2 2 2 2 8 10 10 10 8 2 10 2 10 10
left_child=1 3 -3 8 5 6 7 -5 9 10 11 -1 -12 -11
right_child=-2 2 -4 4 -6 -7 -8 -9 -10 13 12 -13 -14 -15
leaf_value=0.0045156673879885555 0.0014397781158677883 0.00033514973963270933 -0.0033643904307288776 -0.00080218559450465413 -0.0026376334161129006 0.0037346871166860449 -0.00092380630983226889 0.0028514519302727959 1.478755067554879e-05 -0.00069261274768569634 0.00086975440592765665 0.00061170365962668813 -0.0029463015862130093 0.0014425366742966267
leaf_weight=244 370 274 204 207 240 327 316 270 39272 4683 268 284 209 325
leaf_count=244 370 274 204 207 240 327 316 270 39272 4683 268 284 209 325
internal_value=-9.74333e-06 -2.11247e-05 -0.00124373 -8.59584e-06 0.000661858 0.00136889 0.000393338 0.00126591 -2.87309e-05 -0.000312958 0.000888422 0.00241581 -0.00080227 -0.00055405
internal_weight=47493 47123 478 46645 1360 1120 793 477 45285 6013 1005 528 477 5008
internal_count=47493 47123 478 46645 1360 1120 793 477 45285 6013 1005 528 477 5008
is_linear=0
shrinkage=0.05


Tree=149
num_leaves=15
num_cat=0
split_feature=2 4 4 2 1 1 0 3 7 1 1 2 0 1
split_gain=0.601726 1.06896 0.569204 0.755924 1.07408 0.871843 0.836826 0.674572 1.19383 1.42071 1.15631 0.784832 0.674184 1.50028
threshold=0.016064516129032261 0.38744369369369375 0.33031618610747054 0.23100961538461542 0.040134228187919473 0.1123247663551402 0.69927440980072564 0.5374574829931974 0.83474667624865262 0.40329357549471406 0.69533836920529812 0.16956719128329301 0.54474578327872847 0.81297888518453543
decision_type=10 10 10 10 2 2 2 10 2 2 2 10 2 2
left_child=1 -1 -2 5 -5 6 -4 11 9 -9 -11 -7 -6 -14
right_child=2 -3 3 4 12 7 -8 8 -10 10 -12 -13 13 -15
leaf_value=-0.0043112563487298231 0.00020583807952581927 0.0001355172848763937 -0.0011390517913063781 0.0027341564353785606 -0.00031998027896177022 -0.00034851147993196908 -0.0049615189851361461 0.0025027452010066426 0.0038538623280269472 -0.0031685714887343878 0.0003882806609825589 -0.0018957740820726848 0.00013313861121910288 0.0039361406680497625
leaf_weight=227 17854 334 450 349 11871 3048 210 371 222 404 526 1121 10349 266
leaf_count=227 17854 334 450 349 11871 3048 210 371 222 404 526 1121 10349 266
internal_value=-3.59537e-05 -0.0016638 -1.65404e-05 -0.000152572 -1.83666e-05 -0.00063503 -0.00235529 -0.000435562 0.000465009 -0.000113258 -0.00115685 -0.000764554 -6.10878e-05 0.000228438
internal_weight=47602 561 47041 29187 22835 6352 660 5692 1523 1301 930 4169 22486 10615
internal_count=47602 561 47041 29187 22835 6352 660 5692 1523 1301 930 4169 22486 10615
is_linear=0
shrinkage=0.05


Tree=150
num_leaves=15
num_cat=0
split_feature=0 5 5 8 8 8 8 8 4 4 0 8 6 1
split_gain=0.424731 1.10315 1.10758 1.11844 0.863651 0.763615 0.747742 0.790447 0.908 1.25414 0.871104 0.853732 1.03435 0.739386
threshold=0.13229217306757415 0.99141615089890966 0.97231800766283538 0.059234892787524369 0.36803405572755427 0.40891053391053395 0.82397183098591553 0.67752546689303916 0.5812232905982907 0.69533836920529812 0.067732891550911181 0.45796355925547794 0.39145636971723935 0.95017730496453912
decision_type=2 8 10 10 10 10 10 10 8 10 2 10 2 2
left_child=1 2 3 -1 -5 13 7 8 -7 10 -10 -11 -13 -6
right_child=-2 -3 -4 4 5 6 -8 -9 9 11 -12 12 -14 -15
leaf_value=-0.0037199075295113113 2.4717688044363496e-05 0.0030714380099873886 -0.0038558567881798798 0.0016418862457068359 -0.0026259490004614042 -0.0012837925664948508 -0.0011012524279790275 0.0027219101352401551 0.0052671900581723703 0.0018348113250476529 0.00099726879981006859 -0.0036945705747231956 0.00039646976300933436 0.00082339512977377494
leaf_weight=244 41559 218 243 538 662 853 1419 304 210 317 277 269 363 203
leaf_count=244 41559 218 243 538 662 853 1419 304 210 317 277 269 363 203
internal_value=-3.25496e-05 -0.000421434 -0.000550449 -0.000408513 -0.000259302 -0.000469029 -0.00017852 0.000326438 8.29731e-06 0.000775813 0.00283851 -0.000282704 -0.00134481 -0.00181645
internal_weight=47679 6120 5902 5659 5415 4877 4012 2593 2289 1436 487 949 632 865
internal_count=47679 6120 5902 5659 5415 4877 4012 2593 2289 1436 487 949 632 865
is_linear=0
shrinkage=0.05


Tree=151
num_leaves=15
num_cat=0
split_feature=2 7 3 8 8 8 3 1 3 7 6 1 1 8
split_gain=0.399292 0.966056 0.323505 0.796768 0.944698 0.719082 0.861686 1.05581 0.546118 0.607999 1.76325 0.639709 0.678778 0.593083
threshold=0.016064516129032261 0.57261510890543155 0.94773680616525224 0.97318432406519662 0.37298334634400215 0.40612088497934168 0.95469208211143708 0.89849411231884069 0.91139737367970319 0.58874736207416356 0.69533836920529812 0.82784171099772019 0.48338852097130253 0.46888827433628327
decision_type=8 2 10 10 8 10 10 2 10 2 2 2 2 10
left_child=1 -1 8 4 -4 -6 -7 -8 -2 11 -11 12 13 -10
right_child=2 -3 3 -5 5 6 7 -9 9 10 -12 -13 -14 -15
leaf_value=-0.0030752275515420879 9.5993345358091978e-07 0.0011326911439215924 -0.0018426754885082339 -0.0017525086009793239 0.003638190865443475 0.0036563426807212336 -0.00021731881678903775 0.003140665762154546 0.00078695660532685007 0.0032658111903167866 -0.0020149987365103766 0.0002889370508057902 -0.0043217973427262975 -0.0029138795154413874
leaf_weight=331 42923 232 282 332 272 240 1214 290 200 280 363 295 295 236
leaf_count=331 42923 232 282 332 272 240 1214 290 200 280 363 295 295 236
internal_value=-1.75431e-05 -0.00134124 -1.7615e-06 0.000537114 0.000867904 0.00124706 0.000874134 0.000430165 -3.3544e-05 -0.000920908 0.000284576 -0.00167639 -0.00246951 -0.00121625
internal_weight=47785 563 47222 2630 2298 2016 1744 1504 44592 1669 643 1026 731 436
internal_count=47785 563 47222 2630 2298 2016 1744 1504 44592 1669 643 1026 731 436
is_linear=0
shrinkage=0.05


Tree=152
num_leaves=15
num_cat=0
split_feature=0 8 1 1 4 1 4 6 6 3 6 7 8 3
split_gain=0.356899 0.953117 0.715397 0.778344 0.731158 0.881187 1.09422 0.700265 0.569328 0.459771 0.598315 0.613904 0.387412 0.70996
threshold=0.90980525083199815 0.75378874856486811 0.46745780945337195 0.3710899315738026 0.25649460188933876 0.067732891550911181 0.5335585585585586 0.40752535975465914 0.30830200501253141 0.64144437215354599 0.49840764331210197 0.26448946947480678 0.38237068133564955 0.02409677419354839
decision_type=2 10 2 2 8 2 10 2 2 10 2 2 8 10
left_child=12 2 3 4 9 -6 -7 -8 -3 10 11 -2 -1 -14
right_child=1 8 -4 -5 5 6 7 -9 -10 -11 -12 -13 13 -15
leaf_value=0.00025688097558393066 0.0013005162606008747 0.0045189885218289922 -0.0025037395417622328 0.0030182260682397777 -0.0031968775076224587 -0.0010513819195263 -0.00067367330309527876 0.002374717474204785 0.0011347752961743062 -0.0010644788001663984 0.00036708040785876227 0.0048132525489308709 -0.0016931612722191462 -6.7833041676864961e-05
leaf_weight=9761 297 204 233 255 248 1127 286 552 318 200 524 214 686 32643
leaf_count=9761 297 204 233 255 248 1127 286 552 318 200 524 214 686 32643
internal_value=2.3909e-05 0.000449796 0.000183552 0.000352642 0.000155506 -0.000388414 -3.39613e-05 0.00133434 0.00245734 0.00113016 0.00155424 0.0027716 -2.01524e-05 -0.000101287
internal_weight=47548 4458 3936 3703 3448 2213 1965 838 522 1235 1035 511 43090 33329
internal_count=47548 4458 3936 3703 3448 2213 1965 838 522 1235 1035 511 43090 33329
is_linear=0
shrinkage=0.05


Tree=153
num_leaves=15
num_cat=0
split_feature=5 8 4 7 8 2 3 6 6 8 4 4 5 4
split_gain=0.253495 1.03327 0.664111 0.594755 1.35849 0.532367 0.622473 0.500699 0.851988 0.752432 0.892386 0.450759 0.313484 0.581016
threshold=0.93885340395700279 0.44529181535627954 0.035587639311043577 0.59272486772486788 0.34979674796747973 0.40748521630874573 0.87540849673202625 0.25609917355371908 0.043988648090815284 0.721199955391993 0.92044189181269431 0.70317540322580652 0.92796396396396408 0.85036691842091183
decision_type=8 10 10 2 10 8 8 2 2 10 10 10 10 8
left_child=12 3 -3 5 -5 -2 -7 8 11 -10 -11 -4 -1 -14
right_child=1 2 7 4 -6 6 -8 -9 9 10 -12 -13 13 -15
leaf_value=1.9716383741842995e-05 -0.0026585773548325892 0.0034912374178396963 0.00050545020580754663 -0.0017783674715805477 0.0033878207473339987 0.001497117803638315 -0.0021792688758446358 0.0025688479247569711 0.0012171287502621441 -0.0044457935002248953 0.00023097941040189243 0.0037816273114003708 0.00033841190014617423 -0.0030197440764944384
leaf_weight=44215 408 285 212 254 255 252 212 328 292 204 204 208 278 240
leaf_count=44215 408 285 212 254 255 252 212 328 292 204 204 208 278 240
internal_value=3.57547e-05 0.000471951 0.001285 -0.000548329 0.000809801 -0.00134109 -0.000182611 0.000850757 0.000347601 -0.000720601 -0.00210741 0.00212794 5.38975e-06 -0.00121749
internal_weight=47847 3114 1733 1381 509 872 464 1448 1120 700 408 420 44733 518
internal_count=47847 3114 1733 1381 509 872 464 1448 1120 700 408 420 44733 518
is_linear=0
shrinkage=0.05


Tree=154
num_leaves=15
num_cat=0
split_feature=3 2 4 8 7 8 0 0 7 7 7 6 6 0
split_gain=0.436836 0.586574 0.516656 0.523628 0.915878 0.700977 1.0396 0.996379 0.701833 0.657784 0.780764 0.740712 0.626216 0.805971
threshold=0.3212982273201252 0.027460098026894562 0.96761080514030962 0.87966443887496537 0.26448946947480678 0.45634645669291346 0.055749805749805752 0.10452638766949567 0.14854307432432437 0.84964863138237756 0.76624208622249024 0.76987638713302442 0.11635871296591273 0.41131892015557087
decision_type=10 10 10 10 2 8 2 2 2 2 2 2 2 2
left_child=2 -2 3 5 -5 6 -1 -7 -8 10 -10 -12 13 -9
right_child=1 -3 -4 4 -6 7 8 12 9 -11 11 -13 -14 -15
leaf_value=0.0029221629772509914 -0.0021412353568178201 -8.3191666105497756e-05 -0.0017437395092334868 0.0037903297886763502 0.00048088262906195299 -0.0026799238352360568 -0.00066336511911689112 -0.00023358148852904953 0.00053957763672388723 -0.000528923362022886 0.0044233275044704137 0.00096034109357428198 -0.00031083132876573156 0.0040093513286907669
leaf_weight=400 350 32070 328 278 843 410 1515 251 5418 1242 263 374 3710 202
leaf_count=400 350 32070 328 278 843 410 1515 251 5418 1242 263 374 3710 202
internal_value=-1.63794e-06 -0.00010541 0.000219203 0.000262396 0.0013016 0.000177888 0.000429101 -0.000328164 0.000315934 0.000519256 0.000734258 0.00239011 -9.65468e-05 0.00165841
internal_weight=47654 32420 15234 14906 1121 13785 9212 4573 8812 7297 6055 637 4163 453
internal_count=47654 32420 15234 14906 1121 13785 9212 4573 8812 7297 6055 637 4163 453
is_linear=0
shrinkage=0.05


Tree=155
num_leaves=15
num_cat=0
split_feature=2 4 8 5 5 2 6 0 4 7 5 6 7 4
split_gain=0.363101 0.786397 0.900233 0.780904 1.83652 1.43321 0.740022 1.36361 1.82253 1.05171 0.767809 1.03485 0.899528 0.735071
threshold=0.56147098515519578 0.1058256609056157 0.028004705574799036 0.81608823529411778 0.92032191868667446 0.84641025641025658 0.49596747967479676 0.49840764331210197 0.40711125158027822 0.24034734645199765 0.37943619431160336 0.28782428602572491 0.34685648452929568 0.67220002755200448
decision_type=10 8 10 10 10 10 2 2 10 2 10 2 2 10
left_child=-1 3 -3 5 -5 -2 7 8 -4 -9 -11 -12 -13 -8
right_child=1 2 6 4 -6 -7 13 9 -10 10 11 12 -14 -15
leaf_value=0.00011526277965595854 -0.0014438879485332691 -0.0021821964509773392 0.00099752551861339244 -0.0044526593580968927 0.00045941335487517866 0.0023412850425195172 -0.00061929117797895374 0.00024902913603708216 -0.00099342169623564138 0.00028033757433184383 0.0010737516141092877 0.0066139188049072848 0.0026790447971912598 0.00029369658233861529
leaf_weight=26554 835 489 1860 444 333 357 6452 2066 3009 525 624 210 471 3349
leaf_count=26554 835 489 1860 444 333 357 6452 2066 3009 525 624 210 471 3349
internal_value=-7.64323e-06 -0.000162878 -6.4578e-05 -0.00111417 -0.00234749 -0.000310241 -8.80318e-06 0.000325001 -0.000232863 0.00102219 0.00189506 0.00254465 0.00389244 -0.000307323
internal_weight=47578 21024 19055 1969 777 1192 18566 8765 4869 3896 1830 1305 681 9801
internal_count=47578 21024 19055 1969 777 1192 18566 8765 4869 3896 1830 1305 681 9801
is_linear=0
shrinkage=0.05


Tree=156
num_leaves=15
num_cat=0
split_feature=8 4 5 1 6 1 1 1 1 8 5 8 7 3
split_gain=0.307802 0.703237 0.874386 0.855178 0.846354 0.643313 0.54939 0.737078 1.26219 0.857202 0.704648 0.670911 0.435652 0.389216
threshold=0.13943957300800611 0.035587639311043577 0.65543379513967759 0.10033557046979867 0.54612656846699414 0.5684192372129695 0.7264554104176747 0.20866437284954648 0.26870335820895525 0.077492084288677807 0.21789352413291294 0.036900871459694999 0.51342342342342351 0.15016339869281048
decision_type=8 10 10 2 2 2 2 2 2 10 10 10 2 10
left_child=1 3 6 -1 5 -4 7 11 -9 -10 -11 -3 -13 -5
right_child=-2 2 4 13 -6 -7 -8 8 9 10 -12 12 -14 -15
leaf_value=0.0045501729628145519 -8.3002614262596109e-06 0.0015780788048278486 -0.00084378163277585747 -0.00093223511247197174 -0.0031450034073794136 0.0022689968228030628 -0.0015893737722956392 0.0044864105312186148 -0.00031367689261588706 0.00031563072811904879 0.0033616111136771823 3.5524977562438815e-05 -0.0024744852932235516 0.002175577558930321
leaf_weight=213 42640 345 778 200 318 211 254 287 764 334 440 376 320 203
leaf_count=213 42640 345 778 200 318 211 254 287 764 334 440 376 320 203
internal_value=3.53875e-05 0.00040478 0.000184532 0.00198763 -0.000901159 -0.00017968 0.000639339 0.00083686 0.00144245 0.000874435 0.0020472 -0.000224823 -0.0011185 0.000633239
internal_weight=47683 5043 4427 616 1307 989 3120 2866 1825 1538 774 1041 696 403
internal_count=47683 5043 4427 616 1307 989 3120 2866 1825 1538 774 1041 696 403
is_linear=0
shrinkage=0.05


Tree=157
num_leaves=15
num_cat=0
split_feature=6 6 5 6 0 0 7 2 8 3 5 7 6 7
split_gain=0.368335 1.10631 0.89664 0.906887 1.27062 1.0674 0.994332 0.781401 0.869777 0.779308 0.760949 0.725929 0.87233 0.776277
threshold=0.33974596127759288 0.28782428602572491 0.94604989604989609 0.42745013543462207 0.15243012683802901 0.36678657074340532 0.53287072608528641 0.23903424393997694 0.36512474012474017 0.28837491337491344 0.10876959479443953 0.43968574223526541 0.68339328537170274 0.6202627045650303
decision_type=2 2 10 2 2 2 2 10 10 10 10 2 2 2
left_child=1 -1 3 4 -2 -6 10 -3 -9 -10 -7 12 -5 -13
right_child=2 7 -4 11 5 6 -8 8 9 -11 -12 13 -14 -15
leaf_value=8.234682263981667e-06 -0.0026724176702585829 -0.00034008315766904669 0.0022847609575813786 -0.00041514929737501574 0.0013846435067622577 -0.0026061570862291649 -0.003750207604194446 -0.00045765502854394592 0.0044685469557579878 0.0016352057940743861 -0.00015164828917762509 0.00062355801908569968 -0.003469797869638198 -7.2895702331079957e-05
leaf_weight=13555 762 651 387 5077 664 374 267 381 306 1173 2028 5277 245 16547
leaf_count=13555 762 651 387 5077 664 374 267 381 306 1173 2028 5277 245 16547
internal_value=-8.14564e-06 0.000186813 -0.000107178 -0.000136808 -0.00083041 -0.000409285 -0.000855583 0.00115082 0.00167264 0.00222141 -0.000533824 -3.2178e-05 -0.000555771 9.55054e-05
internal_weight=47694 16066 31628 31241 4095 3333 2669 2511 1860 1479 2402 27146 5322 21824
internal_count=47694 16066 31628 31241 4095 3333 2669 2511 1860 1479 2402 27146 5322 21824
is_linear=0
shrinkage=0.05


Tree=158
num_leaves=15
num_cat=0
split_feature=4 3 8 8 4 1 3 3 8 5 1 5 1 8
split_gain=0.287761 0.664736 1.01625 1.21612 1.11007 0.699906 0.499083 1.22522 1.14325 1.39652 1.37434 0.848184 1.32369 1.59655
threshold=0.79370039682539695 0.94773680616525224 0.55613076999110411 0.38911657559198548 0.58921650055371 0.23629205440229065 0.79704696523918506 0.58397080291970804 0.35849379058903957 0.83082579185520378 0.35495558672276772 0.65543379513967759 0.41543878656554717 0.41849261849261854
decision_type=10 10 10 8 8 2 10 10 10 10 2 10 2 10
left_child=1 -1 3 -3 -4 -5 7 11 -8 -10 -11 -2 13 -13
right_child=6 2 4 5 -6 -7 8 -9 9 10 -12 12 -14 -15
leaf_value=-2.9682567579672374e-05 0.00034117171588088542 -0.00070571747592425554 -0.0029313242581494592 0.0013392937150003912 0.0014768889994989799 0.0050858603595055341 -0.0039119571946420765 0.0009962004594264932 -0.0014550690934420794 0.003470747622109398 -0.00016344666632931243 -6.3318733102112835e-05 -0.00044132103088194327 -0.0055859873208542431
leaf_weight=37148 1463 232 256 203 323 323 265 1976 1830 324 1320 220 1404 323
leaf_count=37148 1463 232 256 203 323 323 265 1976 1830 324 1320 220 1404 323
internal_value=-5.01158e-05 9.74019e-06 0.00110509 0.00230987 -0.000472166 0.00363994 -0.000302561 5.53427e-06 -0.000746369 -0.000504895 0.000552781 -0.000568529 -0.00125209 -0.00334844
internal_weight=47610 38485 1337 758 579 526 9125 5386 3739 3474 1644 3410 1947 543
internal_count=47610 38485 1337 758 579 526 9125 5386 3739 3474 1644 3410 1947 543
is_linear=0
shrinkage=0.05


Tree=159
num_leaves=15
num_cat=0
split_feature=7 7 7 1 1 3 8 6 2 1 5 8 1 6
split_gain=0.369243 1.11013 0.643892 0.584965 1.67616 1.00417 0.557689 0.699217 0.929784 0.753963 0.613531 0.743499 0.518094 0.500407
threshold=0.84641025641025658 0.883795948987247 0.92044189181269431 0.92777975343764829 0.76624208622249024 0.36693947594218207 0.94248738939882581 0.90980525083199815 0.47162141432735089 0.17667066826730696 0.60065359477124192 0.44402797202797212 0.16034135100100824 0.85758377425044097
decision_type=2 2 2 2 2 10 10 2 8 2 10 10 2 2
left_child=13 -2 3 4 5 -3 7 8 -4 -9 -11 -12 -7 -1
right_child=1 2 6 -5 -6 12 -8 9 -10 10 11 -13 -14 -15
leaf_value=3.7479610147332897e-05 -0.001401008336230064 -0.0018613053215070449 3.7546168043659624e-05 -0.0015848583819884382 0.0040326850776030675 0.0033478403044593808 0.0019293816379227964 -0.0028859965006867621 -0.0039997549851322886 -0.00026018041257988735 -0.00032682806619834762 0.0039164048553841039 0.00045387247381769902 0.0009636140627641229
leaf_weight=38474 1778 386 271 220 384 215 257 239 301 2493 204 209 551 1516
leaf_count=38474 1778 386 271 220 384 215 257 239 301 2493 204 209 551 1516
internal_value=1.21836e-05 -0.000309554 2.91205e-05 0.000826474 0.00117185 0.000218234 -0.000323208 -0.000478956 -0.00208698 -0.000186495 3.55217e-05 0.00182047 0.00126615 7.25889e-05
internal_weight=47498 7508 5730 1756 1536 1152 3974 3717 572 3145 2906 413 766 39990
internal_count=47498 7508 5730 1756 1536 1152 3974 3717 572 3145 2906 413 766 39990
is_linear=0
shrinkage=0.05


Tree=160
num_leaves=15
num_cat=0
split_feature=6 4 1 1 8 4 6 4 1 0 2 8 2 3
split_gain=0.415794 0.998596 0.668886 1.31347 1.12441 0.792241 0.796137 0.746221 0.657145 0.569693 0.537211 0.59172 0.525241 0.576904
threshold=0.88014084507042267 0.29719937328632989 0.51736194839643124 0.39145636971723935 0.74318125464914464 0.41946762914504859 0.94623128549303048 0.42351726726726729 0.57261510890543155 0.78210647586708715 0.4593593593593594 0.5737069513279961 0.76624208622249024 0.54894589414713268
decision_type=2 8 2 2 8 8 2 8 2 2 10 10 10 10
left_child=-1 -2 3 5 9 -3 -7 -4 -9 -5 -10 12 13 -12
right_child=1 2 7 4 -6 6 -8 8 10 -11 11 -13 -14 -15
leaf_value=-6.6377378699852406e-05 0.0016410172835122077 0.0019028391647597589 -0.0023475210282880915 0.0048989163762467669 -0.00074939607013832998 6.932487283123161e-05 -0.003552626015889006 -0.0020590179557657294 0.001110359629664374 0.001528053458916737 -0.0024257569856758294 0.00075992886733319484 -0.0034019705572217295 0.0010620338705949984
leaf_weight=41800 1243 259 420 333 202 379 253 361 992 201 212 568 225 269
leaf_count=41800 1243 259 420 333 202 379 253 361 992 201 212 568 225 269
internal_value=-1.08464e-05 0.000381446 4.64763e-05 0.000865025 0.00242812 -0.000426156 -0.0013806 -0.000390602 -7.77335e-05 0.00363011 0.000237908 -0.000441426 -0.00140796 -0.000475205
internal_weight=47717 5917 4674 1627 736 891 632 3047 2627 534 2266 1274 706 481
internal_count=47717 5917 4674 1627 736 891 632 3047 2627 534 2266 1274 706 481
is_linear=0
shrinkage=0.05


Tree=161
num_leaves=15
num_cat=0
split_feature=5 0 2 3 3 5 5 1 1 1 4 5 2 4
split_gain=0.545694 1.05436 0.834838 0.574015 0.360428 1.15195 0.896906 1.21341 0.67884 0.854027 0.671317 0.906213 1.06731 0.834074
threshold=0.98501851644035476 0.14056043388429754 0.8049813972715999 0.99215674212598437 0.1709964012595592 0.887270994387377 0.84983660130718963 0.58482571154461149 0.24435962680237491 0.69169799498746876 0.35093528523294998 0.66770833333333346 0.048038461538461551 0.62934048709910784
decision_type=10 2 10 10 8 10 10 2 2 2 10 10 10 10
left_child=3 -2 -3 4 5 6 10 -8 -7 -10 -1 -12 -13 -14
right_child=1 2 -4 -5 -6 8 7 -9 9 -11 11 12 13 -15
leaf_value=0.00069411761053363456 0.0014129641660018087 -0.00086776804692374602 -0.0047086602015978807 0.0021798849176529102 -4.1420400518731861e-05 0.0040455807076848916 0.00072180407642272138 -0.004523067887998492 -0.001066957028973882 0.0025412509489306147 0.0002884289221067471 0.0015408774814684298 -0.00032416464283227157 -0.0039499702271526662
leaf_weight=3685 259 351 237 310 38674 276 207 236 272 413 1849 201 252 428
leaf_count=3685 259 351 237 310 38674 276 207 236 272 413 1849 201 252 428
internal_value=1.27121e-05 -0.00124508 -0.00241588 3.54745e-05 2.11763e-05 0.000330789 0.000103607 -0.0020723 0.00195203 0.0011085 0.000253869 -0.000340387 -0.00166011 -0.00260629
internal_weight=47650 847 588 46803 46493 7819 6858 443 961 685 6415 2730 881 680
internal_count=47650 847 588 46803 46493 7819 6858 443 961 685 6415 2730 881 680
is_linear=0
shrinkage=0.05


Tree=162
num_leaves=15
num_cat=0
split_feature=3 1 2 8 2 3 6 5 3 6 2 7 6 1
split_gain=0.317841 0.814756 0.352236 0.62995 0.810637 0.674789 0.803454 0.733944 0.618934 0.591004 0.444842 0.352819 0.495076 0.60318
threshold=0.99215674212598437 0.82041266025641035 0.076362383375742179 0.4479583333333334 0.064632165235553499 0.18340978593272175 0.080123456790123462 0.81270161290322596 0.33440860215053769 0.088117647058823537 0.043988648090815284 0.85758377425044097 0.33229166666666671 0.72265840642826484
decision_type=8 2 10 8 10 10 2 10 10 2 10 2 2 2
left_child=2 -2 3 4 5 6 -1 10 -7 -5 -8 12 -11 -14
right_child=1 -3 -4 9 -6 8 7 -9 -10 11 -12 -13 13 -15
leaf_value=-0.0013480870932564323 -0.000263342218530284 0.0035296086313524829 -6.2402731158782014e-06 0.00069076238723013493 -0.0023482073741698316 -0.0028637291804819004 0.0023824432897413712 0.0045809001339616124 0.00049820294864374504 -0.0010338896640923951 -0.00068039366655718928 9.5604757074586942e-05 -0.0017752637188860503 -0.005194035454942382
leaf_weight=204 394 221 43615 315 282 218 289 224 368 542 201 221 314 219
leaf_count=204 394 221 43615 315 282 218 289 224 368 542 201 221 314 219
internal_value=-2.96623e-05 0.00109965 -4.44358e-05 -0.000534838 0.000111831 0.000573088 0.00141926 0.00220993 -0.000752482 -0.00125175 0.00112606 -0.00172389 -0.00209795 -0.00317997
internal_weight=47627 615 47012 3397 1786 1504 918 714 586 1611 490 1296 1075 533
internal_count=47627 615 47012 3397 1786 1504 918 714 586 1611 490 1296 1075 533
is_linear=0
shrinkage=0.05


Tree=163
num_leaves=15
num_cat=0
split_feature=8 7 7 4 5 6 5 7 4 6 1 4 7 8
split_gain=0.303588 0.703348 0.913475 0.875123 0.749213 0.76255 0.70778 0.974684 0.702348 0.593288 0.573799 0.464708 0.402871 0.369952
threshold=0.93280446506961001 0.9244490248929762 0.72265840642826484 0.90980525083199815 0.85375234521575993 0.2323262153566561 0.73444413716814172 0.33877632631298321 0.64893079217430871 0.20446250829462512 0.84964863138237756 0.55378258105530842 0.27303030303030307 0.65181878306878327
decision_type=10 2 2 10 10 2 10 2 8 2 2 8 2 8
left_child=13 2 4 8 6 11 9 -8 -4 -2 -11 -6 -13 -1
right_child=1 -3 3 -5 5 -7 7 -9 -10 10 -12 12 -14 -15
leaf_value=4.3339652904587023e-05 0.0031778609861534291 0.0028879702809253152 -0.0022199635976430728 -0.0040564062044450965 -0.00064598538893726408 0.0044972220180224051 -0.0037538517508298713 0.00049751486592026443 0.0019347695184944386 0.0011021978971050069 -0.0018677099135099855 0.0036436686421199363 0.0006743497741787674 -0.0003033387143372198
leaf_weight=34436 207 274 200 214 262 204 249 294 207 509 239 205 258 9910
leaf_count=34436 207 274 200 214 262 204 249 294 207 509 239 205 258 9910
internal_value=4.03376e-07 0.00046143 0.000243296 -0.0014679 0.000681143 0.00179668 -1.06718e-05 -0.00145201 -0.000106868 0.000808852 0.000153257 0.00103681 0.00198906 -3.41326e-05
internal_weight=47668 3322 3048 621 2427 929 1498 543 407 955 748 725 463 44346
internal_count=47668 3322 3048 621 2427 929 1498 543 407 955 748 725 463 44346
is_linear=0
shrinkage=0.05


Tree=164
num_leaves=15
num_cat=0
split_feature=7 5 0 4 4 8 4 7 4 1 0 7 7 1
split_gain=0.498328 0.923045 0.332651 0.631712 1.99989 1.27896 1.53234 0.393731 0.719576 1.19507 1.25132 0.835031 1.17272 0.844643
threshold=0.99215674212598437 0.35058680954203347 0.032129032258064523 0.58544608472400517 0.19865281683752156 0.41525057603686644 0.80478277439024404 0.42745013543462207 0.63346055979643767 0.42366996233521664 0.76987638713302442 0.32094158835452374 0.26053379098118129 0.83881792595799964
decision_type=2 10 2 8 10 10 10 2 10 2 2 2 2 2
left_child=2 -2 3 4 -1 -5 -7 8 -4 10 -10 12 -11 -13
right_child=1 -3 7 5 -6 6 -8 -9 9 11 -12 13 -14 -15
leaf_value=0.00082891418873180594 -0.00025110100504995188 0.0040271165130426048 4.5706344595129706e-05 -0.0031872920394854865 -0.0059893722391568044 0.0045741955299928565 -0.00065886177000092929 0.00014276970542943571 -0.002570270189664129 -0.00016269189524955932 -5.5132273510798471e-06 -0.0022849725581730448 0.0023739381364419926 0.00082879040173415575
leaf_weight=230 299 218 13822 230 202 216 397 25874 1257 2426 765 716 561 313
leaf_count=230 299 218 13822 230 202 216 397 25874 1257 2426 765 716 561 313
internal_value=9.00979e-06 0.00155287 -7.96939e-06 -0.000804566 -0.00235927 -7.85179e-06 0.00118509 1.42386e-05 -0.000153214 -0.000608577 -0.00159992 -0.000109447 0.000313722 -0.00133783
internal_weight=47526 517 47009 1275 432 843 613 45734 19860 6038 2022 4016 2987 1029
internal_count=47526 517 47009 1275 432 843 613 45734 19860 6038 2022 4016 2987 1029
is_linear=0
shrinkage=0.05


Tree=165
num_leaves=15
num_cat=0
split_feature=0 4 5 5 8 4 8 4 4 5 1 3 0 4
split_gain=0.41635 1.0998 1.00041 0.814507 0.420482 0.395489 0.843965 0.393457 0.322891 0.968528 0.656037 1.01551 0.885733 0.777202
threshold=0.027460098026894562 0.5812232905982907 0.82041266025641035 0.92032191868667446 0.99233705226071656 0.97802168312580517 0.47983739837398381 0.99209473815773042 0.15128814683768246 0.97864741641337394 0.047972602739726034 0.019077949651198061 0.49840764331210197 0.056670681118693972
decision_type=2 8 8 8 10 10 10 10 8 10 2 10 2 10
left_child=1 -1 -3 -4 5 8 -7 -8 9 10 12 -12 13 -2
right_child=4 2 3 -5 -6 6 7 -9 -10 -11 11 -13 -14 -15
leaf_value=-0.003324583972197718 0.0018251134164009792 0.0018706017575070037 -0.0037626769977100283 0.00063794072558783811 0.0016452761769638773 0.00090286489004236562 -0.0034622480810308971 -0.00070914463981132684 9.4441006626617887e-05 0.0031019059966405482 -0.0040598096534285658 -0.00046177388941888437 0.003451838427132984 -0.0023039493654856604
leaf_weight=338 224 396 217 204 402 342 303 227 39174 203 204 5069 245 232
leaf_count=338 224 396 217 204 402 342 303 227 39174 203 204 5069 245 232
internal_value=1.19554e-05 -0.000925811 6.65818e-05 -0.00163031 3.51858e-05 2.11829e-05 -0.00103355 -0.00228309 4.14632e-05 -0.000294518 -0.00040993 -0.000600973 0.00102712 -0.000275638
internal_weight=47780 1155 817 421 46625 46223 872 530 45351 6177 5974 5273 701 456
internal_count=47780 1155 817 421 46625 46223 872 530 45351 6177 5974 5273 701 456
is_linear=0
shrinkage=0.05


Tree=166
num_leaves=15
num_cat=0
split_feature=0 2 4 8 0 4 8 2 6 6 5 6 2 4
split_gain=0.266453 0.274402 0.820139 0.588003 0.45562 0.458597 0.449376 0.571402 0.499098 0.434911 0.430912 0.42544 0.522716 0.378629
threshold=0.99691358024691368 0.93868600071607611 0.97189680136896162 0.448344280240832 0.47162141432735089 0.37943619431160336 0.50851449275362326 0.96485050654806048 0.26820431247790749 0.25206668033066887 0.76226642210248774 0.45150089605734772 0.97818152967311978 0.99691358024691368
decision_type=2 10 10 8 2 8 8 10 2 2 10 2 10 10
left_child=1 13 3 4 5 -3 -5 8 -8 -7 -6 12 -9 -1
right_child=-2 2 -4 6 10 9 7 11 -10 -11 -12 -13 -14 -15
leaf_value=2.4364177823656136e-05 0.0013462169767524698 0.0011287483646860031 -0.0035081833946268731 0.0019562111942853567 -0.00082979109772713863 -0.0030788653992434465 0.0029692227652864454 -0.0034501329656364608 -0.00010798057777898722 0.00019835476024309174 -0.0040998384579006824 0.0010927869204128654 -0.0004693575792299709 0.0018277647824693349
leaf_weight=43758 373 296 205 344 200 205 232 223 305 200 203 212 432 293
leaf_count=43758 373 296 205 344 200 205 232 223 305 200 203 212 432 293
internal_value=1.51093e-05 4.56958e-06 -0.000453516 -0.000233949 -0.00113733 -0.000367171 0.000336608 -6.02177e-05 0.00122146 -0.00146049 -0.00247699 -0.000854061 -0.00148419 3.63593e-05
internal_weight=47481 47108 3057 2852 1104 701 1748 1404 537 405 403 867 655 44051
internal_count=47481 47108 3057 2852 1104 701 1748 1404 537 405 403 867 655 44051
is_linear=0
shrinkage=0.05


Tree=167
num_leaves=15
num_cat=0
split_feature=7 5 4 1 6 0 6 2 7 4 5 4 6 0
split_gain=0.386094 1.01571 1.72744 1.51267 1.3145 0.967876 0.887211 0.831096 1.00718 0.782047 0.771945 0.840665 0.87413 0.735036
threshold=0.24034734645199765 0.66367658889782799 0.04849910394265234 0.9426490550276706 0.075693913929208059 0.49840764331210197 0.33974596127759288 0.50949405119576985 0.10033557046979867 0.55378258105530842 0.64361413043478277 0.068726145038167957 0.43985815602836886 0.67193750000000019
decision_type=2 10 10 2 2 2 2 10 2 8 10 8 2 2
left_child=1 3 -3 6 7 -6 13 -4 -9 -8 11 12 -2 -1
right_child=10 2 4 -5 5 -7 9 8 -10 -11 -12 -13 -14 -15
leaf_value=-0.00029233233385293663 -0.0045629439960817074 0.0011105270993504327 0.0010385877435215632 0.0040324082235964212 -0.0032690415650378276 -0.00092345995103427266 -0.00011907027443668809 0.00072959137777797885 -0.0033294433996055636 -0.0018749947898570173 0.00038276007937828249 -4.7405020582826572e-05 -0.00062209580936322317 0.001013790312697181
leaf_weight=2026 206 832 645 235 1082 741 1780 275 344 985 12975 22764 444 2300
leaf_count=2026 206 832 645 235 1082 741 1780 275 344 985 12975 22764 444 2300
internal_value=-5.73056e-06 -0.000261803 -0.000911516 8.57567e-05 -0.00145649 -0.00231563 -4.50377e-05 -0.000217406 -0.00152616 -0.000744599 7.34015e-05 -9.80313e-05 -0.00187104 0.000402093
internal_weight=47634 11245 3919 7326 3087 1823 7091 1264 619 2765 36389 23414 650 4326
internal_count=47634 11245 3919 7326 3087 1823 7091 1264 619 2765 36389 23414 650 4326
is_linear=0
shrinkage=0.05


Tree=168
num_leaves=15
num_cat=0
split_feature=2 8 4 5 5 3 5 8 8 3 4 7 5 5
split_gain=0.300719 0.515028 0.381228 0.651492 0.701969 0.631115 0.482528 0.409163 1.00785 0.554552 0.375885 0.368726 0.292619 0.266394
threshold=0.076362383375742179 0.3638034759358289 0.78596059113300509 0.90234733174399417 0.82041266025641035 0.084680573663624525 0.91318840579710148 0.46317502410800393 0.41525057603686644 0.12099342510786934 0.085370701649771438 0.57261510890543155 0.99691358024691368 0.96497362286835975
decision_type=10 8 8 10 10 8 8 10 10 10 10 2 8 10
left_child=1 10 3 4 7 -4 -7 8 -3 -9 -1 -12 13 -2
right_child=12 2 5 -5 -6 6 -8 9 -10 -11 11 -13 -14 -15
leaf_value=0.0023299221935454534 -4.6332820884747976e-05 -0.0022779912251055011 0.001622584984138225 0.0010616565077692609 -0.0042554219038225712 9.2840760482899661e-05 -0.0022377613210355684 -0.0043081483626738193 0.0024378628081784441 -0.00088094497387234891 -0.001122881487793143 0.0013145268506018662 0.0014828071995495731 -0.00082678004209891815
leaf_weight=217 42886 258 333 220 250 509 394 200 202 288 363 271 307 1122
leaf_count=217 42886 258 333 220 250 509 394 200 202 288 363 271 307 1122
internal_value=-9.0762e-05 -0.0005366 -0.000879807 -0.00143929 -0.00189856 -0.000237946 -0.000924055 -0.00127702 -0.000207116 -0.00228554 0.000533753 -8.1024e-05 -5.54994e-05 -6.62306e-05
internal_weight=47820 3505 2654 1418 1198 1236 903 948 460 488 851 634 44315 44008
internal_count=47820 3505 2654 1418 1198 1236 903 948 460 488 851 634 44315 44008
is_linear=0
shrinkage=0.05


Tree=169
num_leaves=15
num_cat=0
split_feature=1 1 4 2 3 3 0 6 4 5 0 3 5 0
split_gain=0.596271 0.49442 0.523995 0.673637 0.500484 0.671805 0.490381 0.433601 0.402412 0.529651 0.33959 0.304642 0.541478 1.01504
threshold=0.96070711749266646 0.9678709677419356 0.6876990445859873 0.8049813972715999 0.2164892100009507 0.60885910428244538 0.027460098026894562 0.39145636971723935 0.21545092838196289 0.80139415136500547 0.12829175329175332 0.37539808917197459 0.883795948987247 0.19262657152565413
decision_type=2 2 8 10 8 10 2 2 10 10 2 10 8 2
left_child=6 -2 3 10 -4 -6 8 -7 -1 -10 -3 12 -8 -14
right_child=1 2 4 -5 5 7 11 -9 9 -11 -12 -13 13 -15
leaf_value=0.00040118046342146478 0.0025718575771856208 -0.0006699217815721633 0.0018966393586306368 0.0039262549373360626 -0.0032686000742682222 0.0011973246118582226 3.9794400490475322e-05 -0.0017542606047308987 -0.00049087837167676568 -0.0036083130876366529 0.0017971721503957838 -0.00014081200714048371 0.0027743065261695756 5.5208215952943228e-05
leaf_weight=241 334 282 200 201 216 319 15255 204 272 273 276 28145 538 948
leaf_count=241 334 282 200 201 216 319 15255 204 272 273 276 28145 538 948
internal_value=-2.47445e-05 0.00081332 0.000467413 0.00144437 -0.000322271 -0.000922788 -6.2031e-05 4.60371e-05 -0.00130013 -0.00205246 0.000550361 -4.03506e-05 0.000128545 0.00103965
internal_weight=47704 2032 1698 759 939 739 45672 523 786 545 558 44886 16741 1486
internal_count=47704 2032 1698 759 939 739 45672 523 786 545 558 44886 16741 1486
is_linear=0
shrinkage=0.05


Tree=170
num_leaves=15
num_cat=0
split_feature=2 0 8 0 3 5 3 1 6 0 3 0 1 5
split_gain=0.450526 0.997658 0.543462 0.493191 0.716948 0.663823 0.430056 0.596141 1.05361 1.14444 0.983437 0.922382 0.918599 1.16209
threshold=0.75836129753914994 0.9721250971250972 0.99233705226071656 0.9755097960815674 0.3212982273201252 0.3833959899749374 0.3008489819411469 0.35495558672276772 0.088117647058823537 0.43968574223526541 0.96563533301842241 0.7264554104176747 0.4593593593593594 0.35058680954203347
decision_type=8 2 10 2 10 10 8 2 2 2 10 2 2 8
left_child=2 6 3 -1 5 -5 -2 8 9 -8 11 -10 13 -9
right_child=1 -3 -4 4 -6 -7 7 12 10 -11 -12 -13 -14 -15
leaf_value=8.9460995512467628e-05 0.0007067742758128312 0.0026444250766743749 0.0021226179416471299 0.0024452052944819833 -0.0020726719607543696 -0.0013040615413046908 0.00020026933179115473 0.00045330879436142823 -0.00064650909772084398 -0.0038114432368871751 0.003664084980630328 0.0012503062190382039 -0.00047983329165037896 -0.0032730969271689957
leaf_weight=34486 879 284 321 227 639 246 391 302 1364 326 229 1209 6026 681
leaf_count=34486 879 284 321 227 639 246 391 302 1364 326 229 1209 6026 681
internal_value=-1.32391e-05 -0.000282837 7.45104e-05 5.60418e-05 -0.000980373 0.000495269 -0.000355717 -0.000444427 8.65678e-05 -0.00162375 0.000524217 0.000244766 -0.000711022 -0.00212826
internal_weight=47610 11691 35919 35598 1112 473 11407 10528 3519 717 2802 2573 7009 983
internal_count=47610 11691 35919 35598 1112 473 11407 10528 3519 717 2802 2573 7009 983
is_linear=0
shrinkage=0.05


Tree=171
num_leaves=15
num_cat=0
split_feature=6 6 2 1 1 6 4 7 6 3 8 4 2 2
split_gain=0.28552 0.77757 1.05196 0.910808 0.8936 0.784322 0.730799 0.69967 0.675605 0.613803 0.669497 0.607985 0.699996 0.588026
threshold=0.2323262153566561 0.33974596127759288 0.62108993157380266 0.29277003484320563 0.92777975343764829 0.29571341090018377 0.052805855698849775 0.17667066826730696 0.271564058539776 0.84191594093146549 0.39299345692475468 0.99691358024691368 0.89849411231884069 0.52548558703451709
decision_type=2 2 8 2 2 2 10 2 2 10 10 8 8 10
left_child=11 2 3 5 9 8 -5 -3 -2 10 -4 -1 -13 -8
right_child=1 7 4 6 -6 -7 13 -9 -10 -11 -12 12 -14 -15
leaf_value=-0.00035965054377910528 -0.00094375967981975752 -0.00096536107064851707 -0.00014620218632372268 0.0030796116461073433 0.0047199784658185327 0.0005815794807933391 0.00066281802647232479 3.4028768688021832e-05 -0.0043616225433134757 -0.00025391757226029242 0.0025469224860600729 0.0014647920009152474 -0.0012352033556938219 -0.0018208873566216536
leaf_weight=9636 366 1861 315 272 202 390 1706 29713 239 507 863 970 319 277
leaf_count=9636 366 1861 315 272 202 390 1706 29713 239 507 863 970 319 277
internal_value=1.16369e-06 6.79417e-05 0.000638436 9.32333e-05 0.00157745 -0.00116686 0.00064924 -2.48762e-05 -0.00229396 0.00120071 0.00182677 -0.000223229 0.000796601 0.000315876
internal_weight=47636 36711 5137 3250 1887 995 2255 31574 605 1685 1178 10925 1289 1983
internal_count=47636 36711 5137 3250 1887 995 2255 31574 605 1685 1178 10925 1289 1983
is_linear=0
shrinkage=0.05


Tree=172
num_leaves=15
num_cat=0
split_feature=3 4 7 0 4 0 1 0 1 4 3 1 7 0
split_gain=0.336314 0.475649 1.5307 0.571678 0.458185 0.724491 1.05812 0.808794 0.820715 0.691571 0.660652 0.693348 0.697038 0.665862
threshold=0.30521412860654684 0.032389194859690544 0.2323262153566561 0.34685648452929568 0.33031618610747054 0.60065359477124192 0.89138860802157072 0.883795948987247 0.56067686207873135 0.17939876215738287 0.17893706714844929 0.32094158835452374 0.67546764261647507 0.24034734645199765
decision_type=8 8 2 2 10 2 2 2 2 8 10 2 2 2
left_child=1 2 -1 -4 5 6 10 8 -7 -8 11 13 -13 -3
right_child=-2 4 3 -5 -6 7 9 -9 -10 -11 -12 12 -14 -15
leaf_value=0.0022303319850615786 -0.00010910769947391505 0.0026663824872717565 -0.0044232492090370027 -0.0010496086413702306 -3.2995761833371207e-05 -0.0012539624198620722 -0.0022118978271964684 0.00099898663155077619 0.0015036572531614354 0.00089106183644951497 0.00053285542474950764 0.0019710913673390133 0.0046460383899716087 -0.0010047140891546351
leaf_weight=241 33277 209 234 271 6989 1404 371 1120 334 348 1219 914 332 302
leaf_count=241 33277 209 234 271 6989 1404 371 1120 334 348 1219 914 332 302
internal_value=-2.19888e-05 0.000180913 -0.00104822 -0.00261284 0.000248623 0.000548979 0.00101135 -4.88022e-05 -0.000724017 -0.000710048 0.00142724 0.00204776 0.00268384 0.000496772
internal_weight=47565 14288 746 505 13542 6553 3695 2858 1738 719 2976 1757 1246 511
internal_count=47565 14288 746 505 13542 6553 3695 2858 1738 719 2976 1757 1246 511
is_linear=0
shrinkage=0.05


Tree=173
num_leaves=15
num_cat=0
split_feature=0 8 7 3 8 3 8 4 8 1 3 3 4 4
split_gain=0.540131 0.921379 0.869228 0.880121 0.762598 2.04933 0.990247 1.03473 1.06087 0.988757 1.24737 0.854091 0.63735 0.559354
threshold=0.10033557046979867 0.42641750639193871 0.62408681277662248 0.26448946947480678 0.82397183098591553 0.94070935342121798 0.54103974848416814 0.84641025641025658 0.44635478158205438 0.75431162652393702 0.28837491337491344 0.49609351156686815 0.92796396396396408 0.88737058110250921
decision_type=2 10 2 8 10 10 10 8 10 2 10 10 10 8
left_child=1 2 -1 -4 5 6 7 8 -3 -6 -11 -10 -9 -12
right_child=-2 4 3 -5 9 -7 -8 12 11 10 13 -13 -14 -15
leaf_value=-0.0024893563029359995 0.00010121326041332199 0.0011024765705383601 0.0026448917359554124 -0.0012715522331223255 0.0021176202503726061 0.0045397804812769057 0.0024375094055895893 0.0029118550899703572 -0.0048056544582429578 0.0016533423711046675 -0.0042388490358209836 -0.00079158273273139822 -0.00085306168996921849 -0.0014512775555803356
leaf_weight=883 43040 219 203 489 215 290 318 246 299 222 310 238 207 429
leaf_count=883 43040 219 203 489 215 290 318 246 299 222 310 238 207 429
internal_value=4.63469e-05 -0.000470608 -0.00144951 -0.000122653 4.45175e-05 0.0006866 -4.51764e-05 -0.000698191 -0.00183048 -0.000947543 -0.0016333 -0.00302661 0.00119146 -0.00262062
internal_weight=47608 4568 1575 692 2993 1817 1527 1209 756 1176 961 537 453 739
internal_count=47608 4568 1575 692 2993 1817 1527 1209 756 1176 961 537 453 739
is_linear=0
shrinkage=0.05


Tree=174
num_leaves=15
num_cat=0
split_feature=4 2 8 8 1 5 5 4 6 4 5 1 8 6
split_gain=0.264387 1.11073 0.400619 0.423507 0.707221 0.38537 0.368352 0.843307 0.241234 0.353843 1.31595 0.804722 0.727386 0.446702
threshold=0.95356537809949182 0.94604989604989609 0.45796355925547794 0.56789830508474581 0.887270994387377 0.87614833544037096 0.94604989604989609 0.97525762677277839 0.012821039654818166 0.040431560592850919 0.69927440980072564 0.10033557046979867 0.42641750639193871 0.32013071895424844
decision_type=10 10 10 10 2 10 10 10 2 8 10 2 10 2
left_child=8 2 6 -4 5 -5 7 -2 -1 10 13 -12 -13 -10
right_child=1 -3 3 4 -6 -7 -8 -9 9 -11 11 12 -14 -15
leaf_value=-0.0013062527249044359 0.0048742413768441155 -0.0023242122367057101 -0.0009492619801959438 0.0013662253745879553 0.0028290493679346967 -0.0014402227362958141 0.0002472980672926965 0.00055496562902893249 0.0001890867702857517 -3.3638315907547126e-06 0.0036877650941524419 -0.00092890842609419778 0.0022426472844567914 -0.0029475796779947273
leaf_weight=344 237 285 360 231 347 260 202 216 213 43694 351 337 390 243
leaf_count=344 237 285 360 231 347 260 202 216 213 43694 351 337 390 243
internal_value=3.8302e-05 0.000581715 0.00102866 0.000485047 0.00110122 -0.000119877 0.00202293 0.00281472 1.28078e-05 2.28405e-05 0.000769237 0.0017217 0.000772476 -0.00148243
internal_weight=47710 2138 1853 1198 838 491 655 453 45572 45228 1534 1078 727 456
internal_count=47710 2138 1853 1198 838 491 655 453 45572 45228 1534 1078 727 456
is_linear=0
shrinkage=0.05


Tree=175
num_leaves=15
num_cat=0
split_feature=0 0 6 7 7 0 1 6 0 0 6 2 3 6
split_gain=0.37007 0.439751 0.774258 0.330621 0.822499 0.570204 0.955379 0.793499 0.554106 0.471012 0.41395 0.407988 0.394041 0.364409
threshold=0.99691358024691368 0.98490544543176128 0.51360607182525009 0.055749805749805752 0.083942774782469462 0.65917508417508419 0.67193750000000019 0.1123247663551402 0.19262657152565413 0.81642014604006752 0.29181873479318737 0.41131892015557087 0.22472194135490398 0.23629205440229065
decision_type=2 2 2 2 2 2 2 2 2 2 2 10 8 2
left_child=1 3 -3 5 10 6 7 -1 -8 -7 12 -10 -5 -9
right_child=-2 2 -4 4 -6 9 8 13 11 -11 -12 -13 -14 -15
leaf_value=-0.00062477996944564215 0.0015372610568152034 0.00022638482287839912 -0.0037662069168724228 0.00015424393798009708 -1.8420074744221371e-05 0.001539522044866721 -0.0016521401781983162 -0.0054131294230755885 0.0029231865116162228 -0.00069880036254341496 -0.00016005814221145597 -0.00022140334976810807 0.0024423463700824093 -0.0024798550158221691
leaf_weight=342 381 279 215 260 43061 450 258 200 200 492 372 213 681 225
leaf_count=342 381 279 215 260 43061 450 258 200 200 492 372 213 681 225
internal_value=-1.47878e-05 -2.73033e-05 -0.00151128 -1.16237e-05 1.91692e-05 -0.000585742 -0.00121213 -0.00241756 0.000165762 0.000370462 0.00125194 0.0013014 0.00181014 -0.00386022
internal_weight=47629 47248 494 46754 44374 2380 1438 767 671 942 1313 413 941 425
internal_count=47629 47248 494 46754 44374 2380 1438 767 671 942 1313 413 941 425
is_linear=0
shrinkage=0.05


Tree=176
num_leaves=15
num_cat=0
split_feature=8 2 0 4 5 4 0 7 2 7 3 8 5 7
split_gain=0.430608 0.285314 0.396777 0.295744 0.730558 0.384829 0.736236 0.735184 0.657548 0.819694 1.42899 0.78376 0.46008 0.360712
threshold=0.99691358024691368 0.016064516129032261 0.29277003484320563 0.97802168312580517 0.96807643312101921 0.9244490248929762 0.65156402737047914 0.69169799498746876 0.12541390728476823 0.30078244391466474 0.90829510703363925 0.721199955391993 0.85375234521575993 0.83474667624865262
decision_type=10 8 2 10 10 10 2 2 10 2 10 10 10 2
left_child=1 2 -1 5 13 -3 7 8 -7 -10 11 -11 -9 -5
right_child=-2 3 -4 4 -6 6 -8 12 9 10 -12 -13 -14 -15
leaf_value=-0.0024252678032143783 0.0017050976790634047 1.8214017711375395e-05 0.00021552116158239881 -0.00074184302776463006 -0.0032987429418775971 0.0033556761553709216 0.0029155480320913734 -0.002171528294244494 -0.0015960257022300769 0.0047416722556917843 -0.0015405570893590129 0.00066659589076596432 0.00052641529555398007 0.0017279633068539241
leaf_weight=282 382 43457 287 544 229 242 318 381 332 278 268 205 270 203
leaf_count=282 382 43457 287 544 229 242 318 381 332 278 268 205 270 203
internal_value=3.31115e-05 1.96072e-05 -0.00109327 3.31588e-05 -0.000828072 5.15314e-05 0.000682687 0.000323351 0.000999367 0.000472841 0.00138744 0.00301208 -0.00105257 -7.06641e-05
internal_weight=47678 47296 569 46727 976 45751 2294 1976 1325 1083 751 483 651 747
internal_count=47678 47296 569 46727 976 45751 2294 1976 1325 1083 751 483 651 747
is_linear=0
shrinkage=0.05


Tree=177
num_leaves=15
num_cat=0
split_feature=4 8 7 7 7 7 4 1 7 3 3 7 7 1
split_gain=0.307507 0.587818 0.930694 0.974026 0.902534 0.391344 0.354593 0.486889 0.516163 0.66519 0.355063 0.237769 1.12462 0.918343
threshold=0.96761080514030962 0.45796355925547794 0.43190909090909096 0.67193750000000019 0.83881792595799964 0.49840764331210197 0.93172105672105687 0.54474578327872847 0.46349539654336946 0.71475875118259236 0.68698971125124475 0.80155700957227694 0.7378179762577729 0.15243012683802901
decision_type=10 10 2 2 2 2 10 2 2 10 10 2 2 2
left_child=6 5 -3 -4 -5 -2 11 10 -9 -10 -8 12 -1 -14
right_child=1 2 3 4 -6 -7 7 8 9 -11 -12 -13 13 -15
leaf_value=1.8003208001471407e-05 0.0024081197785422916 -0.0039343719453688048 0.0018035825777903429 -0.0043678425262943365 -2.4077170775904736e-05 -0.00038644063615402772 0.0004268574671004899 0.0016454758855706329 0.0012027445936956529 -0.0020311789329991916 0.0031239398286124461 -0.00018959353662034714 -0.0018299954776388714 0.00133819060526038
leaf_weight=32735 208 258 294 205 287 315 200 383 275 377 313 8802 251 2578
leaf_count=32735 208 258 294 205 287 315 200 383 275 377 313 8802 251 2578
internal_value=4.55228e-05 -0.00064325 -0.00132867 -0.000473365 -0.00183398 0.000724972 6.903e-05 0.000812908 0.000188616 -0.000667177 0.00207245 4.30749e-05 0.00010066 0.0010571
internal_weight=47481 1567 1044 786 492 523 45914 1548 1035 652 513 44366 35564 2829
internal_count=47481 1567 1044 786 492 523 45914 1548 1035 652 513 44366 35564 2829
is_linear=0
shrinkage=0.05


Tree=178
num_leaves=15
num_cat=0
split_feature=0 0 8 8 0 7 8 2 2 8 4 8 1 2
split_gain=0.324278 0.325276 0.499627 0.576025 0.341866 0.954743 0.678085 0.528059 0.279266 0.358394 0.499973 0.280224 0.281843 0.763267
threshold=0.99691358024691368 0.97818152967311978 0.51277173913043483 0.3638034759358289 0.9576867987586537 0.39934640522875825 0.40446398937935618 0.40329357549471406 0.99691358024691368 0.99233705226071656 0.5372517577402246 0.98418947631546072 0.016064516129032261 0.56916823014383999
decision_type=2 2 8 10 2 2 8 10 10 10 10 10 2 10
left_child=1 4 3 -3 8 7 -7 -6 9 11 -11 12 13 -1
right_child=-2 2 -4 -5 5 6 -8 -9 -10 10 -12 -13 -14 -15
leaf_value=0.00061387191826317794 0.0014996378872657512 0.00046244666886177677 0.0010870607850927223 -0.0028268511449477309 -0.0025127116439509784 0.0047283701602390295 0.0010030164217017289 0.00075430750075371157 -0.0013291298674114587 -0.00026564973600434473 0.0029969645851036664 -0.0012947952068574145 4.4505966935996192e-05 -0.0033803923076111127
leaf_weight=268 376 201 217 394 209 202 309 303 379 229 241 402 43904 216
leaf_count=268 376 201 217 394 209 202 309 303 379 229 241 402 43904 216
internal_value=3.70516e-05 2.54677e-05 -0.000966669 -0.00171568 4.27327e-05 0.000946687 0.00247566 -0.0005793 2.24705e-05 3.37886e-05 0.00140731 1.93756e-05 3.12774e-05 -0.00116869
internal_weight=47850 47474 812 595 46662 1023 511 512 45639 45260 470 44790 44388 484
internal_count=47850 47474 812 595 46662 1023 511 512 45639 45260 470 44790 44388 484
is_linear=0
shrinkage=0.05


Tree=179
num_leaves=15
num_cat=0
split_feature=8 7 6 1 1 0 3 6 7 7 3 0 7 6
split_gain=0.266954 0.484015 1.40573 1.13608 0.721068 0.875738 0.95901 0.571959 0.706781 0.427766 0.909962 0.690926 0.406705 0.398963
threshold=0.92332190102890754 0.5967064245052861 0.36796226415094341 0.70341905318527187 0.88014084507042267 0.091704892966360876 0.69834428024083206 0.17667066826730696 0.17229961178351225 0.883795948987247 0.74169426048565135 0.26053379098118129 0.26053379098118129 0.41946762914504859
decision_type=10 2 2 2 2 2 10 2 2 2 10 2 2 2
left_child=-1 3 -3 7 12 -6 -7 8 -2 10 -4 -11 -5 -9
right_child=1 2 9 4 5 6 -8 13 -10 11 -12 -13 -14 -15
leaf_value=-2.3565498068766862e-05 0.00082444119339781163 -0.0032550147983766648 -0.0020752616287939996 0.0017411238977183532 -0.00174630354927753 0.0043002349440939723 -9.9807200558820624e-05 0.0019311552426812815 -0.0029351254653259429 0.0034332679476538745 0.0016896214246477585 -0.00017361070432058041 0.0045108739571013438 -0.00091294221520952102
leaf_weight=43942 202 315 352 240 224 239 257 319 328 255 295 277 296 201
leaf_count=43942 202 315 352 240 224 239 257 319 328 255 295 277 296 201
internal_value=1.12033e-05 0.000413259 -0.000287811 0.000867465 0.00188218 0.000848519 0.00202037 -0.00034633 -0.00150223 0.000504953 -0.000358661 0.00155525 0.00327069 0.000831802
internal_weight=47742 3800 1494 2306 1256 720 496 1050 530 1179 647 532 536 520
internal_count=47742 3800 1494 2306 1256 720 496 1050 530 1179 647 532 536 520
is_linear=0
shrinkage=0.05


Tree=180
num_leaves=15
num_cat=0
split_feature=4 7 7 3 1 5 4 5 1 7 4 1 4 0
split_gain=0.269967 0.72675 1.294 0.719473 0.918487 0.314544 0.47396 0.607758 0.959625 1.60536 0.875155 0.874629 0.86141 0.845642
threshold=0.97189680136896162 0.69927440980072564 0.83474667624865262 0.57607947019867556 0.82041266025641035 0.28685347566399805 0.15128814683768246 0.71147392875580806 0.64361413043478277 0.6555456619733987 0.068726145038167957 0.42745013543462207 0.1058256609056157 0.77394282310899354
decision_type=10 2 2 10 2 10 8 10 2 2 10 2 10 2
left_child=5 3 -3 -2 -5 -1 7 8 11 -10 13 -7 -12 -9
right_child=1 2 -4 4 -6 6 -8 10 9 -11 12 -13 -14 -15
leaf_value=-0.00014921616018713119 -0.0016766212495486635 -0.0051818708167073952 -0.00023790367897054337 -0.00057596577833118358 0.0034911130671832049 -0.00086157438324430428 0.00022037597976500985 0.00047823700010855445 -0.00071650366671058589 0.0043054433714141459 -0.0024128350098526863 -0.0034457880892118232 0.00051338465222331244 0.0037690292335529293
leaf_weight=13518 305 207 367 294 263 1202 27526 1475 667 209 502 450 504 225
leaf_count=13518 305 207 367 294 263 1202 27526 1475 667 209 502 450 504 225
internal_value=3.27601e-05 -0.000642408 -0.00202083 0.000275475 0.0013444 5.37104e-05 0.000137446 -0.000298692 -0.000856126 0.000481655 0.000222075 -0.00156551 -0.000946816 0.000913783
internal_weight=47714 1436 574 862 557 46278 32760 5234 2528 876 2706 1652 1006 1700
internal_count=47714 1436 574 862 557 46278 32760 5234 2528 876 2706 1652 1006 1700
is_linear=0
shrinkage=0.05


Tree=181
num_leaves=15
num_cat=0
split_feature=6 4 6 5 1 1 1 2 6 3 0 1 1 1
split_gain=0.416997 0.683815 0.782851 0.691326 0.895064 0.677639 0.78748 0.794448 1.3082 0.725666 0.723904 0.679661 0.611804 0.607653
threshold=0.33603278688524596 0.99691358024691368 0.083942774782469462 0.60065359477124192 0.088117647058823537 0.83103349828701945 0.86166353971232035 0.39862502362502367 0.15635629251700683 0.83070719602977683 0.14056043388429754 0.74169426048565135 0.34252917300862512 0.96070711749266646
decision_type=2 8 2 10 2 2 2 10 2 10 2 2 2 2
left_child=1 3 -3 4 -1 11 -7 13 9 -9 -10 -5 -4 -8
right_child=-2 2 12 5 -6 6 7 8 10 -11 -12 -13 -14 -15
leaf_value=-0.0017207056021508284 -0.00011343434202290781 -0.00078010777159162419 0.0035453685485591288 -0.00025691261529199805 0.00073945283487703614 0.0029294295842357152 -0.0019589643656911554 0.00090012039936482324 0.0012096814738092702 -0.0030865072325910146 0.0047681959808843384 -0.001906929423332402 0.0010931559266526831 0.00086445592259642089
leaf_weight=401 31749 410 341 6118 4739 308 535 256 347 206 243 695 1001 296
leaf_count=401 31749 410 341 6118 4739 308 535 256 347 206 243 695 1001 296
internal_value=-8.7681e-06 0.000200281 0.00113206 8.48625e-05 0.000547522 -0.00017925 0.000585641 0.00020227 0.00111506 -0.000877467 0.00267531 -0.000425232 0.00171626 -0.00095327
internal_weight=47645 15896 1752 14144 5140 9004 2191 1883 1052 462 590 6813 1342 831
internal_count=47645 15896 1752 14144 5140 9004 2191 1883 1052 462 590 6813 1342 831
is_linear=0
shrinkage=0.05


Tree=182
num_leaves=15
num_cat=0
split_feature=7 5 7 5 4 4 4 3 8 4 7 8 5 8
split_gain=0.317272 0.813926 0.668337 0.529959 0.485527 0.460344 0.396142 0.388837 0.570995 1.24611 1.08624 1.00931 0.753789 0.629333
threshold=0.84641025641025658 0.97231800766283538 0.86166353971232035 0.02409677419354839 0.68013605442176883 0.3710899315738026 0.99691358024691368 0.50900974025974033 0.65181878306878327 0.38744369369369375 0.92777975343764829 0.42774045801526722 0.56457098968619712 0.47425217720560398
decision_type=2 8 2 10 10 8 10 10 8 8 2 10 10 10
left_child=6 2 4 -4 5 -2 -1 -5 10 -10 11 12 -9 -13
right_child=1 -3 3 7 -6 -7 -8 8 9 -11 -12 13 -14 -15
leaf_value=3.5639234595003493e-05 -0.00085478366047420833 -0.0032745725903493752 -0.0022301318854237233 -0.00037254011986800998 0.00030223043394033561 -0.0039282993181539638 0.0019644243374671928 0.0024942666138522331 -0.004012001232757907 0.00027071468750923837 -0.00016072527060732359 0.0056609856402367537 -0.0015939868972183462 0.0020996869234791537
leaf_weight=39848 222 224 269 3022 216 270 268 225 203 1040 1069 226 226 275
leaf_count=39848 222 224 269 3022 216 270 268 225 203 1040 1069 226 226 275
internal_value=-7.24055e-06 -0.000306036 -0.000214482 -5.68519e-05 -0.0016739 -0.00254147 4.85247e-05 3.61503e-05 0.00041454 -0.000428715 0.000933177 0.00216152 0.000445607 0.00370618
internal_weight=47603 7487 7263 6555 708 492 40116 6286 3264 1243 2021 952 451 501
internal_count=47603 7487 7263 6555 708 492 40116 6286 3264 1243 2021 952 451 501
is_linear=0
shrinkage=0.05


Tree=183
num_leaves=15
num_cat=0
split_feature=7 5 8 0 3 6 1 1 3 6 0 3 7 7
split_gain=0.384142 0.544694 0.408775 0.645637 0.315305 0.774851 0.649454 0.719416 0.650425 0.57701 0.685972 0.903107 0.632872 1.00399
threshold=0.99215674212598437 0.26689497716894983 0.99233705226071656 0.14056043388429754 0.30521412860654684 0.9912662090007629 0.016064516129032261 0.040134228187919473 0.85317893116058263 0.92777975343764829 0.30078244391466474 0.73390796093518806 0.80155700957227694 0.79370039682539695
decision_type=2 10 10 2 8 2 2 2 10 2 2 10 2 2
left_child=2 -2 4 -4 -1 6 -6 8 -8 12 11 -11 13 -9
right_child=1 -3 3 -5 5 -7 7 9 -10 10 -12 -13 -14 -15
leaf_value=0.00015227357178111093 -0.00023266689340608305 0.0030053594663181616 -0.00055184166931949964 0.0031293551774345821 -0.0025659131784382724 -0.0030352931223062212 0.00028873641474478663 -0.00012050475120305893 0.0036398904802141872 0.00068668287150320736 0.0012995698440579323 -0.0031293187501062881 -0.00077212252183401413 0.0030450899815398524
leaf_weight=14127 268 252 222 257 267 228 365 25064 240 452 1428 236 3913 253
leaf_count=14127 268 252 222 257 267 228 365 25064 240 452 1428 236 3913 253
internal_value=-1.50062e-05 0.00133653 -2.99428e-05 0.00142325 -4.48888e-05 -0.000130733 -0.000110178 -8.96569e-05 0.00161812 -0.000122618 0.000674691 -0.000622294 -0.000180337 -8.88701e-05
internal_weight=47572 520 47052 479 46573 32446 32218 31951 605 31346 2116 688 29230 25317
internal_count=47572 520 47052 479 46573 32446 32218 31951 605 31346 2116 688 29230 25317
is_linear=0
shrinkage=0.05


Tree=184
num_leaves=15
num_cat=0
split_feature=5 7 6 6 6 0 1 6 0 6 8 6 5 1
split_gain=0.29913 0.587986 0.448656 0.54879 0.446418 0.666712 0.92892 0.508135 0.941835 0.502712 0.536155 1.22931 0.794188 0.747338
threshold=0.39867072955308253 0.99215674212598437 0.9678709677419356 0.95356537809949182 0.20866437284954648 0.83103349828701945 0.41946762914504859 0.24809115812787785 0.74169426048565135 0.36391694725028062 0.5240967741935485 0.5737069513279961 0.37943619431160336 0.15635629251700683
decision_type=10 2 2 2 2 2 2 2 2 2 8 2 10 2
left_child=4 2 3 -2 5 6 -1 8 -6 -9 11 -11 -13 -12
right_child=1 -3 -4 -5 7 -7 -8 9 -10 10 13 12 -14 -15
leaf_value=-0.0022960654651280493 9.1730643864289499e-05 0.0027571399069319553 -0.0015311004033322158 0.0023736315332983336 -0.0036883702636451316 0.0033063586119513621 0.0014559275870086605 0.00062006309383663563 0.00049872132516411084 -0.00087563121046022182 0.0021052211712761794 0.00042733553571730964 -0.0020370500340769963 -0.00079188420979120792
leaf_weight=250 27846 208 421 266 285 222 485 1862 254 3104 233 6975 343 4988
leaf_count=250 27846 208 421 266 285 222 485 1862 254 3104 233 6975 343 4988
internal_value=6.60577e-06 0.000108368 8.90591e-05 0.000113322 -0.00014732 0.000905037 0.000179739 -0.000203134 -0.00171523 -0.000156575 -0.000249019 -4.18348e-05 0.000311828 -0.000662594
internal_weight=47742 28741 28533 28112 19001 957 735 18044 539 17505 15643 10422 7318 5221
internal_count=47742 28741 28533 28112 19001 957 735 18044 539 17505 15643 10422 7318 5221
is_linear=0
shrinkage=0.05


Tree=185
num_leaves=15
num_cat=0
split_feature=5 1 1 0 6 3 1 6 6 5 6 1 7 0
split_gain=0.266364 0.524882 0.748661 0.675627 0.691501 0.451881 0.766981 0.431468 0.734019 0.901178 1.14246 0.97016 1.08836 0.916819
threshold=0.39867072955308253 0.067732891550911181 0.091704892966360876 0.883795948987247 0.24034734645199765 0.29277003484320563 0.20866437284954648 0.2164892100009507 0.12829175329175332 0.68013605442176883 0.14854307432432437 0.17229961178351225 0.11635871296591273 0.61245155038759702
decision_type=8 2 2 2 2 10 2 2 2 10 2 2 2 2
left_child=1 -1 -3 -4 -5 6 -6 8 -2 10 -10 -11 -13 -14
right_child=7 2 3 4 5 -7 -8 -9 9 11 -12 12 13 -15
leaf_value=-0.0018588601415630319 0.00011909247455542964 0.0020665755326069518 -0.00030561444060491253 0.0033019056749674712 -0.00047094554827727922 -0.00014385358935848459 0.0030432322567469595 0.00019066097579299878 -0.0025616738119599073 0.00066591761169628892 0.0011284543384167121 0.00094546547006096014 -0.0019809590222105203 -0.005592290419336482
leaf_weight=456 5751 376 15688 216 283 1484 344 19652 271 448 928 275 1269 204
leaf_count=456 5751 376 15688 216 283 1484 344 19652 271 448 928 275 1269 204
internal_value=-3.70097e-05 -0.000183146 -0.000141598 -0.000187685 0.00060736 0.000331651 0.00145709 5.86302e-05 -0.000225064 -0.000808052 0.000294405 -0.00140999 -0.00194203 -0.0024811
internal_weight=47645 18847 18391 18015 2327 2111 627 28798 9146 3395 1199 2196 1748 1473
internal_count=47645 18847 18391 18015 2327 2111 627 28798 9146 3395 1199 2196 1748 1473
is_linear=0
shrinkage=0.05


Tree=186
num_leaves=15
num_cat=0
split_feature=2 0 7 7 0 0 1 4 5 5 4 1 2 0
split_gain=0.280724 0.469591 0.235996 1.12153 0.974542 1.79978 0.81524 1.83698 1.21676 0.7951 0.745114 0.659596 0.574887 0.511814
threshold=0.016064516129032261 0.29277003484320563 0.80155700957227694 0.73390796093518806 0.55273855370132663 0.80155700957227694 0.56067686207873135 0.2115304729689633 0.3833959899749374 0.46274824225977557 0.69131659623829655 0.84228550829127624 0.44357870482658263 0.040134228187919473
decision_type=10 2 2 2 2 2 2 10 10 10 10 2 10 2
left_child=1 -1 3 13 6 9 10 -8 -9 -6 12 -10 -5 -2
right_child=2 -3 -4 4 5 -7 7 8 11 -11 -12 -13 -14 -15
leaf_value=-0.0025598817144898214 -0.0012818719684288007 0.00031797286118118379 -0.00022030914306712612 0.002514716702170522 0.0020426557849783436 -0.00026262930743582377 0.0029903010522141973 0.0006051632847850891 -0.0053723019963671645 0.0051935580447430678 0.0037242560798479321 -0.0016786678121017758 -0.0008510355779181673 4.093621117288853e-06
leaf_weight=283 792 284 9607 201 442 538 252 296 234 366 242 250 344 33554
leaf_count=283 792 284 9607 201 442 538 252 296 234 366 242 250 344 33554
internal_value=-1.25043e-05 -0.00111842 8.0387e-07 5.74335e-05 0.000958064 0.00197801 0.000203337 -0.000721029 -0.00192007 0.00346992 0.00141547 -0.00346443 0.000390279 -2.556e-05
internal_weight=47685 567 47118 37511 3165 1346 1819 1032 780 808 787 484 545 34346
internal_count=47685 567 47118 37511 3165 1346 1819 1032 780 808 787 484 545 34346
is_linear=0
shrinkage=0.05


Tree=187
num_leaves=15
num_cat=0
split_feature=4 2 5 5 5 4 0 5 5 1 1 0 5 7
split_gain=0.380018 0.974175 0.783292 1.01489 0.87198 1.09726 0.666064 0.611365 1.02242 0.578724 1.24854 0.757216 0.547754 1.11157
threshold=0.15128814683768246 0.56147098515519578 0.91318840579710148 0.95356537809949182 0.84983660130718963 0.10162870762711866 0.23629205440229065 0.98501851644035476 0.97864741641337394 0.77815063385533201 0.6637549588037841 0.33877632631298321 0.87280431432973815 0.49159604519774019
decision_type=10 10 8 10 10 8 2 10 10 2 2 2 10 2
left_child=1 12 4 -4 9 -6 -5 8 -2 10 11 -3 -1 -14
right_child=7 2 3 6 5 -7 -8 -9 -10 -11 -12 -13 13 -15
leaf_value=-4.2352195444246484e-05 6.2839308253642879e-05 -0.0031261151277246304 0.0028290918761514688 0.0010824800305668778 -0.0052800792249274855 -0.00050815876402094491 -0.0028673080656315304 -0.0015746963605472938 0.003357523645054282 -0.0019424333671322486 0.0024111026985949753 -0.00049557510903950914 3.8745894717084393e-05 0.0039937756761453296
leaf_weight=4927 36536 319 314 211 262 223 216 564 237 862 333 1921 527 268
leaf_count=4927 36536 319 314 211 262 223 216 564 237 862 333 1921 527 268
internal_value=-1.53904e-05 -0.000282956 -0.000819569 0.000671255 -0.00110138 -0.00308598 -0.000915539 5.90166e-05 8.40734e-05 -0.000821168 -0.000445524 -0.000870192 0.000154156 0.00137201
internal_weight=47720 10383 4661 741 3920 485 427 37337 36773 3435 2573 2240 5722 795
internal_count=47720 10383 4661 741 3920 485 427 37337 36773 3435 2573 2240 5722 795
is_linear=0
shrinkage=0.05


Tree=188
num_leaves=15
num_cat=0
split_feature=7 7 8 1 0 4 4 8 1 4 4 1 2 8
split_gain=0.292198 0.889391 1.64793 1.01094 0.826852 1.18065 0.873136 0.75643 0.751892 1.25379 0.81318 0.679816 0.686079 0.653601
threshold=0.80155700957227694 0.7153031224655314 0.94507980394621105 0.14854307432432437 0.57261510890543155 0.47524297346992389 0.21960458240946049 0.99233705226071656 0.56067686207873135 0.68013605442176883 0.54964359739143631 0.043988648090815284 0.98326330532212891 0.40891053391053395
decision_type=2 2 8 2 2 8 8 10 2 10 8 2 8 10
left_child=1 7 3 -3 6 13 -5 -1 -8 10 -10 -2 -13 -6
right_child=11 2 -4 4 5 -7 8 -9 9 -11 -12 12 -14 -15
leaf_value=-5.7787690021254457e-05 0.0023222599883356231 -0.0017239852553641143 -0.0032291858141757172 0.0030263375143391347 0.0023841374634800344 0.0034859159621685753 0.0013495602284329434 0.0021974333768238021 -0.00065331203277843694 -0.0028023090702342982 0.0031703077658075348 -0.0002587393125789263 -0.0030904436571689399 -0.00082404427983823962
leaf_weight=33431 249 313 245 319 284 777 786 376 375 420 221 9192 219 360
leaf_count=33431 249 313 245 319 284 777 786 376 375 420 221 9192 219 360
internal_value=-1.09213e-05 5.1637e-05 0.00074709 0.000999798 0.00124049 0.00217382 0.000615197 -3.27052e-05 0.000188363 -0.000709964 0.000764507 -0.000256407 -0.000324635 0.000590744
internal_weight=47567 37907 4100 3855 3542 1421 2121 33807 1802 1016 596 9660 9411 644
internal_count=47567 37907 4100 3855 3542 1421 2121 33807 1802 1016 596 9660 9411 644
is_linear=0
shrinkage=0.05


Tree=189
num_leaves=15
num_cat=0
split_feature=6 7 1 3 8 1 7 3 8 3 4 4 2 3
split_gain=0.425294 0.838655 0.64571 0.510909 0.634784 0.622083 0.610288 0.731138 0.54068 0.833735 0.817686 0.951909 0.691246 0.612294
threshold=0.92777975343764829 0.91726730619652586 0.17667066826730696 0.3710899315738026 0.87606962627075269 0.86516379601486004 0.9244490248929762 0.89387235183695368 0.1681829459928873 0.68321596244131466 0.57358641130870958 0.75850497570006958 0.89138860802157072 0.78596059113300509
decision_type=2 2 2 8 10 2 2 8 10 10 10 10 8 10
left_child=3 -2 -3 4 -1 -6 8 -8 10 -10 12 -12 13 -5
right_child=1 2 -4 6 5 -7 7 -9 9 -11 11 -13 -14 -15
leaf_value=9.7313312590765889e-05 0.0021925570887372059 -0.0024432315263539887 0.00038979834455901501 0.0011206428288378246 0.00048276408142759205 0.002788147973962163 -0.0029668996072279089 0.00058638458230739676 -0.0005055412710548657 8.0800780023672456e-05 -0.0028512582224260747 0.0008295122246587544 -0.00090386497220688302 0.0038781246150753415
leaf_weight=15031 629 217 2750 1337 894 435 406 225 11657 12633 332 373 356 237
leaf_count=15031 629 217 2750 1337 894 435 406 225 11657 12633 332 373 356 237
internal_value=1.13971e-05 0.000534172 0.000182597 -3.14095e-05 0.000189924 0.00123735 -0.000162815 -0.00169988 -0.000126793 -0.00020059 0.000553484 -0.000903844 0.00108582 0.00153584
internal_weight=47512 3596 2967 43916 16360 1329 27556 631 26925 24290 2635 705 1930 1574
internal_count=47512 3596 2967 43916 16360 1329 27556 631 26925 24290 2635 705 1930 1574
is_linear=0
shrinkage=0.05


Tree=190
num_leaves=15
num_cat=0
split_feature=6 1 1 7 7 0 8 7 5 4 6 1 4 8
split_gain=0.385975 1.05534 1.207 1.01602 0.734051 1.02634 1.17124 1.13222 1.12468 1.40092 1.05341 0.828697 0.737835 1.30241
threshold=0.88014084507042267 0.50934661076170518 0.41131892015557087 0.92777975343764829 0.80155700957227694 0.50934661076170518 0.52746009802689464 0.83103349828701945 0.74596669268800431 0.604888490641179 0.58934484389782416 0.90601158721964103 0.30112740938295557 0.47983739837398381
decision_type=2 2 2 2 2 2 10 2 8 10 2 2 10 8
left_child=4 2 3 -2 -1 6 8 -8 -6 11 -7 -10 13 -12
right_child=1 -3 -4 -5 5 10 7 -9 9 -11 12 -13 -14 -15
leaf_value=5.005791636886533e-05 0.0020123920309624093 -0.00010673154094942395 0.0029929711396731997 -0.00060502514837778264 0.0024216525052734735 0.0019058294444037557 -0.0045961397780393742 -0.00032484125409052659 -6.134018092753663e-05 0.0021194865096199771 -0.0016954622767198916 -0.0045193510826322296 -0.001050647368256268 -0.0063739793679081728
leaf_weight=37704 635 3685 699 891 676 203 210 594 207 313 473 210 1022 217
leaf_count=37704 635 3685 699 891 676 203 210 594 207 313 473 210 1022 217
internal_value=3.42173e-05 0.000412449 0.0012723 0.000484136 -1.92228e-05 -0.000652474 8.16879e-05 -0.00144048 0.000952116 -0.000408715 -0.00149973 -0.00230638 -0.00190354 -0.00316682
internal_weight=47739 5910 2225 1526 41829 4125 2210 804 1406 730 1915 417 1712 690
internal_count=47739 5910 2225 1526 41829 4125 2210 804 1406 730 1915 417 1712 690
is_linear=0
shrinkage=0.05


Tree=191
num_leaves=15
num_cat=0
split_feature=2 4 5 4 6 4 6 0 7 6 6 7 5 3
split_gain=0.334212 0.461456 0.361669 1.15626 0.358278 0.350635 0.697183 0.735246 1.03067 0.98747 0.995097 0.712462 0.836668 0.939406
threshold=0.016064516129032261 0.49576240752711348 0.99141615089890966 0.13427827306420917 0.052012882447665061 0.15128814683768246 0.70341905318527187 0.49840764331210197 0.84641025641025658 0.80155700957227694 0.887270994387377 0.79370039682539695 0.70341905318527187 0.4408671777869872
decision_type=8 10 8 10 2 8 2 2 2 2 2 2 10 10
left_child=1 -1 5 -4 -5 6 11 8 -8 -9 -11 12 -2 -14
right_child=2 -3 3 4 -6 -7 7 9 -10 10 -12 -13 13 -15
leaf_value=-0.0029320344551351965 -0.0010966710692911375 -7.1191277554524804e-05 0.0040163819004144325 0.001035784246799137 -0.0019026595485828271 1.5682318505961934e-05 0.0048362461433595202 0.0019345812452189462 0.00031135446414484925 -0.0043764139672230855 0.00053837211866016781 -0.0033238550380044504 0.0011530367057082315 -0.0010539006393146214
leaf_weight=236 2681 350 228 210 205 40057 207 273 321 208 204 238 1185 813
leaf_count=236 2681 350 228 210 205 40057 207 273 321 208 204 238 1185 813
internal_value=-3.66646e-05 -0.00122334 -2.18153e-05 0.00115584 -0.000415736 -3.82102e-05 -0.000390376 0.000683201 0.00208532 -0.000397555 -0.00194288 -0.000655222 -0.00051948 0.000255019
internal_weight=47416 586 46830 643 415 46187 6130 1213 528 685 412 4917 4679 1998
internal_count=47416 586 46830 643 415 46187 6130 1213 528 685 412 4917 4679 1998
is_linear=0
shrinkage=0.05


Tree=192
num_leaves=15
num_cat=0
split_feature=0 1 8 8 8 3 3 6 8 6 5 3 5 5
split_gain=0.293027 0.888795 1.19491 0.986271 1.0876 0.895825 0.883501 1.45546 1.87779 1.00745 0.738188 0.735505 0.705218 0.685708
threshold=0.13229217306757415 0.6637549588037841 0.55613076999110411 0.82007194244604331 0.88973483094025019 0.25649460188933876 0.72607102347090147 0.66770833333333346 0.48338852097130253 0.74583217560433468 0.9426490550276706 0.064632165235553499 0.85375234521575993 0.85375234521575993
decision_type=2 2 10 8 8 10 10 2 10 2 10 10 10 10
left_child=1 2 10 6 -5 -6 9 8 13 11 12 -3 -1 -8
right_child=-2 3 -4 4 5 -7 7 -9 -10 -11 -12 -13 -14 -15
leaf_value=-0.0025140489797721636 1.8034302147968972e-05 0.0015226612166900719 0.0011405450722136703 -0.0043240268917547333 0.0018960257492532644 -0.0012977226464003749 0.0024613609039022852 -0.00099109509712250166 0.0060194068879147605 0.0015548963322248217 -0.0043330377041045981 -0.0013715791458658588 0.00096792107385381158 -0.001143447579106007
leaf_weight=463 41559 266 323 225 288 924 323 395 281 599 321 1256 212 223
leaf_count=463 41559 266 323 225 288 924 323 395 281 599 321 1256 212 223
internal_value=-2.94613e-05 -0.000353099 -0.00150213 -3.60329e-05 -0.00113149 -0.000538812 0.000434852 0.00150573 0.00269829 -0.000182128 -0.00235915 -0.000865753 -0.00142045 0.000989067
internal_weight=47658 6099 1319 4780 1437 1212 3343 1222 827 2121 996 1522 675 546
internal_count=47658 6099 1319 4780 1437 1212 3343 1222 827 2121 996 1522 675 546
is_linear=0
shrinkage=0.05


Tree=193
num_leaves=15
num_cat=0
split_feature=1 7 1 8 7 8 8 7 2 1 6 7 7 1
split_gain=0.211342 1.06223 0.203585 0.668021 0.404566 0.188784 0.296661 0.317854 0.26483 0.734987 1.51029 0.990431 0.783824 0.774271
threshold=0.016064516129032261 0.36293309438470739 0.99215674212598437 0.50163398692810468 0.99691358024691368 0.0096162736939435986 0.028004705574799036 0.6202627045650303 0.23100961538461542 0.88014084507042267 0.54612656846699414 0.50159235668789826 0.83881792595799964 0.60474493623405856
decision_type=2 2 2 10 2 8 8 2 10 2 2 2 2 2
left_child=1 -1 4 -4 5 -2 7 -7 9 13 11 -11 -12 -8
right_child=2 -3 3 -5 -6 6 8 -9 -10 10 12 -13 -14 -15
leaf_value=0.0012317283053229131 0.0013712862195407458 -0.0031031109290928565 -0.0032673066792771074 0.00038641923662679318 0.0016380898025302199 -0.00026283047074875929 -0.0004268649259321427 -0.0024499248920856679 3.1125900378810793e-05 -0.001211237055725034 0.0035007532080674857 -0.004429541702880721 -0.00081686287928253015 0.00057349311496415571
leaf_weight=273 235 293 203 326 361 457 5582 261 35209 732 203 355 218 2960
leaf_count=273 235 293 203 326 361 457 5582 261 35209 732 203 355 218 2960
internal_value=-5.18592e-05 -0.00101228 -4.03184e-05 -0.00101567 -2.92398e-05 -4.22647e-05 -4.94897e-05 -0.00105786 -3.34927e-05 -0.000259876 -0.00127754 -0.00226229 0.00126503 -8.02178e-05
internal_weight=47668 566 47102 529 46573 46212 45977 718 45259 10050 1508 1087 421 8542
internal_count=47668 566 47102 529 46573 46212 45977 718 45259 10050 1508 1087 421 8542
is_linear=0
shrinkage=0.05


Tree=194
num_leaves=15
num_cat=0
split_feature=6 6 1 6 1 1 0 6 4 0 6 0 0 1
split_gain=0.254851 0.474574 0.343202 0.357073 0.319349 1.3509 1.0414 0.991019 0.819022 0.772853 0.70262 0.638573 0.578177 1.08957
threshold=0.86166353971232035 0.86890898812888639 0.99215674212598437 0.3758627254985959 0.51342342342342351 0.39145636971723935 0.63568660022148404 0.92044189181269431 0.41946762914504859 0.7153031224655314 0.9244490248929762 0.44765682079114921 0.24814774161681577 0.79725004725004733
decision_type=2 2 2 2 2 2 2 2 8 2 2 2 2 2
left_child=2 -2 -1 -4 5 6 10 -7 -8 -9 -3 12 13 -6
right_child=1 4 3 -5 11 7 8 9 -10 -11 -12 -13 -14 -15
leaf_value=8.8835573260223849e-06 0.0020685961832307208 -0.0003700895793978513 -0.00019799580469326533 -0.0029480888780090029 -0.0016524984742026197 0.00031663170474319918 0.0019552822137375325 0.0059094815568993047 -0.00090831065356090023 0.0020030995807459261 -0.0043639446167109157 -0.00085489207752281304 0.0015850157638514009 0.00095726363841596807
leaf_weight=40354 369 228 288 200 660 406 534 215 469 308 213 1521 769 1015
leaf_count=40354 369 228 288 200 660 406 534 215 469 308 213 1521 769 1015
internal_value=3.98533e-05 0.000325502 -7.05532e-06 -0.00132508 0.000224018 0.000682793 -0.000274084 0.00217012 0.000616274 0.00360897 -0.00229909 -5.05524e-05 0.000450021 -7.10605e-05
internal_weight=47549 6707 40842 488 6338 2373 1444 929 1003 523 441 3965 2444 1675
internal_count=47549 6707 40842 488 6338 2373 1444 929 1003 523 441 3965 2444 1675
is_linear=0
shrinkage=0.05


Tree=195
num_leaves=15
num_cat=0
split_feature=5 4 8 5 8 8 4 6 4 6 0 7 5 8
split_gain=0.347567 0.677613 0.606519 0.830335 0.775778 0.73002 0.72113 0.590524 0.603014 0.586594 0.514774 0.495414 0.540518 0.47988
threshold=0.23100961538461542 0.85758377425044097 0.5240967741935485 0.20983337650004319 0.48338852097130253 0.76868209970555401 0.66108698697296553 0.78596059113300509 0.56568162208800699 0.58544608472400517 0.19650488400488403 0.2164892100009507 0.092653912190336044 0.50163398692810468
decision_type=8 10 8 10 10 10 8 2 10 2 2 2 10 10
left_child=1 2 4 5 10 6 11 9 -9 -7 -1 -4 -13 -6
right_child=-2 -3 3 -5 13 7 -8 8 -10 -11 -12 12 -14 -15
leaf_value=-0.001993814467555552 7.4806127004030002e-05 0.0024021424784500672 0.0011068832469397099 -0.0033890651851493587 0.0028017822211716991 0.00068359348256899358 -0.0029739916712419288 0.0030585593782228274 -0.00041800212320680169 -0.0022629831301647974 -0.00012715694241549535 -0.0025684343361030205 -0.000173614070857487 0.00036432371881171507
leaf_weight=393 36838 236 301 299 347 377 461 299 214 306 6135 418 540 483
leaf_count=393 36838 236 301 299 347 377 461 299 214 306 6135 418 540 483
internal_value=1.65585e-06 -0.000247647 -0.000306793 -0.000879697 -5.64678e-05 -0.000622393 -0.00128209 0.000326337 0.0016083 -0.000636542 -0.000239534 -0.000662578 -0.00121854 0.00138336
internal_weight=47647 10809 10573 3215 7358 2916 1720 1196 513 683 6528 1259 958 830
internal_count=47647 10809 10573 3215 7358 2916 1720 1196 513 683 6528 1259 958 830
is_linear=0
shrinkage=0.05


Tree=196
num_leaves=15
num_cat=0
split_feature=6 6 4 1 4 1 1 8 4 2 0 8 0 1
split_gain=0.274181 0.996317 0.666874 0.849862 0.686702 0.544169 0.894775 0.935655 0.776484 0.734577 1.08002 0.741394 0.661542 0.630633
threshold=0.86166353971232035 0.84228550829127624 0.50159235668789826 0.46349539654336946 0.75463121783876519 0.56067686207873135 0.38721035892776018 0.75378874856486811 0.59341463414634166 0.4593593593593594 0.15635629251700683 0.50800051203277019 0.71118935837245711 0.51736194839643124
decision_type=2 2 10 2 10 2 2 10 8 10 2 10 2 2
left_child=1 -1 3 -3 -4 6 8 13 -2 10 11 -7 -11 -8
right_child=5 2 4 -5 -6 9 7 -9 -10 12 -12 -13 -14 -15
leaf_value=7.0322184919768378e-06 0.00064230189636571783 -0.00081960262325313595 0.0013682360417515719 -0.005235767980302463 -0.0024775890337735838 0.005088086957598467 0.0029795326679189342 -0.00073876213162717488 -0.0018897048707246238 -0.00041431869757199523 -4.6265189437946454e-05 0.00081459871334273637 -0.0033109079845190653 0.00046839043154750732
leaf_weight=39989 1085 213 258 223 211 201 888 326 420 1824 1222 205 221 348
leaf_count=39989 1085 213 258 223 211 201 888 326 420 1824 1222 205 221 348
internal_value=1.86051e-05 -3.0095e-05 -0.00167063 -0.00307833 -0.000361975 0.000314087 0.000805742 0.00164404 -6.43046e-05 -9.64514e-05 0.000696046 0.00293029 -0.000727349 0.00227251
internal_weight=47634 40894 905 436 469 6740 3067 1562 1505 3673 1628 406 2045 1236
internal_count=47634 40894 905 436 469 6740 3067 1562 1505 3673 1628 406 2045 1236
is_linear=0
shrinkage=0.05


Tree=197
num_leaves=15
num_cat=0
split_feature=1 5 0 5 8 7 8 7 7 7 6 5 5 8
split_gain=0.382954 0.458445 1.17206 0.853907 0.744325 1.22354 0.939302 0.897997 0.990836 0.640352 0.554864 1.43563 1.0305 0.901769
threshold=0.70740003318400546 0.93885340395700279 0.30852659513095654 0.92796396396396408 0.96029118048985607 0.6876990445859873 0.9105084334425434 0.36293309438470739 0.77815063385533201 0.28464345873105001 0.5773502805450591 0.85758377425044097 0.79704696523918506 0.34029700478228048
decision_type=2 8 2 10 10 2 10 2 2 2 2 10 10 8
left_child=-1 3 -3 4 6 9 10 -8 -9 -6 13 12 -12 -2
right_child=1 2 -4 -5 5 -7 7 8 -10 -11 11 -13 -14 -15
leaf_value=-4.1856467024733855e-05 0.0016069555563063766 0.00042143998386203743 0.0045155931255695496 -0.0028198625290754317 -0.0020128649571331671 -0.0042327438839792298 0.0038481349321602951 -0.00072522022506504619 0.0033655394561049583 0.0012120867330708482 0.00062691827922297955 0.0041958664051349858 -0.0023518324631397218 -0.00029506761064050587
leaf_weight=33588 699 851 220 232 251 237 351 422 228 398 4012 266 313 5744
leaf_count=33588 699 851 220 232 251 237 351 422 228 398 4012 266 313 5744
internal_value=5.02296e-05 0.000267678 0.00126244 0.000186678 0.000240661 -0.00115799 0.000343628 0.00181019 0.000709692 -3.51596e-05 0.000210582 0.000630619 0.000411346 -8.87174e-05
internal_weight=47812 14224 1071 13153 12921 886 12035 1001 650 649 11034 4591 4325 6443
internal_count=47812 14224 1071 13153 12921 886 12035 1001 650 649 11034 4591 4325 6443
is_linear=0
shrinkage=0.05


Tree=198
num_leaves=15
num_cat=0
split_feature=7 6 7 2 5 0 5 1 1 6 6 5 1 6
split_gain=0.338249 0.59539 0.553968 0.456375 0.666147 0.710408 0.558657 0.432068 0.629908 0.39535 0.482044 0.361449 0.340058 0.828789
threshold=0.92777975343764829 0.93172105672105687 0.91318840579710148 0.088799283154121875 0.50463002657978229 0.47546715579502469 0.63568660022148404 0.32862137862137869 0.56067686207873135 0.95356537809949182 0.97818152967311978 0.49536997342021788 0.67193750000000019 0.91318840579710148
decision_type=2 2 2 10 8 2 10 2 2 2 2 10 2 2
left_child=1 12 11 -2 7 -6 -7 -5 -9 -10 -11 -3 -1 -14
right_child=3 2 -4 4 5 6 -8 8 9 10 -12 -13 13 -15
leaf_value=-8.00827989541772e-05 0.001681408618877606 0.0036478557461110091 -0.00026835292434164632 -0.0017679218183829827 -0.00044273564291694351 -0.0011597165901215743 -0.0044579429381501091 0.0013715146906394823 -0.0023501545650527833 0.00093851040416184867 -0.0012501637431357353 0.00085642241334426227 0.00026601706277467371 -0.0028694189284170901
leaf_weight=29286 233 276 300 337 609 235 283 700 235 544 468 200 13920 214
leaf_count=29286 233 276 300 337 609 235 283 700 235 544 468 200 13920 214
internal_value=3.48353e-06 4.16595e-05 0.00141442 -0.000459531 -0.000605775 -0.00160049 -0.00296164 -0.000114949 0.000171159 -0.000502657 -7.36433e-05 0.00247498 1.71257e-05 0.000218544
internal_weight=47840 44196 776 3644 3411 1127 518 2284 1947 1247 1012 476 43420 14134
internal_count=47840 44196 776 3644 3411 1127 518 2284 1947 1247 1012 476 43420 14134
is_linear=0
shrinkage=0.05


Tree=199
num_leaves=15
num_cat=0
split_feature=7 5 3 1 6 5 5 6 1 1 5 5 5 6
split_gain=0.267042 0.744019 0.718973 0.843169 1.13879 0.668187 1.00551 0.586008 0.901211 1.01392 0.704649 0.650148 0.634507 0.554618
threshold=0.84641025641025658 0.96105127427184478 0.94070935342121798 0.055749805749805752 0.70341905318527187 0.84983660130718963 0.76226642210248774 0.92044189181269431 0.93868600071607611 0.28090682667270467 0.68013605442176883 0.34252917300862512 0.50463002657978229 0.90601158721964103
decision_type=2 8 10 2 2 10 10 2 2 2 10 10 10 2
left_child=13 2 3 -2 -5 6 7 8 9 11 12 -6 -11 -1
right_child=1 -3 -4 4 5 -7 -8 -9 -10 10 -12 -13 -14 -15
leaf_value=1.0492507234182635e-05 0.0028773872409391206 -0.0028725941675780443 0.002061526402398877 -0.0035019218491128927 0.0028289359129903806 0.0019625139656643613 -0.0029517915324282109 0.00015970086448681753 0.0022338759884879922 -0.0017295785164794697 0.00077104132374274147 -0.00085289214549592928 -0.0044321064597841169 0.002539323423529864
leaf_weight=39976 201 271 334 285 212 318 360 3619 209 945 212 276 282 218
leaf_count=39976 201 271 334 285 212 318 360 3619 209 945 212 276 282 218
internal_value=-2.69674e-05 -0.000300353 -0.000204244 -0.000313619 -0.000409093 -0.000272072 -0.000388277 -0.000227919 -0.000884658 -0.00122289 -0.00189079 0.000746591 -0.0023507 2.42081e-05
internal_weight=47718 7524 7253 6919 6718 6433 6115 5755 2136 1927 1439 488 1227 40194
internal_count=47718 7524 7253 6919 6718 6433 6115 5755 2136 1927 1439 488 1227 40194
is_linear=0
shrinkage=0.05


Tree=200
num_leaves=15
num_cat=0
split_feature=6 4 6 0 4 0 0 3 0 5 8 0 8 3
split_gain=0.304704 0.593645 0.6198 0.796953 1.33543 1.04602 0.97981 0.888947 0.787544 0.594039 0.796154 0.975429 1.23473 1.20638
threshold=0.16423240938166314 0.99134182908545743 0.33603278688524596 0.17667066826730696 0.96057811852465813 0.63568660022148404 0.50159235668789826 0.14537684537684539 0.15243012683802901 0.66770833333333346 0.17898313311491326 0.56457098968619712 0.45999920986093557 0.36693947594218207
decision_type=2 10 2 2 8 2 2 10 2 10 10 2 10 10
left_child=-1 2 3 8 6 -6 -5 -8 -2 -4 -11 12 13 -12
right_child=1 -3 9 4 5 -7 7 -9 -10 10 11 -13 -14 -15
leaf_value=-0.00029150360873118891 0.00096491104578179843 -0.0018913708025395659 -0.00013902816839692737 -0.00094502320640579395 0.0038166192923894046 -0.00031595744789228778 -0.0013920353515689083 0.00077090012257273986 0.0039578940489593036 -0.0011359788067684909 0.0028655477977337003 0.0015549682557612439 -0.00066454351955033447 0.00014069319461185563
leaf_weight=7685 1518 389 25004 1986 423 240 562 3070 257 746 638 1822 2107 1118
leaf_count=7685 1518 389 25004 1986 423 240 562 3070 257 746 638 1822 2107 1118
internal_value=-3.21956e-06 5.23337e-05 7.14798e-05 0.000462765 0.000198396 0.00232066 -5.20606e-05 0.000436217 0.00139826 -2.87968e-05 0.000399787 0.000601315 0.00015152 0.0011307
internal_weight=47565 39880 39491 8056 6281 663 5618 3632 1775 31435 6431 5685 3863 1756
internal_count=47565 39880 39491 8056 6281 663 5618 3632 1775 31435 6431 5685 3863 1756
is_linear=0
shrinkage=0.05


Tree=201
num_leaves=15
num_cat=0
split_feature=5 5 0 0 5 0 0 6 2 8 0 7 8 4
split_gain=0.448115 1.39131 0.689832 0.780894 0.595144 0.312233 0.307288 1.14339 1.17082 0.827176 0.302542 0.768036 0.32881 0.328724
threshold=0.97864741641337394 0.98501851644035476 0.41946762914504859 0.22837075921065425 0.97231800766283538 0.99691358024691368 0.9755097960815674 0.5773502805450591 0.604888490641179 0.41704892966360863 0.9576867987586537 0.41946762914504859 0.44487142022209242 0.89886560872799415
decision_type=10 10 2 2 10 2 2 2 10 10 2 2 8 10
left_child=4 -2 3 -3 5 6 10 8 -8 -9 13 12 -12 -1
right_child=1 2 -4 -5 -6 -7 7 9 -10 -11 11 -13 -14 -15
leaf_value=-5.7403385558936495e-05 0.0036606910806818377 -0.00051715880758661909 -0.0024319823851717366 0.0032748603757198264 -0.0020731672977562995 0.0014218776424328632 -0.0011437756882514804 -0.00045477012010170751 0.0035949783238294372 -0.0048280539324170807 -0.0018320652595668269 0.0026031666681688207 0.00088937410148771196 0.00041783979298555193
leaf_weight=39778 341 402 234 205 350 381 352 201 207 234 220 380 224 4005
leaf_count=39778 341 402 234 205 350 381 352 201 207 234 220 380 224 4005
internal_value=5.35822e-06 0.000966718 -0.000125607 0.000763507 -1.91675e-05 -3.53315e-06 -1.54426e-05 -0.000884932 0.000611004 -0.0028073 3.93268e-06 0.000953117 -0.000459087 -1.39311e-05
internal_weight=47514 1182 841 607 46332 45982 45601 994 559 435 44607 824 444 43783
internal_count=47514 1182 841 607 46332 45982 45601 994 559 435 44607 824 444 43783
is_linear=0
shrinkage=0.05


Tree=202
num_leaves=15
num_cat=0
split_feature=1 2 4 8 4 8 0 1 2 6 0 5 4 5
split_gain=0.374679 0.450819 0.380195 0.318177 0.545154 0.439529 0.359189 0.263122 1.66269 0.725233 0.685874 0.519917 0.469499 0.496083
threshold=0.016064516129032261 0.53736419941110791 0.012821039654818166 0.99233705226071656 0.55767262657275307 0.9917011019283748 0.39145636971723935 0.040134228187919473 0.83474667624865262 0.067732891550911181 0.34685648452929568 0.99691358024691368 0.99134182908545743 0.83881792595799964
decision_type=2 10 8 10 10 8 2 2 10 2 2 10 10 10
left_child=1 -1 -2 5 -5 7 -7 8 9 -4 -11 12 13 -9
right_child=2 -3 3 4 -6 6 -8 11 -10 10 -12 -13 -14 -15
leaf_value=-5.4947490669691883e-05 -0.0017142229925593711 -0.0029299885628230994 -0.0027086739722727922 -0.00058245986563371338 0.0029340897907205233 -0.0022529016734594075 -4.5178003442872852e-05 -3.307666452052882e-05 0.0043706061081887401 -0.0012259577075376307 0.0022818068964929306 -0.0024549521262122093 -0.0014988490191085602 0.00046096701147309678
leaf_weight=314 320 241 226 201 244 389 350 38020 249 261 299 214 506 5865
leaf_count=314 320 241 226 201 244 389 350 38020 249 261 299 214 506 5865
internal_value=-1.18379e-05 -0.00130339 3.36684e-06 1.5105e-05 0.00134572 2.338e-06 -0.0012073 2.19243e-05 0.000810054 -0.000317907 0.000646938 3.6368e-06 1.54892e-05 3.29497e-05
internal_weight=47699 555 47144 46824 445 46379 739 45640 1035 786 560 44605 44391 43885
internal_count=47699 555 47144 46824 445 46379 739 45640 1035 786 560 44605 44391 43885
is_linear=0
shrinkage=0.05


Tree=203
num_leaves=15
num_cat=0
split_feature=8 7 1 8 7 2 8 2 2 5 2 5 8 4
split_gain=0.329167 0.691242 0.727202 0.575122 0.485212 0.746744 0.519569 0.532785 0.542207 0.408262 0.393535 0.384006 0.354637 0.408498
threshold=0.64223912881330658 0.11635871296591273 0.73390796093518806 0.60822072072072075 0.055749805749805752 0.83474667624865262 0.50754727728411952 0.60905673274094341 0.46745780945337195 0.98340220385674948 0.63346055979643767 0.33877632631298321 0.0096162736939435986 0.012821039654818166
decision_type=10 2 2 10 2 10 8 10 10 10 10 10 8 8
left_child=3 2 10 4 5 6 7 8 11 -3 -2 -1 -6 -14
right_child=1 9 -4 -5 12 -7 -8 -9 -10 -11 -12 -13 13 -15
leaf_value=0.00083179710606533079 -0.00077916340515372386 -0.00037904612219250965 0.0027090526318631178 0.0018866656453817806 0.0016862409648079183 -0.0033824424083985678 0.0016408945623713881 0.0011112991793148911 -0.00332378190447901 0.0015780880834033964 0.0013739405194953887 -0.0014656723775189145 -0.0018331255243524856 0.0001092301471369492
leaf_weight=283 517 11129 386 439 353 231 274 299 248 273 360 509 273 31989
leaf_count=283 517 11129 386 439 353 231 274 299 248 273 360 509 273 31989
internal_value=9.09785e-06 -0.000209246 0.000900622 8.83381e-05 6.54278e-05 -0.000723637 -0.000342866 -0.000748804 -0.00128358 -0.000332186 0.000104665 -0.000644733 0.00011004 9.2794e-05
internal_weight=47563 12665 1263 34898 34459 1844 1613 1339 1040 11402 877 792 32615 32262
internal_count=47563 12665 1263 34898 34459 1844 1613 1339 1040 11402 877 792 32615 32262
is_linear=0
shrinkage=0.05


Tree=204
num_leaves=15
num_cat=0
split_feature=4 5 2 8 5 5 5 7 4 6 0 7 0 5
split_gain=0.414464 0.507526 1.08424 1.26756 1.18595 0.963443 0.561536 1.05031 1.35633 0.787871 1.11875 0.588258 0.749203 0.505847
threshold=0.15128814683768246 0.87280431432973815 0.79346840842442024 0.40446398937935618 0.93885340395700279 0.84983660130718963 0.73817513582614269 0.42745013543462207 0.064927732610659455 0.70341905318527187 0.49840764331210197 0.69169799498746876 0.13229217306757415 0.16141439205955338
decision_type=8 8 10 8 10 10 10 2 10 2 2 2 2 10
left_child=1 5 3 -3 -4 6 9 -8 -9 11 -11 12 -1 -14
right_child=-2 2 4 -5 -6 -7 7 8 -10 10 -12 -13 13 -15
leaf_value=-0.0030636345550382705 7.535639295587803e-05 -0.00056284789604534957 -0.0039985956091688774 0.0039445440832581577 0.0009533253394622814 -0.0035235709588576853 0.0021542931644917725 0.0010206324146628113 -0.0039824810878208283 0.0027266802712868931 -0.00079844968877108673 -0.0034686998132639176 0.0011102769012540142 -0.00088323481395328671
leaf_weight=344 41116 277 210 357 285 261 544 350 221 367 582 239 378 2012
leaf_count=344 41116 277 210 357 285 261 544 350 221 367 582 239 378 2012
internal_value=1.69892e-05 -0.000356408 0.000606099 0.00197523 -0.00114749 -0.000561518 -0.000408035 0.000582088 -0.000915774 -0.00068952 0.000564799 -0.00108991 -0.000881958 -0.000567943
internal_weight=47543 6427 1129 634 495 5298 5037 1115 571 3922 949 2973 2734 2390
internal_count=47543 6427 1129 634 495 5298 5037 1115 571 3922 949 2973 2734 2390
is_linear=0
shrinkage=0.05


Tree=205
num_leaves=15
num_cat=0
split_feature=1 3 3 5 5 0 7 7 1 6 1 5 6 5
split_gain=0.316851 0.890955 0.590733 1.02853 0.863334 0.454447 0.99269 0.419073 0.887654 1.20803 0.778201 0.731008 0.8361 0.971198
threshold=0.17667066826730696 0.035842754367934229 0.04029551851050011 0.92032191868667446 0.82770038821648784 0.18038949833600396 0.52900888265544654 0.16423240938166314 0.096076923076923101 0.24418464867464088 0.096076923076923101 0.12541390728476823 0.67193750000000019 0.84641025641025658
decision_type=2 10 8 10 10 2 2 2 2 2 2 10 2 10
left_child=1 -1 3 4 5 -2 -7 8 -3 -10 11 -9 13 -13
right_child=2 7 -4 -5 -6 6 -8 10 9 -11 -12 12 -14 -15
leaf_value=0.002113177201636186 -0.002673365793941515 -0.0021295808029621328 8.9169260316286931e-05 0.0020221453851483988 -0.0037046409397243768 0.001960802236263041 -0.002540846471771871 0.0031411151256045319 0.0022015278682374628 -0.0016871125472161894 -0.00078900997289696202 0.0013689021024924761 -0.0018237595769049063 -0.00062877758608076233
leaf_weight=369 201 938 38083 231 347 302 206 217 376 426 2952 1395 460 1079
leaf_count=369 201 938 38083 231 347 302 206 217 376 426 2952 1395 460 1079
internal_value=-5.36291e-06 -0.000287874 5.35646e-05 -0.000999995 -0.00166109 -0.000660929 0.000135331 -0.000400839 -0.00108533 0.000135991 -0.000205685 0.0003408 0.000133687 0.000497642
internal_weight=47582 8212 39370 1287 1056 709 508 7843 1740 802 6103 3151 2934 2474
internal_count=47582 8212 39370 1287 1056 709 508 7843 1740 802 6103 3151 2934 2474
is_linear=0
shrinkage=0.05


Tree=206
num_leaves=15
num_cat=0
split_feature=1 5 5 1 1 4 3 5 3 8 6 6 5 4
split_gain=0.322751 0.599283 0.711338 0.49171 0.962368 0.897588 0.937012 1.5149 1.36885 1.07722 0.825839 0.877515 1.47579 0.683764
threshold=0.96070711749266646 0.65144564915207126 0.54086217364905897 0.88014084507042267 0.8948992852501626 0.58544608472400517 0.79704696523918506 0.85758377425044097 0.15016339869281048 0.9105084334425434 0.19262657152565413 0.41946762914504859 0.69927440980072564 0.47524297346992389
decision_type=2 10 8 2 2 8 10 10 8 8 2 2 10 8
left_child=3 2 -2 -1 13 10 8 -8 -7 -10 -6 12 -12 -5
right_child=1 -3 -4 4 5 6 7 -9 9 -11 11 -13 -14 -15
leaf_value=6.9810168316210562e-05 0.00036651627193847131 6.4083297354640601e-05 0.0036276853048263454 -9.0367144366609864e-05 -0.0040966011988678077 -0.0015277669925074827 -0.0029462086580366821 0.0015128570428977427 0.0014188134907924515 0.0055077182630435297 -0.001743798181900128 -0.0017556066050685066 0.0042278402357355336 -0.0033588606533811261
leaf_weight=41740 359 1377 313 248 203 283 396 367 609 219 211 656 203 451
leaf_count=41740 359 1377 313 248 203 283 396 367 609 219 211 656 203 451
internal_value=4.75562e-05 0.000661439 0.00188548 1.99634e-05 -0.000521015 -0.000148258 0.000547711 -0.000801416 0.00147425 0.0025003 -0.0011728 -0.000618101 0.00118432 -0.00219922
internal_weight=47635 2049 672 45586 3846 3147 1874 763 1111 828 1273 1070 414 699
internal_count=47635 2049 672 45586 3846 3147 1874 763 1111 828 1273 1070 414 699
is_linear=0
shrinkage=0.05


Tree=207
num_leaves=15
num_cat=0
split_feature=4 6 5 7 2 4 5 5 1 7 7 1 5 1
split_gain=0.317822 0.856225 0.943945 1.35649 1.27723 0.917729 1.18238 1.54281 2.14415 0.913486 1.06898 1.66185 1.15428 0.996202
threshold=0.75850497570006958 0.42745013543462207 0.95017730496453912 0.52139804639804654 0.13354564755838644 0.9244490248929762 0.66770833333333346 0.81608823529411778 0.51736194839643124 0.39525506376594149 0.52530179246433373 0.22472194135490398 0.53287072608528641 0.74583217560433468
decision_type=10 2 10 2 10 10 10 10 2 2 2 2 10 2
left_child=-1 2 3 5 -5 6 -2 -8 -9 -3 13 12 -12 -11
right_child=1 9 -4 4 -6 -7 7 8 -10 10 11 -13 -14 -15
leaf_value=8.2061823593975068e-05 -8.2443834190923786e-05 -0.0021302878800251511 0.00063416774664093087 0.00015859192144355091 -0.0046273043364602967 0.00064729697328343421 -0.0038134538470996275 -0.0039471786451477989 0.0024189449541477696 0.003535360564269301 0.00045756272190192253 0.00046019733876235522 -0.0043673980918261541 -0.00065837506770941555
leaf_weight=36950 1282 388 1078 203 445 995 693 228 315 463 200 3921 326 204
leaf_count=36950 1282 388 1078 203 445 995 693 228 315 463 200 3921 326 204
internal_value=1.24699e-05 -0.000226933 -0.000684419 -0.00102603 -0.00312802 -0.000638299 -0.00114631 -0.00224977 -0.000254124 0.000208685 0.000386144 0.000106178 -0.00253281 0.00225272
internal_weight=47691 10741 5239 4161 648 3513 2518 1236 543 5502 5114 4447 526 667
internal_count=47691 10741 5239 4161 648 3513 2518 1236 543 5502 5114 4447 526 667
is_linear=0
shrinkage=0.05


Tree=208
num_leaves=15
num_cat=0
split_feature=3 8 1 0 1 3 8 7 6 7 7 6 8 7
split_gain=0.366201 0.41048 0.350682 0.707888 0.411558 0.94248 1.57534 0.426223 0.410077 0.366199 0.463667 0.671198 0.896915 0.592508
threshold=0.99215674212598437 0.48338852097130253 0.98479065463798299 0.20446250829462512 0.96070711749266646 0.36293309438470739 0.56789830508474581 0.54474578327872847 0.38754844961240315 0.9912662090007629 0.92777975343764829 0.92777975343764829 0.39700269420745399 0.84641025641025658
decision_type=10 8 2 2 2 8 8 2 2 2 2 2 10 2
left_child=2 -2 4 8 9 -6 7 -7 -4 10 11 13 -13 -1
right_child=1 -3 3 -5 5 6 -8 -9 -10 -11 -12 12 -14 -15
leaf_value=3.4010673146710845e-05 0.0030114511971825412 0.00017150214444433304 -0.00034000327151569384 0.0015057167631700565 0.0028417688966265319 0.00030095078040507034 -0.0028933546610373281 0.0034737667148161278 -0.0029607311672934984 0.0011982894129956489 -0.00065520104281067146 0.0042620507697968468 0.00048430117693802188 -0.00071959460829410611
leaf_weight=38083 213 316 254 206 417 220 303 204 362 615 2782 207 652 2800
leaf_count=38083 213 316 254 206 417 220 303 204 362 615 2782 207 652 2800
internal_value=6.78939e-06 0.001315 -7.90209e-06 -0.00103159 1.02789e-05 0.000946843 -0.000140067 0.00182749 -0.00188011 -1.34573e-05 -3.01949e-05 1.14602e-05 0.00139466 -1.76023e-05
internal_weight=47634 529 47105 822 46283 1144 727 424 616 45139 44524 41742 859 40883
internal_count=47634 529 47105 822 46283 1144 727 424 616 45139 44524 41742 859 40883
is_linear=0
shrinkage=0.05


Tree=209
num_leaves=15
num_cat=0
split_feature=1 3 5 8 3 5 3 8 5 8 7 5 8 8
split_gain=0.315765 0.906272 1.16347 0.519966 1.04684 1.34258 0.43619 0.630892 1.69673 1.19339 1.1911 1.10735 1.12251 1.4485
threshold=0.040134228187919473 0.91531942633637564 0.95356537809949182 0.44936618715282733 0.52139804639804654 0.67576887232059657 0.89734808570425029 0.42971804898127192 0.96105127427184478 0.50754727728411952 0.41946762914504859 0.84641025641025658 0.55613076999110411 0.74318125464914464
decision_type=2 10 10 10 10 10 8 8 10 8 2 8 8 10
left_child=1 2 3 4 5 -1 -2 8 10 -9 -8 12 -11 -14
right_child=6 -3 -4 -5 -6 -7 7 9 -10 11 -12 -13 13 -15
leaf_value=-9.6752484607101556e-05 1.9864173955994196e-05 0.003446568429739361 -0.0032138962915362144 -0.0008789705773828932 -0.0011985803486929988 0.0045374013596678709 0.0015880929963730606 0.001476644249046803 -0.0053282144787878578 -0.0051046822965819987 -0.0020010779279759578 0.00026364690852960547 0.0024747604647670247 -0.0020245505360091901
leaf_weight=278 40977 249 215 347 272 357 387 857 231 207 574 1510 226 858
leaf_count=278 40977 249 215 347 272 357 387 857 231 207 574 1510 226 858
internal_value=-8.25682e-06 0.000657245 0.000184446 0.000767096 0.00139685 0.00250859 -3.32057e-05 -0.000481586 -0.00148057 -0.000156054 -0.000555699 -0.000655598 -0.00173078 -0.0010865
internal_weight=47545 1718 1469 1254 907 635 45827 4850 1192 3658 961 2801 1291 1084
internal_count=47545 1718 1469 1254 907 635 45827 4850 1192 3658 961 2801 1291 1084
is_linear=0
shrinkage=0.05


Tree=210
num_leaves=15
num_cat=0
split_feature=5 4 2 7 2 0 6 2 7 7 7 4 6 7
split_gain=0.315297 0.264059 0.338319 0.787957 0.722985 0.618127 0.590433 0.571148 0.425526 0.678762 0.598643 0.996931 0.80259 0.60876
threshold=0.0080322580645161307 0.913483036842617 0.12099342510786934 0.86890898812888639 0.21851522065779957 0.11635871296591273 0.096076923076923101 0.86890898812888639 0.29277003484320563 0.13652714192282542 0.69927440980072564 0.96057811852465813 0.13652714192282542 0.60836247086247097
decision_type=10 10 10 2 8 2 2 10 2 2 2 10 2 2
left_child=-1 -2 5 4 -4 -3 -7 -5 9 -6 12 -12 -10 -14
right_child=1 2 3 7 8 6 -8 -9 10 -11 11 -13 13 -15
leaf_value=-0.0018280752720429673 -3.159460053357756e-05 0.0032068985991729362 -0.001699665620061712 -0.00025047870182121794 0.0017219662645453903 0.0025728335117295789 -0.00071106359218202461 -0.0036503240486074773 -0.00099251407683488709 -0.0019715189989422221 0.0016168693396010911 -0.0028227389753468475 0.0016300973088322311 0.0043826466368673805
leaf_weight=236 43571 278 326 300 212 204 416 210 212 301 305 216 724 278
leaf_count=236 43571 278 326 300 212 204 416 210 212 301 305 216 724 278
internal_value=-5.02306e-06 4.02454e-06 0.000393769 0.000145076 0.000500826 0.00124785 0.000369444 -0.00165042 0.000819936 -0.000445166 0.001194 -0.000223736 0.00180243 0.00239378
internal_weight=47789 47553 3982 3084 2574 898 620 510 2248 513 1735 521 1214 1002
internal_count=47789 47553 3982 3084 2574 898 620 510 2248 513 1735 521 1214 1002
is_linear=0
shrinkage=0.05


Tree=211
num_leaves=15
num_cat=0
split_feature=3 0 2 8 8 2 4 1 3 1 2 1 4 0
split_gain=0.269129 0.456136 0.994204 1.27452 0.245967 0.549448 0.535712 0.641496 0.807824 1.05783 0.921335 0.343475 0.530242 0.332491
threshold=0.98501851644035476 0.42745013543462207 0.93868600071607611 0.8512955103864196 0.93280446506961001 0.064632165235553499 0.89886560872799415 0.2323262153566561 0.89387235183695368 0.43559907834101391 0.84228550829127624 0.92777975343764829 0.92044189181269431 0.54474578327872847
decision_type=8 2 8 8 10 8 8 2 10 2 10 2 10 2
left_child=4 2 -2 -4 -1 -6 7 -7 9 -9 13 12 -8 -11
right_child=1 -3 3 -5 5 6 11 8 -10 10 -12 -13 -14 -15
leaf_value=3.9193849331017816e-06 0.0019946968226674821 -0.0028918441257929964 0.0008074035025041166 -0.0045758599344681078 -0.0017072957414561267 0.0022210355183889018 0.0027647167188898044 -0.002781618713610491 -0.0023764152999785617 -0.00029319846159600225 0.0038195014807253917 0.0032843783529621531 -0.00047247748764844063 0.0018124062551318537
leaf_weight=43626 298 207 232 209 266 344 238 222 328 679 230 258 270 259
leaf_count=43626 298 207 232 209 266 344 238 222 328 679 230 258 270 259
internal_value=1.75658e-05 -0.000817367 -0.000236289 -0.00174385 3.44717e-05 0.000465266 0.000669616 0.000250179 -0.000144451 0.000382228 0.000983576 0.0017987 0.00104416 0.0002882
internal_weight=47666 946 739 441 46720 3094 2828 2062 1718 1390 1168 766 508 938
internal_count=47666 946 739 441 46720 3094 2828 2062 1718 1390 1168 766 508 938
is_linear=0
shrinkage=0.05


Tree=212
num_leaves=15
num_cat=0
split_feature=0 0 7 0 4 7 6 8 8 0 8 4 4 4
split_gain=0.347783 0.369388 0.532443 0.301145 0.926117 0.877802 1.10126 0.576395 0.539894 0.295674 1.93925 0.90856 0.842497 0.895452
threshold=0.99691358024691368 0.98490544543176128 0.35058680954203347 0.9576867987586537 0.78175416133162623 0.17229961178351225 0.65327956989247327 0.4387279439369291 0.44529181535627954 0.055749805749805752 0.32099821990962624 0.085370701649771438 0.58544608472400517 0.23581070716367544
decision_type=2 2 2 2 8 2 2 10 10 2 10 10 10 10
left_child=1 3 -3 9 5 -5 8 -8 -7 10 -1 -12 13 -13
right_child=-2 2 -4 4 -6 6 7 -9 -10 -11 11 12 -14 -15
leaf_value=-0.0039365985582169192 0.0014897454138531549 0.00017691956367111761 -0.0031765350073068737 -0.00090997268165001919 -0.0021103600908729675 0.0022038157356448437 0.0022062727357971992 -0.001570969171571865 0.0058107771205736184 -5.5743840430300932e-05 0.0028832236693184061 0.0012583640372295949 0.0011914586635216099 -0.0027711207376267459
leaf_weight=223 386 251 224 318 238 209 203 201 206 42878 479 231 1176 342
leaf_count=223 386 251 224 318 238 209 203 201 206 42878 479 231 1176 342
internal_value=-4.98e-06 -1.72093e-05 -0.0014045 -3.09991e-06 0.000725883 0.00131957 0.00218526 0.000327001 0.00399426 -2.52127e-05 0.000508901 0.00095385 0.000425451 -0.00114667
internal_weight=47565 47179 475 46704 1375 1137 819 404 415 45329 2451 2228 1749 573
internal_count=47565 47179 475 46704 1375 1137 819 404 415 45329 2451 2228 1749 573
is_linear=0
shrinkage=0.05


Tree=213
num_leaves=15
num_cat=0
split_feature=1 8 7 7 7 8 8 2 5 2 4 8 0 1
split_gain=0.388739 0.693245 0.619907 1.15726 0.865507 0.714518 0.543485 0.692864 0.34535 0.29996 0.580479 1.22224 1.1511 0.871197
threshold=0.040134228187919473 0.028004705574799036 0.58874736207416356 0.40329357549471406 0.12829175329175332 0.39485955672591622 0.01923155948222725 0.31501456153597246 0.75850497570006958 0.24662100456621008 0.13010914355718903 0.38560706768583147 0.47162141432735089 0.883795948987247
decision_type=2 8 2 2 2 8 10 10 10 8 10 8 2 2
left_child=2 6 3 4 -1 -6 7 -2 -4 10 11 12 -3 -13
right_child=1 9 8 -5 5 -7 -8 -9 -10 -11 -12 13 -14 -15
leaf_value=-0.0010442799871375203 0.0016698685805855808 0.0053876752559854479 0.00079215678350818869 -0.0022404087709944919 0.0006688076291418391 0.0042240955433112057 -0.0031626792929950543 -0.0023434874546300207 0.0035192151335476196 3.3519503840812234e-05 -0.00045295613380609627 0.00043385199403842922 0.00052203314934552334 -0.0023454462620755515
leaf_weight=305 206 216 216 366 317 255 313 225 251 34503 8558 1251 278 364
leaf_count=305 206 216 216 366 317 255 313 225 251 34503 8558 1251 278 364
internal_value=-3.5489e-05 -6.30574e-05 0.000704731 0.000121208 0.00110679 0.00225377 -0.0015769 -0.000425271 0.00225788 -3.81228e-05 -0.000269854 0.000473148 0.00264952 -0.000192566
internal_weight=47624 45914 1710 1243 877 572 744 431 467 45170 10667 2109 494 1615
internal_count=47624 45914 1710 1243 877 572 744 431 467 45170 10667 2109 494 1615
is_linear=0
shrinkage=0.05


Tree=214
num_leaves=15
num_cat=0
split_feature=6 2 6 3 8 3 3 0 5 2 1 1 5 1
split_gain=0.471176 0.588694 0.965306 0.832563 1.37 0.729815 0.707076 0.662405 0.91663 1.01285 0.639896 0.619098 0.589659 1.92228
threshold=0.14854307432432437 0.12940337385264206 0.096076923076923101 0.13732974105672807 0.37298334634400215 0.027460098026894562 0.22837075921065425 0.28090682667270467 0.98340220385674948 0.49186938127974622 0.4593593593593594 0.13652714192282542 0.82041266025641035 0.1681829459928873
decision_type=2 8 2 8 10 8 8 2 8 10 2 2 8 2
left_child=1 2 5 4 -3 -1 -4 8 9 -5 -6 -7 -9 -14
right_child=-2 3 6 7 10 11 -8 12 -10 -11 -12 -13 13 -15
leaf_value=-0.0012566118555941157 6.5774261834069479e-05 0.00081568592606345207 0.00027722494551283379 0.00050427586673412565 -0.0015940143037093521 0.00015283373747488119 -0.0033101022970486653 -0.00067429184375580073 0.0014478565556654598 -0.0026016214957575215 -0.0050826143374910855 0.0029280045545355803 -0.0016820843974476272 0.0020782755455091835
leaf_weight=223 40648 265 323 363 231 311 239 1353 272 948 305 568 522 974
leaf_count=223 40648 265 323 363 231 311 239 1353 272 948 305 568 522 974
internal_value=9.37729e-07 -0.000381181 0.000438006 -0.000641668 -0.00212517 0.00129802 -0.00124835 -0.000373554 -0.0011936 -0.00174164 -0.00357913 0.00194612 8.20904e-05 0.000766171
internal_weight=47545 6897 1664 5233 801 1102 562 4432 1583 1311 536 879 2849 1496
internal_count=47545 6897 1664 5233 801 1102 562 4432 1583 1311 536 879 2849 1496
is_linear=0
shrinkage=0.05


Tree=215
num_leaves=15
num_cat=0
split_feature=5 0 7 0 6 1 1 7 4 2 2 7 5 5
split_gain=0.271423 0.628503 0.948777 0.956636 0.285717 0.507061 1.48428 0.958163 0.914613 0.500702 0.487948 0.48203 0.365606 0.645278
threshold=0.97864741641337394 0.39934640522875825 0.74583217560433468 0.11635871296591273 0.92044189181269431 0.38721035892776018 0.51342342342342351 0.9755097960815674 0.47524297346992389 0.46745780945337195 0.82364995178399236 0.94623128549303048 0.62040416328737502 0.50463002657978229
decision_type=8 2 2 2 2 2 2 2 8 10 10 2 10 10
left_child=4 2 3 -2 11 8 7 -7 9 -6 12 -1 13 -8
right_child=1 -3 -4 -5 5 6 10 -9 -10 -11 -12 -13 -14 -15
leaf_value=-4.6500575614685147e-05 -0.00016999694707919843 -0.001018934715100644 -0.0010468447040338283 0.0040307253113155347 -0.0011658234066914681 0.0049594672651041612 0.0005072135955609859 0.00090175519388948396 -0.0027108848272751752 0.0020350026879394833 -0.0015922518660357451 -0.0018423738516913481 0.0020752755056130576 -0.0023651890440083354
leaf_weight=42025 208 361 261 389 215 294 1696 288 340 283 346 377 292 221
leaf_count=42025 208 361 261 389 215 294 1696 288 340 283 346 377 292 221
internal_value=-5.11178e-06 0.000731362 0.00146779 0.00256716 -2.44697e-05 0.000380863 0.000672738 0.00295153 -0.000711751 0.00065312 0.000153655 -6.24678e-05 0.00042712 0.000176071
internal_weight=47596 1219 858 597 46377 3975 3137 582 838 498 2555 42402 2209 1917
internal_count=47596 1219 858 597 46377 3975 3137 582 838 498 2555 42402 2209 1917
is_linear=0
shrinkage=0.05


Tree=216
num_leaves=15
num_cat=0
split_feature=7 8 1 1 1 1 3 7 0 7 8 1 8 3
split_gain=0.243702 0.799725 0.49498 0.320284 0.404503 0.250257 1.16095 1.09224 1.83187 0.989208 0.846767 0.304091 1.09206 0.773089
threshold=0.035587639311043577 0.54103974848416814 0.73390796093518806 0.10452638766949567 0.24034734645199765 0.040134228187919473 0.91139737367970319 0.28464345873105001 0.50159235668789826 0.13652714192282542 0.42774045801526722 0.21222498962224992 0.9390308662462663 0.035842754367934229
decision_type=2 8 2 2 2 2 10 2 2 2 8 2 10 10
left_child=1 2 3 -1 -5 6 7 9 10 -2 -9 12 13 -7
right_child=5 -3 -4 4 -6 11 -8 8 -10 -11 -12 -13 -14 -15
leaf_value=-0.0025611884681337278 -0.0005754888493091603 0.0010714622182472068 -0.0035891587134288527 0.0015311861626447782 -0.0012153551094424542 0.0023961146504977177 0.0038495929360961023 -0.00095198270733300421 0.0025598605423108214 0.0038603485787967254 -0.0046677348827312429 5.2470153779669165e-05 0.0030577498278235309 -0.000487856930697389
leaf_weight=206 223 468 210 204 391 240 238 394 262 288 251 36624 236 7313
leaf_count=206 223 468 210 204 391 240 238 394 262 288 251 36624 236 7313
internal_value=-5.64503e-06 -0.000637408 -0.00142846 -0.000861981 -0.000273684 1.46371e-05 0.000618146 7.57738e-05 -0.00096582 0.00192455 -0.00239796 -7.86559e-06 -0.000291565 -0.000396217
internal_weight=47548 1479 1011 801 595 46069 1656 1418 907 511 645 44413 7789 7553
internal_count=47548 1479 1011 801 595 46069 1656 1418 907 511 645 44413 7789 7553
is_linear=0
shrinkage=0.05


Tree=217
num_leaves=15
num_cat=0
split_feature=8 8 8 4 3 7 0 0 7 7 0 3 3 3
split_gain=0.274715 0.213199 0.513132 0.981489 0.719159 0.447563 0.430538 0.404043 0.420825 0.706228 0.554821 0.462268 0.461439 0.38835
threshold=0.0096162736939435986 0.087340114039143171 0.13943957300800611 0.26820431247790749 0.45262872361412515 0.69533836920529812 0.93521849187316819 0.083942774782469462 0.56067686207873135 0.75431162652393702 0.41131892015557087 0.37539808917197459 0.35495558672276772 0.34240404788349998
decision_type=8 10 10 10 10 2 2 2 2 2 2 10 10 10
left_child=-1 6 3 4 -3 13 7 -2 -9 12 -11 -12 -10 -5
right_child=1 2 -4 5 -6 -7 -8 8 9 10 11 -13 -14 -15
leaf_value=0.0013760008369623077 -0.002390983483346645 0.0012661290973520433 3.8465748260936764e-06 -0.00092149474975885832 0.0049299006159451569 -0.0018385080075535077 -0.0022803679066208163 0.00042315394848168469 -0.0031577953959435047 -0.0017457846771050023 0.0023891860545964343 -0.00033710236345907651 -0.00050195687716902623 0.0016017093915519688
leaf_weight=368 200 390 41995 250 204 261 269 1877 354 251 314 308 304 391
leaf_count=368 200 390 41995 250 204 261 269 1877 354 251 314 308 304 391
internal_value=1.51629e-05 4.59056e-06 3.6262e-05 0.000946213 0.00252439 -9.30775e-05 -0.00035069 -0.00020682 -7.86413e-05 -0.00069384 0.000238471 0.00103919 -0.00193078 0.00061762
internal_weight=47736 47368 43491 1496 594 902 3877 3608 3408 1531 873 622 658 641
internal_count=47736 47368 43491 1496 594 902 3877 3608 3408 1531 873 622 658 641
is_linear=0
shrinkage=0.05


Tree=218
num_leaves=15
num_cat=0
split_feature=8 7 4 1 1 1 8 1 4 8 3 7 8 5
split_gain=0.296326 0.764204 0.878093 1.41419 0.822556 1.0135 0.817459 0.736585 1.24602 0.615207 0.611858 0.575067 0.566243 0.531613
threshold=0.254065309360127 0.10452638766949567 0.035587639311043577 0.10452638766949567 0.2164892100009507 0.27303030303030307 0.050179856115107925 0.6637549588037841 0.57358641130870958 0.028004705574799036 0.31318840579710155 0.28090682667270467 0.016064516129032261 0.2985592868988392
decision_type=8 2 10 2 2 2 10 2 10 10 10 2 10 10
left_child=1 -1 3 -3 6 -6 9 -7 -9 12 -5 -8 -4 -13
right_child=-2 2 4 10 5 7 11 8 -10 -11 -12 13 -14 -15
leaf_value=-0.0012271031787693372 -4.5201696632561109e-05 0.0055639455459619534 0.0010650094553230863 -0.00091414951743017678 0.0029824006677919906 -6.6283407203633743e-05 0.00040057407067150869 0.0032553327100107708 -0.00069597048575552301 0.0023371979593312551 0.002724920294541187 -0.00038735837325482638 -0.0023093253398501195 -0.0031876517146913457
leaf_weight=720 40842 213 272 268 438 2215 288 500 332 317 203 258 229 494
leaf_count=720 40842 213 272 268 438 2215 288 500 332 317 203 258 229 494
internal_value=5.50944e-06 0.000312482 0.000496405 0.00218317 0.000280469 0.000733451 -0.000569179 0.000410169 0.00167861 0.000613373 0.000654282 -0.0014993 -0.000477351 -0.00222691
internal_weight=47589 6747 6027 684 5343 3485 1858 3047 832 818 471 1040 501 752
internal_count=47589 6747 6027 684 5343 3485 1858 3047 832 818 471 1040 501 752
is_linear=0
shrinkage=0.05


Tree=219
num_leaves=15
num_cat=0
split_feature=7 8 8 0 0 2 7 6 2 8 6 2 0 0
split_gain=0.293396 0.95481 0.816026 0.609711 0.653931 0.391735 0.292669 0.359421 1.35611 0.279752 0.713527 1.09875 0.998936 1.05154
threshold=0.055749805749805752 0.70977698128235778 0.84753833736884598 0.66770833333333346 0.78210647586708715 0.4553208478513357 0.067732891550911181 0.016064516129032261 0.6830127104087943 0.50163398692810468 0.10452638766949567 0.027460098026894562 0.30852659513095654 0.48755165289256203
decision_type=2 8 10 2 2 10 2 2 8 8 2 10 2 2
left_child=1 3 -3 -1 -5 -6 -2 8 -8 -9 12 -12 -11 -14
right_child=6 2 -4 4 5 -7 7 9 -10 10 11 -13 13 -15
leaf_value=-0.0018468348219459895 0.0011467478492842918 0.0033326971051083165 -0.00044511828776972655 0.0019919407823862519 0.0003105367328181043 -0.002397960281967627 0.0015441123601934597 0.00013402612758690399 -0.0039055047535196253 -0.00041253102058343171 -0.0033034064066958333 -0.00016093356170607945 0.0041431947548906988 0.0003631190241624912
leaf_weight=1086 579 259 319 267 268 266 213 26200 246 693 283 16263 364 372
leaf_count=1086 579 259 319 267 268 266 213 26200 246 693 283 16263 364 372
internal_value=8.70711e-07 -0.000530334 0.00124771 -0.00107496 -2.84462e-05 -0.00103864 2.98318e-05 1.5343e-05 -0.0013766 2.98059e-05 -0.000122103 -0.000214682 0.000949838 0.00223261
internal_weight=47678 2465 578 1887 801 534 45213 44634 459 44175 17975 16546 1429 736
internal_count=47678 2465 578 1887 801 534 45213 44634 459 44175 17975 16546 1429 736
is_linear=0
shrinkage=0.05


Tree=220
num_leaves=15
num_cat=0
split_feature=6 6 2 7 3 1 4 3 6 4 5 1 3 7
split_gain=0.336604 0.85705 0.918007 0.800805 1.58272 0.777285 0.944465 1.01778 1.11143 1.07641 0.703786 0.928827 0.694321 0.666641
threshold=0.36391694725028062 0.42745013543462207 0.61302095596891937 0.54877237341140472 0.9297560307017545 0.5684192372129695 0.66909119763013125 0.78210647586708715 0.055749805749805752 0.89156976744186067 0.85758377425044097 0.84641025641025658 0.96837895263092122 0.32094158835452374
decision_type=2 2 10 2 8 2 10 10 2 10 10 2 10 2
left_child=3 13 10 5 -5 6 -1 8 -8 -10 -3 -12 -6 -2
right_child=1 2 -4 4 12 -7 7 -9 9 -11 11 -13 -14 -15
leaf_value=0.00035485648021099008 -6.3420386753671433e-05 0.00021319138016702286 -0.00031642904377239642 -0.0017111037870745902 0.0036442869330035807 0.00075995497881960682 -0.0029173109471728959 -0.002311717040386171 -0.0001162538451367063 0.0038087447186709819 0.0033711858783864027 -0.00037423083458536417 0.00018604132476993787 -0.0015392160450596907
leaf_weight=6152 1476 16372 10436 1316 211 6842 270 775 879 218 407 279 465 1589
leaf_count=6152 1476 16372 10436 1316 211 6842 270 775 879 218 407 279 465 1589
internal_value=6.39912e-05 -3.54607e-05 5.29489e-05 0.000241429 -0.000700983 0.000365457 4.00219e-05 -0.000864209 -4.3566e-05 0.000663737 0.000278933 0.0018479 0.00126546 -0.000828523
internal_weight=47687 30559 27494 17128 1992 15136 8294 2142 1367 1097 17058 686 676 3065
internal_count=47687 30559 27494 17128 1992 15136 8294 2142 1367 1097 17058 686 676 3065
is_linear=0
shrinkage=0.05


Tree=221
num_leaves=15
num_cat=0
split_feature=1 2 3 6 7 0 1 1 7 3 6 1 7 7
split_gain=0.264906 0.542522 0.635723 0.736942 0.527964 0.761637 0.797841 0.773187 1.55142 0.974436 1.22877 0.674287 1.12157 1.36349
threshold=0.28090682667270467 0.52548558703451709 0.59581754590498404 0.85375234521575993 0.23629205440229065 0.072036036036036047 0.096076923076923101 0.2323262153566561 0.42745013543462207 0.56457098968619712 0.69169799498746876 0.016064516129032261 0.71118935837245711 0.62800307514895259
decision_type=2 8 8 2 2 2 2 2 2 10 2 2 2 2
left_child=4 2 -2 -4 -1 -6 11 -8 -9 -10 -11 -7 13 -13
right_child=1 -3 3 -5 5 6 7 8 9 10 -12 12 -14 -15
leaf_value=-0.00024989524415217551 9.100296282604329e-06 -0.00022116687799624753 0.00040468632710730806 0.0021299255849679928 -0.0023549752256643596 -0.00087365407183933165 -0.00012827033917200544 -0.0014877988568195984 0.00054042563948421968 0.0053225377936080695 0.001123692452937171 0.001683107835135099 -9.8142855144484788e-05 0.0059110992603917233
leaf_weight=3786 13654 16580 3521 751 236 335 4600 437 644 351 346 1475 745 219
leaf_count=3786 13654 16580 3521 751 236 335 4600 437 644 351 346 1475 745 219
internal_value=5.78033e-05 -1.50182e-05 0.000175652 0.000707976 0.000248541 0.000449551 0.00052187 0.00021399 0.00109948 0.00194261 0.00323818 0.00122975 0.00151865 0.0022297
internal_weight=47680 34506 17926 4272 13174 9388 9152 6378 1778 1341 697 2774 2439 1694
internal_count=47680 34506 17926 4272 13174 9388 9152 6378 1778 1341 697 2774 2439 1694
is_linear=0
shrinkage=0.05


Tree=222
num_leaves=15
num_cat=0
split_feature=6 6 4 6 7 5 0 4 5 0 7 1 5 4
split_gain=0.277634 1.00407 0.623518 1.1442 4.21956 1.22971 0.893269 0.776384 0.677752 0.608362 0.588791 0.588314 0.635046 0.626141
threshold=0.33974596127759288 0.28782428602572491 0.040431560592850919 0.10033557046979867 0.32862137862137869 0.91721941576982224 0.21222498962224992 0.012821039654818166 0.85375234521575993 0.11635871296591273 0.17667066826730696 0.4593593593593594 0.19831148475349106 0.36293309438470739
decision_type=2 2 10 2 2 10 2 10 10 2 2 2 10 8
left_child=1 2 3 4 8 6 -5 -8 -1 -3 -2 12 -11 -13
right_child=10 9 -4 5 -6 -7 7 -9 -10 11 -12 13 -14 -15
leaf_value=0.0038679267007342361 -0.0009461000597828016 -0.00080566179992444292 -0.00014715344377144696 -0.001093305475882042 -0.0055189253013530701 0.0046610429590690314 0.00084930345902937759 0.0043635425154754347 0.00043071632864429498 0.0025654481345160187 -2.6237742582218236e-05 0.0040572464421515997 -0.00016089185292637626 0.0014355131716769244
leaf_weight=235 1848 359 11252 368 296 274 516 226 368 295 29664 331 774 730
leaf_count=235 1848 359 11252 368 296 274 516 226 368 295 29664 331 774 730
internal_value=5.98478e-06 0.000175437 5.70997e-06 0.000759113 -0.000629739 0.00166126 0.000920779 0.00191968 0.00177026 0.0010984 -8.01824e-05 0.00141932 0.000591466 0.00225341
internal_weight=47536 16024 13535 2283 899 1384 1110 742 603 2489 31512 2130 1069 1061
internal_count=47536 16024 13535 2283 899 1384 1110 742 603 2489 31512 2130 1069 1061
is_linear=0
shrinkage=0.05


Tree=223
num_leaves=15
num_cat=0
split_feature=0 2 8 5 8 1 7 7 0 1 5 3 8 8
split_gain=0.312241 0.673719 1.20579 0.631624 0.353442 0.528258 1.35632 0.957448 0.927586 0.695544 0.590055 0.557888 0.507874 0.428362
threshold=0.027460098026894562 0.17376207729468601 0.48338852097130253 0.82041266025641035 0.95416345682470782 0.43559907834101391 0.5967064245052861 0.44765682079114921 0.28866149919652145 0.29277003484320563 0.9244490248929762 0.64893079217430871 0.98418947631546072 0.98283230179781911
decision_type=2 8 10 10 8 2 2 2 2 2 8 10 8 8
left_child=1 -1 -3 -4 -2 9 7 8 11 -6 12 -7 -8 -10
right_child=4 2 3 -5 5 6 10 -9 13 -11 -12 -13 -14 -15
leaf_value=0.0012242745329188037 -5.4896241901984213e-05 -0.0036179533843573538 0.0018313757932238925 -0.0019096653094730833 0.00040379785146486358 0.0013005997777002026 -0.0033734178655311421 0.0042478530986039941 0.0041749947495022871 -0.0028404406285058694 0.0013382167317441027 -0.0022209656865063519 -4.5726014079230134e-05 0.0011107517070653658
leaf_weight=289 43831 389 254 203 562 221 247 335 238 234 216 229 214 219
leaf_count=289 43831 389 254 203 562 221 247 335 238 234 216 229 214 219
internal_value=-4.05853e-05 -0.000859966 -0.00157196 0.0001696 -2.06051e-05 0.000532992 0.000982179 0.00196358 0.00111988 -0.00054991 -0.000818264 -0.000491486 -0.00182868 0.00270657
internal_weight=47681 1135 846 457 46546 2715 1919 1242 907 796 677 450 461 457
internal_count=47681 1135 846 457 46546 2715 1919 1242 907 796 677 450 461 457
is_linear=0
shrinkage=0.05


Tree=224
num_leaves=15
num_cat=0
split_feature=2 7 7 0 8 5 2 5 4 4 8 5 2 4
split_gain=0.260926 0.561439 0.997595 0.581 0.865967 0.574457 0.540267 0.617589 0.989986 1.05812 0.754329 0.475811 0.456195 0.424168
threshold=0.51360607182525009 0.48338852097130253 0.32094158835452374 0.88014084507042267 0.37625610106230267 0.34685648452929568 0.40748521630874573 0.60836247086247097 0.80155700957227694 0.93172105672105687 0.38094758064516132 0.33877632631298321 0.22648879716981135 0.96485050654806048
decision_type=10 2 2 2 8 10 10 10 8 10 10 10 10 8
left_child=1 2 3 -1 -5 -6 7 11 10 -10 -9 -4 -7 -2
right_child=13 -3 6 4 5 12 -8 8 9 -11 -12 -13 -14 -15
leaf_value=0.00038327967623925143 -1.1897513741334973e-05 0.00038084691260267242 -0.00086555914639597532 -0.0028042344187192308 0.0019492922561661595 0.00077090229707612516 0.00043083979023465779 0.0034167643777708308 -0.0033222499269920333 0.0010148914495301952 -5.3730166303929817e-05 -0.0025657798965985157 -0.0024865890197199869 -0.00067512952352860285
leaf_weight=6971 20670 12356 820 375 276 201 760 211 403 216 607 826 231 2729
leaf_count=6971 20670 12356 820 375 276 201 760 211 403 216 607 826 231 2729
internal_value=2.9867e-05 0.000144789 -0.000100376 0.000215894 -0.000861527 0.000167449 -0.000763201 -0.00105755 -0.000300158 -0.0018088 0.000841471 -0.00171877 -0.000970951 -8.92495e-05
internal_weight=47652 24253 11897 8054 1083 708 3843 3083 1437 619 818 1646 432 23399
internal_count=47652 24253 11897 8054 1083 708 3843 3083 1437 619 818 1646 432 23399
is_linear=0
shrinkage=0.05


Tree=225
num_leaves=15
num_cat=0
split_feature=5 5 8 8 3 0 2 0 4 4 5 5 4 0
split_gain=0.288706 0.85578 0.377277 0.384677 0.588458 1.03279 0.616873 0.379813 0.651646 0.639997 0.842131 0.788611 0.580844 0.500807
threshold=0.98501851644035476 0.98340220385674948 0.0096162736939435986 0.028004705574799036 0.28458411507192 0.51342342342342351 0.31118469462840331 0.055749805749805752 0.064927732610659455 0.52960654460459688 0.80139415136500547 0.69169799498746876 0.9426490550276706 0.072036036036036047
decision_type=10 8 8 10 10 2 10 2 10 10 10 10 10 2
left_child=1 2 -1 4 6 -6 -4 8 -5 11 -11 -10 -12 -9
right_child=-2 -3 3 7 5 -7 -8 13 9 10 12 -13 -14 -15
leaf_value=0.0016322199379207071 -0.0009211759060135799 0.0032838035003514964 -0.00044493837011741255 0.0023124223669723667 0.0024415827030563691 -0.001517723513384364 -0.0037154832573220338 -0.0013307011040419488 0.00072363176494486317 0.002160788151532755 -0.0025403401264662132 -0.0030030704942184652 0.00067167904378876114 6.5474934432586733e-06
leaf_weight=354 829 200 295 467 282 396 282 712 279 618 216 289 404 42038
leaf_count=354 829 200 295 467 282 396 282 712 279 618 216 289 404 42038
internal_value=3.75779e-06 2.01306e-05 6.133e-06 -6.30563e-06 -0.000869733 0.000129068 -0.00204337 1.77621e-05 0.000647567 0.000217064 0.000854614 -0.00117252 -0.000447347 -1.57243e-05
internal_weight=47661 46832 46632 46278 1255 678 577 45023 2273 1806 1238 568 620 42750
internal_count=47661 46832 46632 46278 1255 678 577 45023 2273 1806 1238 568 620 42750
is_linear=0
shrinkage=0.05


Tree=226
num_leaves=15
num_cat=0
split_feature=1 3 6 0 5 5 0 4 5 2 1 3 1 3
split_gain=0.408271 0.366859 0.300953 0.505626 0.303315 0.699347 0.234668 0.915804 0.516241 0.24027 0.982114 1.04159 0.852261 0.654431
threshold=0.99215674212598437 0.50471740097908324 0.97818152967311978 0.86166353971232035 0.27490458015267183 0.47104443645945626 0.027460098026894562 0.5812232905982907 0.80139415136500547 0.8948992852501626 0.86890898812888639 0.79704696523918506 0.93172105672105687 0.80810958904109598
decision_type=2 10 2 2 10 10 2 8 8 8 2 10 2 10
left_child=2 -2 6 4 -4 -6 7 -1 -9 -8 13 -12 -13 -11
right_child=1 -3 3 -5 5 -7 9 8 -10 10 11 12 -14 -15
leaf_value=-0.0030903757665456341 -0.0027445824196933467 -0.00016629396521673252 -0.002144334424824256 0.0013176517570391297 0.0018165146000106995 -0.0021500586419558837 4.6907502728947586e-05 0.0016535467376054642 -0.0010609446452543769 -0.0015046954212810093 0.0038508142217129958 0.0017942497097791579 -0.0020982919583730111 -0.00017613688340513406
leaf_weight=298 264 289 514 225 202 247 40066 331 372 1432 262 312 256 2628
leaf_count=298 264 289 514 225 202 247 40066 331 372 1432 262 312 256 2628
internal_value=-4.64886e-05 -0.00139716 -3.06455e-05 -0.000816368 -0.00131497 -0.000365542 -1.03344e-05 -0.000767512 0.000217144 6.52507e-06 -0.000324347 0.00124284 3.98647e-05 -0.000644732
internal_weight=47698 553 47145 1188 963 449 45957 1001 703 44956 4890 830 568 4060
internal_count=47698 553 47145 1188 963 449 45957 1001 703 44956 4890 830 568 4060
is_linear=0
shrinkage=0.05


Tree=227
num_leaves=15
num_cat=0
split_feature=2 4 8 1 7 7 0 8 7 2 1 6 8 1
split_gain=0.394477 0.601922 0.8604 0.638257 0.450959 0.830119 0.409564 0.316029 0.272186 0.678676 0.918075 0.612702 0.636864 0.49627
threshold=0.076362383375742179 0.77043108682452954 0.39811866006133528 0.65156402737047914 0.38721035892776018 0.7153031224655314 0.096076923076923101 0.55844594594594599 0.92777975343764829 0.883795948987247 0.31678403755868551 0.92777975343764829 0.66938816315649163 0.56067686207873135
decision_type=8 8 8 2 2 2 2 8 2 10 2 2 8 2
left_child=1 6 -3 7 -5 -6 -1 -4 11 10 -10 -2 -13 -12
right_child=8 2 3 4 5 -7 -8 -9 9 -11 13 12 -14 -15
leaf_value=-0.003198008282853318 7.2963280590172258e-05 0.002287149883641084 -0.00075019265244167946 0.0025212848949844819 -0.0023910454381669386 0.0020141644031726963 -0.00082475124280090208 -0.0032838495887382566 -0.0021799705328172203 -0.0023584836395150223 0.0011515164770290491 0.0022440687740094946 -0.00088265700347785073 -0.00028299375450816633
leaf_weight=203 39942 388 315 210 226 203 1740 202 457 379 961 627 220 1618
leaf_count=203 39942 388 315 210 226 203 1740 202 457 379 961 627 220 1618
internal_value=2.48942e-05 -0.000487103 0.000249828 -0.000433979 0.0006228 -0.000306529 -0.0010727 -0.00174013 6.52827e-05 -0.000363511 -0.000114467 0.000101183 0.00143193 0.000251541
internal_weight=47691 3487 1544 1156 639 429 1943 517 44204 3415 3036 40789 847 2579
internal_count=47691 3487 1544 1156 639 429 1943 517 44204 3415 3036 40789 847 2579
is_linear=0
shrinkage=0.05


Tree=228
num_leaves=15
num_cat=0
split_feature=2 7 6 8 3 4 3 6 2 1 3 6 8 7
split_gain=0.339715 0.56892 0.532514 1.03834 1.22487 0.798773 0.788748 0.671934 0.54507 0.5144 0.533665 0.87134 0.928251 0.737831
threshold=0.12099342510786934 0.9426490550276706 0.096076923076923101 0.48338852097130253 0.28837491337491344 0.012821039654818166 0.15016339869281048 0.055749805749805752 0.064632165235553499 0.88014084507042267 0.20463493199713675 0.64172885572139315 0.45999920986093557 0.54086217364905897
decision_type=10 2 2 10 8 10 10 2 10 2 10 2 10 2
left_child=1 2 3 4 7 6 -4 -1 9 10 11 12 -7 -12
right_child=-2 -3 5 -5 -6 8 -8 -9 -10 -11 13 -13 -14 -15
leaf_value=-0.0031543136249891804 -2.2170850845282765e-05 0.0028403469415232458 0.0043741504057581001 0.003411432190108447 0.0031153838021078812 0.0029621110284390548 -3.9049612321690021e-05 0.00070363854362984147 0.00038608525230252001 -0.0023722484033450934 -0.0034387563535299664 -0.0023723507282649701 -0.00098069266405218522 9.4072916154556627e-05
leaf_weight=244 42081 228 201 374 229 375 204 210 2005 408 269 204 248 328
leaf_count=244 42081 228 201 374 229 375 204 210 2005 408 269 204 248 328
internal_value=2.6234e-05 0.000394775 0.000289549 0.00129367 0.000134018 3.93476e-05 0.00215121 -0.0013698 -0.000183562 -0.000807001 -0.000358532 0.00046387 0.00139258 -0.00149777
internal_weight=47608 5527 5299 1057 683 4242 405 454 3837 1832 1424 827 623 597
internal_count=47608 5527 5299 1057 683 4242 405 454 3837 1832 1424 827 623 597
is_linear=0
shrinkage=0.05


Tree=229
num_leaves=15
num_cat=0
split_feature=2 5 3 6 3 1 8 7 8 6 6 6 1 6
split_gain=0.311447 0.455016 0.629989 0.531735 1.03526 1.29946 1.02615 1.44381 0.926449 0.845787 0.777594 0.705465 0.617475 0.697468
threshold=0.016064516129032261 0.83082579185520378 0.97570810385523221 0.23629205440229065 0.34685648452929568 0.887270994387377 0.78386720053386727 0.6795384064885498 0.36803405572755427 0.5773502805450591 0.19262657152565413 0.41131892015557087 0.6637549588037841 0.49840764331210197
decision_type=10 8 10 2 8 2 8 2 10 2 2 2 2 2
left_child=-1 2 -2 10 8 6 12 -8 -5 -7 -3 -10 13 -6
right_child=1 3 -4 4 5 9 7 -9 11 -11 -12 -13 -14 -15
leaf_value=-0.001160595207790816 -3.1247051661896577e-05 0.00023424709020894734 -0.0025850183240410112 0.0052293386357787873 -0.00086389216456458006 0.0033663465967607 -0.0019226902875816452 0.0035955914616251938 0.0032324587099917105 -0.00022321006858785702 -0.002053548600364091 -6.5658428906721785e-05 0.00037908958852127619 -0.00406666504856596
leaf_weight=563 39006 4360 243 211 384 454 200 291 295 257 406 360 319 305
leaf_count=563 39006 4360 243 211 384 454 200 291 295 257 406 360 319 305
internal_value=8.43803e-06 2.24145e-05 -4.70581e-05 0.000370123 0.000882616 0.000308415 -0.00052659 0.00134782 0.00234795 0.00206886 3.93572e-05 0.00141975 -0.00143962 -0.00228167
internal_weight=47654 47091 39249 7842 3076 2210 1499 491 866 711 4766 655 1008 689
internal_count=47654 47091 39249 7842 3076 2210 1499 491 866 711 4766 655 1008 689
is_linear=0
shrinkage=0.05


Tree=230
num_leaves=15
num_cat=0
split_feature=0 4 7 7 4 0 5 1 7 1 5 6 6 7
split_gain=0.309642 0.879606 1.05077 0.985707 0.969128 0.896169 0.837651 0.611557 0.974052 0.628542 0.755388 0.462934 0.888073 1.10723
threshold=0.71118935837245711 0.55767262657275307 0.9678709677419356 0.42366996233521664 0.86516379601486004 0.79370039682539695 0.57261510890543155 0.21222498962224992 0.54877237341140472 0.35058680954203347 0.45868110643581433 0.49840764331210197 0.44357870482658263 0.38721035892776018
decision_type=2 10 2 2 10 2 10 2 2 2 10 2 2 2
left_child=-1 11 3 4 -3 6 -5 8 -7 10 -9 12 -2 -14
right_child=1 2 -4 5 -6 7 -8 9 -10 -11 -12 -13 13 -15
leaf_value=-4.3218229502749662e-05 6.7852616031462604e-05 0.00056011400183354689 -0.002641977358226931 0.001630141539074312 -0.0028127722112385898 0.0022941646191051968 0.004990348375832232 0.00055985627970509693 -0.002072096385573124 0.00037565302902872337 0.0041596943580964702 -0.00034212466706184231 0.00025762245457037716 0.0047056518436347106
leaf_weight=33873 3533 1629 210 432 245 208 325 240 331 516 371 5378 321 248
leaf_count=33873 3533 1629 210 432 245 208 325 240 331 516 371 5378 321 248
internal_value=3.85057e-05 0.00023642 0.000811479 0.000980254 0.000119155 0.00164625 0.00307277 0.000998062 -0.000387157 0.00166056 0.00274568 -3.69752e-05 0.000363096 0.00219631
internal_weight=47860 13987 4507 4297 1874 2423 757 1666 539 1127 611 9480 4102 569
internal_count=47860 13987 4507 4297 1874 2423 757 1666 539 1127 611 9480 4102 569
is_linear=0
shrinkage=0.05


Tree=231
num_leaves=15
num_cat=0
split_feature=4 6 0 5 4 0 4 5 1 1 2 6 2 6
split_gain=0.669643 0.675662 0.521491 0.550631 0.3437 0.417975 0.31328 0.542411 0.29734 0.285065 0.242994 0.270827 0.49323 0.374892
threshold=0.97189680136896162 0.067732891550911181 0.14056043388429754 0.91318840579710148 0.96057811852465813 0.28464345873105001 0.94623128549303048 0.79704696523918506 0.92777975343764829 0.99691358024691368 0.99691358024691368 0.016064516129032261 0.78210647586708715 0.02409677419354839
decision_type=10 2 2 10 10 2 10 10 2 2 10 2 8 2
left_child=4 -2 8 -4 6 -6 9 -8 -3 10 11 12 -1 -13
right_child=1 2 3 -5 5 -7 7 -9 -10 -11 -12 13 -14 -15
leaf_value=0.00025294879331112569 0.001469175142079403 0.00030833020285507177 -0.0012899865009924406 -0.0044267238572384456 -3.3729684711884591e-05 0.0029747806485694904 -0.0027060322477255897 0.00024900601396768266 -0.0019483682597331107 -0.0016624788664298001 0.0014166738542965261 0.0017376647776255602 -0.0029625099264916051 1.467123444061922e-05
leaf_weight=271 217 380 321 248 248 216 288 337 237 252 311 318 213 43708
leaf_count=271 217 380 321 248 248 216 288 337 237 252 311 318 213 43708
internal_value=-1.98871e-05 -0.00109601 -0.00156535 -0.00265714 1.28194e-05 0.00136678 -9.28249e-07 -0.00111268 -0.000558505 1.44877e-05 2.39162e-05 1.41847e-05 -0.00116212 2.71164e-05
internal_weight=47565 1403 1186 569 46162 464 45698 625 617 45073 44821 44510 484 44026
internal_count=47565 1403 1186 569 46162 464 45698 625 617 45073 44821 44510 484 44026
is_linear=0
shrinkage=0.05


Tree=232
num_leaves=15
num_cat=0
split_feature=2 7 3 3 3 2 8 1 8 3 8 1 7 8
split_gain=0.329295 0.69047 0.491472 0.434486 0.270087 0.240476 0.534524 0.742407 1.03907 0.966675 0.664917 0.644403 0.971138 0.774468
threshold=0.98490544543176128 0.72265840642826484 0.99215674212598437 0.98340220385674948 0.99141615089890966 0.23100961538461542 0.38237068133564955 0.85758377425044097 0.90033112582781472 0.49609351156686815 0.50851449275362326 0.69169799498746876 0.71118935837245711 0.13080517613227896
decision_type=10 2 10 8 8 10 10 2 10 10 10 2 2 10
left_child=2 3 4 -2 5 6 11 -8 9 10 -9 -1 13 -13
right_child=1 -3 -4 -5 -6 -7 7 8 -10 -11 -12 12 -14 -15
leaf_value=-0.00011065382554784342 -0.00095971008925379751 0.0010026574311262158 0.0019169959394943524 -0.0037808040394063259 -0.0018858736021315108 8.73840643367749e-06 -0.00023116212416409365 -0.0020719076661650129 0.00071359758092661883 0.0002738282951896364 -0.0049912173317094369 -0.0019359134222244525 0.0045519093261795372 0.0019909896311870443
leaf_weight=2312 365 281 316 218 202 35627 6014 600 414 297 289 205 201 324
leaf_count=2312 365 281 316 218 202 35627 6014 600 414 297 289 205 201 324
internal_value=-6.60517e-05 -0.00103329 -4.81954e-05 -0.0020146 -6.15545e-05 -5.35924e-05 -0.000261987 -0.000485823 -0.00144303 -0.00219585 -0.00302093 0.000298264 0.00159336 0.000469222
internal_weight=47665 864 46801 583 46485 46283 10656 7614 1600 1186 889 3042 730 529
internal_count=47665 864 46801 583 46485 46283 10656 7614 1600 1186 889 3042 730 529
is_linear=0
shrinkage=0.05


Tree=233
num_leaves=15
num_cat=0
split_feature=1 7 7 4 1 3 7 4 7 7 6 5 1 4
split_gain=0.316728 0.812132 0.779026 0.613867 1.1247 0.469384 0.38478 0.795229 0.223448 0.822304 0.817512 1.03726 0.714534 0.666235
threshold=0.96070711749266646 0.2164892100009507 0.52530179246433373 0.23581070716367544 0.9755097960815674 0.24418464867464088 0.67193750000000019 0.90601158721964103 0.24435962680237491 0.30078244391466474 0.067732891550911181 0.65543379513967759 0.016064516129032261 0.82373653686826853
decision_type=2 2 2 10 2 8 2 8 2 2 2 10 2 10
left_child=8 -2 3 -3 -5 -4 -7 -8 10 13 -1 -12 -11 -10
right_child=1 2 5 4 -6 6 7 -9 9 12 11 -13 -14 -15
leaf_value=0.00074601966522940997 0.0032780512995163585 -0.0033846474225998889 0.002888996659719202 0.0027362334221557138 -0.0018704349150207326 0.0022463697467952275 0.0013944603281523854 -0.0024832084155945191 0.0011341949634743487 -0.0023150247231152068 -0.0001456292118917815 -0.0013433962629342917 -5.9270047498167549e-05 -0.0014265616765893815
leaf_weight=1674 242 201 269 210 359 215 311 230 2270 355 7056 2430 31618 286
leaf_count=1674 242 201 269 210 359 215 311 230 2270 355 7056 2430 31618 286
internal_value=-5.09919e-05 0.000559031 0.000192455 -0.00100934 -0.000170259 0.00109527 0.000457022 -0.000254086 -7.81891e-05 -1.53265e-05 -0.000272686 -0.000452458 -8.4316e-05 0.000847663
internal_weight=47726 2037 1795 770 569 1025 756 541 45689 34529 11160 9486 31973 2556
internal_count=47726 2037 1795 770 569 1025 756 541 45689 34529 11160 9486 31973 2556
is_linear=0
shrinkage=0.05


Tree=234
num_leaves=15
num_cat=0
split_feature=8 3 4 7 0 4 7 1 7 0 4 7 1 0
split_gain=0.451918 0.315095 0.671388 0.703563 0.678985 1.17216 0.879941 0.666996 0.609847 0.76688 0.590548 2.01134 0.949235 1.61407
threshold=0.99691358024691368 0.79346840842442024 0.064927732610659455 0.11635871296591273 0.71118935837245711 0.54575358851674649 0.76987638713302442 0.21222498962224992 0.63197222222222227 0.77815063385533201 0.80887036343199714 0.24034734645199765 0.65156402737047914 0.31678403755868551
decision_type=10 8 8 2 2 8 2 2 2 2 10 2 2 2
left_child=1 -1 -3 -4 10 7 8 -6 9 -7 12 -12 -5 -14
right_child=-2 2 3 4 5 6 -8 -9 -10 -11 11 -13 13 -15
leaf_value=2.5985977533142095e-05 0.0017184210615369011 0.002054716941622885 0.0010063533727008149 -0.0010626196943862502 0.00026818679811707304 -0.0013334013202770556 -0.0013581973078600007 -0.003249800103057691 0.0041805103997390163 0.0022195579850225393 -0.0051815199133990386 -0.00081927499475877475 -0.00048696560112099647 0.0025949807968620744
leaf_weight=37370 368 296 855 2217 258 211 261 282 227 542 296 2463 1421 606
leaf_count=37370 368 296 855 2217 258 211 261 282 227 542 296 2463 1421 606
internal_value=-2.69725e-05 -4.05505e-05 -0.000290824 -0.000362852 -0.000496125 0.000375569 0.00122171 -0.00156898 0.0019088 0.00122397 -0.000717814 -0.00128728 -0.000347608 0.000434425
internal_weight=47673 47305 9935 9639 8784 1781 1241 540 980 753 7003 2759 4244 2027
internal_count=47673 47305 9935 9639 8784 1781 1241 540 980 753 7003 2759 4244 2027
is_linear=0
shrinkage=0.05


Tree=235
num_leaves=15
num_cat=0
split_feature=4 0 0 5 0 1 4 7 7 8 8 8 2 5
split_gain=0.209717 0.708048 0.578427 0.979148 0.923619 0.951322 0.659465 0.780396 0.837253 0.835424 1.4176 0.917036 0.769967 0.723554
threshold=0.25649460188933876 0.95356537809949182 0.70341905318527187 0.33440860215053769 0.74583217560433468 0.072036036036036047 0.15128814683768246 0.74169426048565135 0.47162141432735089 0.42020403795391315 0.37625610106230267 0.39299345692475468 0.87606962627075269 0.83881792595799964
decision_type=8 2 2 10 2 2 10 2 2 10 8 10 10 10
left_child=1 2 6 -4 -5 -6 7 8 9 10 -1 -12 -11 -8
right_child=-2 -3 3 4 5 -7 13 -9 -10 12 11 -13 -14 -15
leaf_value=0.00048662855884002424 -0.00011418285009648951 0.0015671330984641828 0.00054531365790752627 -0.0042241268527122731 0.0021984950296832216 -0.0013902292312085616 0.001139184449660923 0.0011904613733478044 -0.0016316193480914198 0.00037416798462467033 -0.0055068414860171052 -0.0011725969316614367 0.0035739850481571198 -0.001350137879181244
leaf_weight=785 36433 800 1162 238 216 1273 2529 908 1058 1010 203 306 231 330
leaf_count=785 36433 800 1162 238 216 1273 2529 908 1058 1010 203 306 231 330
internal_value=-5.63151e-05 0.000134498 2.26718e-05 -0.000576869 -0.00133192 -0.000869635 0.000258008 -0.000119199 -0.000450168 4.29192e-05 -0.000845982 -0.00290119 0.000969783 0.000851854
internal_weight=47482 11049 10249 2889 1727 1489 7360 4501 3593 2535 1294 509 1241 2859
internal_count=47482 11049 10249 2889 1727 1489 7360 4501 3593 2535 1294 509 1241 2859
is_linear=0
shrinkage=0.05


Tree=236
num_leaves=15
num_cat=0
split_feature=5 3 0 4 5 5 4 8 7 5 7 7 0 0
split_gain=0.278238 0.585447 0.624672 0.495741 0.767501 1.28932 1.06352 0.779262 1.11163 0.906697 1.00878 0.950839 0.802322 0.864026
threshold=0.39867072955308253 0.28458411507192 0.96485050654806048 0.30901699926090176 0.84641025641025658 0.883795948987247 0.18770973154362419 0.55330601092896192 0.16034135100100824 0.66770833333333346 0.67193750000000019 0.12829175329175332 0.13229217306757415 0.69169799498746876
decision_type=8 10 2 8 10 10 10 10 2 10 2 2 2 2
left_child=1 -1 -3 4 7 -6 -7 9 -9 11 -11 -2 -13 -14
right_child=3 2 -4 -5 5 6 -8 8 -10 10 -12 12 13 -15
leaf_value=0.00035519551260476467 -0.0025746444880342316 -0.00022038175772291684 -0.0018286375500620241 0.00024071645096621183 -0.0031272420558796036 0.00038904634350972814 -0.0031812822249094098 0.0021877206375109184 -0.0017141047913566262 0.0019188109904384792 -0.00052285562030271416 -0.0022167399580176757 0.0015037097634820725 -0.00065183039286009303
leaf_weight=4636 377 13524 632 21054 554 1126 256 221 1049 1375 611 309 1032 846
leaf_count=4636 377 13524 632 21054 554 1126 256 221 1049 1375 611 309 1032 846
internal_value=1.72012e-05 -0.000132474 -0.000292183 0.000114831 -0.000226892 -0.00108927 -0.000272317 5.99754e-05 -0.00103513 0.000365641 0.00116762 -0.000255551 0.000144219 0.000532684
internal_weight=47602 18792 14156 28810 7756 1936 1382 5820 1270 4550 1986 2564 2187 1878
internal_count=47602 18792 14156 28810 7756 1936 1382 5820 1270 4550 1986 2564 2187 1878
is_linear=0
shrinkage=0.05


Tree=237
num_leaves=15
num_cat=0
split_feature=3 4 6 7 1 7 3 6 2 6 1 3 6 2
split_gain=0.235876 0.469772 0.659989 1.05172 0.633309 0.491989 0.577763 0.947179 0.753162 0.484175 0.451773 0.711682 1.23261 0.583246
threshold=0.66063237221494109 0.33031618610747054 0.883795948987247 0.84228550829127624 0.9244490248929762 0.17667066826730696 0.084680573663624525 0.69533836920529812 0.19413722753140775 0.78210647586708715 0.083942774782469462 0.24034734645199765 0.25206668033066887 0.016064516129032261
decision_type=10 8 2 2 2 2 8 2 8 2 2 10 2 8
left_child=1 2 3 -1 10 -6 -7 8 -8 -5 11 12 -3 -12
right_child=-2 4 -4 9 5 6 7 -9 -10 -11 13 -13 -14 -15
leaf_value=0.00015806552227561131 0.0001358863189356327 -0.0021801567072377557 0.0012981009823086328 -0.003905438390760331 0.0029956217958757546 0.0024921792522693076 -0.0032460106979783632 0.0024322418546438357 6.0765249027756402e-05 -0.00095863344371765037 0.0022876408501060434 -0.0024569197131074534 0.002910750679360139 -0.00029754583226099235
leaf_weight=9667 16248 263 1140 212 208 259 256 266 526 407 221 605 217 17077
leaf_count=9667 16248 263 1140 212 208 259 256 266 526 407 221 605 217 17077
internal_value=-1.87014e-05 -9.88873e-05 0.000156637 3.01286e-05 -0.000245617 0.000736979 0.000377532 -0.000145076 -0.00102176 -0.00196788 -0.000326596 -0.0013163 0.000121358 -0.000264517
internal_weight=47572 31324 11426 10286 19898 1515 1307 1048 782 619 18383 1085 480 17298
internal_count=47572 31324 11426 10286 19898 1515 1307 1048 782 619 18383 1085 480 17298
is_linear=0
shrinkage=0.05


Tree=238
num_leaves=15
num_cat=0
split_feature=3 5 8 6 8 8 8 0 1 1 8 8 1 0
split_gain=0.222166 0.450164 0.839916 0.797518 0.739962 0.993193 1.33346 1.64341 1.32654 1.43147 1.15637 1.21271 1.08395 0.954444
threshold=0.68321596244131466 0.51736194839643124 0.92963248239436636 0.54612656846699414 0.09782322940217679 0.39959677419354844 0.42165732246007481 0.11635871296591273 0.3833959899749374 0.6637549588037841 0.65181878306878327 0.48790243902439029 0.14056043388429754 0.57261510890543155
decision_type=10 10 10 2 8 10 10 2 2 2 10 10 2 2
left_child=-1 2 3 -2 -3 8 -7 10 12 -10 11 -8 -6 -9
right_child=1 4 -4 -5 5 6 7 13 9 -11 -12 -13 -14 -15
leaf_value=-4.4652032446530094e-05 0.0012132460220126676 -0.0020627459808722206 0.0034505012821300475 -5.2384045912420667e-05 0.0008016492370175334 -0.0024042697432734915 0.0011692583411748178 -0.00091123821149960709 -0.0029056297562000018 0.0012558117077799645 0.00021691584688767523 0.0054542506925366208 0.0044441288174930918 0.00046880983322792149
leaf_weight=32293 1973 424 238 3372 410 617 380 3291 312 612 799 292 407 2023
leaf_count=32293 1973 424 238 3372 410 617 380 3291 312 612 799 292 407 2023
internal_value=2.94576e-05 0.000187426 0.000544208 0.000414798 -2.07807e-05 7.39139e-05 -0.000178822 2.35508e-05 0.00114844 -0.00014935 0.00150257 0.00303119 0.0026162 -0.000385864
internal_weight=47443 15150 5583 5345 9567 9143 7402 6785 1741 924 1471 672 817 5314
internal_count=47443 15150 5583 5345 9567 9143 7402 6785 1741 924 1471 672 817 5314
is_linear=0
shrinkage=0.05


Tree=239
num_leaves=15
num_cat=0
split_feature=7 5 5 8 5 3 5 7 3 5 8 8 5 3
split_gain=0.47463 0.495118 0.58761 0.554941 0.490817 0.44033 0.737568 0.417455 0.359508 0.180177 0.960721 0.751233 0.414305 0.257161
threshold=0.99691358024691368 0.98501851644035476 0.97864741641337394 0.0096162736939435986 0.97231800766283538 0.60065359477124192 0.99215674212598437 0.59272486772486788 0.99141615089890966 0.95017730496453912 0.46657327280465316 0.92332190102890754 0.9426490550276706 0.86056042699199398
decision_type=2 10 8 8 10 10 10 2 8 10 8 10 10 10
left_child=1 2 3 -1 8 -3 -7 -8 9 12 -11 -12 13 -5
right_child=-2 5 -4 4 -6 6 7 -9 -10 10 11 -13 -14 -15
leaf_value=0.0020653223893396669 0.0017969238412661071 -0.0031292527865315247 0.0020600617260579535 9.1462756110487588e-05 -0.0019163073520219228 -0.0029623881254418945 -0.00085346978819728189 0.0023611927222809757 -0.0015596041977405549 -0.00098062271446480113 0.0040157097984600222 7.7955923630583808e-05 -0.0017249924198062306 -0.00028927329883370306
leaf_weight=335 384 215 362 38824 324 202 204 200 350 431 271 219 332 5007
leaf_count=335 384 215 362 38824 324 202 204 200 350 431 271 219 332 5007
internal_value=4.61683e-05 3.19477e-05 5.34587e-05 3.76994e-05 2.2855e-05 -0.00118521 -0.000495498 0.000737947 3.66836e-05 4.9076e-05 0.000741239 0.00225577 3.46412e-05 4.79697e-05
internal_weight=47660 47276 46455 46093 45758 821 606 404 45434 45084 921 490 44163 43831
internal_count=47660 47276 46455 46093 45758 821 606 404 45434 45084 921 490 44163 43831
is_linear=0
shrinkage=0.05


Tree=240
num_leaves=15
num_cat=0
split_feature=3 3 5 6 6 5 0 0 3 8 0 0 0 0
split_gain=0.250491 0.533504 0.489353 1.08011 0.663928 0.563793 0.58621 1.21986 0.553455 0.543041 0.543896 0.524365 0.556862 0.679704
threshold=0.30521412860654684 0.28837491337491344 0.887270994387377 0.12829175329175332 0.29181873479318737 0.56067686207873135 0.28090682667270467 0.10843023255813955 0.26053379098118129 0.4921254960317461 0.2966921815199563 0.9576867987586537 0.63967276099629056 0.39934640522875825
decision_type=8 10 10 2 2 10 2 2 10 8 2 2 2 2
left_child=1 2 5 9 -5 6 7 -1 11 10 -4 12 13 -7
right_child=-2 -3 3 4 -6 8 -8 -9 -10 -11 -12 -13 -14 -15
leaf_value=-0.0014867740791499261 -0.00011261177863377867 0.0013886946582154528 0.00064386965358842322 0.0044087947150155049 0.0011315392570452781 -0.00053398481067620676 4.041346151056887e-05 0.0021442224129867029 -0.0024179759836812139 0.0016718546698014682 -0.0025781360201126164 0.0020608959005601591 -0.0013473675531282471 0.001037967809726774
leaf_weight=308 33271 804 229 260 381 2437 5756 929 330 238 306 224 1190 958
leaf_count=308 33271 804 229 260 381 2437 5756 929 330 238 306 224 1190 958
internal_value=-3.73005e-05 0.000137312 6.30378e-05 0.00094331 0.00246085 -3.95591e-05 0.000252635 0.00124014 -0.000437168 -0.000315087 -0.001199 -0.000301242 -0.000416645 -9.04117e-05
internal_weight=47621 14350 13546 1414 641 12132 6993 1237 5139 773 535 4809 4585 3395
internal_count=47621 14350 13546 1414 641 12132 6993 1237 5139 773 535 4809 4585 3395
is_linear=0
shrinkage=0.05


Tree=241
num_leaves=15
num_cat=0
split_feature=4 1 1 2 6 6 4 0 6 4 7 4 7 1
split_gain=0.279415 0.642383 0.826021 0.717028 0.429082 0.454356 0.190356 0.523701 0.741956 0.182157 0.189691 0.759872 0.595999 0.797885
threshold=0.97189680136896162 0.9721250971250972 0.90601158721964103 0.87280431432973815 0.091704892966360876 0.48363334404800179 0.95017730496453912 0.4553208478513357 0.22456373853889386 0.9426490550276706 0.7188521241830067 0.027460098026894562 0.80155700957227694 0.14410597037715686
decision_type=10 2 2 10 2 2 10 2 2 10 2 8 2 2
left_child=6 2 3 4 -2 -6 9 8 -8 10 -1 -12 13 -13
right_child=1 -3 -4 -5 5 -7 7 -9 -10 -11 11 12 -14 -15
leaf_value=-3.8614350349868799e-05 0.0017786377877600898 -0.0031779704634698294 0.0022665884979785637 -0.0035739071263124061 -0.0020515359845150196 0.00095513573329662901 -0.002093586847301176 0.0025339234787139834 0.0013428270406662846 -0.0011428536129858998 0.0030064880656712552 -0.0017709716757927628 -8.8727899107444481e-05 0.00089131257405026935
leaf_weight=32287 200 218 260 200 338 200 263 283 390 336 235 307 8724 3379
leaf_count=32287 200 218 260 200 338 200 263 283 390 336 235 307 8724 3379
internal_value=1.03956e-05 -0.000681448 -0.000227156 -0.000918386 -0.000198732 -0.000933814 3.15983e-05 0.000737382 -4.1211e-05 1.70049e-05 2.56783e-05 0.000189839 0.000136502 0.000669576
internal_weight=47620 1416 1198 938 738 538 46204 936 653 45268 44932 12645 12410 3686
internal_count=47620 1416 1198 938 738 538 46204 936 653 45268 44932 12645 12410 3686
is_linear=0
shrinkage=0.05


Tree=242
num_leaves=15
num_cat=0
split_feature=2 3 4 3 8 8 1 8 7 5 5 2 8 5
split_gain=0.205484 0.438203 0.435111 0.565753 0.968358 0.636476 1.00207 0.615192 0.545979 0.481735 0.403324 0.387583 0.576787 0.55917
threshold=0.56147098515519578 0.54894589414713268 0.097652668256005881 0.87149410222804724 0.82824160447761208 0.41849261849261854 0.54877237341140472 0.46442632170978632 0.52139804639804654 0.91721941576982224 0.58482571154461149 0.28699677938808382 0.4535960378983635 0.8948992852501626
decision_type=10 8 10 10 10 10 2 10 2 10 10 10 10 10
left_child=1 11 3 5 9 -2 7 -7 -8 -5 -9 12 -1 -13
right_child=2 -3 -4 4 -6 6 8 10 -10 -11 -12 13 -14 -15
leaf_value=6.203182815078184e-05 -0.0017273376198667747 0.00041385491684037203 -1.995500242732057e-05 0.00054594406463733837 -0.0023541596249617891 0.00025137374155882817 0.0024526469235235044 -0.001039338610011644 -0.00030237253088861668 0.0035918367031432725 -0.0039163224806768177 0.00013789125341613826 -0.00069104394175644574 0.0024926335684274537
leaf_weight=6270 1358 7350 17586 351 204 322 371 230 349 206 259 8312 4277 260
leaf_count=6270 1358 7350 17586 351 204 322 371 230 349 206 259 8312 4277 260
internal_value=-7.21038e-06 8.57386e-05 -0.000123064 -0.000619851 0.00059303 -0.00093934 -0.000240385 -0.00144566 0.00111723 0.00167243 -0.00256314 -4.04006e-05 -0.000243354 0.000209314
internal_weight=47705 26469 21236 3650 761 2889 1531 811 720 557 489 19119 10547 8572
internal_count=47705 26469 21236 3650 761 2889 1531 811 720 557 489 19119 10547 8572
is_linear=0
shrinkage=0.05


Tree=243
num_leaves=15
num_cat=0
split_feature=2 3 7 7 2 6 5 5 5 4 2 3 4 3
split_gain=0.279342 0.35072 0.555337 0.82752 0.61202 0.530459 0.690324 0.526342 0.866717 0.767381 0.416032 0.31874 0.280999 0.749242
threshold=0.076362383375742179 0.17893706714844929 0.28464345873105001 0.16034135100100824 0.040134228187919473 0.40329357549471406 0.86906219787302619 0.95356537809949182 0.90980525083199815 0.87614833544037096 0.064632165235553499 0.056162383177570101 0.98479065463798299 0.90829510703363925
decision_type=10 8 2 2 10 2 10 10 8 10 10 10 10 10
left_child=1 2 3 -1 5 6 -4 8 9 10 -3 -6 -2 -14
right_child=12 7 4 -5 11 -7 -8 -9 -10 -11 -12 -13 13 -15
leaf_value=-0.00040931707421440065 -1.0576409689071253e-06 -0.0022728433950255896 -0.0025740616662060902 0.0036728412322166674 -0.0032172635621723852 0.0020005623076987176 0.0014121177866941363 0.00072502064748815353 -0.0044636855443968672 0.0015518502350062367 0.00031132634029255803 -0.00079917100368105416 -0.00082350256668298314 0.0028165780034925935
leaf_weight=274 43435 620 231 227 224 312 205 352 202 247 208 348 265 303
leaf_count=274 43435 620 231 227 224 312 205 352 202 247 208 348 265 303
internal_value=-2.05771e-05 -0.000453827 2.29846e-05 0.00144028 -0.000514945 0.000426539 -0.000699826 -0.000986837 -0.0014587 -0.000894047 -0.00162368 -0.00174612 1.33913e-05 0.0011183
internal_weight=47453 3450 1821 501 1320 748 436 1629 1277 1075 828 572 44003 568
internal_count=47453 3450 1821 501 1320 748 436 1629 1277 1075 828 572 44003 568
is_linear=0
shrinkage=0.05


Tree=244
num_leaves=15
num_cat=0
split_feature=3 6 0 0 6 5 5 0 2 8 0 1 6 6
split_gain=0.273062 0.553814 0.902881 0.737389 0.723676 0.479385 0.79575 0.680069 0.51928 0.487159 0.643764 0.9397 0.735366 0.490825
threshold=0.37905861269238883 0.055749805749805752 0.20866437284954648 0.44765682079114921 0.072036036036036047 0.8948992852501626 0.93189548546691414 0.25221308264786529 0.83103349828701945 0.44023472381681344 0.883795948987247 0.24034734645199765 0.31620789341377581 0.96485050654806048
decision_type=8 2 2 2 2 10 10 2 10 8 2 2 2 2
left_child=1 2 -1 -4 -3 8 -7 -8 9 13 11 12 -11 -6
right_child=-2 4 3 -5 5 6 7 -9 -10 10 -12 -13 -14 -15
leaf_value=0.0014600695689811847 -7.0726623301710511e-05 0.0026963668561173545 -0.0038746006399168172 -0.00049102087539497742 0.00043934146155166396 0.0028444610765540322 -0.0019236464569421146 0.0020057735747504922 0.0017837671960865453 -0.0042095265157134831 0.00097461344649388488 -0.00016690543016040997 -0.00094734588227760757 -0.0014863320662319725
leaf_weight=261 29837 295 294 356 7584 438 245 200 463 257 990 5524 527 346
leaf_count=261 29837 295 294 356 7584 438 245 200 463 257 990 5524 527 346
internal_value=2.17023e-05 0.000176809 -0.00102399 -0.00202144 0.000241658 0.000197966 0.00133152 -0.000157615 0.000134176 8.40213e-05 -0.000210773 -0.000396811 -0.00201671 0.000355321
internal_weight=47617 17780 911 650 16869 16574 883 445 15691 15228 7298 6308 784 7930
internal_count=47617 17780 911 650 16869 16574 883 445 15691 15228 7298 6308 784 7930
is_linear=0
shrinkage=0.05


Tree=245
num_leaves=15
num_cat=0
split_feature=3 3 4 7 2 0 4 1 4 4 4 3 2 2
split_gain=0.2082 0.740977 0.633174 0.587565 0.542671 0.465618 1.53727 1.26932 0.432031 0.397679 0.308429 0.293032 0.448784 0.665482
threshold=0.94773680616525224 0.95469208211143708 0.96057811852465813 0.82784171099772019 0.91318840579710148 0.3833959899749374 0.59341463414634166 0.74169426048565135 0.58921650055371 0.77394282310899354 0.8948992852501626 0.91139737367970319 0.69111669057867064 0.84228550829127624
decision_type=10 10 10 2 10 2 8 2 10 10 8 8 10 10
left_child=11 -2 3 5 -4 7 -7 8 -3 -8 -9 -1 -13 -14
right_child=1 2 4 -5 -6 6 9 10 -10 -11 -12 12 13 -15
leaf_value=1.4421131530959809e-05 0.0026154999810642679 0.0013562419225927444 -1.5946137230061234e-05 0.0028190296030124705 -0.0032170268072766943 -0.004283437722782329 0.002383275095960253 0.00050107819028484058 0.0046147936568168048 -0.00043532436643607523 -0.0022008924207067519 0.00047054822284468075 -0.0031632184954301181 -0.00049378791395499283
leaf_weight=43395 342 200 312 251 230 213 219 204 207 292 219 612 316 894
leaf_count=43395 342 200 312 251 230 213 219 204 207 292 219 612 316 894
internal_value=1.37588e-05 0.000441194 0.000124359 0.000574383 -0.00137434 0.000211831 -0.000714848 0.00102016 0.00301354 0.000772647 -0.000897814 -1.16603e-05 -0.000632847 -0.00119093
internal_weight=47906 2689 2347 1805 542 1554 724 830 407 511 423 45217 1822 1210
internal_count=47906 2689 2347 1805 542 1554 724 830 407 511 423 45217 1822 1210
is_linear=0
shrinkage=0.05


Tree=246
num_leaves=15
num_cat=0
split_feature=6 8 7 2 1 5 1 5 8 8 8 8 5 1
split_gain=0.392441 0.60386 0.555128 0.7918 0.903788 1.27234 0.910397 1.00864 0.866148 0.694846 1.11719 0.69292 0.685784 0.598139
threshold=0.2323262153566561 0.98634796384307155 0.14056043388429754 0.12541390728476823 0.10452638766949567 0.80842198581560287 0.42745013543462207 0.98340220385674948 0.45796355925547794 0.9358899082568809 0.96677704194260505 0.36803405572755427 0.61660401002506282 0.90601158721964103
decision_type=2 10 2 8 2 10 2 8 8 8 10 10 8 2
left_child=2 -2 9 13 5 -5 12 -8 11 -1 -11 -7 -6 -4
right_child=1 -3 3 4 6 8 7 -9 -10 10 -12 -13 -14 -15
leaf_value=-2.9952455045970455e-05 4.260036521109212e-05 0.0021413064019073533 0.00085537277424116919 0.0034473825031374064 8.4520516482235734e-05 0.00036025901832471651 -0.00093100159777228869 0.0026367785347590472 0.0016411139332471411 0.0046985588218548925 -0.00042863550245605199 -0.0033303416280604497 -0.0028876824777606613 -0.0017974559216536509
leaf_weight=3331 36448 346 1355 270 242 223 3021 212 297 211 214 296 980 252
leaf_count=3331 36448 346 1355 270 242 223 3021 212 297 211 214 296 980 252
internal_value=-1.57389e-05 6.2336e-05 -0.000279192 -0.000537801 -0.000821201 0.000472155 -0.00113648 -0.000697049 -0.000512295 0.000212965 0.00211687 -0.00174459 -0.00229908 0.000439372
internal_weight=47698 36794 10904 7148 5541 1086 4455 3233 816 3756 425 519 1222 1607
internal_count=47698 36794 10904 7148 5541 1086 4455 3233 816 3756 425 519 1222 1607
is_linear=0
shrinkage=0.05


Tree=247
num_leaves=15
num_cat=0
split_feature=8 0 0 7 8 4 5 8 5 5 0 0 8 3
split_gain=0.181357 0.588401 0.585576 1.10045 1.03763 0.450096 0.667821 0.847466 1.13529 0.848835 0.60935 0.573414 0.784694 0.754174
threshold=0.39299345692475468 0.99691358024691368 0.083942774782469462 0.68339328537170274 0.37625610106230267 0.72586618876941478 0.95356537809949182 0.01923155948222725 0.70341905318527187 0.84983660130718963 0.98490544543176128 0.31678403755868551 0.19124040920716115 0.3710899315738026
decision_type=10 2 2 2 8 8 10 10 10 10 2 2 8 10
left_child=2 -2 3 4 -1 6 7 8 -4 10 -9 12 -7 -14
right_child=1 -3 5 -5 -6 11 -8 9 -10 -11 -12 -13 13 -15
leaf_value=-0.00098450885938340476 3.8437661076225064e-05 0.0025281730976937709 -0.00069395406617525418 0.00079062359968118672 -0.0055608119097420236 0.003941486179080936 -0.0025371329613554775 -9.2551453188429399e-05 0.0040797028561201792 -0.0022980961133962558 -0.0026686553650629862 4.2514443206882537e-05 -0.0017188021983177326 0.0019866360183469728
leaf_weight=296 33463 239 235 335 213 246 307 8401 265 492 236 2335 222 360
leaf_count=296 33463 239 235 335 213 246 307 8401 265 492 236 2335 222 360
internal_value=-6.65112e-06 5.60938e-05 -0.000158314 -0.00143484 -0.00289954 -7.60636e-05 -0.00024143 -0.000168236 0.00183608 -0.000278014 -0.000162942 0.000443406 0.00157394 0.000573221
internal_weight=47645 33702 13943 844 509 13099 9936 9629 500 9129 8637 3163 828 582
internal_count=47645 33702 13943 844 509 13099 9936 9629 500 9129 8637 3163 828 582
is_linear=0
shrinkage=0.05


Tree=248
num_leaves=15
num_cat=0
split_feature=2 3 2 7 0 7 0 4 3 7 6 0 2 0
split_gain=0.265993 0.317476 0.233265 0.403171 0.407774 0.849685 0.74864 0.629016 0.805078 0.627341 0.478817 0.462988 0.365409 0.3312
threshold=0.9912662090007629 0.98501851644035476 0.12541390728476823 0.9426490550276706 0.56067686207873135 0.38721035892776018 0.76624208622249024 0.15528890959925445 0.048038461538461551 0.47546715579502469 0.65327956989247327 0.22040571199786471 0.08076375711574954 0.16423240938166314
decision_type=8 8 10 2 2 2 2 8 10 2 2 2 10 2
left_child=2 -2 3 4 5 7 12 -1 -9 -8 -11 -10 -6 -7
right_child=1 -3 -4 -5 6 13 9 8 11 10 -12 -13 -14 -15
leaf_value=-0.00046428509188641671 -5.5787066667107862e-05 -0.0022200069193835971 -2.8373726237537753e-05 0.0022951354849453996 -0.0023155124458331044 0.00068028079135651614 -0.00073818766780365185 0.0045975218904871313 -4.1563452179345523e-05 0.0034075044649216585 0.00033272752809705762 0.0022087124014080793 -0.00023995261072131755 -0.00059293903564324737
leaf_weight=342 400 294 41196 245 508 822 478 234 376 240 268 583 364 1349
leaf_count=342 400 294 41196 245 508 822 478 234 376 240 268 583 364 1349
internal_value=-8.94679e-07 -0.000972618 1.34522e-05 0.000310072 0.000222663 0.000525743 -0.000381865 0.00142611 0.00196804 0.000561986 0.00178538 0.00132644 -0.00144911 -0.000110863
internal_weight=47699 694 47005 5809 5564 3706 1858 1535 1193 986 508 959 872 2171
internal_count=47699 694 47005 5809 5564 3706 1858 1535 1193 986 508 959 872 2171
is_linear=0
shrinkage=0.05


Tree=249
num_leaves=15
num_cat=0
split_feature=3 1 3 8 7 6 8 4 1 5 3 8 6 5
split_gain=0.320988 0.840378 0.472247 0.33873 0.570365 0.523343 0.454344 0.467014 0.456485 0.409632 0.358823 0.648863 0.582642 0.699271
threshold=0.99215674212598437 0.53287072608528641 0.99141615089890966 0.028004705574799036 0.78210647586708715 0.22837075921065425 0.050179856115107925 0.29719937328632989 0.33440860215053769 0.52124714096545099 0.94773680616525224 0.97318432406519662 0.65768788923151356 0.67206557377049192
decision_type=10 2 8 8 2 2 8 10 2 10 10 10 2 10
left_child=2 -2 3 4 5 -1 7 -5 -9 -7 -8 12 13 -12
right_child=1 -3 -4 6 -6 9 10 8 -10 -11 11 -13 -14 -15
leaf_value=-0.0014836091542025265 -0.00070191572446169127 0.0033006180257207775 -0.0021554176719572114 -0.00011181853396494907 -0.0032691745086340235 -0.00048808913556534046 -2.1357950474519283e-05 0.003465237462884959 0.00049888038593970494 0.0025564629038426039 0.0039863921776371967 -0.0019864221519390233 -0.0010198732652217867 0.00093439587392056772
leaf_weight=471 270 255 253 428 200 241 43030 285 238 204 222 205 299 1214
leaf_count=471 270 255 253 428 200 241 43030 285 238 204 222 205 299 1214
internal_value=1.26468e-05 0.00124217 -1.00305e-06 1.0585e-05 -0.000850113 -0.000321933 3.15022e-05 0.00111301 0.00211535 0.000907616 8.63119e-06 0.000673803 0.000988123 0.00140622
internal_weight=47815 525 47290 47037 1116 916 45921 951 523 445 44970 1940 1735 1436
internal_count=47815 525 47290 47037 1116 916 45921 951 523 445 44970 1940 1735 1436
is_linear=0
shrinkage=0.05


Tree=250
num_leaves=15
num_cat=0
split_feature=5 4 6 3 3 5 6 6 7 1 4 3 1 4
split_gain=0.270168 0.4803 0.92189 0.985859 0.602012 0.807229 0.725944 0.713844 0.643843 0.636728 0.632742 0.439315 0.709899 0.591034
threshold=0.39867072955308253 0.29719937328632989 0.56159114857745007 0.604888490641179 0.66728855721393043 0.37943619431160336 0.53386644577545572 0.90601158721964103 0.93521849187316819 0.91318840579710148 0.3835101452260789 0.2966921815199563 0.51342342342342351 0.81625150060024021
decision_type=8 8 2 10 10 10 2 2 2 2 10 10 2 10
left_child=1 2 3 -1 5 9 -6 10 -9 11 -8 -3 13 -13
right_child=-2 4 -4 -5 6 -7 7 8 -10 -11 -12 12 -14 -15
leaf_value=-2.3325179107968113e-05 9.1660792835624138e-05 5.991078766335594e-05 0.00086870537916942004 -0.0028031720252290958 0.001239618931640206 -0.0024939551887603324 -0.0027026489958929681 0.0027697754322866287 -0.00020316873369580701 0.0023526986561930741 -0.00032799987882809817 -0.00039934732465173153 -0.0013133462920883669 0.0023948125547831297
leaf_weight=1985 28881 2729 2819 380 1208 489 345 317 428 204 1501 3523 2707 200
leaf_count=1985 28881 2729 2819 380 1208 489 345 317 428 204 1501 3523 2707 200
internal_value=-4.41892e-06 -0.000151745 0.000257981 -0.000469981 -0.000307339 -0.000513527 0.000227371 -0.000244569 0.00106183 -0.000410095 -0.000771799 -0.000471631 -0.000697227 -0.000249245
internal_weight=47716 18835 5184 2365 13651 9852 3799 2591 745 9363 1846 9159 6430 3723
internal_count=47716 18835 5184 2365 13651 9852 3799 2591 745 9363 1846 9159 6430 3723
is_linear=0
shrinkage=0.05


Tree=251
num_leaves=15
num_cat=0
split_feature=0 0 6 8 8 4 4 8 5 0 5 1 6 4
split_gain=0.167349 0.350678 0.845277 0.148932 0.602591 0.596592 0.695032 0.47328 0.634313 0.447266 0.655685 1.00281 1.64607 0.970522
threshold=0.99691358024691368 0.98490544543176128 0.51360607182525009 0.65181878306878327 0.69169799498746876 0.33876273344651958 0.63346055979643767 0.60822072072072075 0.26689497716894983 0.043988648090815284 0.79346840842442024 0.92044189181269431 0.76987638713302442 0.92796396396396408
decision_type=2 2 2 8 8 10 10 10 10 2 8 2 2 10
left_child=1 3 -3 7 5 -5 -7 -1 -9 -6 -11 12 13 -12
right_child=-2 2 -4 4 9 6 -8 8 -10 10 11 -13 -14 -15
leaf_value=1.7734495068120925e-05 0.0010321258707064887 0.00045538718914836512 -0.0037997292876158413 -0.0038298921948071666 -0.0013128144511068724 0.0013281990111414573 -0.0022509646371988343 -0.00068993133179425642 0.0027473869422424795 -0.000225316704855975 0.00037529430572305118 0.0024835156644282697 0.0045146931711648299 -0.0020557516341144564
leaf_weight=33054 376 271 205 205 686 243 307 214 360 8500 1754 588 202 536
leaf_count=33054 376 271 205 205 686 243 307 214 360 8500 1754 588 202 536
internal_value=-1.85342e-05 -2.69171e-05 -0.00137717 -1.31393e-05 -0.000156712 -0.00152771 -0.000669625 4.2453e-05 0.00146588 -7.23238e-05 1.16292e-06 0.000626188 0.000187942 -0.000193719
internal_weight=47501 47125 476 46649 13021 755 550 33628 574 12266 11580 3080 2492 2290
internal_count=47501 47125 476 46649 13021 755 550 33628 574 12266 11580 3080 2492 2290
is_linear=0
shrinkage=0.05


Tree=252
num_leaves=15
num_cat=0
split_feature=0 2 0 5 3 1 1 6 0 3 6 6 6 7
split_gain=0.309041 0.577548 0.883584 0.820834 0.494801 0.520973 0.89461 1.20514 0.7047 0.619371 0.5685 0.505541 0.758895 0.633341
threshold=0.54474578327872847 0.076362383375742179 0.75431162652393702 0.70740003318400546 0.40839201877934278 0.69533836920529812 0.63197222222222227 0.40329357549471406 0.37539808917197459 0.43309594262500634 0.22456373853889386 0.027460098026894562 0.059765276183186639 0.22472194135490398
decision_type=2 8 2 10 8 2 2 2 2 8 2 2 2 2
left_child=4 2 -2 -4 11 6 -6 10 -9 -7 -8 -1 13 -13
right_child=1 -3 3 -5 5 9 7 8 -10 -11 -12 12 -14 -15
leaf_value=0.0021959018177605274 -0.0024603154600308336 0.00020807737912933996 -0.0011567531251454389 0.0027288432012310057 -0.00035514139335876397 -0.0023381089467568931 -0.0016232727502149833 -0.0045875587856447934 -0.0014105539615684394 8.6034205305228774e-05 0.0020917607145077596 -0.00017188950579928803 0.00019667054945647096 -0.0039772265187001284
leaf_weight=297 521 20660 341 226 6558 273 203 384 320 7569 209 237 9470 203
leaf_count=297 521 20660 341 226 6558 273 203 384 320 7569 209 237 9470 203
internal_value=1.02038e-05 0.000148948 -0.000973859 0.000392003 -0.0001071 -0.000284962 -0.000577843 -0.00188651 -0.00314347 1.64361e-06 0.000261295 0.000163274 0.000102357 -0.00192753
internal_weight=47471 21748 1088 567 25723 15516 7674 1116 704 7842 412 10207 9910 440
internal_count=47471 21748 1088 567 25723 15516 7674 1116 704 7842 412 10207 9910 440
is_linear=0
shrinkage=0.05


Tree=253
num_leaves=15
num_cat=0
split_feature=5 0 0 2 7 1 6 7 3 7 3 6 7 5
split_gain=0.315649 1.07635 0.338922 0.71126 0.437168 0.580523 1.10091 0.60608 0.471482 0.529062 0.411492 0.403845 0.702016 0.596027
threshold=0.99691358024691368 0.2164892100009507 0.091704892966360876 0.97818152967311978 0.74583217560433468 0.96485050654806048 0.80887036343199714 0.883795948987247 0.89734808570425029 0.47162141432735089 0.58781204868991133 0.41131892015557087 0.59272486772486788 0.93885340395700279
decision_type=8 2 2 10 2 2 2 2 10 2 10 2 2 10
left_child=2 -2 3 4 8 6 10 -8 11 -10 -6 13 -13 -1
right_child=1 -3 -4 -5 5 -7 7 -9 9 -11 -12 12 -14 -15
leaf_value=6.6862909019183586e-05 0.0039752675030698499 -0.0011001070720873809 5.0457652135057078e-05 -0.0030944149839899882 0.0035052989404100706 0.0023126275514893132 -0.0032887760330481798 -0.00015924983601921889 0.0025521547138179141 -0.00085878737486675067 0.00034104437212423749 -0.0033482710781566252 -0.00036537413362119794 -0.0027706030839908637
leaf_weight=1065 205 213 43153 235 204 322 256 391 222 233 207 396 393 224
leaf_count=1065 205 213 43153 235 204 322 256 391 222 233 207 396 393 224
internal_value=2.10511e-05 0.00138901 8.96237e-06 -0.000422727 -0.000262275 0.000453732 -0.000112019 -0.00139752 -0.000652362 0.000805453 0.00191162 -0.000971566 -0.00186249 -0.000426227
internal_weight=47719 418 47301 4148 3913 1380 1058 647 2533 455 411 2078 789 1289
internal_count=47719 418 47301 4148 3913 1380 1058 647 2533 455 411 2078 789 1289
is_linear=0
shrinkage=0.05


Tree=254
num_leaves=15
num_cat=0
split_feature=7 6 5 8 7 6 7 8 8 8 8 5 7 8
split_gain=0.218116 0.428824 0.399237 0.539337 0.388182 0.321235 0.505669 0.444875 0.506526 0.44136 0.62071 0.369407 0.351225 0.883308
threshold=0.9912662090007629 0.98490544543176128 0.53287072608528641 0.50163398692810468 0.97818152967311978 0.95017730496453912 0.92777975343764829 0.8862712490761272 0.40327956989247316 0.52649122807017557 0.4535960378983635 0.16544057986693353 0.883795948987247 0.42292057535959982
decision_type=2 2 10 8 2 2 2 8 10 10 8 10 2 10
left_child=1 4 3 -2 5 6 12 8 -8 10 11 -7 -1 -14
right_child=2 -3 -4 -5 -6 9 7 -9 -10 -11 -12 -13 13 -15
leaf_value=-3.4802943137608488e-05 0.0017884423632080421 -0.001829533527506459 0.0027451974349096422 -0.0015570991577780141 -0.0018195685512939431 -0.00092321262663145633 -7.9960383566538625e-05 0.0010719319826538334 -0.0024301863634869567 0.0021578825101233653 -0.0021488274455124267 0.0014741479053786892 -0.00090538683475259972 0.0014457159352247399
leaf_weight=41882 237 330 200 245 298 220 377 202 585 392 223 596 594 1220
leaf_count=41882 237 330 200 245 298 220 377 202 585 392 223 596 594 1220
internal_value=-2.0573e-05 -3.3477e-05 0.000867172 8.79078e-05 -2.07551e-05 -9.17522e-06 -3.26999e-05 -0.00106123 -0.00150915 0.000728293 0.000188929 0.000827801 -5.30125e-06 0.00067584
internal_weight=47601 46919 682 482 46589 46291 44860 1164 962 1431 1039 816 43696 1814
internal_count=47601 46919 682 482 46589 46291 44860 1164 962 1431 1039 816 43696 1814
is_linear=0
shrinkage=0.05


Tree=255
num_leaves=15
num_cat=0
split_feature=6 6 1 8 3 3 6 6 8 6 8 0 7 7
split_gain=0.29577 0.412713 0.274534 0.853316 1.44587 0.778761 0.689752 0.604102 0.390436 0.361411 0.324295 0.395316 0.316753 0.786428
threshold=0.9912662090007629 0.99691358024691368 0.040134228187919473 0.48338852097130253 0.85317893116058263 0.60885910428244538 0.052012882447665061 0.19650488400488403 0.028004705574799036 0.49840764331210197 0.041039748484167977 0.58874736207416356 0.25221308264786529 0.32094158835452374
decision_type=2 2 2 10 10 10 2 2 8 2 8 2 2 2
left_child=2 -2 3 4 5 6 -1 -8 -4 -9 11 -10 -12 -14
right_child=1 -3 8 -5 -6 -7 7 9 10 -11 12 -13 13 -15
leaf_value=-0.0011005812069647305 -0.0023128523949368326 0.00014817353833329508 -0.0011332986509243346 -0.0015250570430341637 0.0045978827764778293 -0.0023737118169387329 0.0040987543949422955 -0.00048931483285162938 7.888953177642778e-05 0.0024062484369087637 -0.00021077703980720291 0.0028553645191132094 0.00086678640510860479 2.0886356433485431e-05
leaf_weight=262 321 363 726 355 258 201 216 231 298 202 11044 225 3026 29870
leaf_count=262 321 363 726 355 258 201 216 231 298 202 11044 225 3026 29870
internal_value=2.54476e-05 -0.00100678 4.04973e-05 0.000659566 0.00122565 0.000443249 0.00106477 0.00193892 1.68656e-05 0.000861502 3.56457e-05 0.00127336 2.09137e-05 9.86981e-05
internal_weight=47598 684 46914 1725 1370 1112 911 649 45189 433 44463 523 43940 32896
internal_count=47598 684 46914 1725 1370 1112 911 649 45189 433 44463 523 43940 32896
is_linear=0
shrinkage=0.05


Tree=256
num_leaves=15
num_cat=0
split_feature=1 6 1 4 4 1 4 2 4 0 4 4 6 8
split_gain=0.257228 0.397457 0.372395 0.771333 0.465139 0.370678 1.09461 0.496564 0.727895 0.847042 0.690074 0.790412 0.640257 0.52402
threshold=0.83103349828701945 0.055749805749805752 0.80519724013799321 0.1101306173223449 0.45913782635094119 0.84641025641025658 0.64112350753572145 0.84983660130718963 0.032389194859690544 0.18479366268800515 0.84641025641025658 0.89886560872799415 0.44765682079114921 0.20502311895754521
decision_type=2 2 2 10 10 2 10 8 10 2 8 10 2 10
left_child=2 -2 -1 -4 -5 6 -3 8 9 12 -9 -12 -7 -10
right_child=1 5 3 4 -6 7 -8 10 13 -11 11 -13 -14 -15
leaf_value=4.5315976463168378e-06 -0.0017729722386815286 -0.00010907338102833394 -0.0033337126783916622 0.0013708098901698143 -0.00097937570898344053 -0.0013215433541886711 0.0039895624567280056 0.0020271661011544736 0.00208396136999412 0.0035614385590481802 -0.0021519076776593702 0.0012491496816298304 0.002249166701515547 -0.00032126628936179826
leaf_weight=38118 228 428 254 307 670 296 263 820 238 293 283 431 218 4667
leaf_count=38118 228 428 254 307 670 296 263 820 238 293 283 431 218 4667
internal_value=2.9884e-05 0.000285276 -2.31104e-05 -0.000879046 -0.000240883 0.000344402 0.0014509 0.000238883 2.43831e-05 0.00141591 0.00103759 -9.88885e-05 0.000192882 -0.00020456
internal_weight=47514 8165 39349 1231 977 7937 691 7246 5712 807 1534 714 514 4905
internal_count=47514 8165 39349 1231 977 7937 691 7246 5712 807 1534 714 514 4905
is_linear=0
shrinkage=0.05


Tree=257
num_leaves=15
num_cat=0
split_feature=1 2 4 7 8 7 7 8 2 1 4 7 7 5
split_gain=0.265184 0.550476 1.06365 0.80718 0.875363 0.700145 0.500945 0.263154 0.410769 0.29917 1.00048 0.666114 0.576043 0.643044
threshold=0.040134228187919473 0.83103349828701945 0.11814602720114532 0.40329357549471406 0.43071308253790014 0.12829175329175332 0.28464345873105001 0.99233705226071656 0.61692185325114346 0.067732891550911181 0.093276836158192114 0.25649460188933876 0.7378179762577729 0.84983660130718963
decision_type=2 8 10 2 8 2 2 10 10 2 8 2 2 10
left_child=1 3 -3 5 -5 -1 -7 9 -9 10 -2 -12 13 -13
right_child=7 2 -4 4 -6 6 -8 8 -10 -11 11 12 -14 -15
leaf_value=-0.00099171729450859961 0.0023713422604974663 -0.00024556118599458105 0.0047980170003720565 0.00032297485215108723 -0.0034936952376036002 0.0039643833009633889 0.00060961441203581125 0.0027803323547983465 -0.00039702333221794113 -3.5964148546185657e-05 -0.0030934686309002889 0.0019262088364842584 -0.002632730882163873 -0.0017040018670601198
leaf_weight=226 209 219 200 372 252 242 206 207 200 44187 381 295 222 208
leaf_count=226 209 219 200 372 252 242 206 207 200 44187 381 295 222 208
internal_value=-2.39428e-05 0.000586135 0.00216187 7.74797e-05 -0.00121837 0.0012772 0.00242179 -4.67597e-05 0.00121898 -5.80813e-05 -0.000801268 -0.00140079 -0.000511265 0.000425048
internal_weight=47626 1717 419 1298 624 674 448 45909 407 45502 1315 1106 725 503
internal_count=47626 1717 419 1298 624 674 448 45909 407 45502 1315 1106 725 503
is_linear=0
shrinkage=0.05


Tree=258
num_leaves=15
num_cat=0
split_feature=5 8 8 7 1 5 3 8 5 1 5 1 3 1
split_gain=0.462537 0.613979 0.801634 0.929134 0.582863 0.289345 0.273717 0.186171 0.745978 0.756532 0.6205 0.16614 0.595929 0.538745
threshold=0.97864741641337394 0.38358978842454977 0.42020403795391315 0.73021094402673359 0.37943619431160336 0.97231800766283538 0.99215674212598437 0.9917011019283748 0.73444413716814172 0.87280431432973815 0.4232172936552499 0.22837075921065425 0.027460098026894562 0.26448946947480678
decision_type=8 8 10 2 2 10 10 8 10 2 10 2 10 2
left_child=5 -2 -3 4 -4 6 7 11 10 -10 -9 12 -1 -13
right_child=1 2 3 -5 -6 -7 -8 8 9 -11 -12 13 -14 -15
leaf_value=0.0023537569979445437 -0.0011665954161068704 0.0041028385215516518 0.00046491182839006746 -0.0019287085080905272 0.0038511370620593274 -0.0013915708572750532 0.0017666413514987279 -0.0012330871055471187 -0.00026420375581408018 -0.0040527867509557959 0.0024253444871859724 0.00098497035289648433 -0.00018456498354669647 6.6797106654928356e-05
leaf_weight=237 254 240 292 222 225 349 232 206 305 232 265 1678 9495 33353
leaf_count=237 254 240 292 222 225 349 232 206 305 232 265 1678 9495 33353
internal_value=6.8101e-05 0.00102389 0.0015922 0.000776843 0.00193861 4.26764e-05 5.35572e-05 4.48741e-05 -0.000627111 -0.00190098 0.000825266 6.00063e-05 -0.00012275 0.000110778
internal_weight=47585 1233 979 739 517 46352 46003 45771 1008 537 471 44763 9732 35031
internal_count=47585 1233 979 739 517 46352 46003 45771 1008 537 471 44763 9732 35031
is_linear=0
shrinkage=0.05


Tree=259
num_leaves=15
num_cat=0
split_feature=1 1 4 2 7 1 3 3 2 4 8 2 2 2
split_gain=0.279839 0.78977 0.721033 0.680729 0.588862 0.516371 0.874934 0.760416 0.489123 0.620309 0.441096 1.84426 1.27808 0.73499
threshold=0.88014084507042267 0.8948992852501626 0.90980525083199815 0.5812232905982907 0.063762027374983071 0.83881792595799964 0.15016339869281048 0.51736194839643124 0.50159235668789826 0.63733407079646021 0.94821200510855697 0.87280431432973815 0.86890898812888639 0.54137732867199861
decision_type=2 2 8 10 2 2 8 10 10 10 10 8 10 10
left_child=5 2 3 -2 -3 -1 -7 -8 -9 -10 11 13 -12 -6
right_child=1 4 -4 -5 10 6 7 8 9 -11 12 -13 -14 -15
leaf_value=5.8645804345286839e-05 -0.0023594990265798214 -0.0025636679778342246 -0.0043796509334351873 0.0013626761227407351 0.00032299380169328027 0.0030786717269645149 -0.0010405120010091964 -0.00046944199062702509 0.00043242222661327601 0.0033843578670465406 0.00031849831415021616 0.0025081268444323099 -0.0038217531563094344 -0.0012284680377418747
leaf_weight=39599 300 224 200 208 2139 370 593 303 351 361 602 754 270 1187
leaf_count=39599 300 224 200 208 2139 370 593 303 351 361 602 754 270 1187
internal_value=5.23539e-05 -0.000270381 -0.00183664 -0.000835459 -5.61397e-05 9.80276e-05 0.00088644 0.000382008 0.0012131 0.00192912 5.72864e-05 0.000275446 -0.00096346 -0.0002307
internal_weight=47461 5884 708 508 5176 41577 1978 1608 1015 712 4952 4080 872 3326
internal_count=47461 5884 708 508 5176 41577 1978 1608 1015 712 4952 4080 872 3326
is_linear=0
shrinkage=0.05


Tree=260
num_leaves=15
num_cat=0
split_feature=4 7 7 4 1 3 5 7 4 8 3 1 8 5
split_gain=0.250403 1.39724 1.36574 1.14219 0.907895 0.278745 0.610025 0.896927 0.976808 0.537625 0.525139 0.489723 0.849555 0.779271
threshold=0.032389194859690544 0.22040571199786471 0.51342342342342351 0.01923155948222725 0.42366996233521664 0.31715727502102614 0.887270994387377 0.73021094402673359 0.83881792595799964 0.4535960378983635 0.1008077649664517 0.28866149919652145 0.56789830508474581 0.81270161290322596
decision_type=8 2 2 10 2 8 10 2 8 8 10 2 8 10
left_child=1 -1 4 -4 -3 6 11 8 9 -8 -10 -2 -13 -14
right_child=5 2 3 -5 -6 -7 7 -9 10 -11 -12 12 13 -15
leaf_value=0.0021298992537647178 -0.00041504918749415162 -0.0012998820886040402 0.0024397181966739324 -0.0025339363744053905 -0.0058117340564353692 -0.00010483756092954943 0.00075989645265508445 0.0038788096818496431 0.00029775683790178809 0.0041008156613593586 -0.0029814119668519915 0.00053197776988744177 -0.00091502310330198908 0.0021907754600979392
leaf_weight=314 3836 209 252 213 239 32220 296 252 311 203 201 6884 1973 225
leaf_count=314 3836 209 252 213 239 32220 296 252 311 203 201 6884 1973 225
internal_value=-4.21788e-05 -0.000747197 -0.00173669 0.000161464 -0.00370687 -2.35358e-05 0.000161186 0.00120997 0.000544741 0.00211903 -0.000989573 5.86461e-05 0.000258723 -0.000597096
internal_weight=47628 1227 913 465 448 46401 14181 1263 1011 499 512 12918 9082 2198
internal_count=47628 1227 913 465 448 46401 14181 1263 1011 499 512 12918 9082 2198
is_linear=0
shrinkage=0.05


Tree=261
num_leaves=15
num_cat=0
split_feature=8 1 8 1 1 8 5 6 6 3 1 1 8 2
split_gain=0.252013 0.413088 0.395131 0.949436 0.832477 0.609018 0.658268 0.821692 0.509068 0.495929 0.753625 0.471418 0.335265 0.662953
threshold=0.082140666530361908 0.86516379601486004 0.041039748484167977 0.083942774782469462 0.63197222222222227 0.028004705574799036 0.92796396396396408 0.66135382270764553 0.28363501640732514 0.54131889356418583 0.22040571199786471 0.25221308264786529 0.13943957300800611 0.19837990292535748
decision_type=10 2 10 2 2 10 10 2 2 10 2 2 10 10
left_child=1 2 5 -4 8 6 7 -1 -5 10 -10 -7 13 -2
right_child=12 -3 3 4 -6 11 -8 -9 9 -11 -12 -13 -14 -15
leaf_value=0.00057449790384337741 -0.0014659685675211609 0.0014914347494347196 -0.0041984251211291037 0.002075997229557076 -0.0033709485299661442 0.0025985887097205915 -0.0029602810733718801 -0.0023503685614377902 -0.0022165800837061615 -0.002604155145233782 0.0012953306346951815 -0.00030808063048639326 -1.7672076388108217e-05 0.0011593197342868961
leaf_weight=962 291 267 219 219 233 314 250 320 234 232 440 251 41935 1385
leaf_count=962 291 267 219 219 233 314 250 320 234 232 440 251 41935 1385
internal_value=-2.45592e-05 -0.000407465 -0.000545464 -0.0011434 -0.000650726 -9.58e-05 -0.000613265 -0.000155578 -8.73377e-05 -0.000610263 7.60619e-05 0.00130731 1.00429e-05 0.000703497
internal_weight=47552 3941 3674 1577 1358 2097 1532 1282 1125 906 674 565 43611 1676
internal_count=47552 3941 3674 1577 1358 2097 1532 1282 1125 906 674 565 43611 1676
is_linear=0
shrinkage=0.05


Tree=262
num_leaves=15
num_cat=0
split_feature=6 4 1 1 1 0 3 6 4 4 6 1 5 2
split_gain=0.317661 0.783213 0.472803 0.71209 0.477113 0.378577 0.950777 0.544668 0.250554 0.43415 1.17433 0.602007 0.555815 1.46012
threshold=0.043988648090815284 0.016194597429845272 0.60065359477124192 0.22472194135490398 0.37539808917197459 0.36293309438470739 0.54480185280494087 0.02409677419354839 0.15128814683768246 0.13010914355718903 0.271564058539776 0.6555456619733987 0.87280431432973815 0.79346840842442024
decision_type=2 10 2 2 2 2 10 2 8 10 2 2 10 10
left_child=1 -1 3 5 -5 7 -7 -3 9 12 -11 -12 -2 -14
right_child=8 2 -4 4 -6 6 -8 -9 -10 10 11 -13 13 -15
leaf_value=-0.0018107265413467152 -0.00034551436787862784 0.0042559183196216408 0.0026438635139509046 -0.0028461673413985411 0.00054293976735169519 -0.0021363911790540442 0.0025493859533926915 0.00066674714134010637 4.2420904072784745e-05 -0.0044483284203322713 -0.0012897786425487571 0.0019927310671739502 0.0030097172983026398 -0.0015375546365820596
leaf_weight=276 4279 216 369 200 216 200 236 207 39810 225 443 204 431 299
leaf_count=276 4279 216 369 200 216 200 236 207 39810 225 443 204 431 299
internal_value=2.38934e-05 0.000653926 0.0010677 0.00061154 -0.00108644 0.00143384 0.000399947 0.00249952 -2.58145e-06 -0.000307214 -0.00133684 -0.000254799 -0.000127969 0.0011472
internal_weight=47611 1920 1644 1275 416 859 436 423 45691 5881 872 647 5009 730
internal_count=47611 1920 1644 1275 416 859 436 423 45691 5881 872 647 5009 730
is_linear=0
shrinkage=0.05


Tree=263
num_leaves=15
num_cat=0
split_feature=4 5 8 8 3 5 5 5 7 7 1 5 1 7
split_gain=0.271612 0.72233 0.466396 0.669126 0.63173 0.976526 0.901904 0.827685 0.701816 0.994275 0.67806 0.814798 0.557559 0.514859
threshold=0.15128814683768246 0.97864741641337394 0.01923155948222725 0.063564213564213573 0.41694260485651219 0.84983660130718963 0.87280431432973815 0.91721941576982224 0.19650488400488403 0.36678657074340532 0.072036036036036047 0.44706208425720623 0.21222498962224992 0.24435962680237491
decision_type=8 10 10 10 10 10 10 10 2 2 2 10 2 2
left_child=1 2 -1 -4 6 8 10 -7 -6 -10 -5 12 -12 -13
right_child=-2 -3 3 4 5 7 -8 -9 9 -11 11 13 -14 -15
leaf_value=0.0014555924209660941 1.505177326870911e-05 0.0024427793395863321 -0.0022578040444213312 0.0020543291582824936 0.0015382972409364241 -0.0050710479032761435 0.0024527624784704966 -0.00076529652370060453 -0.0032917056156189315 -0.00018671363747269163 -0.0013301652830932653 -0.0025685359240119605 0.001230410334626312 -0.00059781988812659666
leaf_weight=310 41303 226 514 294 341 245 353 205 350 979 288 486 812 1042
leaf_count=310 41303 226 514 294 341 245 353 205 350 979 288 486 812 1042
internal_value=-3.20554e-05 -0.000333943 -0.00043485 -0.000534027 -0.000369797 -0.00104227 6.55166e-05 -0.00310954 -0.000485228 -0.00100443 -0.000222881 -0.000477637 0.000560005 -0.00122463
internal_weight=47748 6445 6219 5909 5395 2120 3275 450 1670 1329 2922 2628 1100 1528
internal_count=47748 6445 6219 5909 5395 2120 3275 450 1670 1329 2922 2628 1100 1528
is_linear=0
shrinkage=0.05


Tree=264
num_leaves=15
num_cat=0
split_feature=3 7 5 1 0 8 4 7 1 8 8 0 0 1
split_gain=0.318112 0.420159 0.408982 0.575209 0.463796 0.732846 1.03315 0.703965 1.02234 1.36437 1.14791 1.06672 1.74312 1.05898
threshold=0.016064516129032261 0.30078244391466474 0.83474667624865262 0.98479065463798299 0.047972602739726034 0.9576867987586537 0.27303030303030307 0.63197222222222227 0.41543878656554717 0.53829856584093883 0.82007194244604331 0.43559907834101391 0.16034135100100824 0.92044189181269431
decision_type=10 2 10 2 2 8 10 2 2 8 8 2 2 2
left_child=1 -1 3 -2 5 6 -4 8 -6 11 -11 12 -10 -12
right_child=2 -3 4 -5 7 -7 -8 -9 9 10 13 -13 -14 -15
leaf_value=0.00081983517252478709 -2.808313643082316e-05 -0.0019186765655366961 0.0023690674199622688 -0.0016942614803279175 -0.00065145371701533542 -0.0033446777584712679 -0.0015765699858334905 0.0013044122660383099 0.0014175804836931748 0.0051666038091204083 0.00034754575563898633 0.0020642678542017504 -0.0027201617551188186 0.0040971318333749736
leaf_weight=201 38801 462 284 525 2116 205 399 1911 428 237 745 374 628 252
leaf_count=201 38801 462 284 525 2116 205 399 1911 428 237 745 374 628 252
internal_value=-8.83772e-07 -0.00108845 1.44889e-05 -5.03265e-05 0.000350804 -0.000722855 6.40757e-05 0.000493295 0.000169018 0.000820714 0.0020388 -0.00023042 -0.00104312 0.00129528
internal_weight=47568 663 46905 39326 7579 888 683 6691 4780 2664 1234 1430 1056 997
internal_count=47568 663 46905 39326 7579 888 683 6691 4780 2664 1234 1430 1056 997
is_linear=0
shrinkage=0.05


Tree=265
num_leaves=15
num_cat=0
split_feature=7 3 2 6 6 8 7 7 8 3 8 6 2 0
split_gain=0.332303 0.66137 1.23188 0.87149 0.799267 1.03753 0.671417 0.575036 1.20704 1.11756 0.527302 0.521742 0.550075 0.571587
threshold=0.83881792595799964 0.50900974025974033 0.42378493658098554 0.72265840642826484 0.81642014604006752 0.42774045801526722 0.95356537809949182 0.7153031224655314 0.94507980394621105 0.068434609530499957 0.34029700478228048 0.41946762914504859 0.084680573663624525 0.86166353971232035
decision_type=2 10 10 2 2 8 2 2 10 8 8 2 10 2
left_child=7 3 -3 -2 5 -5 10 -1 9 -9 -6 -11 -13 -14
right_child=1 2 -4 4 6 -7 -8 8 -10 11 -12 12 13 -15
leaf_value=-1.0766082662087131e-05 -0.0033099903812304644 0.0017994094049773889 -0.0003015591563282248 -0.00092202094689820954 0.00026768897600413767 0.0041035379828284011 0.0001820959257567005 0.0042370299745827676 -0.0026620227593415198 0.0024376124951338445 -0.0017618514476674112 -0.0020052799440236414 0.00072512359105683785 -0.00097897619910085115
leaf_weight=34019 308 891 3216 210 400 201 1099 213 283 341 1601 224 4280 556
leaf_count=34019 308 891 3216 210 400 201 1099 213 283 341 1601 224 4280 556
internal_value=9.52696e-06 -0.000286192 0.000154239 -0.000759836 -0.000536126 0.00153573 -0.000810815 6.82469e-05 0.000524062 0.000684672 -0.00135615 0.000544577 0.000417003 0.000529201
internal_weight=47842 7926 4107 3819 3511 411 3100 39916 5897 5614 2001 5401 5060 4836
internal_count=47842 7926 4107 3819 3511 411 3100 39916 5897 5614 2001 5401 5060 4836
is_linear=0
shrinkage=0.05


Tree=266
num_leaves=15
num_cat=0
split_feature=3 2 3 1 5 5 5 1 8 8 8 5 2 4
split_gain=0.254426 0.485611 0.283704 0.593127 0.497796 0.596229 0.640359 1.38085 1.10394 0.963238 0.779897 0.881498 0.694794 0.453042
threshold=0.99215674212598437 0.9721250971250972 0.37539808917197459 0.016064516129032261 0.99215674212598437 0.91318840579710148 0.93536783476444663 0.81642014604006752 0.96029118048985607 0.89316682724375618 0.448344280240832 0.95356537809949182 0.48363334404800179 0.060708435708435718
decision_type=10 10 10 2 10 10 10 2 8 10 10 10 10 8
left_child=2 -2 -1 -4 5 13 7 -7 9 10 12 -12 -8 -5
right_child=1 -3 3 4 -6 6 8 -9 -10 -11 11 -13 -14 -15
leaf_value=0.00010708682742986632 0.0026787302337541452 -0.00034382893078699453 -0.0025328746814526214 -0.0013792993194251953 0.0022178065133953676 -0.00041387707967853937 -0.0038090228959444467 -0.0050963183346993905 0.0021587204541323114 -0.0040759447993161287 -0.001636717573875133 0.0024450312347223391 -0.00036686676956834431 -4.1738030624356437e-05
leaf_weight=17771 246 289 258 649 225 409 236 256 341 217 213 349 387 25791
leaf_count=17771 246 289 258 649 225 409 236 256 341 217 213 349 387 25791
internal_value=-3.82469e-05 0.00104598 -5.05619e-05 -0.000146078 -0.000124897 -0.000143169 -0.000896388 -0.00221644 -0.000392753 -0.00101333 -0.000452499 0.000898034 -0.0016708 -7.457e-05
internal_weight=47637 535 47102 29331 29073 28848 2408 665 1743 1402 1185 562 623 26440
internal_count=47637 535 47102 29331 29073 28848 2408 665 1743 1402 1185 562 623 26440
is_linear=0
shrinkage=0.05


Tree=267
num_leaves=15
num_cat=0
split_feature=4 0 5 7 1 7 1 3 8 0 0 4 0 8
split_gain=0.286144 1.01643 1.14285 0.744365 1.24343 1.35168 0.860046 0.793984 0.754007 0.725276 1.16316 0.703068 0.841442 1.40759
threshold=0.5773502805450591 0.70740003318400546 0.83881792595799964 0.41946762914504859 0.43968574223526541 0.39145636971723935 0.096076923076923101 0.7456883734760632 0.2893649412788169 0.49159604519774019 0.58874736207416356 0.74143795449214178 0.20446250829462512 0.43071308253790014
decision_type=10 2 10 2 2 2 2 10 10 2 2 10 2 10
left_child=-1 3 -3 4 -2 8 7 -5 -6 11 -11 -10 -13 -14
right_child=1 2 -4 6 5 -7 -8 -9 9 10 -12 12 13 -15
leaf_value=-9.5060445427739589e-05 -0.0018262644773318294 0.00058267806494372281 0.0035213551555074614 0.00026052850395596273 -0.0024693378576217599 -0.0033079556429020589 0.00011817284954758407 0.0045476311264522982 0.001139857784972882 0.0033740521659534548 -0.00035112439654767514 0.00071173713322663333 -0.0048742251842926595 -0.00047398733376604783
leaf_weight=28959 1354 3961 361 216 246 297 8661 216 848 457 387 682 243 721
leaf_count=28959 1354 3961 361 216 246 297 8661 216 848 457 387 682 243 721
internal_value=3.31022e-06 0.000156056 0.000828134 -4.6674e-05 -0.000521643 -6.64882e-05 0.000226774 0.00240408 0.000202127 0.000399005 0.00166594 -2.97424e-05 -0.000632307 -0.00158318
internal_weight=47609 18650 4322 14328 5235 3881 9093 432 3584 3338 844 2494 1646 964
internal_count=47609 18650 4322 14328 5235 3881 9093 432 3584 3338 844 2494 1646 964
is_linear=0
shrinkage=0.05


Tree=268
num_leaves=15
num_cat=0
split_feature=4 4 5 6 0 3 5 0 0 6 5 8 8 8
split_gain=0.249358 0.500776 1.07213 0.833355 1.19859 0.8193 0.792187 0.63683 0.627854 0.518002 0.740409 0.810043 1.59356 0.802351
threshold=0.89886560872799415 0.75850497570006958 0.95356537809949182 0.20036496350364966 0.4593593593593594 0.9297560307017545 0.46688596491228079 0.69533836920529812 0.47956342577124406 0.49840764331210197 0.79704696523918506 0.66135382270764553 0.37625610106230267 0.53052351375332762
decision_type=10 10 10 2 2 10 10 2 2 2 10 8 10 8
left_child=1 9 3 4 -3 6 8 -6 -5 -1 13 12 -12 -11
right_child=-2 2 -4 5 7 -7 -8 -9 -10 10 11 -13 -14 -15
leaf_value=0.00024037397166025442 0.0003641912073780301 -0.0036491688957871133 0.0025845488351869889 -0.0019449384073500131 0.0017415157419487391 -0.0026634540630640978 0.0004233021450051294 -0.0020089965919454105 -0.00012782416208454927 0.00016119744676209636 0.00040331149946228105 0.00059298256310285073 -0.0045646926230391094 -0.00055705090895469267
leaf_weight=17656 4564 494 279 836 232 348 2605 221 1102 12465 279 320 383 5651
leaf_count=17656 4564 494 279 836 232 348 2605 221 1102 12465 279 320 383 5651
internal_value=1.28402e-05 -2.45642e-05 -0.000443447 -0.000588156 -0.00194577 -0.000325294 -0.000146187 -8.82044e-05 -0.000911677 4.51509e-05 -0.000135332 -0.0014725 -0.00247093 -6.28488e-05
internal_weight=47435 42871 6117 5838 947 4891 4543 453 1938 36754 19098 982 662 18116
internal_count=47435 42871 6117 5838 947 4891 4543 453 1938 36754 19098 982 662 18116
is_linear=0
shrinkage=0.05


Tree=269
num_leaves=15
num_cat=0
split_feature=3 6 4 8 6 8 8 7 8 8 2 6 0 4
split_gain=0.166829 0.419498 0.910184 1.3892 0.847473 0.616213 1.19178 0.505762 1.32047 0.523309 1.01565 1.20819 1.00924 0.863597
threshold=0.42066228790366728 0.055749805749805752 0.75079617834394918 0.41704892966360863 0.1123247663551402 0.3638034759358289 0.53739907177824409 0.24034734645199765 0.87966443887496537 0.45634645669291346 0.59683670917729448 0.39867072955308253 0.41946762914504859 0.75463121783876519
decision_type=8 2 10 10 2 10 10 2 8 8 10 2 2 8
left_child=1 2 3 -1 5 -3 -7 8 -6 13 12 -12 -11 -9
right_child=-2 4 -4 -5 7 6 -8 9 -10 10 11 -13 -14 -15
leaf_value=-0.0019874922722097374 -9.7109546043664164e-05 0.0032801726413820803 -0.0033690204839827661 0.0025429421517632429 -0.00071487289991519875 -0.0006664781181468806 0.0034364611906704079 0.00020120108250990464 0.0029662503538082732 -0.0013570981485113522 0.0041028265197975864 0.0002395120821230455 0.00014637461311067904 0.0014926992346633438
leaf_weight=377 27901 333 273 307 3472 525 267 6671 262 1957 270 808 2598 1606
leaf_count=377 27901 333 273 307 3472 525 267 6671 262 1957 270 808 2598 1606
internal_value=-1.84251e-05 9.28685e-05 -0.000928259 4.59045e-05 0.000144934 0.00147549 0.00071671 6.00961e-05 -0.000456583 0.000198793 -0.000172958 0.00120713 -0.000499574 0.000451793
internal_weight=47627 19726 957 684 18769 1125 792 17644 3734 13910 5633 1078 4555 8277
internal_count=47627 19726 957 684 18769 1125 792 17644 3734 13910 5633 1078 4555 8277
is_linear=0
shrinkage=0.05


Tree=270
num_leaves=15
num_cat=0
split_feature=3 8 8 7 7 6 0 7 8 7 8 3 3 7
split_gain=0.397629 0.521609 0.581976 0.5281 0.593219 0.694062 1.34355 0.686498 1.09288 0.49492 0.375347 0.523997 0.390368 0.439031
threshold=0.94773680616525224 0.98418947631546072 0.37625610106230267 0.84228550829127624 0.12829175329175332 0.088117647058823537 0.31271258503401367 0.69927440980072564 0.44487142022209242 0.56457098968619712 0.98634796384307155 0.71475875118259236 0.83858560794044679 0.55273855370132663
decision_type=10 10 8 2 2 2 2 2 10 2 10 10 10 2
left_child=10 2 -2 4 -4 6 -6 8 -7 -10 12 -12 -1 -14
right_child=1 -3 3 -5 5 7 -8 -9 9 -11 11 -13 13 -15
leaf_value=-2.3837537752296704e-05 -0.0012652926281457246 -0.0017066144433034503 0.0032952975632335561 0.0028990447991214859 -0.0042886908675789535 0.0048216255073067413 0.0012685755843430254 -0.00120357269933895 -0.00017606754098247092 0.0027513130964559804 0.00010614710178663634 0.0032591697624780808 -0.00091779829763880829 2.2605193108700923e-05
leaf_weight=39334 303 230 201 335 201 215 237 260 467 209 379 202 2744 2266
leaf_count=39334 303 230 201 335 201 215 237 260 467 209 379 202 2744 2266
internal_value=-2.50821e-05 0.000569141 0.000784719 0.00107703 0.000736035 0.000412301 -0.00128168 0.00105693 0.00171655 0.000728995 -6.02395e-05 0.00120238 -7.67824e-05 -0.000492458
internal_weight=47583 2658 2428 2125 1790 1589 438 1151 891 676 44925 581 44344 5010
internal_count=47583 2658 2428 2125 1790 1589 438 1151 891 676 44925 581 44344 5010
is_linear=0
shrinkage=0.05


Tree=271
num_leaves=15
num_cat=0
split_feature=3 3 5 0 8 8 8 0 2 2 5 2 1 1
split_gain=0.306932 0.525963 0.447469 0.584622 0.312048 0.934638 0.592722 0.528017 0.382986 0.514167 0.381053 0.433006 0.471728 0.886566
threshold=0.12099342510786934 0.11715230855855857 0.99215674212598437 0.18038949833600396 0.063564213564213573 0.10948202054794522 0.01923155948222725 0.60065359477124192 0.040134228187919473 0.06024760176302827 0.67206557377049192 0.17787193973634655 0.26448946947480678 0.5054228683512173
decision_type=10 8 10 2 8 8 10 2 10 10 10 10 2 2
left_child=1 4 -2 -4 6 -6 -1 -8 -7 -10 11 -11 -13 -14
right_child=2 -3 3 -5 5 8 7 -9 9 10 -12 12 13 -15
leaf_value=0.00064012120168248875 2.2213238712496021e-05 -0.0023823721537101303 0.0035507191449981367 -8.1582232437367685e-05 0.0029007513085455307 0.00084020384883802491 -0.0037495496353420264 -0.00037195692779790177 -0.0024410285448490405 0.0012190396938997891 -0.00084128929762136359 0.0014016224875041377 -0.003311606276012367 0.00012896733530683773
leaf_weight=279 41487 302 208 237 248 677 264 206 299 676 1605 282 273 596
leaf_count=279 41487 302 208 237 248 677 264 206 299 676 1605 282 273 596
internal_value=-7.69159e-06 -0.000351708 3.91294e-05 0.00161621 -0.000238246 -8.58694e-05 -0.00118546 -0.00226916 -0.000253901 -0.000452429 -0.00027918 0.000214627 -0.000375279 -0.000951903
internal_weight=47639 5707 41932 445 5405 4656 749 470 4408 3731 3432 1827 1151 869
internal_count=47639 5707 41932 445 5405 4656 749 470 4408 3731 3432 1827 1151 869
is_linear=0
shrinkage=0.05


Tree=272
num_leaves=15
num_cat=0
split_feature=6 3 5 6 3 7 7 3 7 7 3 4 1 3
split_gain=0.188738 0.396435 0.381751 0.363915 0.684381 0.461838 0.326325 0.311297 0.312878 0.303936 0.785897 0.719959 0.506766 0.706019
threshold=0.97818152967311978 0.28458411507192 0.24662100456621008 0.95017730496453912 0.1916979949874687 0.93172105672105687 0.9912662090007629 0.71863425925925939 0.96485050654806048 0.83881792595799964 0.043988648090815284 0.052805855698849775 0.17229961178351225 0.61674454828660441
decision_type=2 10 10 2 10 2 2 10 2 2 10 8 2 10
left_child=3 -2 6 9 -5 -6 -3 8 -7 -1 -11 -12 -13 -14
right_child=1 2 -4 4 5 7 -8 -9 -10 10 11 12 13 -15
leaf_value=6.6508651648495982e-05 0.0011861238009848044 -0.0035428515138723085 -2.7783021934190265e-05 -0.0017964975040907643 0.0031053463883642511 0.002368407603619354 -0.00092888080324767756 -0.00060832660910754236 3.0235902883481881e-05 -0.0032017342456998749 0.0022903939187970189 0.00097719635767297332 -0.0011219158480157655 0.0001894662671411265
leaf_weight=39743 249 206 465 207 277 350 284 281 242 229 273 626 2347 1824
leaf_count=39743 249 206 465 207 277 350 284 281 242 229 273 626 2347 1824
internal_value=2.73498e-05 -0.000590701 -0.00105398 4.33875e-05 0.00085013 0.00132652 -0.00202782 0.000762108 0.0014126 1.90824e-05 -0.000336619 -0.000207209 -0.000349349 -0.000548442
internal_weight=47603 1204 955 46399 1357 1150 490 873 592 45042 5299 5070 4797 4171
internal_count=47603 1204 955 46399 1357 1150 490 873 592 45042 5299 5070 4797 4171
is_linear=0
shrinkage=0.05


Tree=273
num_leaves=15
num_cat=0
split_feature=4 2 2 7 5 8 5 8 5 8 7 7 3 7
split_gain=0.203162 0.523176 0.736898 0.789522 0.646972 0.534305 0.841704 0.491315 0.713395 0.623526 0.500926 0.657743 0.417663 1.47805
threshold=0.15128814683768246 0.21851522065779957 0.08076375711574954 0.34252917300862512 0.8049813972715999 0.38358978842454977 0.52124714096545099 0.84386081560283699 0.76226642210248774 0.60822072072072075 0.91726730619652586 0.82373653686826853 0.019077949651198061 0.53287072608528641
decision_type=8 10 10 2 10 10 10 10 10 10 2 2 8 2
left_child=1 2 3 -1 5 -4 -7 9 -9 10 11 -3 13 -2
right_child=12 7 4 -5 -6 6 -8 8 -10 -11 -12 -13 -14 -15
leaf_value=-0.003015713457018137 0.0039388139529101971 -0.00062273473680602061 0.0023176915627463085 0.00065671535728423604 0.0036053293281238666 0.0019785092148813421 -0.0023618299327238571 -0.0039444038206692487 -0.00023508804627646605 0.0015967469688472303 -0.0027131140237674121 0.0015848927154205742 3.1431751340211483e-06 -0.0016319697153423325
leaf_weight=250 270 3365 285 353 241 200 253 246 274 371 250 375 40793 213
leaf_count=250 270 3365 285 353 241 200 253 246 274 371 250 375 40793 213
internal_value=-2.03654e-05 -0.000281032 0.000509151 -0.00086585 0.00135606 0.000621546 -0.000445565 -0.000537142 -0.00198988 -0.00036392 -0.000546227 -0.000401382 2.04499e-05 0.00148213
internal_weight=47739 6463 1582 603 979 738 453 4881 520 4361 3990 3740 41276 483
internal_count=47739 6463 1582 603 979 738 453 4881 520 4361 3990 3740 41276 483
is_linear=0
shrinkage=0.05


Tree=274
num_leaves=15
num_cat=0
split_feature=2 3 1 8 8 7 7 3 7 6 5 6 1 8
split_gain=0.326613 0.44875 0.254497 0.757185 0.964396 1.46378 0.890612 0.805658 1.0055 0.771184 0.545576 0.25611 0.79857 0.282804
threshold=0.99215674212598437 0.98501851644035476 0.94623128549303048 0.56270695364238421 0.95130420054200548 0.6202627045650303 0.5967064245052861 0.23247625286603343 0.37943619431160336 0.62108993157380266 0.83474667624865262 0.027460098026894562 0.4593593593593594 0.51992063492063501
decision_type=8 8 2 8 10 2 2 10 2 2 10 2 2 10
left_child=2 -2 11 6 5 -5 7 -4 -9 -8 -6 12 13 -1
right_child=1 -3 3 4 10 -7 9 8 -10 -11 -12 -13 -14 -15
leaf_value=0.00044785962411525372 3.9286948178477333e-05 -0.0028608050954769468 -0.0021588696849289507 0.00038167590691562609 -0.00073218882325926267 -0.0046939063348139199 0.0043174050760888148 0.0028427433195012891 -0.0012830287685289933 0.00094984657789270099 0.0024767546827834529 -0.00010157800306726023 0.0030556181570010866 -0.0017409402706834954
leaf_weight=563 290 247 277 301 253 269 311 349 256 375 278 43319 266 200
leaf_count=563 290 247 277 301 253 269 311 349 256 375 278 43319 266 200
internal_value=-6.85253e-05 -0.00129465 -5.45213e-05 0.000419662 -0.000585361 -0.00201364 0.00112536 7.44389e-05 0.00109696 0.00247654 0.000947823 -8.30591e-05 0.000696551 -0.000125876
internal_weight=47554 537 47017 2669 1101 570 1568 882 605 686 531 44348 1029 763
internal_count=47554 537 47017 2669 1101 570 1568 882 605 686 531 44348 1029 763
is_linear=0
shrinkage=0.05


Tree=275
num_leaves=15
num_cat=0
split_feature=7 7 6 8 4 4 7 4 0 7 4 1 5 7
split_gain=0.374552 0.314709 0.564462 0.429786 0.621338 0.383074 0.382206 0.746564 1.13113 0.652065 0.771788 1.02115 0.924768 0.514618
threshold=0.99691358024691368 0.92777975343764829 0.81297888518453543 0.56270695364238421 0.75850497570006958 0.99691358024691368 0.883795948987247 0.83881792595799964 0.12033556112503481 0.84641025641025658 0.84641025641025658 0.33877632631298321 0.60836247086247097 0.90601158721964103
decision_type=2 2 2 10 8 10 2 8 2 2 10 2 8 2
left_child=1 5 -3 4 -4 6 9 8 -8 -1 11 -11 -13 -9
right_child=-2 2 3 -5 -6 -7 7 13 -10 10 -12 12 -14 -15
leaf_value=4.2668437866407446e-06 0.0015881448859369476 -0.0030110336233129995 -0.00023420480415086112 0.00060482433878910388 -0.0022445139085261914 0.0017801744825354235 0.0039904540741805038 0.00052362412417137217 0.00055604795001785599 0.00078928572171686317 0.0014049802444019344 -0.0012874136545042113 -0.0044948790973780989 -0.0026269663616447191
leaf_weight=39796 362 210 1609 872 505 303 293 268 1319 380 284 772 317 251
leaf_count=39796 362 210 1609 872 505 303 293 268 1319 380 284 772 317 251
internal_value=-1.40372e-05 -2.63306e-05 -0.00050539 -0.000329172 -0.000714435 8.47992e-06 -3.81e-06 0.000649269 0.00118029 -3.73057e-05 -0.000981071 -0.00144236 -0.00222108 -0.00100007
internal_weight=47541 47179 3196 2986 2114 43983 43680 2131 1612 41549 1753 1469 1089 519
internal_count=47541 47179 3196 2986 2114 43983 43680 2131 1612 41549 1753 1469 1089 519
is_linear=0
shrinkage=0.05


Tree=276
num_leaves=15
num_cat=0
split_feature=8 6 6 4 4 2 8 4 8 3 2 2 4 1
split_gain=0.28654 0.492848 1.20563 0.436046 0.493748 0.294449 0.461245 0.558757 0.285153 0.276709 0.257228 0.586298 0.595995 0.551691
threshold=0.028004705574799036 0.65327956989247327 0.43985815602836886 0.64112350753572145 0.13010914355718903 0.040134228187919473 0.66135382270764553 0.29719937328632989 0.4387279439369291 0.20463493199713675 0.21011448057483864 0.16956719128329301 0.37943619431160336 0.30852659513095654
decision_type=8 2 2 8 10 8 8 8 10 10 10 8 10 2
left_child=1 2 3 4 -1 6 7 -2 -9 -8 11 -7 -13 -14
right_child=5 -3 -4 -5 -6 10 9 8 -10 -11 -12 12 13 -15
leaf_value=-0.0017060059448266197 -0.00065285775662315168 -0.0029448329520054425 0.0031058555778109426 -0.0032327903322875505 0.0014628020936870599 -2.691632732780469e-05 0.00055839630435753739 0.0010861365036433372 0.0029548434835471038 -0.0020587376054643602 4.5800283722609556e-05 6.4711594493205286e-07 -0.0038625962858550265 -0.0011847640976863139
leaf_weight=319 297 215 204 200 200 5907 201 486 352 203 36939 787 251 823
leaf_count=319 297 215 204 200 200 5907 201 486 352 203 36939 787 251 823
internal_value=-5.07802e-06 -0.000788891 -0.000286694 -0.00124925 -0.000484885 1.42097e-05 0.000694206 0.00121063 0.00187108 -0.000756649 -9.19859e-06 -0.000270734 -0.00104463 -0.00181059
internal_weight=47384 1138 923 719 519 46246 1539 1135 838 404 44707 7768 1861 1074
internal_count=47384 1138 923 719 519 46246 1539 1135 838 404 44707 7768 1861 1074
is_linear=0
shrinkage=0.05


Tree=277
num_leaves=15
num_cat=0
split_feature=0 1 1 6 2 6 6 5 6 8 4 1 8 5
split_gain=0.329376 0.445117 1.27338 1.25772 0.942333 1.39715 1.07099 0.541889 0.706329 0.549067 0.5082 0.603293 0.614324 0.739182
threshold=0.23629205440229065 0.54474578327872847 0.65917508417508419 0.41946762914504859 0.77394282310899354 0.42745013543462207 0.052012882447665061 0.23481554677206853 0.88014084507042267 0.32099821990962624 0.056670681118693972 0.32094158835452374 0.33215962441314556 0.84641025641025658
decision_type=2 2 2 2 8 2 2 8 2 8 8 2 10 10
left_child=1 4 3 -3 10 6 -6 8 -4 -9 -1 12 -12 -14
right_child=-2 2 7 -5 5 -7 -8 9 -10 -11 11 -13 13 -15
leaf_value=0.0032546806986479522 6.2425604107165658e-05 0.0003557227678726068 -0.0032351844821119774 -0.0046229009627618235 0.00029174957601797014 0.0016724534642712824 -0.00421528739885606 -0.0019370855394711057 -0.00015211490032046701 -2.5747757633957551e-05 0.0022034755114928111 0.0022043569502627224 0.00052825629112020038 -0.0023211202506072041
leaf_weight=208 36432 202 339 341 210 303 354 398 411 6719 266 451 628 357
leaf_count=208 36432 202 339 341 210 303 354 398 411 6719 266 451 628 357
internal_value=-1.04432e-05 -0.00024775 -0.000428984 -0.00277082 0.000301108 -0.00106596 -0.00253714 -0.000267345 -0.00154566 -0.000132634 0.000921659 0.000636542 7.13265e-05 -0.000504462
internal_weight=47619 11187 8410 543 2777 867 564 7867 750 7117 1910 1702 1251 985
internal_count=47619 11187 8410 543 2777 867 564 7867 750 7117 1910 1702 1251 985
is_linear=0
shrinkage=0.05


Tree=278
num_leaves=15
num_cat=0
split_feature=7 8 5 5 8 1 7 4 1 7 4 5 7 6
split_gain=0.220526 0.92539 0.343694 0.316849 0.377948 0.297154 0.239575 0.550153 1.33577 0.745552 0.503183 1.1579 1.48192 0.48705
threshold=0.040134228187919473 0.70977698128235778 0.61660401002506282 0.30651047798445968 0.4535960378983635 0.19262657152565413 0.32094158835452374 0.032389194859690544 0.79725004725004733 0.61245155038759702 0.077171215880893318 0.69927440980072564 0.54877237341140472 0.23629205440229065
decision_type=2 8 10 10 10 2 2 8 2 2 8 10 2 2
left_child=1 3 -3 -1 5 -5 -2 8 9 -8 11 -9 -13 -12
right_child=6 2 -4 4 -6 -7 7 10 -10 -11 13 12 -14 -15
leaf_value=-7.2075244150084205e-06 0.0002282532456968944 0.0028977021090381811 4.6589766271358388e-05 -0.0010490587812852223 -0.00020759223803728852 -0.003298399054992573 -0.0043510122839863618 -0.00050004825530413082 0.0017488438352165757 -0.00054978605946698204 -0.00060402434858025601 0.0056106315538272614 0.00056047718115460952 3.8219516722236296e-05
leaf_weight=393 13327 216 207 243 286 371 306 634 240 223 3313 240 368 27090
leaf_count=393 13327 216 207 243 286 371 306 634 240 223 3313 240 368 27090
internal_value=2.89181e-05 -0.000527555 0.00150248 -0.00119167 -0.00170889 -0.00240819 4.97945e-05 -2.35787e-05 -0.00134498 -0.00274861 8.53249e-06 0.000994989 0.00255396 -3.17655e-05
internal_weight=47457 1716 423 1293 900 614 45741 32414 769 529 31645 1242 608 30403
internal_count=47457 1716 423 1293 900 614 45741 32414 769 529 31645 1242 608 30403
is_linear=0
shrinkage=0.05


Tree=279
num_leaves=15
num_cat=0
split_feature=4 7 7 4 7 4 4 0 1 7 1 4 7 3
split_gain=0.224146 1.21441 2.64173 0.509301 0.811912 0.183714 0.560353 0.522119 0.528902 1.20261 1.15768 0.661271 0.609394 0.572379
threshold=0.01923155948222725 0.57261510890543155 0.21222498962224992 0.032389194859690544 0.32510162601626019 0.33031618610747054 0.32155344655344659 0.99215674212598437 0.42366996233521664 0.84964863138237756 0.887270994387377 0.11392811296534018 0.69927440980072564 0.40839201877934278
decision_type=8 2 2 8 2 10 10 2 2 2 2 8 2 8
left_child=1 2 -1 4 -2 6 7 8 -5 11 -11 -10 -13 -14
right_child=3 -3 -4 5 -6 -7 -8 -9 9 10 -12 12 13 -15
leaf_value=0.0039455628873368001 0.00099008251532359281 0.0040343492607500826 -0.0034820429113834339 -0.00024856272562025222 -0.0030182371632380542 -7.7022389624495884e-05 0.0021124245318608057 0.002438110418871541 -0.00036012070510421863 -0.00039443216433274783 -0.0043256727914930534 0.00056514540854391178 0.0030709588722128717 0.00078216719361981892
leaf_weight=201 200 213 296 7654 343 29476 349 233 1522 1070 227 4763 522 573
leaf_count=201 200 213 296 7654 343 29476 349 233 1522 1070 227 4763 522 573
internal_value=-6.13132e-06 0.000875619 -0.000478122 -1.94707e-05 -0.00154188 -1.65037e-06 0.000129708 8.79327e-05 5.44019e-05 0.000321648 -0.00108248 0.000568415 0.000809664 0.00187326
internal_weight=47642 710 497 46932 543 46389 16913 16564 16331 8677 1297 7380 5858 1095
internal_count=47642 710 497 46932 543 46389 16913 16564 16331 8677 1297 7380 5858 1095
is_linear=0
shrinkage=0.05


Tree=280
num_leaves=15
num_cat=0
split_feature=2 4 0 5 5 0 2 4 1 1 2 7 7 5
split_gain=0.320478 0.649993 1.58228 1.22901 0.479711 0.540079 0.457207 0.229163 0.403872 0.709135 0.535014 0.737982 1.14597 0.777244
threshold=0.9678709677419356 0.68013605442176883 0.088117647058823537 0.93189548546691414 0.75850497570006958 0.41946762914504859 0.9912662090007629 0.81229026845637597 0.22837075921065425 0.18038949833600396 0.86166353971232035 0.24034734645199765 0.56067686207873135 0.82770038821648784
decision_type=8 8 2 8 10 2 10 8 2 2 10 2 2 10
left_child=7 4 -3 -4 -2 6 -6 -1 9 -9 -10 -12 -13 -14
right_child=1 2 3 -5 5 -7 -8 8 10 -11 11 12 13 -15
leaf_value=1.7542480895778398e-05 0.0018279640118766954 -0.0019100295146021785 0.00085628610146495183 0.0053996514634298354 0.0016921784547504792 -0.0027722271432867275 -0.0015334742914727133 -0.00037003945563203212 4.6900392347661299e-05 -0.0025918523882115518 -0.003583729362750802 0.0015507334525112404 -0.00022010654099454495 -0.0035527000892579966
leaf_weight=34234 207 225 314 283 228 250 212 1566 8296 466 233 427 386 320
leaf_count=34234 207 225 314 283 228 250 212 1566 8296 466 233 427 386 320
internal_value=-2.26468e-05 0.000647627 0.00166328 0.00301001 -0.000283108 -0.00091643 0.000138 -4.77339e-05 -0.000238829 -0.000879569 -0.000104076 -0.00102099 -0.000493965 -0.00173063
internal_weight=47647 1719 822 597 897 690 440 45928 11694 2032 9662 1366 1133 706
internal_count=47647 1719 822 597 897 690 440 45928 11694 2032 9662 1366 1133 706
is_linear=0
shrinkage=0.05


Tree=281
num_leaves=15
num_cat=0
split_feature=1 3 7 6 7 4 1 4 3 3 8 3 4 3
split_gain=0.266665 0.66742 0.780492 1.69984 0.888968 0.705409 0.564995 0.979975 0.95578 0.926434 0.51695 0.463466 0.794388 0.253535
threshold=0.040134228187919473 0.91531942633637564 0.39525506376594149 0.20446250829462512 0.12829175329175332 0.19865281683752156 0.059765276183186639 0.13010914355718903 0.26848744717872242 0.76624208622249024 0.38844564526382713 0.99141615089890966 0.97802168312580517 0.66403125000000018
decision_type=2 10 2 2 2 8 2 8 10 10 10 10 8 10
left_child=1 2 4 -4 -1 -5 7 -2 -9 -10 -6 13 -13 -8
right_child=6 -3 3 5 10 -7 11 8 9 -11 -12 12 -14 -15
leaf_value=-0.0009326608077659407 0.0016181442660427271 0.0030285226041259468 -0.0047857547869175308 0.0026830330862074271 0.0011976883510478598 -0.0011613327390315776 -7.6055943405022359e-05 0.00072520802625979401 -0.0051320781221443597 -0.00082808732824166174 0.0045169778010127701 -0.0027948033306772579 0.0010249236887473197 0.00017753515170342796
leaf_weight=281 227 243 209 222 276 258 29598 206 295 217 204 374 214 14777
leaf_count=281 227 243 209 222 276 258 29598 206 295 217 204 374 214 14777
internal_value=-1.27911e-05 0.000603465 0.000197058 -0.00102208 0.00130085 0.000616686 -3.55175e-05 -0.00124545 -0.00215079 -0.00330793 0.00260839 -1.00881e-05 -0.00140463 8.39061e-06
internal_weight=47601 1693 1450 689 761 480 45908 945 718 512 480 44963 588 44375
internal_count=47601 1693 1450 689 761 480 45908 945 718 512 480 44963 588 44375
is_linear=0
shrinkage=0.05


Tree=282
num_leaves=15
num_cat=0
split_feature=6 0 6 6 7 5 7 8 0 8 1 7 8 8
split_gain=0.313018 0.388011 0.355321 0.617107 0.640222 0.403891 0.487542 1.43447 0.978461 0.716465 1.21252 0.628115 0.641069 0.599464
threshold=0.9912662090007629 0.80155700957227694 0.85758377425044097 0.83881792595799964 0.80155700957227694 0.85758377425044097 0.92777975343764829 0.66938816315649163 0.35058680954203347 0.46888827433628327 0.53697489435744483 0.80519724013799321 0.32939551659590016 0.85830052493438325
decision_type=2 2 2 2 2 10 2 8 2 10 2 2 10 10
left_child=2 -2 3 -1 -5 6 7 9 -9 11 -11 -4 -13 -10
right_child=1 -3 5 4 -6 -7 -8 8 13 10 -12 12 -14 -15
leaf_value=-7.87943934833121e-05 -0.0023840148249784344 -1.4730900055022159e-05 -0.0010905170591201548 0.0001478509908736359 -0.0025110870178449685 0.0023714342403876702 -0.0003342431386824631 -0.0025479459489263397 -0.00070585264466456303 0.0054648603904449075 0.0011617926708354788 0.0029502316067783856 0.00053203781878665042 0.0026284784451579154
leaf_weight=39688 325 369 387 393 534 226 2401 503 390 240 515 376 1011 206
leaf_count=39688 325 369 387 393 534 226 2401 503 390 240 515 376 1011 206
internal_value=-7.01627e-05 -0.00112427 -5.45546e-05 -0.000108581 -0.00138383 0.000296248 0.000218459 0.000584235 -0.000923961 0.00123964 0.00252966 0.000690613 0.00118758 0.000446617
internal_weight=47564 694 46870 40615 927 6255 6029 3628 1099 2529 755 1774 1387 596
internal_count=47564 694 46870 40615 927 6255 6029 3628 1099 2529 755 1774 1387 596
is_linear=0
shrinkage=0.05


Tree=283
num_leaves=15
num_cat=0
split_feature=5 1 4 6 4 7 1 5 4 3 1 3 0 0
split_gain=0.252826 0.453431 1.19935 0.976707 0.891972 0.643821 2.30819 0.554437 0.612144 0.41814 0.444434 0.297452 0.948656 1.22508
threshold=0.93885340395700279 0.70341905318527187 0.008097298714922636 0.096076923076923101 0.077171215880893318 0.59272486772486788 0.35058680954203347 0.95356537809949182 0.97802168312580517 0.92255792821444815 0.072036036036036047 0.86056042699199398 0.032129032258064523 0.11635871296591273
decision_type=8 2 10 2 10 2 2 8 8 10 2 8 2 2
left_child=11 2 -2 -3 -4 9 -7 -5 -9 10 -6 -1 -13 -14
right_child=1 3 4 7 5 6 -8 8 -10 -11 -12 12 13 -15
leaf_value=2.2572180406307643e-05 -0.0035206187779463281 0.0035019669169836436 0.0029785177897571065 0.0023490649195721473 -0.0017105943005263414 0.0043146196848512499 -0.0023167842454478375 -0.0025930092359410881 0.00086519274029928117 -0.002133810107589926 0.0009932284993893713 -0.0031330917715647467 0.0017514796460354682 -0.00052970819264223424
leaf_weight=39155 216 337 287 222 244 294 237 226 295 370 403 295 683 4256
leaf_count=39155 216 337 287 222 244 294 237 226 295 370 403 295 683 4256
internal_value=5.88003e-06 0.000440129 3.49956e-06 0.00126932 0.000418328 -5.63329e-05 0.00135484 0.000256668 -0.00063491 -0.00079314 -2.64512e-05 -2.475e-05 -0.000378762 -0.000214249
internal_weight=47520 3131 2051 1080 1835 1548 531 743 521 1017 647 44389 5234 4939
internal_count=47520 3131 2051 1080 1835 1548 531 743 521 1017 647 44389 5234 4939
is_linear=0
shrinkage=0.05


Tree=284
num_leaves=15
num_cat=0
split_feature=8 7 3 0 1 3 8 6 0 0 1 2 0 7
split_gain=0.338055 0.83236 0.586948 0.601218 0.712715 0.275186 0.494045 0.432295 0.553737 1.11587 0.76731 0.722514 1.77064 0.695648
threshold=0.028004705574799036 0.17229961178351225 0.84191594093146549 0.77815063385533201 0.26870335820895525 0.30521412860654684 0.041039748484167977 0.17667066826730696 0.28464345873105001 0.20866437284954648 0.95017730496453912 0.77815063385533201 0.14410597037715686 0.60836247086247097
decision_type=10 2 8 2 2 10 10 2 2 2 2 10 2 2
left_child=1 -1 3 4 -3 -2 -7 8 9 10 11 12 -8 -10
right_child=5 2 -4 -5 -6 6 7 -9 13 -11 -12 -13 -14 -15
leaf_value=0.0017044794917917391 0.00025717745387025863 0.0015649039042001777 -0.0034361497948924868 -0.0026133713904185202 -0.001316200292000694 0.0020541511233068536 0.0025250606519509988 4.8666546093898764e-05 -0.00024879706307785347 -0.0030685379730796478 0.0021888077358572255 -0.0023023683097534164 -0.0031512617212792015 0.002773883522433393
leaf_weight=309 13585 387 236 305 482 287 348 27062 2844 535 241 509 227 204
leaf_count=309 13585 387 236 305 482 287 348 27062 2844 535 241 509 227 204
internal_value=4.25938e-05 -0.000645792 -0.00116085 -0.000703466 -3.31309e-05 6.84071e-05 -1.10933e-05 -2.96334e-05 -0.000461368 -0.00114123 -0.000363033 -0.00093037 0.000284147 -4.64917e-05
internal_weight=47561 1719 1410 1174 869 45842 32257 31970 4908 1860 1325 1084 575 3048
internal_count=47561 1719 1410 1174 869 45842 32257 31970 4908 1860 1325 1084 575 3048
is_linear=0
shrinkage=0.05


Tree=285
num_leaves=15
num_cat=0
split_feature=6 8 3 7 6 8 5 1 7 6 7 2 2 8
split_gain=0.237141 0.466158 0.458514 0.578138 0.783167 0.571834 1.05156 0.60268 0.47033 1.1529 0.510416 0.51776 0.532098 0.468862
threshold=0.20036496350364966 0.98283230179781911 0.62108993157380266 0.54877237341140472 0.12829175329175332 0.49581524022972412 0.93885340395700279 0.25221308264786529 0.63568660022148404 0.12033556112503481 0.15243012683802901 0.57705214248838421 0.82770038821648784 0.44978991596638662
decision_type=2 10 8 2 2 8 10 2 2 2 2 10 10 10
left_child=2 -2 3 5 -5 13 7 -7 10 -10 -4 -12 -13 -1
right_child=1 -3 8 4 -6 6 -8 -9 9 -11 11 12 -14 -15
leaf_value=6.1309989846331628e-05 -4.229927772778344e-06 0.0015088237705302078 -4.575607957526348e-05 -0.0039870780215132988 0.00042679142034013232 -0.0012389851913022945 0.004249030366887562 0.0011134185451198021 0.0029991840931485768 -0.0020001344951649604 -0.00019205034600667343 -0.0032248246261788838 -0.0012160954424612202 -0.0016990722916279931
leaf_weight=2733 37821 516 1318 200 202 374 213 1001 267 203 766 453 1211 439
leaf_count=2733 37821 516 1318 200 202 374 213 1001 267 203 766 453 1211 439
internal_value=-3.90001e-05 1.61351e-05 -0.000264343 5.1658e-05 -0.00176916 0.000205433 0.000979972 0.000473565 -0.000651067 0.000839904 -0.000838035 -0.00126776 -0.00176294 -0.000182324
internal_weight=47717 38337 9380 5162 402 4760 1588 1375 4218 470 3748 2430 1664 3172
internal_count=47717 38337 9380 5162 402 4760 1588 1375 4218 470 3748 2430 1664 3172
is_linear=0
shrinkage=0.05


Tree=286
num_leaves=15
num_cat=0
split_feature=4 6 7 2 0 0 4 3 6 7 3 6 2 7
split_gain=0.23606 0.901629 0.88131 1.2305 1.15931 0.701235 1.02569 0.999432 1.09209 0.646069 0.987416 1.05152 0.629153 0.605713
threshold=0.79370039682539695 0.42745013543462207 0.6637549588037841 0.22648879716981135 0.1681829459928873 0.27697505197505207 0.96057811852465813 0.1129733520336606 0.1123247663551402 0.41131892015557087 0.88986938267765525 0.59717226219024788 0.13717583807716638 0.44765682079114921
decision_type=10 2 2 10 2 2 10 10 2 2 10 2 10 2
left_child=-1 5 4 -4 -3 12 7 -7 -9 -6 11 -11 13 -2
right_child=1 2 3 -5 9 6 -8 8 -10 10 -12 -13 -14 -15
leaf_value=5.7855422341314307e-05 0.0015398833577911926 0.0040235016712922827 0.0015827541068301272 -0.00083189537785228183 -0.0016275633821094264 -0.0037880611523827875 0.0020033300284922006 0.0017493715974094813 -0.0009718545378085314 0.0035242641856642349 -0.0018626633620474784 0.00013242719811642098 -0.0019676142936092679 -0.0017088222485458987
leaf_weight=38646 300 295 692 2221 269 224 448 500 1404 457 226 457 1454 275
leaf_count=38646 300 295 692 2221 269 224 448 500 1404 457 226 457 1454 275
internal_value=3.61551e-06 -0.000223684 0.000270065 -0.000258281 0.00117328 -0.00071872 -0.00017113 -0.000628911 -0.000257247 0.000576531 0.00109662 0.00182835 -0.00141393 -1.38454e-05
internal_weight=47868 9222 4617 2913 1704 4605 2576 2128 1904 1409 1140 914 2029 575
internal_count=47868 9222 4617 2913 1704 4605 2576 2128 1904 1409 1140 914 2029 575
is_linear=0
shrinkage=0.05


Tree=287
num_leaves=15
num_cat=0
split_feature=0 0 1 1 2 3 6 1 1 3 7 3 6 8
split_gain=0.254404 0.514214 1.04565 1.83563 0.851068 0.65209 0.61535 0.507488 0.528946 0.760662 0.490316 0.464987 0.664656 0.963266
threshold=0.17667066826730696 0.2164892100009507 0.55648667601683044 0.887270994387377 0.53736419941110791 0.3212982273201252 0.37184784912057645 0.98479065463798299 0.96485050654806048 0.77815063385533201 0.49159604519774019 0.99141615089890966 0.13652714192282542 0.94507980394621105
decision_type=2 2 2 2 10 10 2 2 2 8 2 8 2 10
left_child=7 2 6 4 5 -4 -2 8 11 10 -10 12 -1 -14
right_child=1 -3 3 -5 -6 -7 -8 -9 9 -11 -12 -13 13 -15
leaf_value=-0.0010221641299960028 -0.00081324068138089324 -3.4286763515927088e-05 -0.0025783229794255989 0.00134857560415763 -0.0013114245798908895 -0.0063196439835889566 0.0022496218061541684 -0.0011772578890432651 0.0012547381649104258 -0.00028032150946091859 0.0046976070784954926 0.0020899170472215233 0.00015124314688504537 0.0026677065507260691
leaf_weight=1071 325 37583 237 346 419 229 331 593 201 300 213 313 5088 411
leaf_count=1071 325 37583 237 346 419 229 331 593 201 300 213 313 5088 411
internal_value=-2.2104e-05 -7.47256e-05 -0.000880137 -0.00173935 -0.00294661 -0.00441687 0.000732198 0.000231495 0.000341458 0.00163683 0.00302607 0.000207084 0.000117384 0.000339326
internal_weight=47660 39470 1887 1231 885 466 656 8190 7597 714 414 6883 6570 5499
internal_count=47660 39470 1887 1231 885 466 656 8190 7597 714 414 6883 6570 5499
is_linear=0
shrinkage=0.05


Tree=288
num_leaves=15
num_cat=0
split_feature=6 6 6 1 7 3 6 1 2 6 1 8 0 6
split_gain=0.21191 0.292587 0.274247 0.601546 0.515467 0.593009 0.71474 0.915235 0.815519 0.677416 0.487965 0.622567 0.453764 0.450544
threshold=0.99691358024691368 0.9912662090007629 0.95356537809949182 0.39145636971723935 0.84641025641025658 0.93355408388520977 0.70341905318527187 0.18479366268800515 0.11721443965517243 0.58544608472400517 0.54474578327872847 0.52649122807017557 0.79725004725004733 0.88014084507042267
decision_type=2 2 2 2 2 10 2 2 10 2 2 10 2 2
left_child=1 2 4 -4 13 6 9 12 -9 -6 -5 -12 -8 -1
right_child=-2 -3 3 10 5 -7 7 8 -10 -11 11 -13 -14 -15
leaf_value=4.9191466291980184e-05 0.001240059172362218 -0.0014693572083935859 -0.0014732090271513453 0.0033368379882007257 -0.00043579941099518348 0.0012218131097547829 0.0031833300349741467 0.0014222579843555848 -0.00097885613989395401 -0.0042838285825482049 -9.6458614399026681e-05 0.0023040557506224997 0.0002875186519169467 0.0012536896463294545
leaf_weight=39323 362 325 277 204 213 476 226 397 3237 247 819 403 337 792
leaf_count=39323 362 325 277 204 213 476 226 397 3237 247 819 403 337 792
internal_value=3.49273e-05 2.56994e-05 3.60484e-05 0.000658938 1.26047e-05 -0.000459174 -0.000630991 -0.000425922 -0.000716544 -0.00250202 0.00107311 0.0006952 0.00144996 7.29722e-05
internal_weight=47638 47276 46951 1703 45248 5133 4657 4197 3634 460 1426 1222 563 40115
internal_count=47638 47276 46951 1703 45248 5133 4657 4197 3634 460 1426 1222 563 40115
is_linear=0
shrinkage=0.05


Tree=289
num_leaves=15
num_cat=0
split_feature=7 6 7 8 1 0 0 5 5 1 5 6 8 5
split_gain=0.252163 0.606532 0.910571 0.700899 0.675592 1.34293 0.996382 0.857759 0.865416 0.635719 0.855399 0.622291 0.749985 0.59932
threshold=0.32510162601626019 0.53784695696460416 0.24435962680237491 0.99691358024691368 0.088117647058823537 0.19262657152565413 0.096076923076923101 0.86166353971232035 0.50463002657978229 0.93868600071607611 0.66367658889782799 0.055749805749805752 0.66938816315649163 0.36678657074340532
decision_type=2 2 2 8 2 2 2 10 10 2 10 2 8 10
left_child=1 2 3 4 5 -1 -6 8 -7 -8 -11 -4 13 -13
right_child=-2 -3 11 -5 6 7 9 -9 -10 10 -12 12 -14 -15
leaf_value=0.001924981530232733 -6.1690662689834852e-05 -0.00099736746486471105 -0.0012978528077871522 0.0027409691506022206 -0.0023643580266859018 -0.0031109793138402704 0.00014332430722151254 -0.0044264703388559572 0.00057438062607179346 0.0042508026921236055 -0.00021326725825540797 0.00057582808069033583 -7.3004640874474292e-05 0.0023122883428370188
leaf_weight=276 32457 1014 270 237 384 287 8808 269 358 224 206 770 827 1401
leaf_count=276 32457 1014 270 237 384 287 8808 269 358 224 206 770 827 1401
internal_value=1.72466e-05 0.000184363 0.000268059 5.11988e-05 -7.76125e-06 -0.00113164 0.000131234 -0.00205464 -0.00106546 0.000234969 0.0021122 0.00100126 0.00120832 0.00169641
internal_weight=47788 15331 14317 11049 10812 1190 9622 914 645 9238 430 3268 2998 2171
internal_count=47788 15331 14317 11049 10812 1190 9622 914 645 9238 430 3268 2998 2171
is_linear=0
shrinkage=0.05


Tree=290
num_leaves=15
num_cat=0
split_feature=7 7 5 3 6 7 5 2 7 4 5 5 4 6
split_gain=0.218953 0.341648 1.00383 1.12476 0.640882 0.638149 0.66384 0.587342 0.644628 1.03793 0.722491 1.49336 0.576043 0.553927
threshold=0.9912662090007629 0.84641025641025658 0.96497362286835975 0.94070935342121798 0.92777975343764829 0.91318840579710148 0.50159235668789826 0.10486690728626215 0.86890898812888639 0.83881792595799964 0.64361413043478277 0.76987638713302442 0.6876990445859873 0.85758377425044097
decision_type=2 2 8 10 2 2 10 10 2 10 10 10 10 2
left_child=1 13 3 4 7 6 -6 -3 12 10 -10 -12 -9 -1
right_child=-2 2 -4 -5 5 -7 -8 8 9 -11 11 -13 -14 -15
leaf_value=2.3253276827893841e-06 0.00087067625160436562 0.00083529749617471691 -0.0036967338042881307 0.0028917235734600886 0.0032180148246996583 -0.0001655369051042784 -0.0004665415232626962 -0.0031603146101578587 -0.00089321736670360137 -0.0030260088319993411 0.0037336709393096753 -0.0010885353681595674 -0.00015584285620616768 0.00097142927551094674
leaf_weight=38655 706 457 216 276 312 2442 201 567 1160 379 305 339 222 1533
leaf_count=38655 706 457 216 276 312 2442 201 567 1160 379 305 339 222 1533
internal_value=-3.31982e-06 -1.64305e-05 -0.000342113 -0.000233315 -0.00036842 0.000171237 0.00177436 -0.000833479 -0.00109008 -0.000647381 -0.000147659 0.00119527 -0.00231495 3.92925e-05
internal_weight=47770 47064 6876 6660 6384 2955 513 3429 2972 2183 1804 644 789 40188
internal_count=47770 47064 6876 6660 6384 2955 513 3429 2972 2183 1804 644 789 40188
is_linear=0
shrinkage=0.05


Tree=291
num_leaves=15
num_cat=0
split_feature=2 7 1 4 1 4 7 0 0 1 7 1 2 6
split_gain=0.290208 0.449062 0.631118 0.803823 0.621395 2.10537 0.958848 0.655281 0.937854 0.53204 0.515438 0.513003 0.428242 0.195216
threshold=0.92777975343764829 0.11635871296591273 0.90234733174399417 0.95753696357735318 0.3710899315738026 0.63733407079646021 0.54474578327872847 0.73021094402673359 0.35495558672276772 0.9426490550276706 0.30852659513095654 0.58482571154461149 0.9678709677419356 0.86166353971232035
decision_type=8 2 2 8 2 8 2 2 2 2 2 2 8 2
left_child=13 -2 3 4 5 7 10 8 -3 -4 -6 -8 -5 -1
right_child=1 2 9 12 6 -7 11 -9 -10 -11 -12 -13 -14 -15
leaf_value=-6.314556294488036e-05 0.0022500816249983418 0.001222150159619682 0.0034863083743431611 -0.0036494458963436324 -0.00076089736798742901 0.0046080455948094828 -0.0039115553226074552 0.002064228957589326 -0.0030808991686410809 0.00044409926117987476 0.0021506131886761307 -0.00082644833598261112 -0.00052505461734936342 0.00023208260975729735
leaf_weight=37507 315 223 254 208 259 320 200 215 293 331 368 413 232 6582
leaf_count=37507 315 223 254 208 259 320 200 215 293 331 368 413 232 6582
internal_value=1.6314e-05 0.000445975 0.000274596 -4.46571e-05 0.00033127 0.00122571 -0.00042684 -0.000254931 -0.00122125 0.00176499 0.000947932 -0.00183301 -0.00200204 -1.90713e-05
internal_weight=47720 3631 3316 2731 2291 1051 1240 731 516 585 627 613 440 44089
internal_count=47720 3631 3316 2731 2291 1051 1240 731 516 585 627 613 440 44089
is_linear=0
shrinkage=0.05


Tree=292
num_leaves=15
num_cat=0
split_feature=5 2 6 0 8 5 5 0 0 6 8 1 1 7
split_gain=0.288641 0.431199 0.386833 0.285958 0.205523 0.568284 1.40102 0.817111 0.596286 0.756099 0.425609 0.605569 0.685936 0.820965
threshold=0.98501851644035476 0.66770833333333346 0.063762027374983071 0.18821999256781868 0.96029118048985607 0.73444413716814172 0.83474667624865262 0.33440860215053769 0.28464345873105001 0.20036496350364966 0.93280446506961001 0.93868600071607611 0.69533836920529812 0.46349539654336946
decision_type=8 10 2 2 10 10 10 2 2 2 10 2 2 2
left_child=4 2 -2 -3 10 7 -7 -6 9 -8 -1 12 -12 -14
right_child=1 3 -4 -5 5 6 8 -9 -10 -11 11 -13 13 -15
leaf_value=-4.1696801402094075e-05 -0.001254124106895743 -0.000729494522019398 0.0017259880954634797 -0.0033050758392236864 0.0027387255877882183 -0.0036930020857743767 -0.0029657975393413984 -0.00084517199342601075 0.0016177379546013287 0.00075258815656047617 0.00012526123047650818 -0.0015677237335434517 0.0048303025367204102 0.00084584205139464578
leaf_weight=43506 231 206 206 226 273 382 269 381 329 278 542 210 238 283
leaf_count=43506 231 206 206 226 273 382 269 381 329 278 542 210 238 283
internal_value=-5.38097e-05 -0.0009567 0.000150689 -0.00207691 -3.70053e-05 -0.00054467 -0.00116619 0.000650859 -6.43199e-05 -0.00107601 -1.53288e-05 0.000885825 0.00137053 0.002666
internal_weight=47560 869 437 432 46691 1912 1258 654 876 547 44779 1273 1063 521
internal_count=47560 869 437 432 46691 1912 1258 654 876 547 44779 1273 1063 521
is_linear=0
shrinkage=0.05


Tree=293
num_leaves=15
num_cat=0
split_feature=3 0 6 6 4 4 2 0 0 4 4 6 6 4
split_gain=0.26989 0.517854 0.457688 0.776419 0.440328 0.486179 0.443083 1.01326 0.674793 0.626701 0.674655 0.612618 0.808852 0.575823
threshold=0.81974597548368056 0.86516379601486004 0.58544608472400517 0.27969064833471619 0.052805855698849775 0.11814602720114532 0.887270994387377 0.091704892966360876 0.043988648090815284 0.95356537809949182 0.83881792595799964 0.13229217306757415 0.24418464867464088 0.8948992852501626
decision_type=8 2 2 2 8 8 10 2 2 10 10 2 2 8
left_child=-1 4 3 -3 -2 -6 13 8 -8 10 11 -9 -13 -7
right_child=1 2 -4 -5 5 6 7 9 -10 -11 -12 12 -14 -15
leaf_value=5.4934018909681966e-05 0.0019397054326289625 -0.00033225627251876858 -0.00070838443857593626 0.0035245429185195433 -0.0025909594646359368 -0.0011250733731094939 0.0001399071645989482 -0.00096864211395939349 -0.0033438065958644953 -0.002052865203162565 0.0026052989921333584 0.0034845845234675946 0.00033012832621330193 -1.6465069089797333e-06
leaf_weight=38779 201 234 271 295 252 2750 252 559 310 206 430 263 894 1949
leaf_count=38779 201 234 271 295 252 2750 252 559 310 206 430 263 894 1949
internal_value=-1.96707e-06 -0.000250847 0.000962525 0.00181851 -0.000371191 -0.000430249 -0.000358727 0.00012566 -0.00178171 0.000581419 0.000834291 0.000390507 0.00104717 -0.000659111
internal_weight=47645 8866 800 529 8066 7865 7613 2914 562 2352 2146 1716 1157 4699
internal_count=47645 8866 800 529 8066 7865 7613 2914 562 2352 2146 1716 1157 4699
is_linear=0
shrinkage=0.05


Tree=294
num_leaves=15
num_cat=0
split_feature=2 8 8 0 6 6 3 2 3 6 2 8 8 3
split_gain=0.339135 0.468955 0.448864 0.593261 0.411254 0.944832 0.869824 0.706188 0.581708 0.76931 1.09034 0.754158 0.919415 0.740272
threshold=0.28339895013123367 0.01923155948222725 0.90333704115684099 0.17667066826730696 0.43559907834101391 0.33229166666666671 0.27650925445424673 0.20187896965419905 0.02409677419354839 0.10452638766949567 0.16956719128329301 0.32099821990962624 0.56270695364238421 0.64893079217430871
decision_type=10 8 10 2 2 2 8 10 10 2 10 10 10 10
left_child=1 -1 4 -4 5 8 -7 -8 -3 10 -10 -11 13 -13
right_child=-2 2 3 -5 -6 6 7 -9 9 11 -12 12 -14 -15
leaf_value=0.0016906459396347617 0.00015972850002012214 -0.0020301242374210484 0.0022129175985513222 -8.074386927600614e-05 7.9694781721710097e-07 -0.00067254884914184042 -0.0047447783516556749 -0.0010379264019762299 0.0017853307961150774 -0.0022366272468748636 -0.001874836560151752 0.00084222726816845627 -0.0022077432719679437 -0.0019330587792567235
leaf_weight=342 34340 409 433 808 6190 746 331 210 949 516 259 1476 422 287
leaf_count=342 34340 409 433 808 6190 746 331 210 949 516 259 1476 422 287
internal_value=7.65309e-05 -0.000137029 -0.000184978 0.000719543 -0.000280146 -0.000590412 -0.00177949 -0.00330589 -0.000236001 -4.82813e-05 0.00100058 -0.000517374 -0.000111363 0.000390437
internal_weight=47718 13378 13036 1241 11795 5605 1287 541 4318 3909 1208 2701 2185 1763
internal_count=47718 13378 13036 1241 11795 5605 1287 541 4318 3909 1208 2701 2185 1763
is_linear=0
shrinkage=0.05


Tree=295
num_leaves=15
num_cat=0
split_feature=6 6 8 1 1 7 8 5 1 8 6 6 6 8
split_gain=0.207472 1.16634 1.04905 0.830725 0.802989 0.686816 0.675466 0.917213 0.763549 0.663946 0.798298 0.707545 0.689928 0.572129
threshold=0.72265840642826484 0.67193750000000019 0.32099821990962624 0.9678709677419356 0.92777975343764829 0.87280431432973815 0.86560893013921991 0.72659060251798568 0.70341905318527187 0.050179856115107925 0.42745013543462207 0.53784695696460416 0.3244138177913013 0.9576867987586537
decision_type=2 2 8 2 2 2 8 10 2 8 2 2 2 10
left_child=1 5 -3 4 13 9 7 8 -4 10 12 -12 -1 -2
right_child=3 2 6 -5 -6 -7 -8 -9 -10 -11 11 -13 -14 -15
leaf_value=0.00090268878361722353 0.00023672236423001982 0.0010201936127255194 -0.0020216590315086259 0.0031156651960110929 -0.0020861218603477256 -0.0019470022499471597 0.00090304176441789209 -0.0049700382240074649 0.0010580183605391842 -1.787031746487517e-06 0.0049582747468085971 0.0010728452964125341 -0.0023301000690714706 -0.0022797068015105375
leaf_weight=902 12588 463 1247 236 399 436 232 222 240 29777 207 270 202 230
leaf_count=902 12588 463 1247 236 399 436 232 222 240 29777 207 270 202 230
internal_value=8.96846e-06 -5.64684e-05 -0.00111838 0.000175311 0.000122809 2.38243e-05 -0.0016285 -0.00197217 -0.0015246 5.12266e-05 0.0010497 0.00275898 0.000311182 0.000191569
internal_weight=47651 34198 2404 13453 13217 31794 1941 1709 1487 31358 1581 477 1104 12818
internal_count=47651 34198 2404 13453 13217 31794 1941 1709 1487 31358 1581 477 1104 12818
is_linear=0
shrinkage=0.05


Tree=296
num_leaves=15
num_cat=0
split_feature=5 0 5 3 3 6 5 8 8 5 7 8 3 0
split_gain=0.48493 0.921964 0.576495 0.407844 0.409714 0.400759 0.221989 0.410813 0.623645 0.756052 0.669125 0.52252 0.720292 0.686086
threshold=0.99141615089890966 0.18821999256781868 0.99691358024691368 0.99215674212598437 0.98340220385674948 0.24809115812787785 0.39867072955308253 0.1681829459928873 0.077492084288677807 0.21789352413291294 0.2164892100009507 0.39959677419354844 0.29277003484320563 0.54474578327872847
decision_type=8 2 10 10 8 2 10 8 10 10 2 10 10 2
left_child=3 -2 -3 4 6 -6 7 8 10 -10 -1 12 -9 -14
right_child=1 2 -4 -5 5 -7 -8 11 9 -11 -12 -13 13 -15
leaf_value=-0.0029228583512422249 0.0034078498258144335 0.0016629985657242521 -0.0020201080665862726 0.0017716339890530904 -0.0028676546243645374 0.00011947637764163889 0.000110815165852754 0.00032596001231808647 0.00015636949440054075 0.002652064169308068 0.00027211520817635118 -2.8986428798260276e-05 -0.0019327308528601849 -0.0004328996852836292
leaf_weight=209 306 211 214 329 244 208 27302 1298 674 552 759 12267 1335 1778
leaf_count=209 306 211 214 329 244 208 27302 1298 674 552 759 12267 1335 1778
internal_value=3.7275e-05 0.00131517 -0.000191554 1.73806e-05 5.00231e-06 -0.00149305 1.96668e-05 -0.000112197 0.000530989 0.00128004 -0.000417709 -0.000196808 -0.000663522 -0.0010761
internal_weight=47686 731 425 46955 46626 452 46174 18872 2194 1226 968 16678 4411 3113
internal_count=47686 731 425 46955 46626 452 46174 18872 2194 1226 968 16678 4411 3113
is_linear=0
shrinkage=0.05


Tree=297
num_leaves=15
num_cat=0
split_feature=6 7 4 0 5 0 4 0 0 5 5 8 1 6
split_gain=0.358192 0.443563 0.705324 0.885424 0.429199 0.559294 0.378638 0.493237 1.01277 0.957366 0.79359 1.22615 0.969275 0.698992
threshold=0.33603278688524596 0.17667066826730696 0.55378258105530842 0.86166353971232035 0.9426490550276706 0.1123247663551402 0.92044189181269431 0.47956342577124406 0.61245155038759702 0.50463002657978229 0.77394282310899354 0.84386081560283699 0.8948992852501626 0.5773502805450591
decision_type=2 2 10 2 10 2 8 2 2 8 10 8 2 2
left_child=-1 2 3 -2 6 -6 -3 9 -9 -8 11 -11 13 -12
right_child=1 4 -4 -5 5 -7 7 8 -10 10 12 -13 -14 -15
leaf_value=0.00020694772466010771 0.00040505717722317305 1.1184404467253869e-05 -0.0022934643975980971 -0.0029112374109057028 -0.0002744668334796654 0.0034601780737284573 0.0016022178828324915 -0.0031234650419591954 -0.00041025929611550609 -0.0033887321274401918 -0.0027847188848253174 0.0012083287549096765 0.0025661745111792461 0.00091154874002291684
leaf_weight=15858 1107 25584 571 246 201 200 644 471 1275 469 263 210 307 249
leaf_count=15858 1107 25584 571 246 201 200 644 471 1275 469 263 210 307 249
internal_value=1.284e-05 -8.39666e-05 -0.00081982 -0.000197905 -3.65732e-05 0.0015882 -5.86801e-05 -0.000518405 -0.00114217 -9.95699e-06 -0.000703042 -0.00196696 0.000344823 -0.00098712
internal_weight=47655 31797 1924 1353 29873 401 29472 3888 1746 2142 1498 679 819 512
internal_count=47655 31797 1924 1353 29873 401 29472 3888 1746 2142 1498 679 819 512
is_linear=0
shrinkage=0.05


Tree=298
num_leaves=15
num_cat=0
split_feature=3 8 8 4 4 4 2 6 6 6 6 6 6 8
split_gain=0.261049 0.233469 0.593141 0.663475 0.511849 0.440247 0.667241 0.769715 0.687646 0.414731 0.554159 0.56378 0.496163 0.495584
threshold=0.0080322580645161307 0.082140666530361908 0.13943957300800611 0.068726145038167957 0.80887036343199714 0.22344924812030079 0.24314939939939942 0.13229217306757415 0.25206668033066887 0.84641025641025658 0.69533836920529812 0.37184784912057645 0.52189897698209731 0.041039748484167977
decision_type=10 10 10 10 10 10 10 2 2 2 2 2 2 8
left_child=-1 4 3 -3 5 6 8 -8 -2 10 11 13 -13 -7
right_child=1 2 -4 -5 -6 9 7 -9 -10 -11 -12 12 -14 -15
leaf_value=0.0014836279712209747 -0.0012383892438639819 0.0036401938502665259 -7.2675340818635803e-06 0.00058397970330654829 -0.0022816171925860939 0.00078007890155150578 0.00094089310845071146 -0.0019724437686044604 0.002113032251729497 0.0021026448915032075 -0.0023466964972259714 0.0031366871767047146 0.00018426326397970758 -0.0023668705102600821
leaf_weight=297 272 202 41723 1469 323 259 290 1039 350 297 206 266 306 242
leaf_count=297 272 202 41723 1469 323 259 290 1039 350 297 206 266 306 242
internal_value=5.90887e-06 -3.38083e-06 2.97267e-05 0.000953432 -0.000376542 -0.000202076 -0.000704147 -0.00133673 0.000647459 0.000419459 2.86018e-05 0.000484624 0.00155724 -0.000740004
internal_weight=47541 47244 43394 1671 3850 3527 1951 1329 622 1576 1279 1073 572 501
internal_count=47541 47244 43394 1671 3850 3527 1951 1329 622 1576 1279 1073 572 501
is_linear=0
shrinkage=0.05


Tree=299
num_leaves=15
num_cat=0
split_feature=1 2 3 1 5 3 5 8 4 4 0 5 5 2
split_gain=0.304322 0.476546 0.742425 0.910445 0.61393 0.796992 0.593724 0.512677 0.902759 1.04633 0.665545 0.586337 0.794768 0.541646
threshold=0.70740003318400546 0.52548558703451709 0.87540849673202625 0.87606962627075269 0.91318840579710148 0.1709964012595592 0.887270994387377 0.47983739837398381 0.89156976744186067 0.84272486772486788 0.20446250829462512 0.95356537809949182 0.92796396396396408 0.87606962627075269
decision_type=2 10 8 2 10 10 10 8 10 8 2 10 8 10
left_child=-1 2 4 -4 6 -6 -2 8 9 -3 -11 12 13 -9
right_child=1 7 3 -5 5 -7 -8 11 -10 10 -12 -13 -14 -15
leaf_value=-9.4268131439590494e-05 0.00035604499163151038 -0.00046929295825189998 0.004618596455964445 0.00045054373607419256 0.00087628086215593443 -0.0032314139175808661 0.0028023040733766713 -0.00016995963990685026 0.0016198905691271648 -0.0048639855620155976 -0.0010968070978248892 -0.0017658276624264724 0.0034860040778499643 0.0011889290678755229
leaf_weight=33574 5861 2197 232 301 213 265 259 2258 400 246 224 324 204 1086
leaf_count=33574 5861 2197 232 301 213 265 259 2258 400 246 224 324 204 1086
internal_value=-1.24635e-05 0.00018274 0.000469784 0.00226478 0.00032478 -0.001401 0.000459571 -0.000112247 -0.000595144 -0.000927357 -0.00306856 0.000270254 0.000456187 0.000271354
internal_weight=47644 14070 7131 533 6598 478 6120 6939 3067 2667 470 3872 3548 3344
internal_count=47644 14070 7131 533 6598 478 6120 6939 3067 2667 470 3872 3548 3344
is_linear=0
shrinkage=0.05


end of trees

feature_importances:
roe_chg60=592
roe=531
size=498
bp=492
mom250=484
liq=482
vol60=446
mom60=368
mom20=307

parameters:
[boosting: gbdt]
[objective: regression]
[metric: l2]
[tree_learner: serial]
[device_type: cpu]
[data_sample_strategy: bagging]
[data: ]
[valid: ]
[num_iterations: 300]
[learning_rate: 0.05]
[num_leaves: 15]
[num_threads: 4]
[seed: 0]
[deterministic: 1]
[force_col_wise: 0]
[force_row_wise: 1]
[histogram_pool_size: -1]
[max_depth: -1]
[min_data_in_leaf: 200]
[min_sum_hessian_in_leaf: 0.001]
[bagging_fraction: 0.8]
[pos_bagging_fraction: 1]
[neg_bagging_fraction: 1]
[bagging_freq: 1]
[bagging_seed: 7719]
[bagging_by_query: 0]
[feature_fraction: 0.8]
[feature_fraction_bynode: 1]
[feature_fraction_seed: 2437]
[extra_trees: 0]
[extra_seed: 11797]
[early_stopping_round: 0]
[early_stopping_min_delta: 0]
[first_metric_only: 0]
[max_delta_step: 0]
[lambda_l1: 0]
[lambda_l2: 0]
[linear_lambda: 0]
[min_gain_to_split: 0]
[drop_rate: 0.1]
[max_drop: 50]
[skip_drop: 0.5]
[xgboost_dart_mode: 0]
[uniform_drop: 0]
[drop_seed: 21238]
[top_rate: 0.2]
[other_rate: 0.1]
[min_data_per_group: 100]
[max_cat_threshold: 32]
[cat_l2: 10]
[cat_smooth: 10]
[max_cat_to_onehot: 4]
[top_k: 20]
[monotone_constraints: ]
[monotone_constraints_method: basic]
[monotone_penalty: 0]
[feature_contri: ]
[forcedsplits_filename: ]
[refit_decay_rate: 0.9]
[cegb_tradeoff: 1]
[cegb_penalty_split: 0]
[cegb_penalty_feature_lazy: ]
[cegb_penalty_feature_coupled: ]
[path_smooth: 0]
[interaction_constraints: ]
[verbosity: -1]
[saved_feature_importance_type: 0]
[use_quantized_grad: 0]
[num_grad_quant_bins: 4]
[quant_train_renew_leaf: 0]
[stochastic_rounding: 1]
[linear_tree: 0]
[max_bin: 255]
[max_bin_by_feature: ]
[min_data_in_bin: 3]
[bin_construct_sample_cnt: 200000]
[data_random_seed: 38]
[is_enable_sparse: 1]
[enable_bundle: 1]
[use_missing: 1]
[zero_as_missing: 0]
[feature_pre_filter: 1]
[pre_partition: 0]
[two_round: 0]
[header: 0]
[label_column: ]
[weight_column: ]
[group_column: ]
[ignore_column: ]
[categorical_feature: ]
[forcedbins_filename: ]
[precise_float_parser: 0]
[parser_config_file: ]
[objective_seed: 8855]
[num_class: 1]
[is_unbalance: 0]
[scale_pos_weight: 1]
[sigmoid: 1]
[boost_from_average: 1]
[reg_sqrt: 0]
[alpha: 0.9]
[fair_c: 1]
[poisson_max_delta_step: 0.7]
[tweedie_variance_power: 1.5]
[lambdarank_truncation_level: 30]
[lambdarank_norm: 1]
[label_gain: ]
[lambdarank_position_bias_regularization: 0]
[eval_at: ]
[multi_error_top_k: 1]
[auc_mu_weights: ]
[num_machines: 1]
[local_listen_port: 12400]
[time_out: 120]
[machine_list_filename: ]
[machines: ]
[gpu_platform_id: -1]
[gpu_device_id: -1]
[gpu_device_id_list: ]
[gpu_use_dp: 0]
[num_gpu: 1]

end of parameters

pandas_categorical:[]
