Date,Open,High,Low,Close,Volume
2020-01-06,638.2504153718237,640.5497219393563,633.6518506289493,638.4089965820312,5013900
2020-01-07,640.4705895241456,645.9413282849615,638.8056073233085,642.1356201171875,4694300
2020-01-08,637.7748262970488,640.0740848551237,632.304088183472,635.8719482421875,6958600
2020-01-09,642.69047397458,644.117656640961,638.4883375702946,639.51904296875,4729800
2020-01-10,644.4347517385847,644.672599378582,640.3118818739148,643.1661987304688,4214200
2020-01-14,643.8004763355314,648.1611938476562,642.8490373817195,648.1611938476562,4396800
2020-01-15,649.5883263980726,651.3326230768391,646.5754767123095,646.8926391601562,5646300
2020-01-16,649.1918089549541,650.3018289787651,641.025385155224,641.4218139648438,5179000
2020-01-17,646.1790866608759,653.1562254028237,645.069066418935,652.839111328125,4741500
2020-01-20,656.6448387748535,659.419841071204,655.8519809758963,658.5476684570312,2732300
2020-01-21,657.2790140227959,660.767607157357,651.8082766963686,651.9668579101562,3132200
2020-01-22,646.9718907394688,650.3019027967138,645.465441735036,649.3504638671875,3758900
2020-01-23,643.2455342713326,644.5141358079715,639.0433975391555,640.3119506835938,5643200
2020-01-24,641.2633476373253,643.166225621254,639.8362133454774,640.5498046875,3358100
2020-01-27,634.2068565503586,636.9818583383036,630.4011010988529,631.98681640625,6624600
2020-01-28,626.6747277023742,634.4447232640495,623.9789922417843,632.2247314453125,6017800
2020-01-29,635.3961800614827,637.6954383558938,632.8590257433451,636.0304565429688,3902200
2020-01-30,635.0790865889651,637.6955076043375,627.9433665149318,628.8154907226562,4747000
2020-01-31,632.9383869127464,641.2633940080833,632.2248439113238,634.2862548828125,6701700
2020-02-03,622.4726150605806,631.1147840992203,621.6004908715938,627.7055053710938,4588400
2020-02-04,629.2118959278521,634.7619002209382,627.7054952264755,633.4933471679688,4209100
2020-02-05,641.4219209291267,641.4219209291267,633.0176481205558,639.51904296875,4788400
2020-02-06,646.1790220115863,661.1640518175666,632.2247459237963,633.968994140625,13622800
2020-02-07,630.4805520756737,631.1148286571904,613.1962611702863,628.8948364257812,12522900
2020-02-10,619.2219503229784,632.3041042030412,619.1426838987672,629.6876831054688,5674500
2020-02-12,626.2782814587597,626.2782814587597,617.2396848288596,620.9661254882812,8521300
2020-02-13,625.0890207537881,631.828311103704,624.137581849479,630.0046997070312,5054600
2020-02-14,626.1988856634431,631.273193359375,622.8688742624994,631.273193359375,4654100
2020-02-17,630.2425337179086,633.6518117634016,626.5160932714539,633.0968017578125,4284300
2020-02-18,629.8461613837171,633.4932873608325,626.6747306585064,630.401123046875,4196300
2020-02-19,630.4011862796349,631.6697877322824,623.10693359375,623.10693359375,5284800
2020-02-20,626.9918598618393,631.1939959959493,623.1861525779699,624.2168579101562,4329900
2020-02-21,626.8333177010968,630.2426447393536,625.8026123046875,625.8026123046875,4031400
2020-02-25,603.3647300754737,618.2704456603972,603.3647300754737,613.2754516601562,7774100
2020-02-26,606.456870624437,610.3418442969404,600.0346942557869,609.2318725585938,6451900
2020-02-27,602.5718579628277,603.3647156706735,590.8375735651482,590.9961547851562,9962900
2020-02-28,570.8575452202615,578.1518457542925,569.0339821848022,575.8525390625,12066100
2020-03-02,565.8625237801081,578.7860940089939,557.5375183183348,573.4739379882812,8847100
2020-03-03,582.5125996794656,583.5433050779302,566.8140258789062,566.8140258789062,7187500
2020-03-04,561.0260677994219,574.0289529411534,558.330380757389,568.716796875,4960700
2020-03-05,576.407559846125,576.6454074826156,567.7653913801373,570.698974609375,4902900
2020-03-06,561.1054825763292,561.5019114818668,551.4326076027722,553.4940185546875,8224800
2020-03-09,534.3860564536814,536.6853629970793,514.2474527734764,516.7846069335938,11318500
2020-03-10,500.92752842554063,520.9075538688113,488.7968142467613,514.9611206054688,13115600
2020-03-11,515.3574305750383,521.1452812707514,501.7995852198619,502.11669921875,10200300
2020-03-12,487.7661132666744,491.17539202358813,474.2082162675082,479.044677734375,12746200
2020-03-13,447.33029412744787,540.887496475876,433.61386651243,495.6946105957031,33498000
2020-03-16,508.3010583491861,516.1503690323624,479.83749560529867,481.1060485839844,15983400
2020-03-17,466.9932371859951,491.4925621949074,461.28465143329527,479.9961242675781,14476600
2020-03-18,484.75319057125586,505.05032722204726,478.09316689936344,487.8453063964844,11451300
2020-03-19,495.7739109639045,501.56176250518286,476.50747849999726,485.8631896972656,12553500
2020-03-23,476.98321452511027,487.68679440776793,471.75037260602346,476.34893798828125,11054100
2020-03-24,492.2060007873642,504.2574462890625,486.18030223260934,504.2574462890625,7363700
2020-03-25,522.0967724292083,541.2046227998092,515.3574822763636,538.8260498046875,9604300
2020-03-26,516.9431263496593,530.5802859870137,513.0581049696054,519.876708984375,8276900
2020-03-27,535.1788732507727,541.5217339707818,524.8717245807577,541.1253051757812,11010600
2020-03-30,519.4157484551993,540.8025070882018,511.82953155166217,539.1077270507812,7811800
2020-03-31,536.3639571910601,542.0940262223354,515.5421334527769,518.7703247070312,7448800
2020-04-01,514.4928377864702,521.59484671524,495.20438071359655,502.14501953125,6768900
2020-04-02,500.36950693462006,504.80826868968524,493.91312619997984,499.158935546875,5398700
2020-04-03,495.20437942970096,509.97338967095976,490.6849326480945,496.6571044921875,5324200
2020-04-06,488.58661788214965,513.4436731509246,482.61444616938593,510.7804260253906,7504000
2020-04-07,520.5456988913046,526.4371364844657,501.49939534835954,514.97705078125,6283900
2020-04-08,517.317515738868,518.6087722058883,507.47152508843857,510.4576110839844,7361100
2020-04-09,506.42223440946367,507.5521204524873,499.1588079398459,506.0993957519531,6053600
2020-04-10,503.59765625,510.61897957821685,499.56241861979163,508.43994140625,6945700
2020-04-13,500.3695184858014,502.3871375119538,486.2461853027344,486.2461853027344,7335100
2020-04-14,487.53739247191214,497.0605927188999,485.51977364979984,493.34814453125,6755800
2020-04-15,492.62180090800496,500.93438009044087,491.49191473404437,494.5586853027344,6060800
2020-04-16,485.03566628106245,488.1024376804344,481.16184718405157,486.48834228515625,6692900
2020-04-17,493.3482445928218,499.4818366110301,487.53749135493894,493.10614013671875,7200200
2020-04-20,485.92334478574395,490.20073651223254,485.3584508671,486.8111267089844,5655300
2020-04-21,482.37235344830736,484.06713368067216,476.7230203293906,482.1302490234375,6104300
2020-04-22,478.9827660572514,481.56532831224854,473.9790609241216,478.74066162109375,5719000
2020-04-23,485.51974375490494,495.76925659179693,484.7126962757523,495.7692565917969,6297400
2020-04-24,495.52712107657624,505.131005178598,493.0252937516458,504.80816650390625,7725600
2020-04-27,509.48917231665814,524.9844970703125,509.48917231665814,524.9844970703125,8040000
2020-04-28,528.4547247015602,530.149554107718,491.0077480206213,495.6078796386719,13928000
2020-04-30,511.7488025920604,512.4751650489814,496.7377387207055,498.2711486816406,11730000
2020-05-01,492.86394270640454,496.0921328675622,477.20720072148066,479.1441345214844,9985100
2020-05-07,477.7721438513378,482.4530097333619,473.0105436603211,479.1441345214844,6743900
2020-05-08,481.4845460387994,489.7971751657392,479.38624212338675,488.9093933105469,5343200
2020-05-11,494.55874249827707,503.1134763203915,493.02538166573396,501.7414855957031,4933100
2020-05-12,501.74152194586514,501.9029413236891,491.0077983073278,496.41497802734375,4709500
2020-05-13,489.9585249074368,505.85737074794235,482.85651665239595,490.5234680175781,9117800
2020-05-14,485.8426634689857,489.55506278885974,468.0876159667969,468.0876159667969,10034200
2020-05-15,471.31579238205376,473.57551578154545,457.9188220964221,472.4456787109375,9879500
2020-05-18,474.54396269135594,474.7053820541302,460.09779174285046,461.95404052734375,6055000
2020-05-19,475.0282023239127,486.0847644042003,474.62467851994796,484.3899841308594,8755900
2020-05-20,484.2286170123027,487.7796465737058,480.758321775371,485.84271240234375,6866500
2020-05-21,491.97616895730476,497.54481678029634,487.45672236058226,495.85003662109375,7328800
2020-05-22,499.88531068544665,500.2888344915349,475.51246294606034,476.5616149902344,8493400
2020-05-25,486.0847758962669,487.9409755867335,479.3862904437422,487.86029052734375,4755000
2020-05-26,494.7201918141397,503.8398200823859,491.89552513983386,502.95208740234375,8067000
2020-05-27,505.6959617770858,521.1912841796875,502.3870866127444,521.1912841796875,9302300
2020-05-28,525.7915455767711,535.7989561705695,518.5281167046438,530.472412109375,11193900
2020-05-29,520.2227656360541,524.1773178372866,511.8295017260294,511.9101867675781,13145800
2020-06-01,511.9103350065037,517.5596687823307,509.3277725716122,516.6719360351562,4763900
2020-06-02,516.5105420467072,519.5773135384528,509.5699513412681,516.9947509765625,5797800
2020-06-03,529.4231147809187,542.820082433349,528.5353823100498,533.2162475585938,9228000
2020-06-04,545.5641920890902,546.3712397105237,525.7915253639678,530.8759155273438,6427900
2020-06-05,528.1319407056989,538.4621395778073,527.2441588385364,538.3007202148438,6473800
2020-06-08,544.8378282314085,545.2413520411661,535.6375149239017,541.7710571289062,5772300
2020-06-09,541.2060478623542,546.7746954603886,537.493648969179,545.886962890625,5046300
2020-06-10,539.5112341506718,545.0798814016825,535.9602055763653,543.2236328125,4174100
2020-06-11,531.8442131185417,536.8479166292759,524.8228911968873,524.9036254882812,5565700
2020-06-12,503.92061728763224,520.0615717265919,501.4994741217883,516.9947509765625,7297900
2020-06-15,513.6050687213572,531.4407994632069,510.9417724609375,510.9417724609375,7467000
2020-06-16,527.0827394755728,541.2868060257113,519.8193114666768,538.3007202148438,7290100
2020-06-17,530.6337687951008,533.2970158818853,524.0159689752029,528.6161499023438,3873900
2020-06-18,531.4409399618057,532.6515115790309,520.7072148074005,531.6830444335938,4682300
2020-06-19,534.3461663198283,534.5883199928827,514.8963399528196,523.1282348632812,11389500
2020-06-22,519.7386253244646,527.7284158208054,518.2859495773863,521.9176635742188,3362800
2020-06-23,526.4369859256234,530.8757464296476,519.415664003969,524.9036254882812,4185100
2020-06-24,516.8332313453539,519.0929544615291,510.8610602270693,511.18389892578125,5706800
2020-06-25,505.21187778974695,508.1979642353688,500.69243021570827,501.25732421875,4823100
2020-06-26,505.6153633455696,509.48918229528425,503.51705911480605,504.7276306152344,4057100
2020-06-29,498.10970532054154,500.2080090265329,491.8954299875035,493.5902099609375,3953200
2020-06-30,509.7312659787599,513.2016102119072,504.6468757357401,506.3417053222656,6040100
2020-07-01,500.36947987628776,502.54851810804877,493.50957571669346,495.6078796386719,3771800
2020-07-02,492.21830925945955,498.3518507967258,485.0355665244246,492.783203125,5323700
2020-07-03,501.25713121248555,504.32395080502596,497.70615213110676,503.2747497558594,5254000
2020-07-06,502.46783280839395,517.1561094697396,501.2572613680349,515.7841186523438,4612500
2020-07-07,512.4751342060381,515.2998003000871,501.33788917258397,504.323974609375,4313300
2020-07-08,503.4362641099758,511.10321602186343,501.0958557128906,501.0958557128906,3592900
2020-07-09,495.85006855019355,502.14503002178964,494.8816015718841,498.9168395996094,4079800
2020-07-10,495.0429533587049,498.51324773710996,490.1199340820313,490.11993408203125,3881700
2020-07-13,500.36942597407443,510.37683419686306,500.36942597407443,506.8258056640625,3645400
2020-07-14,503.9205451749943,512.2331256698449,502.064296273522,510.4576110839844,4431000
2020-07-15,516.5105417538089,524.5003338998766,514.8964463108282,518.205322265625,4594200
2020-07-16,531.4409019203973,535.556825421024,525.5494636566111,527.0828247070312,6385000
2020-07-17,521.3527669813067,522.6440234810451,511.5067760813973,515.7841186523438,3622800
2020-07-20,516.6717953207087,517.1560040948796,509.24694881439206,516.5103759765625,2023400
2020-07-21,511.4261057772605,513.6858293461374,504.9697245757379,506.7452392578125,4865000
2020-07-22,513.0401735199235,515.864840143864,506.2609539191557,508.0364685058594,4493900
2020-07-27,501.7414805487939,503.03273694829176,494.4780524705017,502.06427001953125,4778500
2020-07-28,498.9974347570888,503.75903447526184,496.8991310640144,498.351806640625,3923400
2020-07-29,493.1867559203665,493.9938034995249,487.6181571791389,489.7164611816406,4107800
2020-07-30,491.8954878586989,493.67100234249335,482.61444091796875,482.61444091796875,4120800
2020-07-31,478.498552987914,478.9827618559823,456.0625897740531,456.6275329589844,7928700
2020-08-03,461.22773628058457,465.0208701226495,456.9503935473112,458.0802307128906,4837300
2020-08-04,466.15062976149846,509.97334968393824,466.15062976149846,506.583740234375,12418900
2020-08-05,497.06064841379697,499.72389570574364,486.64971442185913,498.67474365234375,8875200
2020-08-06,490.60416359706437,500.85362678536876,490.4427442557272,493.1866760253906,4992800
2020-08-07,485.1163054936849,491.4113163468826,483.5829445680754,487.77960205078125,5282800
2020-08-11,496.01141363237974,500.288805132522,489.7164524784726,494.80084228515625,7647100
2020-08-12,498.19038797704985,508.1170618987529,495.5271412065834,506.8258056640625,5911600
2020-08-13,501.25719036586185,510.4575517126875,500.85366660956726,507.4714660644531,5972400
2020-08-14,509.40844951482734,509.73123899640376,501.0958691755277,502.7906494140625,3734900
2020-08-17,500.2081455490495,504.7276421421662,496.33432651086497,497.86773681640625,3591400
2020-08-18,505.9381863053897,506.0188713662514,493.83247167940283,496.7378234863281,5137400
2020-08-19,492.29898918350125,499.7238362490707,490.52347478069333,495.6885986328125,4481000
2020-08-20,489.6357846046565,493.9131269965993,488.425213214959,489.474365234375,3436800
2020-08-21,497.54476552061766,498.9974411157395,490.20065324300435,492.6217956542969,2842500
2020-08-24,495.28512609547255,497.30274511227157,490.92704931587605,491.6534118652344,2672500
2020-08-25,501.5800982255202,511.3453547708475,501.5800982255202,503.59771728515625,5594700
2020-08-26,500.61160940943887,502.14501953125,497.38341905470025,502.14501953125,3119700
2020-08-27,498.83615879836134,499.9660452706473,493.6710831237387,494.31671142578125,3703900
2020-08-28,496.9798127884142,512.4751337714242,494.477985381971,499.481689453125,7504500
2020-08-31,506.34169076280847,510.9418227381428,499.6431561859703,500.2080993652344,4720400
2020-09-01,493.1867049414635,497.38336177094897,491.16908620212143,496.17279052734375,4413700
2020-09-02,501.4185907812271,501.4993250843993,493.67095465631064,497.6254577636719,3157200
2020-09-03,505.69608485389637,505.7768191813783,498.51338965534114,501.822265625,4510300
2020-09-04,499.72399665900997,519.9001912168004,499.15905335973434,517.9632568359375,8647900
2020-09-07,526.0334661616712,533.4583118208146,524.7422100723691,527.4054565429688,5865500
2020-09-08,529.9074703174027,536.6866903194871,528.4547943907503,532.32861328125,5288700
2020-09-09,521.9983705755326,525.6300847250724,516.1069330290454,523.370361328125,6106600
2020-09-10,526.1143219948334,535.4760539506459,524.6615969859369,533.4584350585938,5203200
2020-09-11,529.9074870202575,534.7497731005825,527.0021350753749,533.0549926757812,4392400
2020-09-14,540.8832618047793,555.2486979166666,539.914794921875,549.599365234375,6051100
2020-09-15,550.245077802529,554.9259443198879,547.5011453480741,552.9083251953125,6449700
2020-09-16,547.1783712159073,547.8239995603752,536.202541585097,537.1709594726562,4920100
2020-09-17,534.507611180013,536.041021310562,524.2580968936571,529.50390625,4948700
2020-09-18,529.4232412912763,534.4269464112336,527.0020984195174,531.5215454101562,6359100
2020-09-23,524.5809509579913,528.2126652338543,518.0438849647487,527.1635131835938,6892000
2020-09-24,522.8053983060308,524.258074059013,511.1839430238993,511.66815185546875,6341100
2020-09-25,517.3175571227206,517.7210809582297,508.52071780530895,509.6506042480469,9683300
2020-09-28,509.16648552017347,513.6859335749405,501.49953128771165,513.2824096679688,7141500
2020-09-29,515.9145429607952,518.6290067057731,511.30813307925075,514.84521484375,4490400
2020-09-30,509.9919244554676,510.8967287553487,498.2292175292969,498.2292175292969,6760800
2020-10-02,494.7745072390582,501.02600212777156,485.3149780067237,486.9601135253906,8632300
2020-10-05,499.62761943311494,504.563025419459,497.40667669815093,504.2339782714844,5892600
2020-10-06,505.87912880089925,512.3774336270648,505.30332137741476,510.3210144042969,4172200
2020-10-07,505.7146298227676,519.0402370756453,503.5759738092718,515.9144897460938,4070300
2020-10-08,515.7499909034142,519.2870222672235,510.81458429189826,513.2822875976562,4173800
2020-10-09,512.7064250848631,514.1048001824688,502.67108934419196,504.7275085449219,4643200
2020-10-12,503.9050618772903,507.9356645608877,502.09545271050837,506.7018127441406,2843400
2020-10-13,509.49855174490705,513.4468674254308,506.94856125968295,513.0355834960938,4079200
2020-10-14,506.701701748638,509.58068869039164,502.01305583095825,508.5935974121094,3809500
2020-10-15,511.2257916723199,513.9402548613294,506.208149117046,509.16937255859375,3141100
2020-10-16,507.1129245526165,510.4031949471185,503.1646101203225,503.74041748046875,3914200
2020-10-19,504.5629786458552,511.6370398216226,504.5629786458552,509.90966796875,3187900
2020-10-20,505.6323293327347,508.51131602139696,499.0517883300781,499.0517883300781,3352600
2020-10-21,498.5583028609704,506.2082232487609,497.4889748063439,505.6324157714844,3188100
2020-10-22,498.47601337485366,501.5195238276577,496.5018308634276,497.4889221191406,3610500
2020-10-23,501.7664164553847,503.8228361949559,497.735813683601,498.96966552734375,2694700
2020-10-26,504.3984206095278,515.0917985243834,502.3420017797479,514.5159912109375,6962100
2020-10-27,507.44204939580106,509.82746567384817,501.1082678751732,504.8920593261719,5422500
2020-10-28,498.31148215992033,499.9566174923767,487.53586581454965,490.5793762207031,6569900
2020-10-29,482.4359367656,491.2374208448881,481.2020852649207,487.61810302734375,4521800
2020-10-30,488.60522717894827,490.2503626239953,481.202117676237,482.189208984375,4454100
2020-11-02,486.13743831257455,494.363114087745,485.479394291669,491.6486511230469,4576900
2020-11-04,501.35509303815445,505.0566482779767,482.0247490079713,483.9989318847656,10630200
2020-11-05,477.6650487297351,477.9118089858648,446.9832851474832,461.13140869140625,15696700
2020-11-06,469.357044331838,474.62149696268733,459.56852018504827,467.46514892578125,7245200
2020-11-09,471.1667290285315,475.3618540702502,464.75071154739305,466.2313232421875,6516000
2020-11-10,488.9342289176077,490.99064803283056,475.93761994496333,483.3407287597656,8995400
2020-11-11,491.3196055463781,496.33729790824884,485.0681120199139,493.0470275878906,7672800
2020-11-12,492.6358080830152,495.679268362062,478.4876338181394,481.69561767578125,6736600
2020-11-13,479.6391667798589,481.77787274925186,469.6038818204434,474.4570007324219,6520600
2020-11-16,482.6826601852576,492.55347143733053,482.10685282111154,488.9342041015625,8037400
2020-11-17,491.40195872923925,492.8002836396253,484.4923700420069,490.33258056640625,6394900
2020-11-18,487.7825959587739,491.895434035998,484.65684906119225,488.60516357421875,3321600
2020-11-19,486.21980810128974,489.18108231438833,482.6827765907358,486.71337890625,5672900
2020-11-20,482.8473213228614,485.3972615406403,478.816718830959,480.8731384277344,4777900
2020-11-24,493.7050799969475,496.50177969343235,490.4148096207007,491.15509033203125,6857900
2020-11-25,502.1774870120937,514.1869531057613,498.3114095034072,500.3678283691406,8859500
2020-11-26,497.2421557747924,499.6276220964599,491.7309423528873,494.856689453125,4485600
2020-11-27,496.00828670031353,496.0905233820593,489.18098533244626,491.31964111328125,5226200
2020-11-30,490.25030755377435,490.57935468804135,473.05862400196975,475.0328063964844,12516400
2020-12-01,477.91181808923034,482.84722412801756,476.513443003798,482.6004638671875,3801700
2020-12-02,487.1246402931081,498.9695859813756,484.4101767107271,495.0212707519531,8364200
2020-12-03,489.2632843156902,495.18578211633127,488.2761929813249,491.7309875488281,6003000
2020-12-04,492.059973212823,524.7981553051715,491.89544964340524,523.3997802734375,14805200
2020-12-07,526.1142111353795,532.8592754228672,521.6723762671861,530.8028564453125,7877600
2020-12-08,522.5772539385232,523.1530613742271,512.2951576064826,513.2000122070312,6543900
2020-12-09,514.5161750361605,523.4821844195725,513.4468469037353,523.1531372070312,4564800
2020-12-10,530.7207150066687,533.023894633729,525.1272644250791,526.7723999023438,5884000
2020-12-11,529.6513671875,534.4222498521063,523.3998224842669,529.6513671875,5471700
2020-12-14,534.6689195256303,546.8429094983366,533.9285886317633,537.876953125,7287400
2020-12-15,536.314125241716,542.6479063938089,532.283523543417,538.3705444335938,4640700
2020-12-16,549.2285137872357,549.2285137872357,535.7383821857148,537.218994140625,3982800
2020-12-17,529.8158510878338,531.3787498460715,523.2353092940745,524.3046875,4811300
2020-12-18,521.1789069336398,529.0755874663017,518.7112036807238,527.8417358398438,6021000
2020-12-21,527.0191910356496,531.2965535680535,518.1354689794588,525.7853393554688,5554100
2020-12-22,518.3822501300573,524.3047484743108,512.4597517858036,513.693603515625,5734300
2020-12-23,509.66300409375265,511.6371869552234,494.85678324938925,497.6535339355469,6491600
2020-12-24,505.05654628566174,508.92262435208465,500.4501874441021,502.2597961425781,3554000
2020-12-25,504.39845684452536,508.3467712402344,503.9048861665983,508.3467712402344,3033400
2020-12-28,506.20818782557774,507.7710363481901,500.6969741382534,505.3856201171875,3953600
2020-12-29,513.1176785402554,522.9884901192493,511.22578302872364,521.754638671875,7023000
2020-12-30,516.4080624203883,518.2177216482073,510.40332743287723,513.4468383789062,4685500
2021-01-04,518.9580160415163,519.2870130197606,506.1259289567573,510.8145751953125,3930900
2021-01-05,505.8791932649907,510.65007642865544,504.6453415741005,508.182373046875,3499700
2021-01-06,510.89681312733364,513.2000430083853,506.86626124659625,512.2129516601562,3384000
2021-01-07,523.9756650469221,529.4868791002999,520.1918734192279,521.6724853515625,6313600
2021-01-08,520.1095937575934,524.9627637091999,516.408038772469,524.7160034179688,5307100
2021-01-12,524.7981553051715,524.7981553051715,518.6288979935904,523.3997802734375,4636500
2021-01-13,531.6254443560207,539.2753132038077,521.5078726408478,539.11083984375,9685700
2021-01-14,540.4270537322105,551.1204353129089,534.0110348249026,545.1979370117188,9204100
2021-01-15,546.760776027269,552.0251793360311,544.7865934080148,546.5962524414062,5262800
2021-01-18,540.2624792502679,543.799510475834,531.8722782975074,534.5867919921875,5201300
2021-01-19,529.733608740022,538.4528064414114,523.9756347319783,529.8981323242188,7112900
2021-01-20,534.2576611437605,551.1202970997991,532.777049491168,550.2977294921875,8325400
2021-01-21,561.9783021139825,581.5554047065583,560.9089740700596,577.4425659179688,14988500
2021-01-22,575.7974243164062,602.6953997505829,570.0394500732422,592.248779296875,11898200
2021-01-25,608.288808050488,622.6015059691891,604.9985372834807,613.635498046875,13637200
2021-01-26,613.6355283985968,613.8000519861943,602.2841037320652,605.4098510742188,8774400
2021-01-27,604.5871903181562,610.5919237999356,600.6388758510645,604.9984741210938,5359800
2021-01-28,589.7810770035628,604.2582493275665,588.2181781956705,602.8599243164062,6648100
2021-01-29,596.9374001475027,602.448613872935,587.6423950195312,587.6423950195312,9623300
2021-02-01,581.5553569530981,600.3921771403043,580.7327892629239,597.1841430664062,5336600
2021-02-02,599.7341131334515,607.384033203125,594.2229494951964,607.384033203125,5832700
2021-02-03,612.8129943275707,622.272523770211,605.5744079256174,614.4581298828125,10360500
2021-02-04,614.4580586008782,630.9094122448107,609.9339363487968,619.8047485351562,8568500
2021-02-05,614.9516534887075,619.2290159944635,604.0937989352042,615.2807006835938,7704800
2021-02-08,618.5709754850562,627.2079372438236,611.8259095942415,614.1290893554688,6579500
2021-02-09,614.375816910404,622.6837303506979,605.8210930030239,608.3710327148438,7629500
2021-02-10,602.1195219618637,617.830544051055,600.474386655957,614.0467529296875,5889500
2021-02-12,613.1419948653263,613.5532787228411,597.1841611115312,604.09375,5213500
2021-02-15,606.3146467697411,612.2371443991485,603.435659747652,610.1807250976562,3354800
2021-02-16,610.3452288567247,613.6354996322326,596.855098594923,599.9808959960938,5813700
2021-02-17,607.2194517436217,613.2241855719631,604.6694618949115,608.20654296875,5692100
2021-02-18,608.7001109147778,613.6355172194922,600.0631498815276,603.5179443359375,4740500
2021-02-19,599.6517688962956,604.9984581937248,598.4179175199657,598.9114379882812,3529600
2021-02-22,608.7823138487558,612.0725845361277,600.9679209662478,601.708251953125,4256500
2021-02-24,603.8468762878512,624.9046377108284,601.7904572156197,618.3240966796875,9271600
2021-02-25,629.7578052945435,639.9576647637424,625.3982065654116,635.9270629882812,9140700
2021-02-26,627.701464108328,628.3595585085886,607.3840797419015,608.53564453125,12231700
2021-03-01,616.2677458263036,617.6661209913253,604.7517977470287,612.1549072265625,4961100
2021-03-02,617.4191808276375,622.2723494381879,608.6999849097939,610.5096435546875,6544700
2021-03-03,615.3628449853601,624.2466158578968,605.5743199766139,624.0820922851562,8563000
2021-03-04,625.151454769353,643.001183979535,620.7918559811501,631.1561889648438,10421500
2021-03-05,633.0481061112873,646.3737134033521,624.7401921049491,646.126953125,9485200
2021-03-08,657.4783406308908,666.1153013240673,650.8977991503754,654.681640625,12565700
2021-03-09,670.3927454201572,682.7312622070312,662.6605881514948,682.7312622070312,13824100
2021-03-10,666.2797528523542,672.2844862628782,651.6380596826331,667.8426513671875,10517400
2021-03-11,673.2716210501238,685.0343283957183,669.7345901987276,670.1458740234375,7311400
2021-03-12,670.3926940578403,680.0167464553634,668.0072275795866,677.9603271484375,7428000
2021-03-15,684.540877766897,694.8229744342514,683.9650703124152,693.5068359375,9072000
2021-03-16,691.7794491323754,694.1649155909134,679.3586967034191,683.5537719726562,6946700
2021-03-17,679.4408569335938,684.8697831658579,677.2199143092881,679.4408569335938,5800500
2021-03-18,694.9051510244846,705.1872468025622,691.6148803754998,696.8793334960938,9995400
2021-03-19,699.8406035362002,723.0370231951757,696.6326195634418,718.4306640625,11960700
2021-03-22,718.0194639525322,727.1499465933717,710.2050697300921,723.6129150390625,7518600
2021-03-23,731.3449115655592,735.7867971644781,714.2355136904907,715.7161254882812,6860900
2021-03-24,706.9969480982437,709.8759350887542,694.082624985415,697.7841796875,5743800
2021-03-25,713.0840267131665,723.6128842287246,710.9453203673864,712.0146484375,4824700
2021-03-26,725.8337483596918,728.9594955346457,710.780719496843,711.85009765625,6215500
2021-03-29,721.4741610264178,725.2580028395216,690.9569172628621,699.2648315429688,9465300
2021-03-30,699.264805994661,709.1935358665519,689.6698346270547,706.5236206054688,7438100
2021-03-31,694.0083821893086,703.353059354941,689.2526039874392,692.4231567382812,6309600
2021-04-01,692.9237881541038,701.9347074238474,684.9975076153152,696.2611694335938,6572000
2021-04-02,699.1813858391685,706.8573730523539,688.4183107231979,694.2587280273438,4021900
2021-04-05,696.6782825800035,701.3505956023997,692.5065563370094,698.0966796875,2669000
2021-04-06,700.7666803697138,702.5187852362917,683.0785487513311,689.0023803710938,3699400
2021-04-07,689.0023416114864,703.770263671875,685.8318396423014,703.770263671875,6565800
2021-04-08,703.3531126177481,703.3531126177481,692.9237960012335,697.5126953125,3952800
2021-04-09,702.7690394155752,705.4389545734111,694.17529296875,694.17529296875,4487300
2021-04-12,697.1789754474909,699.5985974063726,683.3288625829686,687.4171752929688,3961000
2021-04-13,686.8331440683927,696.7618237824757,682.5779519700126,690.7545776367188,3824300
2021-04-14,681.7435514001864,689.1692452355587,674.8184953193818,688.3348999023438,4634800
2021-04-15,691.1717144936537,702.4353768194293,689.7533172010835,701.2672729492188,4355700
2021-04-16,712.5309405781546,713.2818717752217,700.7666913201019,705.3555908203125,5834200
2021-04-19,703.7703442080269,713.5321955633091,701.267308010488,713.44873046875,4376700
2021-04-20,711.0291211642325,711.0291211642325,696.9286643059125,700.85009765625,5183900
2021-04-21,679.8245541325028,685.4146779414942,673.3166708445355,682.9950561523438,5117300
2021-04-22,695.5101720058963,695.5101720058963,685.1643215798956,689.0857543945312,3050400
2021-04-23,677.4049440795567,682.411015692143,675.4024950647647,679.9913940429688,2826100
2021-04-26,686.0821764291213,690.7545409799161,675.6528594734178,678.4061889648438,3129400
2021-04-27,673.8173061507366,677.2381527513577,669.5621650974476,671.3142700195312,5055000
2021-04-28,671.2308415015177,676.3203278230684,668.8946846805502,673.9007568359375,4299100
2021-04-30,675.6527197634791,680.575376718435,673.4834426550107,678.7398071289062,4250900
2021-05-06,702.518798828125,708.0254578791081,696.3446227441987,702.518798828125,6889400
2021-05-07,704.0206054296796,715.4511470603043,698.3470671597372,713.114990234375,4518000
2021-05-10,715.4511219887983,728.8840614604616,714.867070071683,725.29638671875,5684100
2021-05-11,720.3737528699684,727.9662747352713,709.2769196330545,716.2020263671875,5221700
2021-05-12,714.9505137927141,716.2854459138842,694.1752952828791,704.1874389648438,7832000
2021-05-13,707.5247508658434,725.7134665876579,706.7738197935171,709.27685546875,7440400
2021-05-14,717.5369060128531,721.5417529778139,703.9370887930693,706.4401245117188,5847700
2021-05-17,706.6904051123737,716.3687893462813,706.4401117299158,713.94921875,4366800
2021-05-18,712.4473611111104,715.3675692064315,703.352978387355,714.6166381835938,5951800
2021-05-19,735.0581665039062,746.4052415535057,727.2987658505483,735.0581665039062,12200900
2021-05-20,728.3834097726004,739.1464839637398,723.3773382277716,735.8925170898438,5942700
2021-05-21,735.0582989425918,743.9858049262074,731.0534511990676,736.7269897460938,5121500
2021-05-24,746.9893214508882,762.2578299401235,746.4887346510029,757.00146484375,10649800
2021-05-25,750.9107297066107,751.7450749618403,741.7329318990855,748.3242797851562,6297100
2021-05-26,739.2299126732478,747.0727786176426,734.3072551874944,746.1549682617188,6163100
2021-05-27,746.3218896995414,746.3218896995414,722.0424612260844,722.2092895507812,11199900
2021-05-28,740.6483716719275,749.9930497047907,738.8962158957916,744.7366333007812,6802800
2021-05-31,735.8090891026221,736.97714188649,726.4644122097177,730.5526733398438,4340300
2021-06-01,737.561196822706,742.150095671716,730.6361414718057,740.5648193359375,4156000
2021-06-02,750.910798006442,755.9168699931515,744.3194495208486,752.6629028320312,5457300
2021-06-03,746.7391086310214,754.9156830993079,743.3183129724159,748.9083862304688,3908600
2021-06-04,752.5795661931644,767.1806109918123,749.2421845249021,765.1781616210938,6438600
2021-06-07,766.0124809229055,775.1068660286317,761.7573398107004,764.2603759765625,4445100
2021-06-08,761.0063509721782,762.0075755475964,752.4960693921174,755.08251953125,3754900
2021-06-09,751.8285364114236,756.5843148502732,748.8249136734113,749.3255004882812,3171500
2021-06-10,742.0668592005129,748.4078642131591,739.2300643175685,746.2385864257812,3379000
2021-06-11,746.2384853709488,755.2494047723984,740.06430954389,749.5758666992188,4911200
2021-06-14,753.8309848503247,758.0861255461298,740.4814599387528,744.4028930664062,3743300
2021-06-15,743.4016827333317,750.9107906397289,739.2299561186665,741.81640625,2747800
2021-06-16,744.1525485327658,758.2529526972185,743.4850315935315,757.0848999023438,5133900
2021-06-17,780.1129054725462,789.2907043604586,770.4345197423256,772.1032104492188,13304300
2021-06-18,769.2663386547711,788.2894006188388,765.5951990983747,782.2821044921875,12464400
2021-06-21,757.5855741841656,758.1696261112578,734.8913705876016,740.231201171875,10360100
2021-06-22,767.0135942398365,781.447757182933,763.6762131697844,778.7778930664062,9033300
2021-06-23,771.8527379726174,773.0208416432918,759.0038522171528,761.6737670898438,6694000
2021-06-24,775.3570826014003,777.9435836043726,761.0063331547929,773.1878051757812,5777500
2021-06-25,776.1914865609551,782.1153692352291,766.3462213920774,772.7706909179688,4826500
2021-06-28,778.3607897565798,790.9593840483501,776.0245820599563,784.9520874023438,7065000
2021-06-29,774.1890999978128,780.1129318377293,769.2664418763492,773.02099609375,6227700
2021-06-30,783.6171678701704,789.7078787788837,777.6932852929953,778.8613891601562,7503500
2021-07-01,779.2785415650131,781.1141114837717,764.3437397241472,769.1829833984375,5395800
2021-07-02,781.030608604626,783.7005237277788,770.4344641203684,772.9375,4652200
2021-07-05,771.7693988606859,779.2785065252764,771.1853469685609,773.3546752929688,2818900
2021-07-06,772.6036699155882,785.4526066100744,769.4331682800783,777.6097412109375,5209200
2021-07-07,759.9217606793402,768.7658522475518,757.9193623252474,764.42724609375,5883500
2021-07-08,766.4296470568885,772.9375817719457,763.5929033145002,764.8444213867188,5505400
2021-07-09,753.9977973413286,775.44048001699,753.4971596468309,773.7717895507812,6093200
2021-07-12,786.1201991159924,794.6305318726163,783.4502838105655,786.20361328125,7753300
2021-07-13,794.3801512695903,795.3813758289757,785.7864047399593,791.793701171875,6094300
2021-07-14,785.2858769236464,793.2121579840143,783.1165483945897,785.0355834960938,6463200
2021-07-15,784.9520922117496,785.8699026480174,777.192690670132,780.8638305664062,5833000
2021-07-16,770.0172802390593,782.5324594546184,768.014831194812,774.3558349609375,7090200
2021-07-19,765.9289817882267,774.7730215567639,765.1780506520093,773.3546752929688,4270700
2021-07-20,757.6689887913232,758.9205068110805,744.8201010097872,745.15380859375,8321000
2021-07-21,764.3436488280173,769.9337720831119,757.8357661848827,758.0860595703125,6519400
2021-07-26,768.5989183234533,769.9338504645734,763.3425529967467,767.0971069335938,4710300
2021-07-27,778.0269801884986,783.1164660698396,774.1890122377556,778.4441528320312,4923200
2021-07-28,771.6024848902156,778.944712980273,769.266328351251,774.2723999023438,3945400
2021-07-29,773.4381609612542,775.8577829133095,768.1817952949413,771.7694702148438,4968500
2021-07-30,769.5167601646717,775.6909365580549,763.9266357421875,763.9266357421875,4644800
2021-08-02,774.022224795748,781.9485059629392,769.0995666484689,780.1963500976562,4878900
2021-08-03,768.4320316161065,784.2011783675638,765.4284088655415,783.6171264648438,4476600
2021-08-04,791.793743508451,803.4745785022533,759.2542745971449,780.6969604492188,14721400
2021-08-05,772.8541245547123,779.2785942424479,765.0947226127673,766.095947265625,6754900
2021-08-06,759.2542442398278,767.8479908853552,756.7512082698064,762.8419189453125,5948800
2021-08-10,765.928931501578,769.9337784748777,763.1756023902088,765.4283447265625,5900500
2021-08-11,774.6896960773843,782.6159772973467,771.936366470067,781.0307006835938,6012800
2021-08-12,786.7877015998182,804.809541627254,786.4539430745541,803.474609375,8389300
2021-08-13,802.0561167365958,809.1480516984522,797.6340968864349,798.05126953125,5589700
2021-08-16,790.9594034440718,791.626869549018,779.3619825385814,781.5313110351562,4464100
2021-08-17,784.3680249754358,791.7103046246845,782.7827994018371,783.2833862304688,3265800
2021-08-18,783.5337315516445,788.9569765601517,780.6969877941428,783.4503173828125,3270800
2021-08-19,774.2723416315051,777.1091356667212,763.4258540870983,763.6761474609375,5301300
2021-08-20,757.2518359906393,759.3376994116408,747.490035919872,749.9096069335938,7110300
2021-08-23,756.5008783550387,764.3436934613696,754.7487227059303,760.2554321289062,5734600
2021-08-24,770.768226906172,792.4612060838807,770.3510542296776,789.874755859375,7437600
2021-08-25,789.7913113927942,798.0513509728326,782.1153746843793,785.0355834960938,3869600
2021-08-26,787.9556789359702,788.289386483226,784.0342460538646,784.8685913085938,3065300
2021-08-27,782.3655858661177,784.1176905991971,778.2772735897391,778.4441528320312,2886300
2021-08-30,786.7876489318209,796.5494995117188,785.8698894353817,796.5494995117188,4323800
2021-08-31,799.0524319591738,811.5676103309127,794.5469473755912,805.8106079101562,8718200
2021-09-01,804.4757860488669,812.6523601861892,801.5555773623662,805.5604248046875,5520800
2021-09-02,811.8179107130619,814.4878256402648,807.979943015727,808.4805297851562,5496600
2021-09-03,813.0695736957686,821.8302001953125,811.4842971022813,821.8302001953125,5864900
2021-09-06,833.5943312784146,837.265470802663,819.7442202925923,822.6644287109375,4856400
2021-09-07,830.0066927172539,830.5907446110509,823.1650510850512,826.6693115234375,4643900
2021-09-08,831.0080010181897,852.7009809644476,827.6706194879961,851.449462890625,7725100
2021-09-09,837.6827600872706,845.6090411837139,836.0140693301246,841.0201416015625,5441400
2021-09-10,838.0998428013668,846.8604683358759,836.0139795788647,846.026123046875,6116000
2021-09-13,863.1302587494596,876.062611587175,850.6150785839285,874.3939208984375,7921600
2021-09-14,875.2282524866773,886.9090871242498,874.8110798210498,881.9030151367188,6212200
2021-09-15,870.2221518320182,880.2342954772572,867.3019432688235,877.3140869140625,4146200
2021-09-16,879.39999296465,884.4060650308624,868.9706761600407,874.3939208984375,5633300
2021-09-17,875.228242531426,880.2343144620156,868.9706526181889,870.6393432617188,8053400
2021-09-21,849.36347783998,870.2221094175826,842.6887157351471,861.0443115234375,5479400
2021-09-22,851.0321760673089,854.3695571499258,843.1058959960938,843.1058959960938,3858900
2021-09-24,864.3817246293535,866.4675878644629,851.032199924653,856.4554443359375,5509500
2021-09-27,864.7989747101615,870.2222196070414,858.1242117601554,858.9585571289062,3319500
2021-09-28,852.7009861703837,856.4555404147738,841.8544961310344,852.2838134765625,5186300
2021-09-29,842.5457921505896,848.8966398301166,835.3481647804589,843.2232055664062,6052800
2021-09-30,881.9209884844819,882.3443783013252,855.2474300233574,866.678955078125,9133100
2021-10-01,856.0942628115586,864.9854495173166,841.8683744190118,845.2554931640625,7294200
2021-10-04,853.9772465248336,856.9409751939828,817.565722875287,819.5133056640625,7030300
2021-10-05,807.0655441020511,825.9487688444593,803.2550362419219,815.7874145507812,6141100
2021-10-06,826.7956821876019,837.3804279566806,818.6665664269522,825.5255126953125,6129300
2021-10-07,812.9084102575042,820.8681591146055,803.5091774372318,804.35595703125,7008000
2021-10-08,808.251174485635,824.0859642491015,808.251174485635,811.299560546875,5877800
2021-10-11,814.0092549692472,825.1867565178528,811.9770148498001,824.7633666992188,4609900
2021-10-12,818.4971909183198,833.2311775358833,818.15851006753,832.4690551757812,4985000
2021-10-13,828.319891452676,830.5214979424003,811.892345024232,812.3157348632812,5349200
2021-10-14,812.0616411506601,818.751220703125,806.9809635209374,818.751220703125,4575900
2021-10-15,825.2713128685438,839.8359311848101,823.9164862879558,839.6665649414062,4733500
2021-10-18,845.932850633143,846.6102640006882,837.2110307780952,840.8521728515625,3011600
2021-10-19,838.3965408573323,840.8522226037265,825.1021412222456,831.1989135742188,4251600
2021-10-20,839.327869000746,840.7674045187346,824.2552039094231,824.9326171875,4039700
2021-10-21,824.5939172110295,834.0778585279098,823.7471376592246,823.91650390625,3622500
2021-10-22,809.0132098709286,819.7672689040168,807.0655755421118,817.1422729492188,4578300
2021-10-25,804.4406134728234,811.1301929318747,802.3236644900003,806.7269287109375,4495500
2021-10-26,812.4850732005425,812.9084630250347,804.8640563596828,806.6422729492188,4973700
2021-10-27,813.8398611248348,823.4085120483544,810.7068179197804,814.4326171875,4588900
2021-10-28,807.3197410467332,810.3681271211931,796.1422393014992,799.5293579101562,4044100
2021-10-29,799.4446157272282,803.3398329753794,793.1784775714956,798.2591552734375,3751200
2021-11-01,809.5212733830505,820.3600416021421,804.6099621866382,820.1060180664062,4844100
2021-11-02,828.1504314263102,842.1222945331958,800.7147522885506,808.58984375,16336200
2021-11-04,816.7189900630527,817.9045022719866,799.1059832993438,804.8640747070312,10280100
2021-11-05,804.1866235121646,804.4406470640457,786.9970073905141,791.7389526367188,7511200
2021-11-08,791.8235316657873,805.6260795926262,790.0453152950437,800.460693359375,5604600
2021-11-09,803.255150871915,803.255150871915,780.1380768914973,785.4727783203125,6253200
2021-11-10,789.1985647609698,793.6018288924383,785.1340331332004,789.7913208007812,4876600
2021-11-11,787.5049612787124,794.1098312624504,785.8960595016964,788.0977172851562,4619900
2021-11-12,798.5131776250123,809.5213126293868,794.6180120660257,805.2874145507812,6274800
2021-11-15,805.2874766765179,808.5899381059367,800.545531135982,802.91650390625,3914400
2021-11-16,803.678607495478,804.779462472551,792.6704711914062,792.6704711914062,5114800
2021-11-17,792.7551710568291,796.0575809000759,787.5897838404715,794.44873046875,5237300
2021-11-18,793.6865633809624,803.2551631830028,790.8922008452628,797.4124145507812,4541200
2021-11-19,797.2429800090904,804.271240234375,796.9889564700221,804.271240234375,4074300
2021-11-22,805.0334704658326,807.4891005838181,801.0535955424333,803.50927734375,5540900
2021-11-24,810.3681586875273,811.9770607626424,794.4487109433934,798.597900390625,4442700
2021-11-25,801.2229798797651,817.9892079672726,800.7995900205688,809.1826782226562,4755600
2021-11-26,803.9326641621007,804.8641011544914,769.8074010621207,777.7671508789062,7661500
2021-11-29,763.7951939758641,769.1298950827113,755.5814215753788,757.8677368164062,7947900
2021-11-30,769.1299580819853,775.988904366882,755.4121171955208,755.496826171875,10513900
2021-12-01,753.2105465342171,767.0977543499456,730.6015181059672,764.04931640625,13279300
2021-12-02,725.8595322925254,729.6700407488966,685.8915221468109,701.5569458007812,24650000
2021-12-03,701.9802863126334,708.75452309249,697.322998526482,704.2666015625,9003100
2021-12-06,709.7707021332784,717.8151086854948,703.2504885911322,717.1376953125,8009900
2021-12-07,718.492580102596,726.6216446019031,710.9562200504618,726.5369873046875,9131900
2021-12-08,734.8353607451484,736.6136289979104,726.9603204352815,731.4482421875,8366700
2021-12-09,727.8071189376543,729.1619457224964,712.1416952025215,718.0691528320312,8022200
2021-12-10,719.8473743074728,722.4724222854041,709.940093549354,711.3795776367188,7855800
2021-12-13,716.88360847706,717.9844633341105,701.8956504899604,702.8270874023438,9785000
2021-12-14,698.5932558180702,705.028760895304,696.7303301325558,700.710205078125,7111800
2021-12-15,697.4924037749574,703.9279084022587,696.8149903957669,698.7625732421875,11112200
2021-12-16,702.8271371758013,712.7344698075962,702.0650147874593,709.3473510742188,9102800
2021-12-17,709.6013121949318,726.960294175834,709.2625796780717,721.0328369140625,11744600
2021-12-20,709.6013398105338,717.0529903215206,699.4399841091896,701.2182006835938,6321600
2021-12-21,708.9239097689575,716.7142926268568,707.8231065971876,709.8553466796875,5862100
2021-12-22,710.448182689007,712.7344982619791,706.8916975403098,710.363525390625,5120200
2021-12-23,718.0691130362081,723.911913049102,713.6658487045096,721.286865234375,4484300
2021-12-24,721.1174874474372,722.1336333051742,711.0408412068016,713.9198608398438,3540000
2021-12-27,715.1900939996807,716.2062399480061,706.4682736696026,711.4642944335938,2991400
2021-12-28,718.3231980456397,719.2546867112086,711.5489605505809,716.629638671875,4566500
2021-12-29,715.6134267442554,723.9965655449482,715.0207223647388,721.0328369140625,4669600
2021-12-30,718.0691193056778,725.2667460911711,713.073098863593,721.4562377929688,2889400
2022-01-04,734.1580390304816,734.4120626173548,718.7466373323906,723.14990234375,4921700
2022-01-05,737.0369247514444,739.6619206252692,730.5167120234642,737.12158203125,5157600
2022-01-06,736.0208560493332,740.9321675087258,732.1256387872915,733.1417846679688,5086900
2022-01-07,732.803230779767,740.8476385634636,731.7023757363822,735.6822509765625,6109300
2022-01-11,738.0531127568239,744.9967161340209,736.3595534786455,743.0491333007812,4362400
2022-01-12,745.1661101415066,759.0533174129301,743.6419170710649,755.6661987304688,4749100
2022-01-13,762.1016778431863,769.0452812446453,757.5290471027961,766.589599609375,5194400
2022-01-14,776.0735467586867,779.0372755242681,759.984733459816,766.8436279296875,8150200
2022-01-17,762.1017045276292,777.3437386181818,762.0170472337913,767.6904296875,3660400
2022-01-18,763.4565008166655,775.3114157466345,762.5250638883562,763.964599609375,5613100
2022-01-19,760.7467906454518,772.6863619763598,752.5330184335315,757.2749633789062,7158500
2022-01-20,755.1580806400262,770.4848232968926,753.379864050461,766.7589721679688,6025900
2022-01-21,756.7670232472514,759.9847757494127,743.8959615552748,751.9403686523438,6396000
2022-01-24,752.0249636388702,760.8314924045857,748.8072114033181,758.9685668945312,3492700
2022-01-25,753.0411047935718,753.0411047935718,741.8636034867961,747.1136474609375,4327700
2022-01-26,747.5371224200301,749.9080952864886,739.7467387016671,740.9322509765625,4250200
2022-01-27,748.5532349541178,754.8194252413191,732.7184446472686,739.6620483398438,5410000
2022-01-28,758.3758820540927,769.7227507584073,754.480716089924,764.04931640625,6784800
2022-01-31,756.936299936107,759.9846858019268,749.7386733853367,757.8677368164062,3845000
2022-02-01,755.5814621860384,756.2588755611494,743.7265472299497,745.33544921875,5667100
2022-02-02,745.9282232536698,766.0815688273367,745.9282232536698,762.6097412109375,5460500
2022-02-03,767.0131069221319,777.3438304742521,712.2264453526934,714.7667846679688,15832800
2022-02-04,698.6778450563803,707.6537400546624,681.7422526256516,702.9117431640625,15176200
2022-02-07,692.4963860001778,711.1255382616238,686.3149049046364,710.7021484375,6808700
2022-02-08,706.9763150637738,713.0730868918781,701.9802947055667,711.8029174804688,4547300
2022-02-09,711.2949984087601,713.3272905061191,705.6215636800232,709.6860961914062,6865100
2022-02-10,714.3433455088823,719.7627563476562,709.6860570854562,719.7627563476562,5020700
2022-02-14,710.2787208480743,715.1900322101114,702.7424133893711,704.5206298828125,6134600
2022-02-15,699.4399465483843,710.2787150444304,688.5164690827128,690.37939453125,11786500
2022-02-16,698.2544922399783,717.984499813758,697.1536890103243,716.036865234375,9956300
2022-02-17,719.762705330115,723.0651666514316,713.8352477568081,715.6134643554688,6051900
2022-02-18,706.806934566793,715.444096727044,704.1818868261005,711.0408325195312,4936000
2022-02-21,699.6093845041042,702.4037471216291,693.6819267224871,700.117431640625,3746600
2022-02-22,687.415727312552,687.5004362897398,681.7422931741495,685.72216796875,5574700
2022-02-24,677.9318877361342,682.7585429365713,670.8189684205813,675.4762573242188,7708700
2022-02-25,684.1979370117188,686.822933175933,671.1575101131648,684.1979370117188,7694500
2022-02-28,694.3593212866933,700.2021216147543,685.2141112942173,692.15771484375,6239800
2022-03-01,699.8633890773806,703.5892402551773,691.4802497690023,692.15771484375,4955900
2022-03-02,682.1656073793334,684.8753123656612,676.2381503331956,678.0164184570312,5294700
2022-03-03,674.8833546070935,680.4720794047878,671.5808934281574,677.0849609375,5483300
2022-03-04,675.9841924637324,678.185850590454,661.6736472150216,664.38330078125,6980600
2022-03-07,652.0203357646244,654.8994072712023,640.2500778612563,645.5001220703125,5935500
2022-03-08,634.1532763163565,637.117004978061,614.253955302054,616.2015380859375,8375200
2022-03-09,616.624932404063,620.5200980003149,607.2256475696395,609.511962890625,7479400
2022-03-10,639.9113933213627,649.9880401696664,634.4073255836354,649.8187255859375,6076800
2022-03-11,632.9678285725911,637.3710933688928,630.935536610196,635.0847778320312,6253200
2022-03-14,637.7097398871139,655.2380891476956,637.4557163263315,650.07275390625,4009900
2022-03-15,652.1898043172157,666.7544270356871,652.1898043172157,661.1656494140625,3300500
2022-03-16,667.2624196526988,670.8189048149254,660.4881818897272,665.9075927734375,5577300
2022-03-17,673.0204515408099,673.6132076290032,666.7543131775136,673.2744750976562,5558500
2022-03-18,667.6011988100311,680.3875528067424,666.9237336397836,679.4561157226562,12561900
2022-03-22,685.1294230735783,702.3190920411329,685.1294230735783,695.37548828125,7781700
2022-03-23,700.8795276548567,705.0287169358578,695.4601172136911,701.3029174804688,6400100
2022-03-24,688.9398257308989,698.4237670898438,684.1978808930876,698.4237670898438,5591400
2022-03-25,702.4037517722879,718.8312984062982,701.218239534783,716.5449829101562,7480200
2022-03-28,717.2223451357128,722.3030229052691,710.4481081096376,712.3956909179688,3574800
2022-03-29,712.2263509768775,719.6780533276088,710.4481343651473,718.15380859375,4581400
2022-03-30,714.2746695135925,719.7916565494668,695.2239173738263,705.3096313476562,5894900
2022-03-31,701.5168355991536,707.1200052966132,697.3791208068861,704.3615112304688,5127200
2022-04-01,701.6890088072423,704.7922806753342,695.7410096772063,699.7925415039062,3645000
2022-04-04,694.7929239011675,700.6546899075806,689.7069496905784,698.1548461914062,4245900
2022-04-05,692.2930647867472,696.6031948193229,685.741688182789,691.5172729492188,5272700
2022-04-06,687.7243946607115,688.8450180395849,679.5351469178647,680.8281860351562,5224400
2022-04-07,670.6562579815204,673.4147518276164,664.966907172736,672.3803100585938,5454800
2022-04-08,678.8455314127782,680.8281808547601,665.7427246011429,672.9837646484375,5901200
2022-04-11,672.638888223189,680.9143695261923,672.638888223189,676.4318237304688,4152900
2022-04-12,672.3801548183742,675.3110637182634,661.7772475151685,664.0184936523438,5524200
2022-04-13,666.3460682244729,671.0010294620236,662.208354132144,669.2769775390625,4462800
2022-04-14,669.3631129308486,680.138436706297,667.8114768299612,678.7592163085938,2848300
2022-04-15,672.3802848275984,675.0525444012283,667.2081287904631,670.3114013671875,3167200
2022-04-18,662.8117326757645,664.6219660123452,658.9326161426185,663.5875244140625,3999900
2022-04-19,674.1042907192506,679.7936409252899,671.2596156162309,676.6041870117188,4310700
2022-04-20,681.0866602402064,685.8278028133891,678.0695695118173,683.7589721679688,4655600
2022-04-21,681.3453259677235,690.8276113348084,680.9143129964924,688.7587280273438,3381200
2022-04-22,675.8282806569767,682.9830848401349,674.5352418546994,681.1728515625,3184400
2022-04-25,663.6738179756845,670.7423888665534,662.4669605673513,668.0701293945312,3915700
2022-04-26,661.6049265398862,669.707991636875,661.173913558427,666.3460693359375,4274400
2022-04-27,650.4847311910887,659.277406003309,650.226133940647,654.7086791992188,4609000
2022-04-28,667.4667123788439,684.8796478694806,664.2772056985867,683.5866088867188,4460000
2022-05-02,676.8627644911373,686.0864523795049,675.1387126471018,685.3967895507812,3231300
2022-05-06,693.9308861657552,709.6197688974978,690.2241851226785,708.6715087890625,6579200
2022-05-09,705.1372599008387,709.1887925770814,700.3961169552952,703.3270263671875,3568700
2022-05-10,694.7929498220699,700.9133133220924,689.0173651506466,698.9306640625,4023100
2022-05-11,687.7242344474671,691.6033508956573,682.0348847023419,687.4656372070312,3813200
2022-05-12,696.0859301559942,700.6546570076154,686.6898265857333,691.3447875976562,5101200
2022-05-13,680.4832460875425,704.7061521051761,648.2434573493485,661.6048583984375,12575200
2022-05-16,650.0537312719431,656.5189257320693,628.7617329410369,639.795654296875,12369100
2022-05-17,649.6227196515356,666.8632382475306,649.1055251392107,664.1047973632812,5268300
2022-05-18,669.3631816835335,692.2930519873422,669.3631816835335,679.0178833007812,7621400
2022-05-19,658.6739817543831,671.2595917036588,656.0017224587785,670.052734375,4565800
2022-05-20,659.4498946505728,670.9148300086475,657.9844399174598,670.2252197265625,6114700
2022-05-23,672.8975046361581,678.7593237893226,669.8804135012798,672.3803100585938,4591000
2022-05-24,678.931645564567,679.2764770045419,663.7600092557071,665.3116455078125,4437400
2022-05-25,663.6738472295268,665.311665082869,656.260391963072,659.622314453125,5453700
2022-05-26,658.7602891679386,669.2770170415034,657.7258474303287,658.2430419921875,3221800
2022-05-27,663.7600829449631,664.4496932875811,655.139822127496,656.3466796875,4498700
2022-05-30,660.5704757092394,671.5182158093975,659.9670470207793,667.5529174804688,11871100
2022-05-31,663.5875864358518,669.794183991758,657.3809888799454,660.4843139648438,22458300
2022-06-01,663.2427080924379,677.4661345757672,663.2427080924379,676.25927734375,6118700
2022-06-02,678.9315885804195,682.4659263948997,674.7938747174621,677.5523681640625,4312500
2022-06-03,680.3109286757854,685.5692662221362,675.2249542380561,685.3106689453125,5050200
2022-06-06,684.8796863917613,685.9141281589328,673.4147506225194,675.4835815429688,4722200
2022-06-07,687.8105317691688,689.1897522540779,679.2764537538629,681.5177001953125,6175500
2022-06-08,681.0004872657775,683.931396484375,676.2593446329143,683.931396484375,5144500
2022-06-09,681.5176472451736,689.1896987078633,679.5349982219493,683.0693359375,4343600
2022-06-10,680.310957463536,681.8625938040282,675.655995828166,678.3283081054688,4626100
2022-06-13,665.3977836559178,669.2769000333587,663.0703033066766,666.0011596679688,3695600
2022-06-14,657.7258662264492,677.983478095809,656.5190087290999,675.4835815429688,6274500
2022-06-15,674.9663463196325,693.9309179914486,674.10432033455,691.1724243164062,6204800
2022-06-16,691.2586498834195,702.0339745628974,686.17267558915,691.0,5969500
2022-06-17,671.9491500887734,672.811175938791,664.0185017458343,667.294189453125,7273200
2022-06-20,668.3286986943618,670.2251662792802,644.8815826760263,646.1746215820312,4725600
2022-06-21,654.2776921324786,658.7602375684169,649.1917180123756,655.3121337890625,4216500
2022-06-22,656.8636923575733,662.8978732584959,650.139901305036,650.3984985351562,3814900
2022-06-23,644.7092828530856,649.0194129627762,638.7612822561553,640.0543212890625,6245900
2022-06-24,620.658711701825,636.7786082090812,619.7966857133503,636.3475952148438,7258300
2022-06-27,650.0537636778782,652.2088286053528,642.2093483874266,648.1573486328125,4919300
2022-06-28,650.6571387840759,653.9328266812325,647.0366194813719,653.07080078125,4564200
2022-06-29,650.3985355249187,650.3985355249187,640.5714193103997,642.2092895507812,6750400
2022-06-30,637.8991881413247,639.3646427449672,633.7614742004827,635.3131103515625,5654600
2022-07-01,634.4510953732101,638.4163936737374,623.4171738025407,627.8997192382812,7409200
2022-07-04,633.5890412184954,637.295742093323,630.3133532968776,634.882080078125,3367800
2022-07-05,637.0371974592199,638.4164179778516,632.6408860189275,634.709716796875,4131900
2022-07-06,627.2963355408405,631.0892184016374,622.9862055077357,624.537841796875,4901100
2022-07-07,629.3650931367645,638.5887808568444,624.0205746088752,634.7958984375,4349500
2022-07-08,636.6923375285186,649.0193505478841,635.3131170716116,641.5197143554688,6283300
2022-07-11,647.2090886742458,652.0364656814493,645.312621014769,648.3297119140625,4307000
2022-07-12,635.5717641588448,637.4682318961892,623.7619973453594,624.537841796875,6673400
2022-07-13,626.0033238236485,630.0548567541857,619.8829073414644,622.2103881835938,5833400
2022-07-14,617.2105186841021,619.882777817209,611.7797662631499,619.020751953125,5352400
2022-07-15,618.4174562376294,619.5380794836689,611.6074299815668,613.3314819335938,4232900
2022-07-19,621.5206638835218,626.8652349001653,617.9863787960348,625.4859619140625,4052000
2022-07-20,634.4511429981519,642.1231955283331,631.8650649696268,641.3473510742188,4621500
2022-07-21,636.6061651424995,640.9162948997271,633.7614900255072,640.3128662109375,2800400
2022-07-22,635.2269089391182,644.8815569611972,634.9682590771207,643.84716796875,3584100
2022-07-25,643.5023456446824,643.6747613504857,638.8473846574248,642.5541381835938,2766000
2022-07-26,646.5195404649861,652.8123201360663,644.8816699169168,645.1403198242188,3343300
2022-07-27,643.9333660262879,647.7263011421448,640.0542493634789,647.3814697265625,3287600
2022-07-28,656.6051139316215,661.4324377450539,644.191920391533,644.7091674804688,4312600
2022-07-29,643.9333938193607,648.7607181625444,640.0542769891235,641.9507446289062,3710900
2022-08-01,646.260889045253,650.571018954033,644.1058240908629,649.8814086914062,3243800
2022-08-02,639.8819221938273,644.450649706072,637.0372467702707,642.0369873046875,4431800
2022-08-03,638.7612217710347,655.0535330884827,634.6235077803157,638.5026245117188,10763500
2022-08-04,622.3826572752099,623.7618775754194,607.1247893649388,614.02099609375,13095500
2022-08-05,611.3487954499305,623.2447426710826,609.4523278955122,621.4345092773438,6037900
2022-08-08,620.7448094816601,632.6408086082838,619.1931734345868,631.2615356445312,3958400
2022-08-09,633.5890250969918,634.3648694385828,628.0720383907295,629.968505859375,2736100
2022-08-10,639.6232738185672,642.2093517450573,633.1580790023418,639.2784423828125,4023600
2022-08-12,641.1749678611113,648.4160077537043,640.3991759815516,646.7781372070312,5365300
2022-08-15,650.6572339868329,655.3983771304509,647.0367141543824,653.9329223632812,3629900
2022-08-16,651.950294082113,651.950294082113,643.7610465695565,645.1403198242188,3311400
2022-08-17,646.5194506401206,654.6225154670318,646.5194506401206,653.6742553710938,4947800
2022-08-18,648.2435847274436,650.8296628580052,643.1576100251148,643.588623046875,3716800
2022-08-19,646.5194794775599,648.9331416781648,645.140258966897,645.3126220703125,3257000
2022-08-22,639.5371187768061,642.3817940910853,635.313170276224,638.4164428710938,9128200
2022-08-23,630.3995434848459,635.7441147007003,628.3307128494062,635.1406860351562,6366400
2022-08-24,636.4338285076226,644.7093102380779,635.3132051542815,637.6406860351562,4455000
2022-08-25,634.5372836960805,637.2095957218231,632.7270502382296,634.1925048828125,3889800
2022-08-26,637.8992059622478,639.1922448932523,633.1580632152311,634.1925048828125,3113200
2022-08-29,624.9688610604454,632.5546794719179,622.0379515630187,630.8306274414062,4799900
2022-08-30,631.089162249396,636.2613178289204,630.3995520282369,635.3131103515625,3187300
2022-08-31,627.0377267665074,635.3993367863283,627.0377267665074,631.8650512695312,5210200
2022-09-01,625.8308113916522,628.7617205346332,621.6930975415921,622.813720703125,5660200
2022-09-02,620.6586812129434,625.5722396286568,619.0208108697427,624.8826293945312,5178200
2022-09-05,625.5723259283575,631.5202742088536,623.2448450299478,627.0377807617188,3771800
2022-09-06,630.0547580806583,632.7270173536274,624.7963684661997,627.2962646484375,2534700
2022-09-07,625.8308029952299,626.865244597338,618.3311671473034,621.0034790039062,3878800
2022-09-08,627.0376823778921,635.6579416758346,626.3480195429469,635.2269287109375,5457100
2022-09-09,630.571942430203,635.6579162581743,627.0376573049248,633.2442016601562,6898800
2022-09-12,640.6577087957955,641.9507477454855,632.0374491311964,632.8994750976562,2853700
2022-09-13,633.1580632152311,634.968296673082,628.847933445216,634.1925048828125,3458100
2022-09-14,620.658638655644,625.141183790934,617.9863794514306,622.3826904296875,5019000
2022-09-15,619.7968054022058,620.8312473109146,617.3831426911527,619.6243896484375,4538400
2022-09-16,614.1934381585488,616.9519314913009,613.0728150397732,613.1589965820312,7160400
2022-09-20,616.9520015556284,618.8484692256361,612.900468945587,613.3314819335938,5592700
2022-09-21,611.8660629349688,614.7107382989337,610.0558293253257,611.1764526367188,4694600
2022-09-22,611.176348316036,613.5900102548738,607.1248161612627,610.1419067382812,5280600
2022-09-26,605.9180089744959,605.9180089744959,581.5226346051286,584.2811279296875,11795300
2022-09-27,589.5395086402655,596.9529100151165,583.6776906818624,584.1087036132812,7164200
2022-09-28,575.4885146184643,584.4536057222972,574.8851385325765,581.2640991210938,7610000
2022-09-29,593.1662628233431,594.3123819001296,583.3800987995605,589.6397094726562,7136900
2022-09-30,586.2894004734837,596.5163820250422,580.2942715015039,583.2918090820312,6179700
2022-10-03,582.7629412010036,590.5213478103279,578.4428918220387,589.6397094726562,5487200
2022-10-04,601.541722408779,607.8895280981675,597.221727592098,605.5090942382812,5767900
2022-10-05,611.8570223251548,612.4741799398312,604.9802538738891,606.6553344726562,3970600
2022-10-06,605.9500254456335,613.0031322252968,605.0683870981757,608.0659790039062,4966400
2022-10-07,599.2495357612089,601.1891506943493,596.163801852872,597.66259765625,5248800
2022-10-11,590.6976180201154,596.9572279702859,588.405380131274,588.6698608398438,5595900
2022-10-12,584.5261966104003,586.1131347982874,578.5310668945312,578.5310668945312,4971400
2022-10-13,577.6493978690293,581.3522893177973,575.3571061098257,579.0599975585938,4079100
2022-10-14,589.2870541787711,595.1058453646307,584.2617051668391,591.4911499023438,6077300
2022-10-17,585.9368029515372,592.0201288528041,585.407841486615,588.8462524414062,4163200
2022-10-18,594.9294526879287,596.5163907019887,589.1106620327337,592.4608764648438,4326900
2022-10-19,593.9596703873893,601.8062181374441,593.9596703873893,594.84130859375,3730400
2022-10-20,590.6976483792257,595.8993357624596,588.3172142578995,589.1988525390625,5241900
2022-10-21,580.3824006125421,585.0550721840746,580.117919921875,580.117919921875,6416900
2022-10-24,589.8160430678747,593.0781156527089,585.4959937243198,586.2894897460938,5284700
2022-10-25,588.5816261856388,592.1963750024673,585.760427064408,589.3751220703125,3955500
2022-10-26,592.19643941887,599.8667031649969,589.639666899851,595.1058349609375,3522400
2022-10-27,592.8135871163115,593.5188869616117,586.5539231883164,588.3171997070312,3588500
2022-10-28,588.9342968456738,592.7253302098909,586.7302014233471,587.1710205078125,6268900
2022-10-31,590.6975925394167,596.780917628745,590.4331118422558,592.5490112304688,3768400
2022-11-01,598.4559954097596,599.073152907832,592.7253471479481,596.0755615234375,3344000
2022-11-02,593.6069964307891,596.6045878711793,588.5816478682178,591.2265625,6515900
2022-11-04,587.1710799242894,589.4633178710938,580.8232737034626,589.4633178710938,6012900
2022-11-07,594.2242082477595,594.8413658137638,587.3474403388292,590.2568359375,7709000
2022-11-08,590.6095726018858,617.8521662718774,585.7605615092955,616.794189453125,18770600
2022-11-09,619.0864421404721,628.1673061193796,609.3002244533156,626.8448486328125,10931500
2022-11-10,620.4969737660924,627.1974565817974,616.4414594438732,616.6177978515625,8540300
2022-11-11,630.3713711720322,639.8049115447648,628.0791331648696,636.6309814453125,10487100
2022-11-14,640.0694378176363,642.5380144189335,636.2784037001869,636.9837036132812,5030200
2022-11-15,639.2758561585915,650.1200493873088,638.3060756343465,649.0620727539062,5783600
2022-11-16,643.3315212480163,643.772340427464,632.8400032527894,633.3690185546875,5177100
2022-11-17,631.2528881198223,640.4219460079419,630.3712500079231,636.7190551757812,3842800
2022-11-18,638.3942148197782,642.2734445196968,631.2529667482538,632.8399047851562,2854400
2022-11-21,633.0162499524622,635.2203455302911,629.7541777350899,633.8978881835938,3052900
2022-11-22,632.1345541277335,633.9859727200567,628.8724822075677,629.136962890625,5054400
2022-11-24,634.7795539305006,638.5705877265107,629.930543449087,637.9534301757812,5199100
2022-11-25,647.1225190630187,650.5609299938571,643.5078235190558,648.9739379882812,6184000
2022-11-28,649.9437810845882,651.5307193003999,638.3061444837476,638.4824829101562,4420500
2022-11-29,636.5428966955204,640.7747500664892,634.0743200466999,640.2457885742188,3597500
2022-11-30,640.7746716679342,645.535539759618,639.6285527009521,642.890625,7397400
2022-12-01,646.2408147422534,650.0318483230308,643.5959000843724,645.6236572265625,4863300
2022-12-02,639.0113977389715,641.8326509227959,626.4921237307642,630.0186767578125,5706600
2022-12-05,633.4571379164441,635.0440761427748,629.5779077534734,633.7216186523438,3426700
2022-12-06,638.3061220942702,639.8930602544178,634.5150882086589,637.7771606445312,3581100
2022-12-07,635.0440055762227,642.6261266320561,632.2227524812831,636.1901245117188,4419300
2022-12-08,633.1925368745101,633.7214982458071,627.6382272322006,631.341064453125,4952400
2022-12-09,626.1395550144478,638.3942955596343,626.1395550144478,637.1600341796875,5405900
2022-12-12,637.3363300674162,637.8652915076669,632.1346427242532,633.28076171875,3265600
2022-12-13,640.9509871871236,642.0971061131684,632.2227472677702,632.8399047851562,3459700
2022-12-14,636.5428046665364,642.7142723018076,634.691385900326,641.9207763671875,3915900
2022-12-15,637.5125886194728,641.9207798111742,635.5730275438664,637.2481079101562,3919600
2022-12-16,630.2831937977579,631.5174550364256,622.1721112983852,622.3484497070312,7107900
2022-12-19,617.1467491643346,622.5247207398247,616.2651109512426,620.2324829101562,3754900
2022-12-20,623.3182759187317,624.1999142156465,610.0937014650104,613.3557739257812,4867700
2022-12-21,612.2978216773217,613.3557984380869,601.4536809540785,602.5116577148438,4488400
2022-12-22,607.0079645032573,609.6528793812672,603.393269027683,607.6251220703125,4306800
2022-12-23,602.3352507379535,605.2446461407565,598.7205017009571,602.5997314453125,4143000
2022-12-26,604.5393641287118,609.2120361328125,604.0103488874806,609.2120361328125,2536400
2022-12-27,613.7083418033898,615.0307991299113,604.539336626063,605.156494140625,2578600
2022-12-28,603.1287344911372,609.035721814212,603.0405921862426,607.6251220703125,3454400
2022-12-29,602.5997366243712,605.949951171875,600.6601217355235,605.949951171875,2633300
2022-12-30,606.9197871001693,612.4740972605978,602.2470613704977,603.65771484375,2820000
2023-01-04,600.7483058766497,601.7180863962877,591.0502854365631,591.138427734375,5556000
2023-01-05,592.4607813847892,600.571862368312,591.5791433172523,598.896728515625,3356700
2023-01-06,598.8087539139177,602.1589687465142,597.3099580172232,599.161376953125,2881500
2023-01-10,603.1287133563229,609.1238965851403,602.5116096218231,605.6854858398438,3978600
2023-01-11,606.5670708216667,607.4487090060005,600.6600842244453,605.5090942382812,4417000
2023-01-12,604.8038254748528,608.8593398064357,604.7156831762682,604.8919677734375,2980000
2023-01-13,602.7760919646248,606.4789834362596,601.0128154363157,603.3932495117188,3324400
2023-01-16,599.5140048379978,600.307500780537,592.0200797775229,593.1661987304688,4719000
2023-01-17,598.4560312239272,612.9149199972264,598.3678889236099,609.3001708984375,6948300
2023-01-18,612.6505086767874,623.0538304061798,608.77127842674,617.3231811523438,5293500
2023-01-19,617.9402035221789,620.408779590632,613.3556743602389,614.0609741210938,4647900
2023-01-20,615.5599157370629,622.9656456988388,614.0611197579505,621.7313842773438,4765800
2023-01-23,631.0766883985673,632.4873419741137,623.5827628008216,624.7288818359375,6902200
2023-01-24,630.1068709504918,632.9281241257216,628.5199328553404,632.3991088867188,5932500
2023-01-25,638.3061089558057,645.8000342681322,633.7215791790201,644.9183959960938,8974400
2023-01-26,647.7395629882812,650.9134388206755,646.3289096542774,647.7395629882812,6176200
2023-01-27,653.822959062748,655.7625741362773,648.709467549577,654.616455078125,6893000
2023-01-30,652.2359709116411,653.2939475808403,637.86527810356,640.5101928710938,9256400
2023-01-31,643.1550620850538,645.1828191676881,639.0995479197853,640.157470703125,4686900
2023-02-01,645.4473082023276,646.2408041110087,637.9533834616133,638.9232177734375,4389000
2023-02-02,626.8448476642901,627.9909667220242,615.207211038294,618.8219604492188,9398900
2023-02-03,615.3834876190983,618.8218982576734,610.1818005117005,610.6226196289062,6461600
2023-02-06,616.7059523620727,622.083924132067,613.6202185046499,620.9378051757812,4950200
2023-02-07,625.081489771057,631.9582570345619,604.8038109773556,624.9051513671875,10760900
2023-02-08,645.447339105078,665.6368764857726,644.5657008580769,659.1127319335938,20394200
2023-02-09,652.1478303258425,659.7298978216784,648.8857580084511,657.8784790039062,7140700
2023-02-10,658.2311000962214,666.4303789219152,655.5861853294631,660.2589111328125,6392600
2023-02-13,662.0222246536298,663.609162840215,656.0270411317468,661.8458862304688,4525500
2023-02-14,668.281844820385,669.6924446043399,656.9968851159475,659.3773193359375,6101900
2023-02-15,675.33498050005,691.116328592245,675.33498050005,687.6779174804688,15610800
2023-02-16,686.0026248826175,686.7961207441748,679.5666771320517,684.9447021484375,6274500
2023-02-17,693.3203825210438,711.3939677199652,686.090937679289,710.4241333007812,18716000
2023-02-20,708.9253325095818,719.7695266024974,706.1041330102498,716.3311157226562,8301900
2023-02-21,714.0388777136785,727.3515944637331,710.7768052551095,725.5883178710938,7552400
2023-02-22,712.3638035552332,716.2430339108488,703.9000967205354,708.3082885742188,7779100
2023-02-24,719.7695740695757,729.9084151453593,717.8299589276736,723.472412109375,10901700
2023-02-27,723.6486483022933,723.6486483022933,714.2151084806659,717.3008422851562,7217400
2023-02-28,704.0761900966021,712.1872716663407,698.4337383431169,699.1390380859375,10310900
2023-03-01,698.6102008441093,708.7490411547818,694.7309708530448,706.0159301757812,8416900
2023-03-02,709.7187905124181,710.8649094740414,703.7236611808343,706.633056640625,4664500
2023-03-03,705.0460666828094,717.8298203539973,705.0460666828094,715.7138671875,6856500
2023-03-06,720.651122565518,724.2658178435308,716.507412054258,721.7090454101562,5191600
2023-03-07,718.7996988838961,727.704278045747,712.8045691755889,717.3890991210938,7580100
2023-03-08,711.4820923053148,717.4772218500385,711.041273165101,713.1572265625,4586900
2023-03-09,710.6004395075063,713.8625118406322,707.2502248725103,712.2755737304688,6340200
2023-03-10,703.4592238582295,714.3915065346231,702.6657278607394,709.2780151367188,6008900
2023-03-13,700.5497175530572,702.3129940168816,690.8516970020231,694.2019653320312,4510800
2023-03-14,682.2117313049821,682.3880697337667,666.5185797399581,672.9545288085938,5831500
2023-03-15,681.4181358603565,686.355287890499,678.2442062887609,682.8287353515625,4445900
2023-03-16,662.1102565024614,668.3698658984218,654.969008948708,667.4000854492188,6215900
2023-03-17,672.5136738807706,674.2769504529861,665.1079445640243,670.1332397460938,6279400
2023-03-20,665.636862956175,673.218930201901,663.3446250849352,666.4303588867188,3708100
2023-03-22,679.1258869639014,679.6549021644321,672.1609775497732,676.2164916992188,4969700
2023-03-23,668.9871073480329,679.4786242671221,668.6344843272051,677.3626708984375,3830400
2023-03-24,677.010073716261,677.010073716261,671.6320477868181,673.4835205078125,4040200
2023-03-27,678.8614683717611,680.6247449129864,671.9847006231681,675.0704345703125,4326800
2023-03-28,681.2418430363441,683.09326171875,677.7152902615328,683.09326171875,4098600
2023-03-29,689.8819339747927,692.5268487376353,686.0027041315853,691.4688720703125,5283300
2023-03-30,694.2552026217375,697.3111868137623,690.0306974120277,696.7719116210938,3519000
2023-03-31,701.895289369626,710.5240221538115,699.2886644347443,706.2096557617188,4665000
2023-04-03,714.389014609481,716.9956396916712,709.8050103451033,714.9283447265625,3076600
2023-04-04,714.4789192509886,716.9956285110127,710.7038279308787,713.1306762695312,3701800
2023-04-05,703.8726845119282,706.6590862059672,695.333812450465,697.1314697265625,4658800
2023-04-06,690.3003836290895,692.6373161087756,685.8961014248978,689.7611083984375,4931500
2023-04-07,692.8170752529938,699.1987912414696,692.3676609521215,697.3112182617188,3069400
2023-04-10,703.6930117247108,704.9513389896053,695.4237767062099,699.468505859375,3091400
2023-04-11,709.3555906835119,712.3217142946652,701.5357703558185,707.468017578125,3303400
2023-04-12,708.2770277713048,714.5688287794255,707.2883381283749,711.6925659179688,3241100
2023-04-13,715.2878775850278,716.8158973664912,706.74900482643,710.9735107421875,3204200
2023-04-14,709.6252552063797,715.2878650168706,708.4567888740801,711.4229125976562,3719800
2023-04-17,711.1532283654584,714.3889895136855,706.389447562734,713.9395751953125,3046300
2023-04-18,715.8271693529653,727.3321652704811,714.9283406897194,721.6695556640625,4197300
2023-04-19,717.2653261467617,722.748159452695,716.4563583461444,720.5910034179688,3086700
2023-04-20,717.7147748364748,719.7820700411802,714.5688741327458,718.5237426757812,2418600
2023-04-21,714.6586789627905,719.5123758972883,714.0295427595577,716.9956665039062,2504900
2023-04-24,714.9282617932674,716.5461422365377,710.8835332550207,714.6585693359375,2282200
2023-04-25,719.152746705449,722.1189249974433,714.1193284489854,714.4788818359375,2871100
2023-04-26,705.7603383863068,707.2883582179963,695.6934455153462,700.0078125,4919300
2023-04-27,698.3000801116359,708.2770573253298,694.1654349319696,705.9401245117188,3160800
2023-04-28,707.6477468291015,714.1193237304688,703.7827948155532,714.1193237304688,4755300
2023-05-01,719.0628956079872,719.7819475315662,712.0520433478384,716.6360473632812,2891600
2023-05-02,715.467608826665,715.467608826665,709.715083495055,713.1306762695312,2308400
2023-05-08,713.1307184021443,714.8384600301306,708.3668823647575,710.2544555664062,3278500
2023-05-09,710.7936536675497,718.1640592400396,708.4567212260955,717.4450073242188,3898700
2023-05-10,715.6474578754148,719.78204815913,714.6587133396374,718.2540283203125,4232700
2023-05-11,710.2543997287124,714.3889895136855,709.5353477913449,713.9395751953125,3832400
2023-05-12,718.2539701360888,719.4224912982711,712.5014995490957,715.6473999023438,4725300
2023-05-15,715.6473893137044,720.5909469385213,705.8501349859173,719.0629272460938,6725400
2023-05-16,722.4785002907387,730.4780976891888,717.355165713088,729.3096313476562,7230500
2023-05-17,727.1523784894109,729.3994501163869,714.9283307827208,715.7372436523438,5185300
2023-05-18,718.7033352931934,725.3546889575559,713.1306417940268,722.658203125,5835200
2023-05-19,722.568417466101,727.9613896929106,720.0516532054695,725.1749877929688,5308700
2023-05-22,723.9165770844644,731.6464811078856,723.5570237000588,730.9274291992188,3588000
2023-05-23,732.6352678989105,736.1407218517891,726.1637450015213,729.9387817382812,4769200
2023-05-24,731.0172889290743,734.5227424108355,727.3321136155462,733.1744995117188,3274400
2023-05-25,729.7590198400682,739.0169441782107,728.2310001275246,737.668701171875,4349900
2023-05-26,736.8597426036574,740.5449731163073,734.1632565573935,734.6126708984375,4259200
2023-05-29,741.5336336014726,753.128545089118,741.2639959794651,742.252685546875,5856000
2023-05-30,734.7026112014331,735.601439913517,713.3104439657158,723.2874755859375,7878700
2023-05-31,711.872372392847,714.0295833441594,703.1537225165099,704.0525512695312,11172000
2023-06-01,699.0191244009866,706.1198385545732,693.5362361526118,704.8615112304688,5361100
2023-06-02,709.1757731419165,717.4450073242188,706.4792873124795,717.4450073242188,5959000
2023-06-05,730.9274869087891,735.9609055270095,726.1637059200898,728.3208618164062,4425100
2023-06-06,722.3885685874711,732.72509765625,719.0628917411393,732.72509765625,3415000
2023-06-07,735.421634554151,737.488929539392,721.3100133520561,723.4672241210938,6951400
2023-06-08,725.1749577642556,729.2196867668749,716.4563087199132,722.3886108398438,5635000
2023-06-09,727.6916439168634,729.7589936739037,723.0177788839371,726.2535400390625,5660600
2023-06-12,730.567877007569,734.3429681094136,725.2648211698665,728.6803588867188,3261100
2023-06-13,730.9274823245928,734.612657911947,726.4333389936006,729.848876953125,4947100
2023-06-14,735.8710272982327,744.4997604008718,735.6912505960637,742.9717407226562,6990700
2023-06-15,740.185456154308,744.9492374319653,734.702622867596,742.6123046875,5275400
2023-06-16,741.2640273991431,747.4659124087806,738.0282112174568,744.6795654296875,8262900
2023-06-19,746.5670786862077,747.286185517385,734.7025840138649,740.994384765625,4622600
2023-06-20,738.3877281826803,740.7246607039594,735.6912422611367,738.5675048828125,3599400
2023-06-21,732.3655213436834,744.5896230367621,731.1970551532054,744.05029296875,4020200
2023-06-22,737.1293624856296,749.9826562180893,735.2418442427573,745.9379272460938,4062400
2023-06-23,748.4546582893205,748.9040726326117,738.8371803708573,742.4324951171875,5898400
2023-06-26,745.1290054771666,765.2627906572808,744.8593678344282,761.3079223632812,8238600
2023-06-27,765.2627608442084,765.7121751846477,754.2071241812808,761.84716796875,4063200
2023-06-28,764.3639162740027,776.1385498046875,763.2853109073401,776.1385498046875,5776500
2023-06-29,780.0934118068355,783.2393121000948,773.531918735634,778.0260620117188,5258500
2023-06-30,779.2844343595964,780.9922307272806,767.7794386882546,775.868896484375,6089700
2023-07-03,780.1833096520069,793.3061866951812,778.0260988333331,793.12646484375,6541300
2023-07-04,792.7668853578439,793.036522986276,779.6440087460929,781.7113037109375,6125300
2023-07-05,777.6666030409461,787.4638029652989,775.86894563903,786.7447509765625,3343100
2023-07-06,781.9809770930698,783.508996870914,773.7117419954577,775.5093994140625,4755500
2023-07-07,769.6669619437357,772.9027779994909,758.6113805219032,764.9930419921875,4975100
2023-07-10,770.2961637817365,772.0938211067814,761.3977380787052,763.465087890625,5127400
2023-07-11,767.0604286421366,768.3187558963974,750.0725443983418,753.2184448242188,4261400
2023-07-12,753.2184980739038,754.5667412088809,744.2302105073894,746.9266967773438,2768200
2023-07-13,745.5784614182936,753.1286449969709,744.4099949944911,748.0053100585938,3662700
2023-07-14,745.1289455853355,750.5219174472318,744.6795312635107,746.746826171875,4974500
2023-07-18,741.3538864316587,742.2527151142529,733.6239817054083,739.8258666992188,5482300
2023-07-19,749.2635276219256,749.5332201003373,741.8931767086497,747.5557861328125,4710500
2023-07-20,747.825494126499,752.6791911526307,744.4998168945312,744.4998168945312,2857500
2023-07-21,744.8592606406966,747.3759697109899,740.2752019332383,744.05029296875,3994200
2023-07-24,747.4658294699215,750.2522309999844,742.7020489406344,746.29736328125,4485700
2023-07-25,745.4884820644345,749.5332108690423,742.791996194696,748.7242431640625,5217300
2023-07-26,750.5220257973135,756.7239662779041,747.9154004103628,754.6566162109375,3824200
2023-07-27,751.420654296875,752.7688970976469,743.2413365829148,751.420654296875,3566300
2023-07-28,744.2301483062763,751.6005544668465,739.556228190294,749.1737060546875,5037700
2023-07-31,759.3304867472164,764.0044070328594,754.11729117714,763.5549926757812,5098700
2023-08-01,764.9031192266874,772.7229388206573,761.7572192063661,769.1276245117188,5393700
2023-08-02,769.5771680408935,799.867707152635,736.7699194622746,740.365234375,17272700
2023-08-03,737.0395818997645,772.3635411334176,736.1407531413502,756.9935913085938,13217300
2023-08-04,754.1172452171627,768.6782804710969,748.5444965569968,767.959228515625,7215900
2023-08-07,764.1841245970475,767.599662474436,756.0047510152482,766.5210571289062,4147100
2023-08-08,771.0152590265606,778.0261120158139,765.9818401779045,776.2284545898438,3533700
2023-08-09,776.3183671964949,780.5428731022462,771.4646702222018,775.5093994140625,3159600
2023-08-10,776.1385536515601,788.8120159072541,774.5206730236212,783.9583740234375,4687100
2023-08-14,784.6773774993642,788.1828310267525,771.6443626382636,774.1610717773438,4167600
2023-08-15,774.6105736398953,776.9475612090272,769.3075171510075,771.0152587890625,2972000
2023-08-16,764.0043360241771,766.6109609970239,758.1619499251686,759.5101928710938,2700100
2023-08-17,758.5215514209433,758.881049979899,744.859344397191,754.7464599609375,3447800
2023-08-18,749.35342968292,751.9599997586305,746.4771671337352,750.2522583007812,2717200
2023-08-21,750.4320710900307,759.150665214508,749.2635499424925,751.151123046875,2822600
2023-08-22,752.1398319475513,757.35302734375,749.8927602371081,757.35302734375,2482400
2023-08-23,753.577964627133,761.0382314750815,749.5332356885908,760.4989013671875,1799000
2023-08-24,760.4090562504604,763.8245942308558,754.0273946255146,762.6561279296875,3512300
2023-08-25,758.6114095349095,760.4090669034757,756.4541987485705,759.2406005859375,2372600
2023-08-28,764.0043824426024,770.7455975818018,763.7347448090642,769.6669921875,2474400
2023-08-29,772.9926632975922,775.0599582855444,768.228882274881,773.4420776367188,2404400
2023-08-30,775.6890700441899,781.0820415624577,771.7342023200695,777.66650390625,2760800
2023-08-31,777.4868291909773,787.9132202164147,775.6891717824433,782.2506103515625,7038600
2023-09-01,781.0821383497627,799.5979875794715,778.3856522564954,793.12646484375,4533100
2023-09-04,794.2949103188691,805.889767299322,790.2501812851916,805.1707153320312,4420400
2023-09-05,807.1481779570333,812.3613734796032,798.9688586768074,812.0917358398438,4387200
2023-09-06,806.9684463272488,813.170386688959,803.2832703709682,811.8221435546875,4268000
2023-09-07,812.271503314874,821.7990655456887,811.282758833467,815.1477661132812,4671800
2023-09-08,817.9340683172752,821.5293829032853,805.4403281868317,807.9570922851562,5256300
2023-09-11,815.1477068558528,816.585810720438,810.0243726905308,816.2262573242188,2719300
2023-09-12,829.7087596838383,844.8989868164062,825.5741695647545,844.8989868164062,8073200
2023-09-13,845.3484063028287,857.8421473831032,845.3484063028287,855.6849365234375,5956300
2023-09-14,863.5047173483465,869.616741354311,859.2802116121151,868.6280517578125,5362000
2023-09-15,878.6050853599407,885.0766632011185,872.9424753214671,878.6949462890625,8038700
2023-09-19,876.3579715692414,886.1552262211009,871.5042747057212,881.5711669921875,5479900
2023-09-20,872.9424011605317,876.0883014546625,864.3136131519705,868.7178955078125,8457700
2023-09-21,867.3696276445413,873.3018746563939,865.2124169892427,869.61669921875,6160400
2023-09-22,862.9653945523495,866.2012107195451,855.7747651054468,862.6058959960938,5642900
2023-09-25,887.1439140300312,887.4135516640895,871.414412008222,878.6050415039062,7403600
2023-09-26,878.7847676660413,882.2003055080012,869.4369279152755,875.189453125,5511700
2023-09-27,872.4929096490343,875.908447265625,862.9652938278532,875.908447265625,5360600
2023-09-28,875.9999219272305,880.9346403557726,868.323761431174,874.8119506835938,3947800
2023-09-29,870.8824966751799,873.5326336134148,857.1750072206913,861.4700317382812,5219700
2023-10-02,865.58223898454,873.989509953944,856.9008293937684,859.093994140625,7270800
2023-10-03,853.9765796690816,854.4334959770908,827.7495724341737,828.7548217773438,5592700
2023-10-04,815.0473086942945,816.874973872866,794.0291591407231,799.603515625,6203900
2023-10-05,806.365900044668,816.2352808653808,797.6844904362412,813.5851440429688,4755000
2023-10-06,810.2954200062362,820.2561624022803,805.1779237127096,811.9403076171875,4131800
2023-10-10,831.9531918160006,841.5484337753693,830.3082485736638,836.1567993164062,5219800
2023-10-11,837.1620070711839,844.7468621316784,833.6894544105717,835.2429809570312,3596100
2023-10-12,832.4101429788034,844.3813278050674,828.7548125554049,841.091552734375,5015500
2023-10-13,833.598138182648,839.263911657027,826.7443934416855,826.8357543945312,3943400
2023-10-16,822.7234581115341,832.6842555135439,818.7939891846922,823.820068359375,4088100
2023-10-17,827.2926012063147,840.54317325894,823.0889937620539,825.7390747070312,3654500
2023-10-18,831.5876541729447,835.2429845209576,816.6007774357257,817.6973876953125,3661500
2023-10-19,810.1125656751035,817.97150339272,807.6452066041592,812.3057861328125,2410300
2023-10-20,802.801931785506,810.0212315700957,778.585368106148,781.5096435546875,10741400
2023-10-23,785.8046856596819,785.8046856596819,772.3713351031323,775.4783325195312,5514800
2023-10-24,771.9143605837578,775.84382936529,752.9980157797396,772.3712768554688,5292400
2023-10-25,774.930059291087,781.6010262406501,772.3713391184224,773.9248657226562,4576300
2023-10-26,769.7211944895124,775.9352450681342,764.3296155683784,765.6089477539062,4586700
2023-10-27,779.3164440080576,788.9116864789934,777.5801955026762,786.3529663085938,5351800
2023-10-30,772.6455039320712,775.2956409218034,765.243481793178,768.9901733398438,15595800
2023-10-31,778.4026151917678,778.494031919392,763.5985155805847,775.0214233398438,4538400
2023-11-01,799.6035482127945,858.3629749434199,799.6035482127945,851.6006469726562,17619600
2023-11-02,854.4334363542366,854.6162140198692,823.9114067987042,849.4987182617188,9987300
2023-11-06,859.0939983684755,886.9658924549606,857.9060271527591,884.9555053710938,8907100
2023-11-07,875.0860889846892,885.3210254181773,866.8615954574801,881.0260009765625,6042900
2023-11-08,880.0208482589928,880.1122092142804,846.1176790113037,855.987060546875,7261200
2023-11-09,862.7493115240412,866.3132808759852,852.3316536372835,861.5613403320312,3713600
2023-11-10,862.6579403409091,879.5638427734375,859.093971031254,879.5638427734375,4526500
2023-11-13,881.8484142214753,895.373124859534,877.370612398483,884.1329956054688,5330200
2023-11-14,886.4176269784508,896.4697856349075,878.0103558560493,880.9346313476562,5203800
2023-11-15,886.4175883331457,891.900583724897,876.4567910610986,887.3314208984375,5174600
2023-11-16,878.2845022290554,884.041692312902,867.0443722419695,868.0496215820312,4356800
2023-11-17,871.5222401174677,878.4673461914062,860.1906925484938,878.4673461914062,4890100
2023-11-20,880.0208376702096,883.767529206621,872.0704824986908,874.537841796875,3923000
2023-11-21,864.3942687647407,868.0495991229366,856.9008303752561,861.6527709960938,2763000
2023-11-22,860.9216472632976,876.5482177734375,859.3681765053267,876.5482177734375,2483500
2023-11-24,880.2949686319447,885.9607421401649,875.7258054440119,881.2088012695312,3224700
2023-11-27,881.0259769496826,884.4071686849528,870.6083188982057,874.0808715820312,2880900
2023-11-28,874.5378287269715,884.4986267250334,870.3342209306049,877.0051879882812,3370700
2023-11-29,876.913789418463,883.4933956595654,875.9085958129263,879.7467041015625,4664200
2023-11-30,873.0756300150748,885.2295916278144,872.7100746891335,885.0468139648438,7596600
2023-12-01,891.078086411493,892.7230296023171,879.1982634052534,885.0468139648438,7309200
2023-12-04,879.1982832046913,880.6604487654726,867.2270989853328,875.9085083007812,3800600
2023-12-05,872.6187278243804,874.5377538767542,868.6892032228038,870.6996459960938,3808300
2023-12-06,876.3654483720646,885.6865518874092,870.6996751940383,883.85888671875,3736200
2023-12-07,889.7988197552093,890.1643193321163,883.3105747860548,888.7022094726562,4169400
2023-12-08,874.9947652886353,878.0104018884933,857.4491671950267,860.0993041992188,5443000
2023-12-11,869.9686365466175,872.9842729761023,859.9164779310578,864.8511962890625,3309200
2023-12-12,868.140996346143,868.140996346143,857.7232820796223,858.3629760742188,2994200
2023-12-13,866.3133207436607,869.6945125810714,858.545743500706,862.93212890625,3034200
2023-12-14,856.261149881933,860.1906189236466,845.7520749367438,851.9661254882812,4243100
2023-12-15,845.4779540300074,862.2010798772119,845.2951763502077,860.9216918945312,4768400
2023-12-18,857.5405334321745,857.5405334321745,838.1672711732165,849.3160400390625,2818600
2023-12-19,847.4884119956561,849.4074382278154,834.8774769526045,847.5797729492188,3066800
2023-12-20,848.767769982436,862.4752599878885,847.6711596268159,857.6319580078125,3081100
2023-12-21,847.1227972003138,851.6919600762594,845.5692706673095,848.1279907226562,1631100
2023-12-22,850.7781477503036,860.7389453673059,796.2223305578561,811.57470703125,9221000
2023-12-25,816.9663385902163,820.6216689642217,778.7681473370425,782.0579223632812,12595100
2023-12-26,784.9821607551697,789.8254621168701,768.807313458699,776.5748901367188,7331700
2023-12-27,780.5044192133645,790.00830078125,779.4078646889997,790.00830078125,6559000
2023-12-28,790.0082936546017,798.1414262177456,786.2616022530146,790.4652099609375,4310900
2023-12-29,787.5408877824666,793.1152998550226,782.057892431311,789.5513305664062,4553200
2024-01-04,789.5514056339182,803.6244506835938,778.2198585204715,803.6244506835938,7458600
2024-01-05,811.4832921115997,824.2769476178636,810.6608205186894,818.3370361328125,6795300
2024-01-09,819.4337620791712,826.104729380266,807.6452983871602,812.5800170898438,5127600
2024-01-10,810.295370293706,819.2509185380466,806.8228176000941,815.138671875,3751400
2024-01-11,832.8671048332379,836.9793517844699,822.3580292912004,825.4650268554688,6043500
2024-01-12,831.587685994944,831.587685994944,816.23530910099,817.9715576171875,4433800
2024-01-15,814.3162393388025,823.1804270600245,814.3162393388025,822.7235107421875,425200
2024-01-16,814.3162421870982,831.4963404185971,814.3162421870982,819.6165161132812,2578100
2024-01-17,821.6268607902634,839.7207907245229,821.3527221679688,821.3527221679688,5371500
2024-01-18,819.2509126776133,825.1908244817455,815.9611376810752,817.1491088867188,3327300
2024-01-19,822.1751553651662,825.1907916212241,816.7835210165231,821.5354614257812,4619800
2024-01-22,830.6737997178581,833.1411587929948,826.0132759571991,832.50146484375,3294200
2024-01-23,830.3082715084267,834.055018604459,826.4702192393955,829.1203002929688,3509500
2024-01-24,828.8462248627064,829.2117802380633,819.7992591938594,823.45458984375,3285400
2024-01-25,820.6216614243723,826.1046569350028,820.5303004762276,823.3631591796875,3368700
2024-01-26,819.7078450750203,821.5355102814306,810.1126027413662,810.5695190429688,4902500
2024-01-29,811.5747292633803,819.8906395888798,810.112619378591,817.9715576171875,4657800
2024-01-30,817.9715137214407,818.7026244005178,811.5746857109139,812.9454345703125,4768600
2024-01-31,808.7418532834648,817.788818359375,806.091716425616,817.788818359375,6558100
2024-02-01,816.0525090666177,818.6112291828641,808.2849319926354,811.57470703125,6314800
2024-02-02,816.6008031344327,821.9924378777943,811.0264464886519,813.7679443359375,6449600
2024-02-05,821.5354841043912,821.5354841043912,809.0159666842138,815.5042114257812,6065700
2024-02-06,811.4833470367804,822.2665605381671,777.6715409102478,791.9273071289062,14657200
2024-02-07,794.3947209992338,795.856886722288,778.0371498339742,786.1702270507812,10358000
2024-02-08,793.1153201004643,794.8515685404361,778.7681374101915,780.4130249023438,10013000
2024-02-09,774.1990354379369,776.7577557133383,760.308767945291,765.4262084960938,11138800
2024-02-13,775.4783546366622,782.6976547903968,769.4470815335833,781.8751831054688,7525000
2024-02-14,777.6715868148895,778.8595581072491,760.674321798868,764.8779296875,6993200
2024-02-15,775.6611751311834,775.6611751311834,759.3949644250371,766.1573486328125,6357600
2024-02-16,770.9091200700963,782.9717209353572,767.6193451868037,778.6766967773438,6173000
2024-02-19,779.5905614732019,789.3685813571203,777.6715353414796,787.7236938476562,4144900
2024-02-20,788.6375518498771,796.7706844863898,786.2616093458641,790.00830078125,4357800
2024-02-21,790.0083376905476,791.3790866859621,782.6063154256772,789.2772827148438,5281100
2024-02-22,795.5826334025205,798.2327702334096,784.4339203851902,788.27197265625,6197600
2024-02-26,795.0343528378922,802.5277912267197,793.3894653320312,793.3894653320312,5414800
2024-02-27,790.3738251097376,796.8620141531417,783.4286639979,788.7288818359375,5339600
2024-02-28,797.7758476050014,800.0604290700787,788.9116603653184,797.501708984375,6412600
2024-02-29,792.2929071105352,794.1205724095215,783.9770523105153,784.5253295898438,9481100
2024-03-01,785.8960571289062,790.0083039394646,784.4339472399635,785.8960571289062,4205000
2024-03-04,789.6427060689772,793.2066754232953,781.418212890625,781.418212890625,7188500
2024-03-05,776.7577383908837,781.1441238760251,772.7368524935521,779.22509765625,5313300
2024-03-06,780.1389113713622,791.7445966893022,778.1284684714493,788.9116821289062,9135200
2024-03-07,792.2929314639752,792.2929314639752,782.2407720105683,785.2564086914062,5731100
2024-03-08,780.5958135916602,792.0187210260502,780.504396866636,789.8255004882812,6076300
2024-03-11,784.0683669919911,786.627087104381,767.8935188953649,776.3921508789062,7512200
2024-03-12,765.7917838140844,785.2564086914062,760.9484817780815,785.2564086914062,7489400
2024-03-13,790.2824418462004,800.7915170190912,789.0031096385292,793.1153564453125,7823600
2024-03-14,818.0629358387047,831.404869181131,817.1491032597463,824.3683471679688,21780800
2024-03-15,815.5042158612818,822.1751825332187,807.9193608343732,818.154296875,9506300
2024-03-18,824.2769673780474,836.9792622455687,822.5406632073515,836.0654296875,5943100
2024-03-19,838.0758012174159,848.8590698242188,831.9531678121547,848.8590698242188,5631000
2024-03-21,862.5666175838508,869.9686393689556,857.997454561955,866.9530029296875,7157500
2024-03-22,871.3393625777767,878.3758845791565,867.3184769267269,870.8824462890625,8428700
2024-03-25,870.8824640586977,872.4359906272068,857.174975117585,858.6370849609375,5425100
2024-03-26,857.175000511668,859.7337207012956,851.6920047727874,855.712890625,6531000
2024-03-27,857.175000511668,860.2820537407338,850.5953944698279,855.712890625,7439200
2024-03-28,860.9193106990919,863.7084661333222,851.0643175296831,854.690185546875,5103400
2024-03-29,849.297847720895,860.9193289431295,848.4610783746886,856.735595703125,5122600
2024-04-01,855.3409744521045,856.8285012746865,821.8711102344135,827.6353759765625,5215200
2024-04-02,824.1954913749715,832.0980990192888,821.2203806774194,831.6332397460938,3721300
2024-04-03,832.0979882974541,842.975705191897,827.5423453281246,840.4654541015625,5014000
2024-04-04,854.2253769550499,854.4113320107931,842.6969011906796,845.85791015625,3793800
2024-04-05,836.7466537030992,853.2026825750297,833.7715431408299,845.5789794921875,8191000
2024-04-08,845.1140765558671,850.0415730238673,842.2319720402946,849.4837646484375,4397600
2024-04-09,849.2977580993021,853.9463500976562,843.8123968430411,853.9463500976562,4719900
2024-04-10,850.6923738911603,856.6425946143955,848.6469819709538,853.109619140625,5864300
2024-04-11,847.9032265965785,853.574486444689,841.5811524842151,852.5518188476562,4945400
2024-04-12,855.0620828525322,860.6403936375932,848.182143519419,857.665283203125,4299700
2024-04-15,847.1595261910285,862.5928309142183,842.5109335942225,861.9420166015625,3011800
2024-04-16,855.3409851857313,859.0598590343648,843.8124535567623,845.20703125,4733900
2024-04-17,853.5745241123761,854.7832035474033,835.8169236278322,838.6060791015625,5652300
2024-04-18,841.3952353268108,859.0598866762135,838.6060798505894,851.715087890625,4952200
2024-04-19,838.606092012197,844.4633072481017,821.6852038619611,835.6309814453125,4803200
2024-04-22,845.3000153661505,853.3885771276463,839.0708904810672,851.8080444335938,3308600
2024-04-23,847.903222648105,854.504200915692,841.3022443805181,845.0211181640625,3153100
2024-04-24,842.975725556404,849.5767038186848,837.2114598474416,845.671875,3278300
2024-04-25,849.8555674655773,850.1345283822211,830.5174360782095,833.3995971679688,3176500
2024-04-26,829.4948475625885,837.3974547222103,821.8711446006741,834.2363891601562,3506400
2024-04-30,845.1141144808905,856.735595703125,839.4428543426457,856.735595703125,5071700
2024-05-01,847.903252006017,857.0144817420669,846.7875784832224,854.690185546875,2288800
2024-05-02,847.9032567671698,850.3205021255377,837.2114942092504,837.304443359375,3267300
2024-05-07,841.0232824075537,843.9983927798023,830.6104812229489,838.7919921875,3998300
2024-05-08,837.4904311676767,840.744445986514,832.0980751027063,833.8645629882812,3554600
2024-05-09,831.6332264785365,846.787627193827,831.3543222681723,841.4882202148438,3158600
2024-05-10,844.3702775741913,852.5517882937758,841.3951672910218,843.5335083007812,4049300
2024-05-13,837.6763224882199,843.7194924062813,830.6104849745368,838.234130859375,3083200
2024-05-14,839.0708896541955,854.4112438694799,838.7919854721105,853.66748046875,5972600
2024-05-15,857.2004362541333,861.8490286416285,767.9474624142234,786.169921875,17672100
2024-05-16,789.4239422426037,800.9524741449852,749.3530982714545,760.0448608398438,14310600
2024-05-17,753.07196579157,765.4372101770698,753.07196579157,758.0924682617188,6294200
2024-05-20,764.2285409162145,783.9385827609656,763.4847775296314,776.3148803710938,6642400
2024-05-21,768.1334340833153,772.9679816200455,760.2308268535394,760.7886352539062,5778300
2024-05-22,754.0016487791158,757.9994266898785,751.770301842848,752.1422119140625,5343000
2024-05-23,750.1898951497745,754.4665776359498,743.4959104685965,750.3757934570312,5759000
2024-05-24,743.8677348267171,756.4189343350116,743.3099264356647,755.6751708984375,3931200
2024-05-27,759.5799642939459,760.04482351322,750.8405882733879,757.8134765625,3763700
2024-05-28,760.044858060465,766.0880281857164,758.278370248725,765.6231689453125,3831200
2024-05-29,762.3691699825754,766.0880439824904,755.9540896345164,757.0697631835938,4571100
2024-05-30,749.4459967795865,757.906468461488,745.9130781274284,755.7681274414062,6314300
2024-05-31,760.8816129244683,775.1062940612675,759.8588885677174,772.317138671875,14912800
2024-06-03,781.0564403512442,790.9114898828072,780.9634912052572,785.2401733398438,4350100
2024-06-04,780.9635128595132,788.3083114524683,776.5938247122683,787.9364013671875,4110700
2024-06-05,787.4715911850086,787.4715911850086,768.2264063559413,774.7344360351562,4559600
2024-06-06,771.6662989257193,772.2241072869797,760.2307735558015,768.9700927734375,6251100
2024-06-07,769.3420565142741,771.4803977089573,764.1356556276096,768.877197265625,3299900
2024-06-10,771.3873906331379,782.4510058728998,771.3873906331379,778.2672729492188,3715200
2024-06-11,779.7548819319941,784.8683334500648,774.734379561502,781.6143188476562,3908200
2024-06-12,774.4554565828834,780.870536484475,761.4393984890534,764.6004638671875,6425000
2024-06-13,761.4394620402476,762.741090656471,744.0537145004821,744.7045288085938,6627700
2024-06-14,742.0083415363742,763.11296367125,739.1262367704444,757.99951171875,7747400
2024-06-17,757.7205048626773,757.8134540055614,743.8676778424447,748.2373657226562,5910000
2024-06-18,754.9314294599985,756.047103020126,744.8904809098797,750.2828369140625,4813500
2024-06-19,759.4870584591191,778.1743774414062,756.7908521353701,778.1743774414062,8702900
2024-06-20,785.612092494197,792.1201216627879,780.126730925323,790.9114990234375,7342100
2024-06-21,800.4875943830937,815.549044790275,797.6984390019679,800.9524536132812,11037300
2024-06-24,812.202043493242,818.7100728697759,806.4378342990077,809.2269897460938,6459400
2024-06-25,816.6647213369491,826.5197143554688,813.5036558616819,826.5197143554688,6430900
2024-06-26,818.1521963901226,833.6785051025369,810.9933533226075,832.8417358398438,7499600
2024-06-27,827.914277412522,831.075342831897,817.2225152673856,825.1251220703125,5704400
2024-06-28,830.9823572469386,834.701231127431,825.4040464261999,830.33154296875,5076400
2024-07-01,855.1550418949104,861.6630712194462,840.093591251882,853.3886108398438,8398300
2024-07-02,828.286199522122,844.8351767772017,825.1251340568265,840.1865844726562,6812200
2024-07-03,836.7465960455615,851.9940011605959,836.2817368255363,848.0891723632812,4373000
2024-07-04,851.1572111038141,858.0371500905685,848.368055851699,851.6220703125,4445000
2024-07-05,850.6923928749392,859.8036224549892,844.5562737228984,845.20703125,4354500
2024-07-08,845.0211714140112,847.1595126251971,836.0028905715171,837.4904174804688,5151500
2024-07-09,837.0255046354883,849.9486137184374,835.3520227836882,846.8805541992188,4253100
2024-07-10,855.8058462747713,862.7787347560975,851.994023269851,857.665283203125,7322900
2024-07-11,861.7560396966467,866.497581014725,858.2230642488911,859.2457885742188,5220400
2024-07-12,854.9691294321149,863.1506978154201,849.8556775653068,859.4318237304688,3547600
2024-07-16,852.8307337893041,855.340984985647,843.2546449804149,846.4157104492188,3731500
2024-07-17,847.5313381448937,857.2933821212566,846.7875747148446,855.248046875,4117800
2024-07-18,855.2480188649607,861.3841378937927,854.039339492015,857.4793090820312,3943900
2024-07-19,850.4134932071449,851.8080709077976,841.6741169181829,843.9984130859375,3622900
2024-07-22,841.3951922877246,844.1843476212752,829.8666608775119,830.7034301757812,2756200
2024-07-23,828.1932828093328,837.583474322966,825.2181720649587,828.6581420898438,3164500
2024-07-24,818.1522304038824,822.8008226220863,807.6464233398438,807.6464233398438,3621800
2024-07-25,803.0908121113017,805.2291532673611,794.7233457867547,796.7687377929688,4905600
2024-07-26,792.2130827231448,810.8074520558839,789.0520739838863,805.9729614257812,3702200
2024-07-29,820.1045723159241,823.8234458904128,810.9933434075282,820.29052734375,4137700
2024-07-30,812.2949851097595,823.4516060152511,809.5987790260624,815.4559936523438,4124700
2024-07-31,815.3630793826289,837.5833730012948,809.9707237301128,831.354248046875,5669900
2024-08-01,824.6602416578775,869.2867259866014,786.8206904717118,856.642578125,15761900
2024-08-02,818.1523308824289,825.1252200660861,796.2109956160617,800.5806274414062,11115000
2024-08-05,734.5705437814061,747.8655633591327,683.3430785502013,691.431640625,10426700
2024-08-06,756.1399693252994,794.2584240254721,756.1399693252994,773.711669921875,9332600
2024-08-07,745.8201225462318,797.6054495194672,743.8676798308712,779.3829345703125,5805300
2024-08-08,776.314918731259,788.680162973924,764.6934379119289,775.4781494140625,4150100
2024-08-09,791.6552899503263,792.5850084352943,761.2534841427672,774.362548828125,4998500
2024-08-13,769.7139737548491,777.7095302076123,764.2286118716764,770.1788330078125,6198800
2024-08-14,772.5960375010538,782.0791771082918,768.2263494055558,775.3851928710938,4174300
2024-08-15,767.9474759141938,784.4964537554938,764.972365384794,774.4555053710938,4212500
2024-08-16,807.5534724127923,811.4583014909606,794.2585091129345,797.6055297851562,5780100
2024-08-19,799.5579006118959,806.5307892800229,788.4942278935957,789.9818115234375,3325900
2024-08-20,806.9956436193594,811.1793767948053,802.4400003523352,807.3675537109375,4270500
2024-08-21,806.9956476127943,812.5739585409933,792.6779601988782,798.7211303710938,4186800
2024-08-22,795.1882041051412,801.1384250716815,791.190425992706,798.628173828125,3030300
2024-08-23,801.0454027611142,805.13618668497,796.8616696894255,800.9524536132812,2242800
2024-08-26,801.0454276933486,804.2064932552161,778.8251898460906,781.8932495117188,3791100
2024-08-27,781.8932440666749,788.7731835378805,780.963525583837,784.9613037109375,2215000
2024-08-28,771.0155157009583,776.5938265200833,767.2966418215417,776.1289672851562,3993700
2024-08-29,780.0337926057515,787.3785911818887,775.7571103623752,783.5667114257812,3738000
2024-08-30,789.2380254247964,790.632603118388,784.2175230296621,789.14501953125,4910800
2024-09-02,804.9502778451034,815.9209449581068,800.3016852764143,814.5263671875,4753700
2024-09-03,825.2180683743394,849.3907479235577,825.2180683743394,847.5313110351562,6643000
2024-09-04,824.7531698874116,840.5583826863693,818.2451410878407,835.259033203125,5836100
2024-09-05,823.5445812139221,857.3863550628307,821.9640485198696,851.8080444335938,7356500
2024-09-06,853.481562004366,861.8490282985264,831.0753694037635,833.4926147460938,5234400
2024-09-09,814.8053457551093,851.9940871086877,813.6896721653987,837.7693481445312,8796800
2024-09-10,845.0210987073183,854.5041812405983,836.74658203125,836.74658203125,6506900
2024-09-11,828.3791907513655,830.1456786150343,811.7372067574813,823.8235473632812,7729800
2024-09-12,836.2817629476348,840.837406144387,828.3791559603586,840.279541015625,4247800
2024-09-13,840.6514556691351,843.2546560476328,826.6126726622696,830.9823608398438,4293700
2024-09-17,834.9801806301075,840.0936324932694,821.40631292792,838.885009765625,3991900
2024-09-18,836.5606297992758,840.9303177580658,831.1682742683371,839.2568359375,2893600
2024-09-19,844.1844250782117,855.1550923810059,841.6741736985896,851.4362182617188,3110200
2024-09-20,869.2867212484201,874.8650317591051,864.8240841889739,866.5905151367188,5772100
2024-09-24,873.9353446878988,878.026128574004,866.9624562994316,873.7493896484375,4236100
2024-09-25,876.4456275543905,890.484353986025,875.0510498262607,887.1373901367188,5915300
2024-09-26,887.1374305938939,888.8109125948647,877.0964818425529,882.581787109375,7705200
2024-09-27,889.4850247540732,894.1187675250347,873.9762833010818,888.5393676757812,7483100
2024-09-30,848.0652388027586,872.936007905961,846.3630676405545,868.9642944335938,5031900
2024-10-01,865.3707572416868,872.841471143791,856.8598436552359,869.2479858398438,6333600
2024-10-02,841.6348038918776,849.9565746788282,837.5684899785374,843.3369750976562,8482800
2024-10-03,865.2761476467898,868.3968041766055,842.2966942857362,847.6869506835938,5148900
2024-10-04,848.7272886285554,854.4012315051808,838.3250600214087,851.1859741210938,4320100
2024-10-07,865.3708068358804,865.6545501463514,857.9001502239614,860.7371215820312,3938000
2024-10-08,853.3609863749691,860.5479572160353,846.930471948582,851.847900390625,4069400
2024-10-09,851.847940917469,855.9142550793788,837.0011122627461,840.2163696289062,3143900
2024-10-10,842.2967706984753,844.3772278131978,833.1238855006033,840.4054565429688,3578300
2024-10-11,840.0271809097777,840.6891524159755,821.8705532509414,824.8966674804688,5110600
2024-10-15,825.6531836097472,833.5967262667217,822.3433837890625,822.3433837890625,5919100
2024-10-16,803.8085072032769,817.6150772984965,800.593250087133,807.9694213867188,8811200
2024-10-17,813.2651090109803,813.5487945983648,794.5411099053235,796.0541381835938,6675500
2024-10-18,793.5008460371738,796.2432747024591,784.9899321745585,787.7323608398438,6338400
2024-10-21,792.2714675652362,795.581267251177,783.0985826062496,783.5714111328125,3918600
2024-10-22,786.5029717525157,791.1366566177613,780.2616006571965,783.0985717773438,5834400
2024-10-23,787.1649730815483,789.5291157713434,776.7627452464493,779.0322875976562,4843200
2024-10-24,775.4387740364883,781.3018592375025,770.8050314457695,777.7083740234375,5405200
2024-10-25,781.207302530141,781.3964454926706,765.3202748892363,771.6561889648438,4808800
2024-10-28,765.9821995265489,781.8692261952864,763.3343713681468,777.61376953125,4767200
2024-10-29,781.491044463286,785.5573584180673,777.9921016767705,782.24755859375,3829100
2024-10-30,784.8953021053168,788.488787125508,778.7485316671425,786.5974731445312,8070300
2024-10-31,786.7867165811026,792.7443448384714,776.3844883570736,785.6519165039062,6489700
2024-11-01,780.5454227769499,785.7465370225192,749.9061084975366,770.4268798828125,19996900
2024-11-05,789.6236482512601,826.9771022703317,786.881219678985,813.1705322265625,11282600
2024-11-06,800.9715348796004,814.9672479123437,793.5954213086721,802.6737060546875,7097600
2024-11-07,801.5389454127533,809.7661738346055,793.5954602992953,801.7280883789062,4937900
2024-11-08,799.0802129278228,803.3356696830597,793.595413542516,796.999755859375,3682600
2024-11-11,784.8953484529627,793.7845477757843,783.9496914066339,791.2312622070312,3052500
2024-11-12,798.2290796330952,802.8628221888888,787.0703381710725,790.8529663085938,3845800
2024-11-13,788.2997649409106,809.4825078600959,780.5454226057007,781.2073364257812,6044000
2024-11-14,794.0682609024321,806.74003113199,792.4606323242188,792.4606323242188,6855300
2024-11-15,793.6899610658385,798.7019319537595,789.245361328125,789.245361328125,3348600
2024-11-18,785.6518743650702,791.5149596841737,782.5312176089054,789.0562744140625,4556400
2024-11-19,798.1345848451983,807.2128698319356,791.5149852078566,792.8389282226562,4674400
2024-11-20,798.1345656072764,804.659622465567,796.1487088512715,800.1204223632812,3861700
2024-11-21,795.3921004370078,796.7160433589993,783.0040165000017,785.1790161132812,5498900
2024-11-22,789.6236879149286,796.2432876938562,785.6519165039062,785.6519165039062,5413900
2024-11-25,803.8085275542576,813.9270699741945,799.8367562273827,811.5629272460938,8497600
2024-11-26,806.7399951202835,808.5367665777864,790.1909969739545,796.2432250976562,4795000
2024-11-27,775.3442775531807,775.4388201756268,745.4614786324886,750.4734497070312,12519000
2024-11-28,748.960380263001,754.6343225377207,743.0972950354588,743.2864379882812,7629900
2024-11-29,742.3408194776249,744.799504836971,736.0049053982902,742.2462768554688,7608800
2024-12-02,743.7592402816019,753.8777818583412,742.8135832691651,750.0951538085938,4203200
2024-12-03,755.0126381261068,762.956122992011,754.9180377868137,757.849609375,5769000
2024-12-04,756.5256496734635,757.4713067355552,749.1495361328125,749.1495361328125,3482800
2024-12-05,746.6908000545322,747.2582289280375,736.6668581908705,738.8418579101562,5070800
2024-12-06,738.8418393630054,740.6386108398438,734.3972396979256,740.6386108398438,3505000
2024-12-09,742.3407425150704,747.4473133853056,740.0711426353386,744.3265991210938,3918400
2024-12-10,758.5114665882878,759.4571236007247,747.5418683313495,750.0951538085938,5081800
2024-12-11,754.634312704168,754.7288553201845,745.6505708862612,750.8516845703125,3737200
2024-12-12,750.8517012321377,754.8234724044868,748.6767015505712,751.6082153320312,3994000
2024-12-13,737.9908199285269,745.5560766875345,737.7070766254013,742.2462768554688,4513000
2024-12-16,743.7593548643446,747.8256691006103,736.477783203125,736.477783203125,4251500
2024-12-17,738.2744917412523,745.9342909795271,738.2744917412523,739.031005859375,4213700
2024-12-18,736.5723166920415,738.5581734565143,726.548317094798,728.25048828125,6510200
2024-12-19,718.699360364918,731.2765876276388,715.4841032970077,724.940673828125,5058700
2024-12-20,731.9386010494806,733.4516293338273,725.2244586749889,726.6429443359375,5936900
2024-12-23,728.1559536628553,731.74943903337,724.1841823719378,731.1820678710938,4034400
2024-12-24,732.7896999825117,739.8821281367431,731.5602995944491,736.7614135742188,3529400
2024-12-25,739.5038393900138,739.9766679318233,731.7494397606729,739.2201538085938,3469400
2024-12-26,739.220146863944,742.3408036669038,738.0853468305967,741.5842895507812,3178800
2024-12-27,750.3788384288999,753.1212668488616,744.0429249098431,752.7429809570312,4831600
2024-12-30,758.4169429988739,762.8615426124824,753.9723433852654,756.241943359375,4063600
2025-01-06,756.0528219881869,756.714793476057,746.1234228251151,749.2440795898438,4397200
2025-01-07,750.0005831698934,778.1812094308801,749.906040552236,775.34423828125,10067100
2025-01-08,769.9539862635763,771.4670144653048,757.944130113005,759.6463012695312,5931600
2025-01-09,756.525614029224,758.4169280642972,748.0147008713953,752.93212890625,4330000
2025-01-10,757.0930345863743,759.0789490838645,746.5017214730705,747.1636352539062,3968100
2025-01-14,753.688678414416,753.688678414416,737.7070509792766,741.2059936523438,4858800
2025-01-15,744.8940412738812,746.0288412340449,724.7515584246887,726.1700439453125,6975000
2025-01-16,729.5744842209741,730.9929699323563,722.4820556640625,722.4820556640625,4407100
2025-01-17,723.4276545080268,728.3450827882172,720.4961406947366,727.966796875,4873000
2025-01-20,733.9244099395348,740.2603236881736,732.695067324026,735.3428955078125,3188700
2025-01-21,757.6604446405028,761.5376154819005,743.0973028940468,748.9603881835938,6833600
2025-01-22,747.0690307617188,754.0669156561829,743.759231258344,747.0690307617188,4179000
2025-01-23,743.2864803763342,747.8256229113025,742.4353658992587,745.083251953125,3562000
2025-01-24,747.1636010599856,753.5941150794775,744.7049158537034,745.5560302734375,3369300
2025-01-27,755.4854510872657,757.9441363649366,743.8538230320196,746.501708984375,3572400
2025-01-28,740.0712601855242,741.0169173325634,732.3169177544684,733.45166015625,5150600
2025-01-29,735.7211785217972,743.0027492873361,733.5461788693182,740.5440063476562,5406200
2025-01-30,735.5320592537008,744.6104017783133,732.0331165427041,744.1375732421875,5158100
2025-01-31,742.3408422836198,754.1615563327221,740.4495280357635,751.3245849609375,4353500
2025-02-03,744.2321350684242,744.2321350684242,731.6549072265625,731.6549072265625,5455700
2025-02-04,744.2321259620148,746.8799542565877,735.7212121962484,736.5723266601562,4116000
2025-02-05,737.6124869520629,747.8255713815803,736.0048584496562,737.5179443359375,4518200
2025-02-06,732.8842192801641,763.4289306819818,723.7113342822826,746.3125610351562,14250100
2025-02-07,733.2624609050406,736.2885171304555,713.309063573565,715.1058349609375,11744400
2025-02-10,743.475570944226,748.8658275763967,729.4798583984375,729.4798583984375,8167700
2025-02-12,742.2462610467612,753.9723741424776,738.8418609467191,741.5842895507812,8640000
2025-02-13,744.9885705625425,750.3788269881635,740.9222570198186,744.3265991210938,4654800
2025-02-14,747.0690619197188,751.5136615532859,732.5059204101562,732.5059204101562,4100000
2025-02-17,731.4657703655812,735.1538561606385,722.4820278724034,723.9950561523438,3994900
2025-02-18,726.2646040784791,730.5200607430014,724.6569755726613,727.0211181640625,2957400
2025-02-19,726.6429037613606,733.167902806381,720.4015325706973,722.2928466796875,4775100
2025-02-20,725.6972249198247,726.9265675100955,719.0776257370941,721.34716796875,5286600
2025-02-21,721.3471798279141,724.7515798088538,715.5786949611715,719.1721801757812,5738200
2025-02-25,722.4820528086036,723.1440243482987,717.4700815251945,719.7396240234375,5245000
2025-02-26,720.2123875719636,723.9004731613571,709.5264744301641,716.902587890625,5620400
2025-02-27,720.4015499489998,731.2766063380332,718.6993787535122,731.0874633789062,4507400
2025-02-28,726.3592281687913,730.5201426837075,717.3754853137813,719.834228515625,6621900
2025-03-03,723.7113557927586,730.9929268927949,722.3874705044152,728.6287841796875,3221700
2025-03-04,725.3190315914032,734.3027744859512,723.5222599251609,725.41357421875,4110500
2025-03-05,729.38525390625,736.383138998415,728.0613686984921,729.38525390625,3763000
2025-03-06,736.6668800887101,747.8256223127552,732.2222801799392,737.045166015625,6016400
2025-03-07,737.8961997576157,760.308283847533,737.3288286032692,757.3767700195312,7793900
2025-03-10,762.1996317752984,763.4289744764313,750.0006319511162,750.9462890625,6199200
2025-03-11,745.1777418978253,746.0288563147338,725.7917727240874,732.2222290039062,7854600
2025-03-12,732.1276876953151,738.0853154693399,730.614601809034,737.5179443359375,4742200
2025-03-13,737.4233853969178,741.1114711260395,733.6407570463633,734.01904296875,4550000
2025-03-14,732.505951183665,739.50383666398,729.8581229029583,733.7353515625,5098700
2025-03-17,737.6125318657216,746.5017316191271,735.7212176814506,739.598388671875,5200500
2025-03-18,748.0146786139807,752.5538206194276,744.0429077148438,744.0429077148438,4935600
2025-03-19,743.2864369558591,750.5680077419672,741.7734087720324,745.9342651367188,4994100
2025-03-21,741.016808668252,753.6886356676854,740.1657519917165,747.3527221679688,8289900
2025-03-24,748.9604288226867,749.9060859297861,742.529972038077,745.366943359375,4474900
2025-03-25,747.258207055715,751.7973493192605,742.4353215045585,748.5820922851562,4766100
2025-03-26,748.0147369514144,752.5538793108677,741.3951375093666,749.2440795898438,6305500
2025-03-27,745.6505777018024,749.9060343912863,741.8679495333722,748.487548828125,6227100
2025-03-28,746.7503307464301,750.321463350506,737.4846846188955,740.3801879882812,6763400
2025-03-31,732.1762125763026,732.5623032299441,710.7495362099507,711.32861328125,6862800
2025-04-01,719.4360861339419,721.2698695688064,709.5913630048899,710.8460693359375,4282400
2025-04-02,709.3982995074729,710.6530058064014,698.3953635432829,699.2640380859375,6985700
2025-04-03,665.0970593913391,673.4940304268483,659.6921436652815,668.1856079101562,10114900
2025-04-04,646.6624047238506,658.147924729627,635.5629753890382,653.4185791015625,9637900
2025-04-07,597.2457786431296,611.5302492437945,582.2856788506491,598.4039916992188,7937000
2025-04-08,614.8118406140495,632.0883664492869,614.8118406140495,627.6485595703125,6778200
2025-04-09,597.1492647814814,598.5004642092182,573.4061041348835,590.97216796875,11065900
2025-04-10,642.8982254137071,644.1529906369268,621.7610866823343,639.4236450195312,9271600
2025-04-11,600.8169402956869,621.7610928075063,593.5781819788714,617.2247924804688,7701500
2025-04-14,626.8764021259055,637.3967533003043,624.2704376331576,631.026611328125,4631000
2025-04-15,638.8445734152414,640.4853115043276,630.351049873505,635.3699340820312,4794200
2025-04-16,637.0106787887955,642.4155943178845,626.972911195732,635.5629272460938,4760600
2025-04-17,634.7908272129655,640.0992497230327,631.5092333703495,638.8445434570312,4395300
2025-04-18,640.9678498775913,642.8981852892499,637.9758535531851,639.9061889648438,3995200
2025-04-21,637.0106800223582,638.1688930405948,621.0854130217992,625.8147583007812,4234600
2025-04-22,625.5252131108844,633.3431074550939,623.0158004527427,631.2197265625,3959200
2025-04-23,643.7668740441839,643.9599193714571,635.7559936902343,636.0455322265625,4816600
2025-04-24,645.6007071792321,652.7429129142479,644.5389873487936,648.399658203125,5173400
2025-04-25,653.9976157209751,663.4563063916775,651.9707870967742,660.850341796875,5882700
2025-04-28,664.0354014586212,667.3169953201925,659.3060559950325,662.6841430664062,5648100
2025-04-30,668.8612436827289,672.3358239823502,663.0702372439173,666.930908203125,5725100
2025-05-01,667.8960850632174,674.4592140016589,665.193627136702,672.721923828125,3258400
2025-05-02,676.582545435454,683.2422260083972,675.8104230712827,679.9606323242188,4613500
2025-05-07,695.403350633522,695.9824277088297,680.2502054652267,683.5317993164062,8554500
2025-05-08,683.4352509030911,690.0949318510534,681.6979607585854,689.2262573242188,5380000
2025-05-09,694.9208096777643,699.7466486338599,691.0601385128879,695.6929321289062,5315800
2025-05-12,701.6769455165079,704.5724487304688,693.666065073049,704.5724487304688,4832100
2025-05-13,714.2240982253109,791.630559571562,693.0869020249784,730.4389038085938,22202800
2025-05-14,736.2299389937085,755.1472620098945,721.9454682486954,728.3155517578125,15116800
2025-05-15,723.87580160013,735.2647690968059,720.497714525996,731.01806640625,9074700
2025-05-16,731.0180402532303,736.6160011368318,723.3931918521647,723.4896850585938,5678600
2025-05-19,720.0151185355061,722.6210831592231,712.1007314560983,714.0310668945312,4974000
2025-05-20,711.3286422685366,718.7604458352648,710.073935956816,714.80322265625,6489900
2025-05-21,714.9962158203125,718.856886595702,710.3634226716772,714.9962158203125,6753500
2025-05-22,705.5376102768931,713.9345813055232,702.4490617606062,711.4251098632812,6593500
2025-05-23,719.0499792129577,734.2996179969834,714.7067243049601,728.6051635742188,8308800
2025-05-26,726.8678007306988,734.7821879729138,719.1464588181309,719.9186401367188,5044300
2025-05-27,719.9186460683077,730.8250298278376,719.7256007370702,727.0608520507812,4102200
2025-05-28,731.5971503576473,736.9055729525907,729.9563534101047,735.361328125,4659800
2025-05-29,734.1065577693404,742.5035288696023,733.5274806903557,740.8627319335938,4854700
2025-05-30,731.5971497389016,747.8119560515458,730.728475205889,743.7582397460938,9757800
2025-06-02,732.5622963582248,734.2030932570651,721.9454514834679,725.1304931640625,6496500
2025-06-03,733.237940415991,737.2916566867844,731.01806640625,731.01806640625,8554100
2025-06-04,735.8439141702656,736.2299459237212,727.6399883174901,732.6588134765625,5118300
2025-06-05,726.7712936731089,730.6319645558345,724.4548675798085,729.3772583007812,5299800
2025-06-06,730.1493694598857,732.2727501945426,725.902607990572,727.7364501953125,4092300
2025-06-09,721.9455034291341,728.412139372699,721.4629195364676,724.9375,5670500
2025-06-10,723.875771311543,732.0796967197405,722.2349744480712,724.7444458007812,4586100
2025-06-11,735.4577853667674,744.1442946427529,731.500621371372,741.538330078125,9762700
2025-06-12,734.1065951475636,740.8627696558184,733.8170565933289,738.9324340820312,5231300
2025-06-13,734.2995860001721,737.2916412630251,715.2857702274018,719.5325317382812,8658200
2025-06-16,720.9802890179361,727.6399698697187,718.7604150370628,721.0767822265625,5565600
2025-06-17,720.3047010289421,737.6777210350976,720.3047010289421,734.5891723632812,6378500
2025-06-18,732.2727984693389,740.4767245097288,728.7981591537921,739.994140625,6770100
2025-06-19,739.0289826978819,742.6001152742684,727.6400146484375,727.6400146484375,4381900
2025-06-20,726.7712966308594,730.8250128560513,723.8757934570312,723.8757934570312,10135700
2025-06-23,716.1544395722551,718.8568973737143,709.4947588211934,711.0390625,8256300
2025-06-24,720.0151375120936,726.6748185138738,711.0390892686416,713.06591796875,6176200
2025-06-25,717.8917433001544,719.4360470082917,709.7843697417954,714.1276245117188,4574300
2025-06-26,714.0310616592116,722.5245257442097,712.9694007395226,718.0847778320312,7295700
2025-06-27,723.6827813016139,723.6827813016139,715.8649459375981,719.0499877929688,7661800
2025-06-30,720.9803225232931,731.59716796875,719.7256162070269,731.59716796875,7395700
2025-07-01,725.0340278863017,731.0180797371545,720.9803115415845,729.9563598632812,6742600
2025-07-02,731.597182465307,742.9861505688175,729.9563854457547,738.9324340820312,9353100
2025-07-03,742.3104395187266,756.0158323638403,738.5463209102229,755.147216796875,11170300
2025-07-04,753.7959911482836,760.3591198783696,745.2059748557841,746.171142578125,5028100
2025-07-07,744.433859336014,746.1711494704424,731.8866788296845,732.3692626953125,3622600
2025-07-08,730.6319314721228,742.7930206383778,728.8946414353949,741.1522827148438,6314100
2025-07-09,745.5920835137641,755.243760970253,743.854793353429,752.1552124023438,7613800
2025-07-10,754.7611728052746,757.9462145659704,751.2865925043633,754.857666015625,6995800
2025-07-11,753.5064753761131,761.0347720559625,753.5064753761131,755.0507202148438,5834100
2025-07-14,758.1392295295888,760.3591034612103,750.9004717683259,752.7343139648438,4483000
2025-07-15,752.9273468709133,755.0507277271677,746.8468017578125,746.8468017578125,4329100
2025-07-16,743.1791306372704,746.4607243881645,741.2487952330177,745.7850952148438,4521400
2025-07-17,747.0398305702404,752.0587145987982,745.3025404205144,749.2597045898438,5876700
2025-07-18,750.2249111840574,753.6029984481519,747.1363624750519,750.12841796875,5157600
2025-07-22,752.8308217461926,758.1392442072234,749.1631961913129,754.4716186523438,4207000
2025-07-23,762.4824719109168,774.2575294614999,761.4208110200216,773.3888549804688,16852600
2025-07-24,777.7321470436234,785.9360727696303,776.0913501165893,784.0057373046875,9851400
2025-07-25,782.1719628064541,788.7350916796694,776.0913588957695,784.1987915039062,8820500
2025-07-28,784.1987929948706,794.622592861462,783.2336252496461,792.5957641601562,7137200
2025-07-29,784.6813578422922,789.7002417776056,781.3997640244281,787.9629516601562,5775600
2025-07-30,787.9629422389543,797.3250219013728,787.5768515911763,794.7191162109375,5926300
2025-07-31,794.4295566388672,803.6952024447528,792.9818050044317,798.3867797851562,6857100
2025-08-01,795.2982212712402,798.0006791733388,753.5064697265625,753.5064697265625,23457800
2025-08-04,741.0558182962916,748.9702059659091,732.6588467310776,743.17919921875,7628700
2025-08-05,752.8308363620109,754.6646786296352,738.0637817382812,738.0637817382812,8023100
2025-08-06,743.1791306372704,752.7343144519856,741.5383337618233,745.7850952148438,5698200
2025-08-07,741.248777577945,750.6109158474152,736.4229391822553,745.3989868164062,6229600
2025-08-08,748.0050163729538,763.8337912508347,747.0398486098919,760.8417358398438,8199300
2025-08-12,754.6646865475926,767.1153151648675,753.9890573414232,763.3511962890625,7366600
2025-08-13,762.3859825949716,769.4316949566114,757.4635920259535,758.1392211914062,6721400
2025-08-14,759.8765946171636,763.4477272470554,756.7880458856581,761.4208984375,6104000
2025-08-15,758.6218343687153,767.7909277866579,758.6218343687153,765.7640991210938,5020100
2025-08-18,772.2307006553331,773.968049749412,768.0804910721596,771.941162109375,4929500
2025-08-19,767.3083243059021,772.8097919978522,762.3859925815666,769.5281982421875,4705500
2025-08-20,776.9600630491435,784.5849120762737,771.3621017059022,775.126220703125,5223800
2025-08-21,786.5152108178534,822.033371684142,785.7430295025199,820.2960815429688,16777100
2025-08-22,820.0064875774166,820.2960850264782,800.7031327953761,802.2474365234375,8000900
2025-08-25,805.9150698563386,809.5826955181633,794.6225954190337,799.6414794921875,4619400
2025-08-26,794.4295424912128,802.9230657226417,786.3221688282541,802.2474365234375,11068300
2025-08-27,799.7379661289101,804.949895490717,796.2633858271481,800.8961791992188,5844400
2025-08-28,805.9150063650948,810.7408447265625,800.8961226873365,810.7408447265625,4851500
2025-08-29,815.5667547289962,816.2423839407822,806.3976610367768,815.1806640625,7529700
2025-09-01,822.6124487274662,840.7575903629453,819.8134976415705,838.4412231445312,9747900
2025-09-02,837.7655616051464,847.4172385821643,834.0979361357118,836.3178100585938,7057200
2025-09-03,832.6502508297102,839.9855023521269,826.4731535093423,832.26416015625,6492100
2025-09-04,837.5725285516824,845.390422363072,833.9049030285282,836.6073608398438,6161400
2025-09-05,842.5914066782412,849.637119144692,839.5994103556486,847.6102905273438,5190300
2025-09-08,848.4789177709864,855.2350918004968,840.7575760229746,854.8490600585938,5454600
2025-09-09,854.173432769715,857.8410583263286,848.9615035145737,850.6988525390625,5804300
2025-09-10,845.7764666886716,849.2511058484953,837.3794956888846,841.0471801757812,6597500
2025-09-11,840.661102833685,846.2590639524669,835.6422187961288,839.9854736328125,5369100
2025-09-12,850.5058152073644,859.9644471767463,843.9426864271298,853.6908569335938,7112300
2025-09-16,853.6908503834542,860.9296083007814,851.7605149388336,854.945556640625,5638000
2025-09-17,858.9027544391656,858.9027544391656,843.1704738999133,848.7684936523438,5638400
2025-09-18,853.9803753661246,856.296801426574,844.0391597659226,851.8569946289062,5428500
2025-09-19,858.9993095966888,869.5196617835053,853.9804254441784,854.3665161132812,13217400
2025-09-22,849.4441186173347,865.2728933817374,846.4521221369589,855.6212158203125,5637800
2025-09-24,857.0689156658614,861.7017088335742,844.6182288002941,848.864990234375,7508400
2025-09-25,859.3853582283419,861.0260962188579,853.2082612798455,858.999267578125,6833600
2025-09-26,860.9295922635322,866.0449693146559,849.2510866047879,850.4092407226562,9004100
2025-09-29,858.1750837404337,859.9445049030485,850.9007234068491,852.8667602539062,5769700
2025-09-30,861.2224744642502,861.5174280099858,835.7623315909474,836.8436279296875,6769600
2025-10-01,828.3896630033231,831.0438248282762,820.8204089094511,827.7015380859375,5965400
2025-10-02,827.2100148252262,832.1251070107594,817.8713396727132,820.623779296875,5014700
2025-10-03,817.2815663267859,827.0134130182657,817.2815663267859,821.6068115234375,4099300
2025-10-06,854.2430426104479,856.5039730710147,829.8641967773438,829.8641967773438,6206000
2025-10-07,829.6675802702106,846.870403320837,826.1287378135559,842.0535888671875,5056200
2025-10-08,844.7077255829398,845.1009569547315,833.4030136287902,836.7453002929688,6577300
2025-10-09,841.4637923748172,845.2975883255315,834.7792789211094,840.4807739257812,4283500
2025-10-10,832.616649390324,839.4977787241284,808.1394653320312,808.1394653320312,5633500
2025-10-14,792.1162829035079,815.3155551396479,792.018005054521,808.6309814453125,6047000
2025-10-15,810.5970012827539,815.118922215628,806.8615431199001,808.23779296875,4415900
2025-10-16,820.8203996749753,820.8203996749753,801.4549243535654,806.1734008789062,4734500
2025-10-17,796.3432291415644,805.0921174207018,795.9500577574198,802.7328491210938,3895800
2025-10-20,810.4987404829014,823.277980781601,802.8312083034191,820.8204345703125,6266000
2025-10-21,829.5692946101434,840.4807754142936,826.0303921881355,826.6202392578125,6001200
2025-10-22,829.8641788770346,842.3485250622034,825.9321051178434,835.565673828125,5108300
2025-10-23,840.382494326125,843.4298275123017,834.3860458003116,837.7283325195312,4262800
2025-10-24,845.3958655667655,849.7211707389065,841.4637917734317,848.2466430664062,4783900
2025-10-27,855.2260356726514,861.1241462634972,850.5075591997114,859.4530029296875,4985500
2025-10-28,852.2770012115277,856.1107971887698,830.4539794921875,830.4539794921875,4928300
2025-10-29,832.7149195145528,834.3860629084273,822.5898413027512,827.603271484375,4282300
2025-10-30,822.9830351342652,833.2063907267886,821.1152761324561,830.1590576171875,5074800
2025-10-31,842.4467949235346,849.4262017804872,782.7775641935078,792.4111328125,22116500
2025-11-04,803.1260638660289,824.6541916582394,798.407587363248,818.95263671875,11187600
2025-11-05,819.2476212552215,826.1287505818236,796.9330898677887,803.7158813476562,6986600
2025-11-06,812.9562523512349,820.2306128288212,806.7632481601461,812.2681274414062,4918900
2025-11-07,812.3664510599353,826.7184960767771,810.6953077363812,819.0509643554688,3750200
2025-11-10,833.7962551713792,840.4807685825917,829.1760564905452,836.64697265625,4666100
2025-11-11,843.4298429220127,845.1009863121546,824.0643671628773,829.2743530273438,3634900
2025-11-12,832.5183258301377,840.480751051149,827.6032337187274,830.1590576171875,4270100
2025-11-13,837.8266198958162,845.3958740234375,834.2877774458898,845.3958740234375,3979000
2025-11-14,843.4298167357168,850.5075614633057,834.0911416086897,850.0160522460938,4456100
2025-11-17,839.2028611595471,847.7551336579256,837.9249491767283,842.1519165039062,3578300
2025-11-18,833.1081139931471,838.4164374800102,815.6103980529687,816.2985229492188,7444700
2025-11-19,816.2985313635218,821.5085170625199,810.0071893882175,813.44775390625,6675600
2025-11-20,828.1930247899489,832.1250984981505,819.5424746316422,823.4745483398438,4957500
2025-11-21,811.4817454842712,832.6166425501849,811.4817454842712,832.02685546875,6414700
2025-11-25,843.8230475664345,844.4128346272362,827.5049055662789,837.8265991210938,4866300
2025-11-26,852.5719260255433,858.4700369769462,845.6907965822401,856.2091064453125,5898300
2025-11-27,855.3243537345812,859.059871950045,850.1143678007586,857.978515625,10849100
2025-11-28,858.175126161602,866.3341674804688,854.0464365789568,866.3341674804688,5960300
2025-12-01,863.4834403327862,866.0392643324772,847.8534227999563,852.5718994140625,5197700
2025-12-02,854.9311754407698,862.7953232015244,850.3109766315894,851.3922729492188,6095700
2025-12-03,851.3922392074049,854.8328037163809,841.1688835228008,842.8400268554688,6280500
2025-12-04,835.5656732997843,851.8837553906359,833.8945299534479,843.33154296875,5330700
2025-12-05,838.3181565202304,841.9553369340437,828.7828651646726,835.1724853515625,4184300
2025-12-08,837.8266292020832,847.1653046583981,835.1724673358143,846.9686889648438,3553000
2025-12-09,839.4977409431768,846.6737634971698,835.5656672151058,841.1688842773438,4041200
2025-12-10,850.3109554083095,861.2224361545377,846.1822659372259,857.68359375,7113900
2025-12-11,876.3609314814308,879.8014959908925,861.5173771686557,867.2188720703125,4622900
2025-12-12,884.7165828962335,903.1973172947737,875.8694170672711,887.763916015625,8583000
2025-12-15,889.6316814579548,898.7737408809352,881.8658118413346,896.0213012695312,4832900
2025-12-16,895.5298324356006,901.3296654486537,886.2894347534756,888.4520874023438,5589200
2025-12-17,881.9641982544587,887.7639713266941,874.198328210164,875.0830688476562,4713100
2025-12-18,879.8998104319186,881.6692916807574,870.2662414044771,872.4288940429688,4380100
2025-12-19,875.967752755751,887.1741875452714,875.0830721136439,880.5879516601562,6742400
2025-12-22,881.1777790387526,894.1535748221762,877.8354922468491,889.6317138671875,4420800
2025-12-23,891.4994389786171,904.1803407379592,889.6316799604423,899.3635864257812,3713100
2025-12-24,902.3126822588727,909.0954737375887,894.8417058491899,897.8890991210938,3472500
2025-12-25,897.2009775174641,903.7872133245519,893.4655192981071,903.3939819335938,2699900
2025-12-26,906.4413257224827,909.6853347387652,897.0043722169899,898.8721313476562,2700800
2025-12-29,913.6173696374169,913.6173696374169,902.8041667086269,909.1937866210938,3440400
2025-12-30,904.5736108756925,913.2241614385595,899.5601806640625,899.5601806640625,2697700
2026-01-05,913.4207549159091,914.1088798300254,905.0650980984452,913.6173706054688,3954500
2026-01-06,923.2509720743144,948.0230498682163,923.1526342267127,942.1249389648438,6105700
2026-01-07,936.6199550177671,950.3822131393509,932.8844969559311,944.189208984375,4962500
2026-01-08,941.7316902666508,943.6977271983139,930.4269779095877,940.060546875,4612000
2026-01-09,943.5011211133642,951.9551160048168,935.8335890015343,937.2098388671875,4206700
2026-01-13,949.3992147876163,956.0837283026381,944.2875068060049,953.4296264648438,4999600
2026-01-14,955.6905537760565,974.1712887269416,953.4296233297068,970.6324462890625,6044200
2026-01-15,962.3750665339985,986.4590186587002,962.0801729975146,982.8218383789062,5144100
2026-01-16,992.8486474777665,1007.5939244205056,991.3741197834926,998.2552490234375,6734600
2026-01-19,984.984465739334,1007.5938896036101,966.4053934339989,995.7976684570312,5636900
2026-01-20,992.3571607427905,993.8316884704915,977.5136056167416,979.7745361328125,5682800
2026-01-21,965.0292613095135,980.8558349609375,963.0632243342466,980.8558349609375,4598600
2026-01-22,994.8146716296613,1013.9835314090867,991.3741070538671,1001.69580078125,5930300
2026-01-23,1005.6278755400434,1009.5599493446965,994.8146725772473,1006.119384765625,4832400
2026-01-26,984.9844911245418,995.797694120919,983.0184542161096,988.9165649414062,3455700
2026-01-27,985.4760337920778,994.3232001802361,981.0524505979986,986.9505615234375,5358200
2026-01-28,975.1543175169854,980.8558126156339,971.5171371958644,976.6288452148438,3877400
2026-01-29,966.3071732844014,990.3911262299436,959.6226595686414,986.9505615234375,5158100
2026-01-30,986.4590283562155,1002.6788330078125,979.5778991100834,1002.6788330078125,6078300
2026-02-02,1015.4580651194003,1021.8476850838497,985.9675114373267,997.7637329101562,6330700
2026-02-03,1010.5429706334379,1021.847682853559,998.7467491863549,1019.39013671875,4874200
2026-02-04,1032.1693343203772,1070.5070524522769,1028.7287698726425,1068.541015625,8476900
2026-02-05,1091.150515884798,1104.421265402316,1001.2043247105107,1034.626953125,16877600
2026-02-06,1005.136412708881,1046.4231895634268,1002.678866467539,1040.0335693359375,7498100
2026-02-09,1081.3203107097845,1091.1504953526007,1060.1854137277296,1072.47314453125,7330600
2026-02-10,1089.1844008868616,1116.2174072265625,1085.2523272374506,1116.2174072265625,9061100
2026-02-12,1117.2004522204084,1128.0136550135667,1106.8787586451208,1113.7598876953125,9190500
2026-02-13,1101.4721520847697,1108.3532811027023,1087.7098940489047,1091.6419677734375,7420000
2026-02-16,1096.065591273811,1104.421248247647,1080.3372957936485,1090.16748046875,5930500
2026-02-17,1091.1504469399586,1106.8787416706248,1090.6589377296252,1099.506103515625,5520400
2026-02-18,1094.099545127467,1117.2004789194666,1091.150489749765,1111.3023681640625,6362800
2026-02-19,1115.7259788260556,1126.5391821450746,1107.861830957678,1113.2684326171875,6144300
2026-02-20,1100.9806173098434,1105.8957093514052,1086.235341185158,1098.5230712890625,5700100
2026-02-24,1108.8448382914846,1125.55615234375,1105.4042736336653,1125.55615234375,7253800
2026-02-25,1128.5052042895963,1132.9287874074562,1098.5231409352125,1107.86181640625,5391300
2026-02-26,1130.4712299716844,1131.9457576629518,1114.7429345981652,1120.1495361328125,5937300
2026-02-27,1113.2684507620638,1140.79296875,1109.3363767637873,1140.79296875,11521600
2026-03-02,1126.0476776952114,1151.1146491323375,1104.912780209007,1139.8099365234375,4815300
2026-03-03,1120.6410114918674,1131.4542142343328,1087.2183848333382,1091.6419677734375,4882600
2026-03-04,1041.9995929794572,1060.6769441743722,992.8486687823131,1004.1533813476562,8059400
2026-03-05,1044.9486367910006,1044.9486367910006,1009.0684625267752,1016.4411010742188,8250600
2026-03-06,991.8656267060429,1022.3391989834337,988.9165713243599,1019.8816528320312,6049000
2026-03-09,931.409993789721,957.2633673695825,903.9837546696841,932.884521484375,13831700
2026-03-10,963.5547036655773,973.1882725455845,946.9416677408301,959.5242919921875,9195100
2026-03-11,961.7853083731769,969.2562248492134,950.7754893568967,952.6431884765625,9726100
2026-03-12,946.1552390971466,950.2839285038526,913.125843840865,925.41357421875,14593700
2026-03-13,901.2312832105122,928.6575213639624,901.2312832105122,908.800537109375,10030200
2026-03-16,894.0552832860706,901.6245373762998,885.4047328966735,894.743408203125,9929800
2026-03-17,908.6039321964623,916.9595889374206,894.9400118781058,896.5128173828125,6563800
2026-03-18,911.1598474454871,938.8809204101562,905.9498015349362,938.8809204101562,7949300
2026-03-19,898.0856547996561,902.5092379373489,887.8622986584224,891.7943725585938,11686900
2026-03-23,853.6532634293844,855.422684675817,832.0268570873093,851.3922729492188,10311800
2026-03-24,887.4690260782486,894.5467707697902,881.7675311873646,888.8452758789062,10264600
2026-03-25,924.0373456822359,926.9864010407963,912.929249164729,919.1222534179688,7333300
2026-03-26,930.8202240180634,931.6066268034299,909.8818823657231,916.6647338867188,6347400
2026-03-27,918.1392487726732,930.7218731586858,906.9328142421406,926.2000122070312,7330700
2026-03-30,880.0,906.2999877929688,879.0,905.5,9373600
2026-03-31,893.4000244140625,917.2000122070312,890.0999755859375,899.0,7412100
2026-04-01,936.2000122070312,946.0999755859375,918.7999877929688,946.0999755859375,7627400
2026-04-02,955.0,957.5,906.2000122070312,907.7999877929688,8672600
2026-04-03,916.5999755859375,921.4000244140625,910.4000244140625,921.0,3442100
2026-04-06,926.0,930.7000122070312,917.5,917.5,3597400
2026-04-07,917.2999877929688,926.7999877929688,913.4000244140625,920.0,4507600
2026-04-08,980.0,1004.5,969.2000122070312,1004.5,15109300
2026-04-09,1010.0,1015.5,978.7000122070312,982.5,9814400
2026-04-10,991.0,1007.0,982.7999877929688,984.0999755859375,9622300
2026-04-13,973.0,991.7999877929688,964.0,976.7999877929688,5745100
2026-04-14,988.0,988.5999755859375,963.9000244140625,968.0999755859375,5158600
2026-04-15,992.2000122070312,1006.5,991.0,996.2000122070312,8840100
2026-04-16,993.4000244140625,1006.5,992.7999877929688,997.7000122070312,4911100
2026-04-17,988.0,995.5,983.5,988.9000244140625,4825800
2026-04-20,988.9000244140625,995.5,960.2999877929688,962.0999755859375,6322400
2026-04-21,965.0,977.4000244140625,965.0,969.2999877929688,5791800
2026-04-22,960.2000122070312,962.2000122070312,937.0,941.4000244140625,4788500
2026-04-23,930.0,933.0,901.5999755859375,916.7000122070312,6537700
2026-04-24,926.7999877929688,927.4000244140625,909.5999755859375,911.4000244140625,3611200
2026-04-27,911.0999755859375,922.0,899.4000244140625,909.7999877929688,5186600
2026-04-28,920.4000244140625,925.2000122070312,910.5999755859375,918.2999877929688,6184100
2026-04-30,912.4000244140625,917.9000244140625,898.0999755859375,911.7000122070312,7575100
2026-05-01,912.0999755859375,915.0,896.2000122070312,898.0,4518500
2026-05-07,928.0,947.5,913.7999877929688,933.5999755859375,10686600
2026-05-08,923.9000244140625,929.5999755859375,902.0,922.4000244140625,7575100
2026-05-11,916.7000122070312,930.2000122070312,910.0999755859375,927.2999877929688,7365700
2026-05-12,928.0,942.5999755859375,919.4000244140625,928.2999877929688,5823200
2026-05-13,930.0999755859375,1074.5,928.5999755859375,1007.0,27241500
2026-05-14,1007.0,1057.0,1000.5,1054.0,15257100
2026-05-15,994.0,1025.0,985.9000244140625,1016.5,10576800
2026-05-18,1016.0,1019.0,991.7999877929688,1007.5,5269400
2026-05-19,1026.0,1033.0,1005.0,1030.5,6773900
2026-05-20,1017.0,1020.0,986.9000244140625,1001.0,7176100
