Date,Open,High,Low,Close,Volume
2020-01-06,410.1299954876629,414.61719456302023,404.74535659723404,411.0274353027344,28184800
2020-01-07,408.3351017360393,412.82230065621553,404.74534259989827,406.54022216796875,24978700
2020-01-08,408.3351017360393,409.2325415200745,395.7709447595458,406.54022216796875,32861600
2020-01-09,412.82233758223686,428.0788152754934,412.82233758223686,426.283935546875,38127300
2020-01-10,427.1813193339072,433.46339755940585,425.3864398409076,431.66851806640625,41753900
2020-01-14,435.2582569528133,435.2582569528133,420.0017819668384,421.7966613769531,33064800
2020-01-15,421.79673471222253,422.69417457331235,409.23257665696485,411.9248962402344,26452800
2020-01-16,413.7197265625,420.0018048400217,410.12996754677334,413.7197265625,19496200
2020-01-17,419.1043353366217,419.1043353366217,402.0529812222838,404.74530029296875,29827600
2020-01-20,406.5402315527992,411.0274305765608,405.6427917480469,405.6427917480469,10187900
2020-01-21,407.4376713575515,408.3351111623038,400.25815291953296,405.6427917480469,12734300
2020-01-22,403.8478685461957,412.822265625,403.8478685461957,412.822265625,13523000
2020-01-23,414.6171368854802,417.3094559561651,404.74530029296875,404.74530029296875,18069900
2020-01-24,406.5402339054988,408.3351135253906,402.0530348557692,408.3351135253906,10588100
2020-01-27,397.5658264160156,403.84790493726194,395.7709468385167,397.5658264160156,16795800
2020-01-28,390.38630810601984,399.36070599351456,389.4888683172704,397.5658264160156,15848900
2020-01-29,399.36072008950373,406.5402386529105,396.66840062822615,402.05303955078125,14108100
2020-01-30,396.66838174990164,398.46326130533106,384.1042248618957,392.1811828613281,25543600
2020-01-31,390.3862940122003,395.7709325502996,387.69397474315065,393.07861328125,19457000
2020-02-03,380.5144958496094,385.8991349418208,377.8221763035036,380.5144958496094,33812800
2020-02-04,374.2323542434076,379.61699243396026,367.0528366560041,377.8221130371094,27305100
2020-02-05,381.4119429815383,385.00170244489397,375.1298639206659,376.92474365234375,20731500
2020-02-06,408.335147129016,411.9249066642161,398.4633084072156,399.3607482910156,57407900
2020-02-07,404.74533974933405,404.74533974933405,386.79654419503987,392.1811828613281,21392400
2020-02-10,390.38630810601984,398.4632662047651,388.5914285285209,397.5658264160156,17532500
2020-02-12,402.9504301622179,406.5401890055339,400.2581110297309,403.8478698730469,19495600
2020-02-13,402.9504630318278,406.54022216796875,400.258143679722,406.54022216796875,14549900
2020-02-14,405.6427917480469,407.4376713575515,403.84791213854226,405.6427917480469,13239300
2020-02-17,403.84794035573844,405.64282009065283,402.95050048828125,402.95050048828125,11524300
2020-02-18,400.2581383489793,401.1555781210622,389.4888610839844,389.4888610839844,15798200
2020-02-19,395.77097785417425,396.66841771325403,385.8991394042969,385.8991394042969,17725400
2020-02-20,390.3862811149435,391.2837208416445,378.7195646678302,379.61700439453125,32187400
2020-02-21,379.61698119564835,401.1555333202241,379.61698119564835,396.6683349609375,26923600
2020-02-25,382.309342907321,398.4632588048135,378.7195838189894,389.4888610839844,40721100
2020-02-26,385.0016666742901,391.283745151493,374.23238928479947,383.206787109375,56407500
2020-02-27,384.1042239892222,385.0016637648979,363.46310914867985,368.8477478027344,36342600
2020-02-28,358.97589530653624,368.847732427466,349.1040581856065,352.6938171386719,46669100
2020-03-02,342.8219965690576,375.1298287064557,341.9245567874632,371.5400695800781,45504400
2020-03-03,385.8990840588586,389.48884298033636,368.84772918183927,370.6426086425781,29591400
2020-03-04,364.3605700041118,367.9503293144972,357.1810513833411,358.0784912109375,28225700
2020-03-05,362.5656664111946,365.25798571622823,352.69382895940464,354.48870849609375,18587800
2020-03-06,347.30919953167137,355.3861576603149,342.8220005713139,353.5912780761719,27520800
2020-03-09,339.2322313262195,339.2322313262195,321.28343601795393,331.1552734375,36538700
2020-03-10,323.9757511057752,341.92454618088743,312.3090343069523,337.4373474121094,29049700
2020-03-11,331.15530901324024,336.53994818418727,323.07835025681976,324.87322998046875,25274400
2020-03-12,317.6937044916342,322.18090370761774,305.1295466868803,316.7962646484375,36499100
2020-03-13,288.97563202527107,315.0013877045657,287.1807523232507,307.8218688964844,37350000
2020-03-16,305.12950618092606,310.51414452529536,293.46278976812596,294.3602294921875,27033000
2020-03-17,280.89865381304617,304.23208831508833,279.103774235966,295.2576904296875,36526600
2020-03-18,302.43717875226537,309.6166963487583,284.488384761033,286.28326416015625,36635800
2020-03-19,293.46276509393124,295.2576443911418,256.66773950111417,261.1549377441406,31490800
2020-03-23,268.33450798139177,268.33450798139177,252.18059111294681,262.05242919921875,34144500
2020-03-24,275.5139805332676,300.64229146138325,271.026782153247,298.847412109375,31506600
2020-03-25,327.56553561188457,328.46297543547877,303.33466037484106,308.71929931640625,34782000
2020-03-26,308.7193169155004,311.4116365397635,288.97563967090446,292.5653991699219,27993700
2020-03-27,306.0270007147305,309.61676025390625,292.56540244282155,309.61676025390625,31102900
2020-03-30,304.8822654834692,317.777587890625,301.19788765285324,317.777587890625,18732800
2020-03-31,325.14636616323185,333.4362168586117,315.0143264244343,320.5408935546875,27248600
2020-04-01,317.7776308926669,322.3831038041548,301.1979284113104,303.9612121582031,22096700
2020-04-02,303.9611806958083,305.8033696697223,294.7502358262384,297.5135192871094,22184800
2020-04-03,299.3557430156941,303.9612159851663,283.6971349194886,286.4604187011719,24775800
2020-04-06,290.1447861201482,320.5409065708303,288.302597001925,319.61981201171875,28515400
2020-04-07,331.59402852662856,332.5151230503136,321.46198876609265,326.9885559082031,21490400
2020-04-08,324.22524789663464,338.0416647104117,315.0143033541166,335.27838134765625,27040700
2020-04-09,331.5940163352273,337.12058327414775,329.7518273555871,334.3572998046875,16732500
2020-04-10,338.04171334543537,344.48937545284144,331.59405123802924,342.6471862792969,19537300
2020-04-13,337.1205917358398,342.64715881347655,329.75183563232423,331.5940246582031,14146900
2020-04-14,329.75184520299865,343.5682632980963,327.90965612365227,341.72607421875,14429100
2020-04-15,349.0948211919384,350.937010221975,335.2784034666638,338.04168701171875,14810100
2020-04-16,333.4362016760785,339.8838630344557,330.67291823677397,338.9627685546875,10831900
2020-04-17,350.01594345804324,364.753456866803,349.09484886999576,355.5425109863281,24534100
2020-04-20,359.22688957389073,367.5167408717498,357.38470039658876,361.99017333984375,16043600
2020-04-21,359.22686703833836,361.0690561000734,352.7792053222656,352.7792053222656,22274500
2020-04-22,345.410461825226,351.8581237792969,344.4893672603587,351.8581237792969,17917500
2020-04-23,362.91126346832044,363.8323580456512,355.54250684967434,360.1479797363281,19405900
2020-04-24,365.67450522436883,375.8065444119458,362.9112218095751,373.96435546875,30421600
2020-04-27,373.96439091326243,385.93862017895805,373.96439091326243,382.2542419433594,16534300
2020-04-28,379.4909975405093,383.1753761574074,371.20114565248844,373.0433349609375,16977500
2020-04-30,383.17531511038186,386.8596931402894,379.49093708047434,385.9385986328125,18650100
2020-05-01,395.1495752468915,411.72927770480305,389.623007760921,392.38629150390625,33694800
2020-05-07,388.70190125203726,409.887075964826,378.56986117200785,406.20269775390625,28452800
2020-05-08,408.0448731170303,408.0448731170303,397.91283337823273,400.6761169433594,15079400
2020-05-11,405.2815941433066,407.1237832075944,399.7550269504434,402.518310546875,13586700
2020-05-12,400.6761085823791,407.1237700997967,396.99173057242615,403.43939208984375,12712500
2020-05-13,399.75507018905193,408.966016506772,399.75507018905193,408.044921875,13981300
2020-05-14,403.4394400559688,416.3347646239678,401.59725083196895,404.36053466796875,18165800
2020-05-15,408.0448731170303,408.0448731170303,397.91283337823273,400.6761169433594,13664200
2020-05-18,398.8339317854061,400.6761208467705,388.7018919479015,396.0706481933594,19915100
2020-05-19,400.67612148258723,405.2815941433066,397.9128378861556,402.518310546875,12898500
2020-05-20,407.123827243228,413.57148966563204,407.123827243228,408.044921875,15277200
2020-05-21,415.41363922255994,417.2558283100214,408.9659774164448,410.80816650390625,16303200
2020-05-22,409.8871023399683,409.8871023399683,401.59725083196895,404.36053466796875,15119900
2020-05-25,410.80815807588914,413.5714416503906,404.3604964020523,413.5714416503906,10537700
2020-05-26,417.2558338115742,428.3089684820794,414.4925501439478,425.5456848144531,19862000
2020-05-27,422.7824093303849,424.624598477794,415.41365274074855,416.3347473144531,16640800
2020-05-28,416.3347252248921,417.25581974972596,407.1237799765538,413.5714416503906,20314600
2020-05-29,408.96596374511716,410.80815277099606,401.5972076416015,405.2815856933594,24362100
2020-06-01,406.20266819000244,412.65032958984375,404.3604792186192,412.65032958984375,13064100
2020-06-02,415.4136402959409,424.62458575704824,414.4925457498302,423.7034912109375,17238100
2020-06-03,423.7034690406182,430.1511305260189,419.09799655104626,420.940185546875,22200800
2020-06-04,420.9402594350069,427.3879220521733,419.0980701158165,426.4668273925781,13550500
2020-06-05,415.4136346353067,417.2558237024256,406.20268929971235,408.9659729003906,28569100
2020-06-08,406.2027066691538,410.80817953388345,398.83395008558637,409.8870849609375,16729700
2020-06-09,408.04488340803067,417.2558288574219,407.12378886309153,417.2558288574219,14600700
2020-06-10,416.33473431248274,422.7823961270566,415.41363976754366,417.2558288574219,12542400
2020-06-11,410.8081573900594,414.4925354832438,407.123779296875,407.123779296875,17444700
2020-06-12,403.43939884210613,424.62457275390625,396.0706426988713,424.62457275390625,33845900
2020-06-15,419.0980033874512,421.86128692626954,405.2815856933594,405.2815856933594,18479000
2020-06-16,415.4136914774357,430.1512060309589,415.4136914774357,426.4668273925781,26296800
2020-06-17,428.30898261509054,459.62619854823697,426.46679344255256,450.4152526855469,50444600
2020-06-18,450.41522350273357,466.9949249813618,447.6519399229622,463.310546875,34274200
2020-06-19,460.5472683906555,472.52149736881256,459.6261738538742,471.60040283203125,38260200
2020-06-22,473.4426647745391,498.31222109538066,473.4426647745391,496.47003173828125,49761700
2020-06-23,500.1543280584162,512.1285569069602,490.0222882634943,506.60198974609375,43625500
2020-06-24,503.8386831212927,509.3652500293873,495.5488327591508,497.3910217285156,33938200
2020-06-25,492.7855493051035,504.75977760597516,490.02226585105615,497.3910217285156,23207700
2020-06-26,497.3910431363689,498.3121376606955,490.022286941756,493.7066650390625,19345600
2020-06-29,484.4957229963696,489.1011956484263,476.20587222266744,482.6535339355469,24525300
2020-06-30,486.33794725077234,491.8645148331675,481.73247426544305,484.4957580566406,19387400
2020-07-01,482.65350979836967,483.5746042827177,465.15271459575706,466.9949035644531,23826300
2020-07-02,473.4426139164897,479.89027597371813,471.60042475728153,474.36370849609375,16961800
2020-07-03,477.1269622451957,484.4957184188667,474.36367868006914,480.81134033203125,12052600
2020-07-06,488.1801062721696,493.70667351298664,484.49572811162494,490.9433898925781,15895200
2020-07-07,494.6278423811819,499.2333157739303,491.8645583455328,496.47003173828125,16986700
2020-07-08,504.75977760597516,510.28634451406975,494.62773827446836,497.3910217285156,26462500
2020-07-09,500.15430518256295,501.99649415192783,491.86445482042103,497.3910217285156,19411400
2020-07-10,498.31219046456476,499.2332850864955,490.0223388671875,490.0223388671875,20131700
2020-07-13,490.94339439891206,494.6277725932754,485.4168271073671,492.78558349609375,13692300
2020-07-14,488.1801051027743,495.5488614062124,478.0480651855469,478.0480651855469,20586900
2020-07-15,482.6535307471432,494.6277595633891,480.81134169848997,493.7066650390625,16537600
2020-07-16,478.96915912628174,479.89025366306305,467.916024684906,471.60040283203125,22991700
2020-07-17,473.4425827386811,476.2058662955216,466.0738265871063,467.916015625,21144300
2020-07-20,462.3894477889923,466.9949203765321,459.62616423646847,461.4683532714844,14923300
2020-07-21,474.36366225733906,488.1800796046402,473.44256776751894,486.337890625,19612700
2020-07-22,477.1269622451957,483.57462389715784,474.36367868006914,480.81134033203125,14074300
2020-07-27,482.6535818917411,492.7856227329799,478.04810878208707,490.0223388671875,13960000
2020-07-28,488.1800926251927,495.54884874028994,484.4957145676441,485.41680908203125,12093300
2020-07-29,478.0481131333571,485.41687017587515,476.2059238727276,478.9692077636719,10664700
2020-07-30,482.65351266571975,493.7066465435606,481.7324181758996,486.337890625,12965500
2020-07-31,509.36530428600486,525.0239121935313,507.52311512041354,513.0496826171875,49649200
2020-08-03,568.315336694819,605.1591186523438,564.6309584990665,605.1591186523438,55118000
2020-08-04,623.5810404843504,630.9497972404432,580.2895945423054,585.816162109375,63215400
2020-08-05,580.2896294227013,583.0529133723333,560.0255471254006,574.7630615234375,29037100
2020-08-06,569.2364053415698,594.10595703125,566.4731218204942,594.10595703125,27156800
2020-08-07,580.2895357572115,603.3168982872596,577.5262522536058,598.71142578125,36994500
2020-08-11,586.7371410820812,593.184801973093,576.6051025390625,576.6051025390625,32030000
2020-08-12,580.2895987581716,591.3427339726129,573.8419365497474,581.210693359375,25733000
2020-08-13,596.8692666820567,607.922401250243,585.8161321138705,592.2637939453125,23844200
2020-08-14,592.2637642728365,600.5536147836539,588.5793862680288,598.71142578125,13069200
2020-08-17,598.7114955890434,611.6068201094228,594.1060225460508,602.3958740234375,16472000
2020-08-18,611.6067596252807,617.1333267303283,602.3958144502011,615.2911376953125,16992400
2020-08-19,630.9498291015625,642.9240594348768,620.8177880502965,630.9498291015625,24760400
2020-08-20,622.6599554126052,624.5021446298022,600.5536848062404,602.3958740234375,25817700
2020-08-21,617.1333706909542,627.2654111052833,612.5278977753501,620.8177490234375,18630400
2020-08-24,615.2912495342982,638.3186166575879,613.4490601644351,637.3975219726562,25715100
2020-08-25,635.5552238320821,647.5294526868895,634.6341293047892,636.476318359375,34482100
2020-08-26,642.9240330847116,647.5295061010777,630.0287086388864,645.6873168945312,22857200
2020-08-27,653.0560912241745,669.635794527468,649.3717127123315,665.951416015625,36155600
2020-08-28,657.6614924871111,662.2669651235755,630.9497511956178,636.476318359375,48352200
2020-08-31,645.687325638575,653.0560825645501,644.766231022828,649.3717041015625,17722000
2020-09-01,648.4504981884057,649.3715926460598,633.712986865942,635.55517578125,26789700
2020-09-02,640.1607492748919,647.5295061010777,638.3185600683455,645.6873168945312,15308300
2020-09-03,650.2928162930862,654.898289496295,640.1607752460267,643.8451538085938,17468800
2020-09-04,625.4232308266788,630.9497984039397,617.1333794607878,624.5021362304688,24937000
2020-09-07,618.9755236037234,623.5809962495845,601.4747275494515,606.0802001953125,21816600
2020-09-08,607.9223892536569,608.8434837828291,583.0528369660074,606.0802001953125,27552200
2020-09-09,587.6582770953934,592.2637494864232,579.36842679154,586.7371826171875,22859500
2020-09-10,592.2637888430045,594.1059779218318,581.2106543700402,583.9739379882812,21489100
2020-09-11,584.8950424662397,600.5536499023438,578.4473805807851,600.5536499023438,22717100
2020-09-14,599.632573075728,611.6068026455966,594.1060055819424,607.9224243164062,25338400
2020-09-15,604.2380459872159,609.7646134810014,601.4747622403231,607.9224243164062,16677800
2020-09-16,607.9223943936236,617.1333397632238,606.0802053197034,614.3700561523438,17042700
2020-09-17,611.6067903645833,622.6599251302083,606.0802229817708,621.7388305664062,21817900
2020-09-18,625.423204758588,630.9497721054975,621.738826527315,626.3442993164062,25825300
2020-09-23,619.8965700011322,639.2395536118659,618.9754755434782,635.55517578125,19006800
2020-09-24,630.0286444749383,631.8708334938709,606.0801872288149,607.0012817382812,17022600
2020-09-25,615.2911767945254,621.7388388268033,604.238041882049,612.5278930664062,27585800
2020-09-28,630.0286872229808,642.9240112304688,628.186498079054,642.9240112304688,30038900
2020-09-29,642.9239775321853,659.5036789585167,635.5552213427047,653.9771118164062,22930900
2020-09-30,657.6615734182202,667.7936144652797,643.8451538085938,643.8451538085938,24406100
2020-10-02,662.2670021326909,681.6099882867751,641.081826821075,651.2138671875,42240700
2020-10-05,661.3458655505186,672.3989997937028,651.2138258275999,671.4779052734375,18168200
2020-10-06,668.714655792364,674.2412231956067,656.7404264186716,660.4248046875,22752700
2020-10-07,664.1091844392303,687.1365486708263,662.2669953007025,686.2154541015625,23868900
2020-10-08,690.8208545885589,705.5583661531148,678.8466264423571,700.0317993164062,21476400
2020-10-09,705.5583367179861,713.8481866272052,696.3473923744092,706.4794311523438,22184800
2020-10-12,714.7694440120903,719.3749172338177,699.1108350582172,716.6116333007812,17650200
2020-10-13,719.3748518942568,729.5068920617816,705.5584334839958,721.217041015625,28052000
2020-10-14,718.4537276255934,727.6646728515625,717.5326331029964,727.6646728515625,20384000
2020-10-15,723.9803012618819,726.7435848544845,700.0318434593261,705.5584106445312,25053800
2020-10-16,707.4005812994723,710.1638648201733,688.9786911614652,698.1896362304688,18280200
2020-10-19,688.978781467014,708.3217686472376,684.3733083288654,704.6373901367188,14689300
2020-10-20,701.8740415102476,709.2427978515625,696.3474742542613,709.2427978515625,12960600
2020-10-21,703.716291155134,709.2428588867188,695.4264395577567,696.3475341796875,15697800
2020-10-22,693.5842106556732,694.505305224937,680.6888866859795,686.2154541015625,15343500
2020-10-23,678.8466295575171,679.7677240345287,655.8192676322282,665.0302124023438,21357900
2020-10-26,653.9771948556532,658.582668058862,638.3185859647432,643.8451538085938,19883400
2020-10-27,632.7919354222929,672.3989997937028,630.0286518614969,671.4779052734375,28522500
2020-10-28,668.7147040073098,691.7420698477819,667.7936093736909,687.1365966796875,19099600
2020-10-29,673.3200611109354,685.2942892839069,670.5567776864035,682.531005859375,14471100
2020-10-30,691.7419908926217,700.0318416489914,666.41189135927,667.8856201171875,23784600
2020-11-02,621.830875142488,634.6341111941507,587.6582916427694,597.053466796875,51656900
2020-11-04,615.4754421768683,618.4229562327102,579.6448386306984,588.5794677734375,49735800
2020-11-05,600.9220913153368,614.554279057788,592.1716933173863,606.7249755859375,28782900
2020-11-06,606.7249703882169,611.606760090896,590.8821334311895,600.0930786132812,27730700
2020-11-09,613.5410636014389,620.7256461409312,606.0802201570742,611.146240234375,19109400
2020-11-10,589.5005717815527,590.5137534016401,558.2754408823364,564.8152465820312,42929100
2020-11-11,558.828075082468,567.762703466952,547.2222500136337,565.18359375,42839000
2020-11-12,571.2627949984778,574.4866256065741,551.2750339844524,556.6173706054688,36625200
2020-11-13,557.2622593908185,563.8941520687221,552.2883258276019,563.1572875976562,22895300
2020-11-16,563.4335529148012,564.1704173180805,536.2612634276447,538.7482299804688,38273400
2020-11-17,527.4187449059351,535.5244223525525,523.6422795376518,532.9453125,26369300
2020-11-18,527.8791821175375,536.0769448267716,522.7210759264483,532.6688842773438,20349700
2020-11-19,541.8798898216726,564.7230224609375,536.077005643587,564.7230224609375,37857600
2020-11-20,573.8418916742853,576.6051752618018,557.9069675634357,562.7887573242188,33326700
2020-11-24,579.1842781357221,583.0528867322788,566.6574139574135,579.921142578125,25141100
2020-11-25,581.2106421338228,586.5529791061203,571.2628325614158,573.0128784179688,22360200
2020-11-26,587.6583281084609,601.4747464809168,582.5923080385603,598.2509155273438,19151600
2020-11-27,591.6189867532722,604.6064529489657,587.7503786052115,597.053466796875,16108600
2020-11-30,607.8303153319242,615.7517059651321,605.1591186523438,605.1591186523438,31470700
2020-12-01,612.5279078130064,612.5279078130064,595.3955707738677,599.7246704101562,16860700
2020-12-02,602.7643054652731,603.7774869985104,581.210670169428,595.3034057617188,15916200
2020-12-03,594.9350147010199,597.421925104203,584.3424269777599,594.38232421875,12542100
2020-12-04,589.4084599643543,592.8164650260122,576.3289053353556,578.907958984375,15715900
2020-12-07,571.5391554280006,581.026417835917,563.525621779298,564.4467163085938,15221600
2020-12-08,563.9861937597684,579.9211185710782,563.9861937597684,577.8026123046875,12472100
2020-12-09,568.5916264916558,570.8943627533417,555.0515260291132,564.3546142578125,20540700
2020-12-10,557.2622146423487,579.4605712834165,557.1701276730433,576.1446533203125,12831900
2020-12-11,582.1317047212507,586.1845428746894,576.4209077665487,580.1052856445312,12193700
2020-12-14,583.9740327810581,585.5399049960693,570.249699428351,571.90771484375,9575600
2020-12-15,578.2631167371568,580.1974489215918,562.8808273198924,564.9993896484375,10935500
2020-12-16,568.3152796809354,572.8286650056053,557.262146202538,558.9201049804688,11588600
2020-12-17,564.5389293033538,568.7759421743998,556.8017118128334,566.4732055664062,15103900
2020-12-18,566.5651982006702,567.9468399354002,559.1964422821096,562.3281860351562,11482400
2020-12-21,564.5388352983829,570.2495761599505,558.4595779340827,562.3281860351562,8761100
2020-12-22,555.1437289424607,555.9726803543715,546.2091000419573,553.1173095703125,12959700
2020-12-23,551.4593742526055,564.90733355871,545.4722590704491,564.8152465820312,14652300
2020-12-24,561.1308093077856,566.0125991633303,555.6963289925202,560.8544921875,9530900
2020-12-25,559.7491914357496,563.7098869136985,555.9726698997712,561.3150634765625,6874700
2020-12-28,559.5648971113186,569.2363891601562,558.1832553900562,569.2363891601562,12461300
2020-12-29,573.0128854029655,575.68408203125,560.5781092310905,575.68408203125,16014500
2020-12-30,575.6841650725257,583.7897868729156,568.7759550916554,575.1315307617188,12479400
2021-01-04,580.7500942891585,591.9874586659424,575.4077573222393,586.552978515625,15333200
2021-01-05,589.5004414422707,614.0015310520579,586.4608410349126,607.0933227539062,26233200
2021-01-06,607.4617948228034,644.9503504931495,607.0933345520841,635.55517578125,40449100
2021-01-07,632.6077220436641,643.568769613038,619.8966285708846,625.975830078125,29547700
2021-01-08,627.449597365934,640.529150774963,624.8705439574707,640.068603515625,20467900
2021-01-12,642.1872144909053,647.898012682717,635.3710914524273,637.673828125,26064000
2021-01-13,635.8316172359991,643.3846045098674,628.1865429860122,642.8319702148438,15182100
2021-01-14,642.5556010094475,669.2673456789088,636.7527159974991,651.121826171875,26605300
2021-01-15,662.6354018797606,669.8199276935605,653.9770911431644,660.793212890625,20827900
2021-01-18,647.4373709548051,650.1085113740553,629.1996541916792,644.7661743164062,15388600
2021-01-19,648.4505875826322,650.1085465911439,639.515958867848,648.266357421875,14079800
2021-01-20,640.7133142085868,642.9239635048582,618.5149591597598,628.4627685546875,22368200
2021-01-21,610.0409086010612,638.2264355339004,608.9355838983548,634.9104614257812,19976800
2021-01-22,630.1207741912176,658.0299846969726,629.199679619256,644.5819702148438,19935700
2021-01-25,649.3716080646009,653.0559859826978,632.7919074331642,635.6472778320312,10757400
2021-01-26,638.0423044286758,640.9898186870759,630.2129995462286,631.1340942382812,11210000
2021-01-27,636.7525873323713,642.3712972555471,622.9361704675615,635.55517578125,16047400
2021-01-28,621.8309166880115,625.7916682822853,604.6985803122922,607.185546875,27528000
2021-01-29,611.8831373855904,614.7385644043791,598.987812862315,599.0799560546875,16321500
2021-02-01,605.6196289987263,632.5155994315485,603.316892766792,622.4756469726562,22740000
2021-02-02,634.6341053315646,641.7265441676333,622.6598769290822,636.0157470703125,16230900
2021-02-03,655.8193269718838,663.188083454714,636.9368884846316,652.1349487304688,22431800
2021-02-04,630.949669798804,632.7918586157349,608.0143965403589,610.593505859375,42749200
2021-02-05,616.5806645365636,616.8569816354515,600.7378283103009,604.2379760742188,21254500
2021-02-08,611.0541383069473,616.4885623435221,604.4222463970052,614.3700561523438,14817200
2021-02-09,624.410014134812,628.0022491264731,616.3043371687933,619.343994140625,18040500
2021-02-10,624.4100355938373,624.5021225637821,608.4750544528032,610.8699340820312,15085900
2021-02-12,617.5018180605769,630.949776204427,614.1858438993991,621.7388305664062,14825600
2021-02-15,621.2782145235107,623.1204034472274,613.540998556242,614.0936889648438,10559300
2021-02-16,614.0937331244021,622.5678140267007,610.8699022760715,619.6203002929688,12841400
2021-02-17,621.0019164297978,623.3967396162473,608.1986805305628,609.580322265625,14630400
2021-02-18,604.3301162553498,606.7249958346251,584.6187264704547,588.6715087890625,21874700
2021-02-19,589.4084103355619,595.763928840595,583.0528356113804,591.5269165039062,10398700
2021-02-22,592.0795735767542,612.5278841096587,589.776837170327,608.843505859375,16588500
2021-02-24,608.8434836299128,622.3835844491733,600.6457198346798,602.7642822265625,19565000
2021-02-25,611.9753069728469,619.4361511383,601.5668924691016,610.1331176757812,14365300
2021-02-26,593.5533080520015,605.9880835875673,590.6057944590012,597.3297729492188,18446200
2021-03-01,615.751708984375,618.5149926447388,607.0013107265567,615.751708984375,12509400
2021-03-02,625.0546274503449,627.2652764629805,579.4604553726393,586.0923461914062,54802200
2021-03-03,587.5662401916218,593.5533548100192,572.4602669744664,582.0396728515625,25691900
2021-03-04,557.2622460857777,565.8284148231002,549.432941801928,557.8148803710938,37097300
2021-03-05,548.603956103146,555.6963962172748,533.1295770845098,553.9463500976562,31634200
2021-03-08,559.3807173666586,567.7627116289499,550.8145491669228,554.314697265625,20585800
2021-03-09,541.6035293794014,557.53845190813,540.8666650730539,555.8804931640625,18661700
2021-03-10,560.8545663485344,569.8812828594025,556.156949805921,559.9334716796875,18276000
2021-03-11,550.7224581384237,557.1701200376632,546.2090723212958,555.604248046875,18804200
2021-03-12,564.8152054074333,573.6576908518839,559.6570420488775,571.5391845703125,18439100
2021-03-15,567.670575463789,570.7101763181821,553.6699266766261,556.9859008789062,25465900
2021-03-16,558.8280327704745,570.6180308814188,557.8147951100613,569.2363891601562,26224700
2021-03-17,560.4860210012882,564.6309463825631,554.1304462623406,562.7887573242188,27604300
2021-03-18,560.0255058967166,560.8545135082376,552.8409794004245,554.0383911132812,24949300
2021-03-19,538.0112693108169,546.3932629042565,525.6686368719578,535.2479858398438,43992300
2021-03-22,520.4184528752363,531.4715881575422,518.9447239919235,521.7080078125,26585000
2021-03-23,529.9978348859395,538.6560900605037,519.9578816455138,521.2474365234375,20303100
2021-03-24,523.1818062044212,524.0108139483953,499.04911305468084,505.220458984375,27083000
2021-03-25,499.23323302991435,506.1414419740552,488.4564158332249,503.4702453613281,26381400
2021-03-26,509.18108087444796,515.7208862304688,505.77301962910224,515.7208862304688,19449300
2021-03-29,523.9185417327141,525.1159533420308,513.5101850991965,519.4052124023438,17825400
2021-03-30,521.8797612895697,526.7171608070533,515.3678926103772,521.1355590820312,11975200
2021-03-31,516.5772220421625,522.3448884440025,512.2049560546875,512.2049560546875,20162300
2021-04-01,515.832979580157,525.414716988428,512.4840415586782,523.833251953125,19608100
2021-04-02,532.1126858159213,532.3917545400972,523.089085207651,527.3683471679688,10359700
2021-04-05,528.3915734415903,533.9731745694944,526.8101084328875,533.0429077148438,8600800
2021-04-06,538.3453892117058,538.438393176779,521.6935913772172,526.81005859375,13587400
2021-04-07,525.41474794495,525.9729421674068,514.9027430470321,518.8098754882812,17835400
2021-04-08,517.2284221337625,518.1586890800462,510.2514200366344,512.5770874023438,20644200
2021-04-09,511.64683555258,522.3449057504976,505.13496673645625,507.832763671875,26108700
2021-04-12,509.50718442175537,511.4607221692422,502.80925149196736,504.3907165527344,10740200
2021-04-13,504.1116793664135,512.2980171129639,503.2744164057144,508.85601806640625,10931100
2021-04-14,513.2282414163195,521.6006432117603,510.8095134969131,517.5074462890625,13871900
2021-04-15,509.9723096530773,525.3217130129918,509.786244923221,523.833251953125,13702300
2021-04-16,525.1356979012078,529.2288952288625,524.6705644221101,526.7171630859375,10010800
2021-04-19,523.926287081383,534.06616140428,520.5772924447257,528.1124877929688,11848500
2021-04-20,524.1124414916101,524.2054454784128,517.6005726036796,522.717041015625,9681700
2021-04-21,511.83289658982966,516.7633001590415,501.41389520382245,502.8092956542969,21400000
2021-04-22,502.2511435344032,506.80941747225535,497.692812817563,504.2046813964844,23074300
2021-04-23,495.3671370083448,498.53006726140137,483.45973173746273,484.6690673828125,34917100
2021-04-26,479.0874627580581,489.6925283345884,470.7150604962668,481.5061340332031,28265200
2021-04-27,483.273671792551,501.1348082656093,482.1573401169247,495.832275390625,26441500
2021-04-28,498.1578869819641,514.1584877982455,498.1578869819641,506.0651550292969,24054000
2021-04-30,481.7852559021499,482.9945915306116,465.3195202222112,469.7847900390625,54481100
2021-05-06,464.0171317255613,472.11046534440567,451.179459491698,452.2027587890625,40753300
2021-05-07,448.38865804623134,451.64459228515625,441.13258738385326,451.64459228515625,33805200
2021-05-10,450.9934062236883,451.1794709695766,440.4814010393701,442.0628662109375,20028900
2021-05-11,440.0162461069468,441.2255817277649,427.736711603979,430.2484436035156,30842400
2021-05-12,433.6904543052659,435.7370245184355,420.1085514436215,424.0156555175781,26943500
2021-05-13,416.5734853360622,418.3410150680093,408.20108366070104,411.364013671875,31041300
2021-05-14,412.94549940378397,424.10870296535234,410.71286436936924,423.550537109375,19884200
2021-05-17,427.9227794443597,441.8767831218932,426.1552779897708,438.06268310546875,33236100
2021-05-18,439.08596850757004,443.73730291972646,437.318467108849,438.3417663574219,19232400
2021-05-19,434.34161554906416,439.0859824783175,429.5972486198108,436.3882141113281,12650600
2021-05-20,439.45806839358613,443.73730171909,437.31846592558026,438.5278015136719,12260000
2021-05-21,437.2254498187395,442.80705130578724,437.2254498187395,440.8534851074219,10472400
2021-05-24,438.06266761916197,443.5512365270623,437.22543310600634,437.5975341796875,9709900
2021-05-25,442.0628540528479,455.45869209304163,441.59772059041416,452.0166931152344,28043200
2021-05-26,459.4588046857571,477.69204114544874,455.92380191038995,467.2730407714844,51801100
2021-05-27,480.9479979397693,482.6224670410156,470.342960723058,482.6224670410156,78628900
2021-05-28,485.6923081556377,491.18090537808473,480.8549658743434,488.9482421875,33378500
2021-05-31,487.2737990101219,489.3203975801327,476.11059602350286,478.71533203125,18724300
2021-06-01,481.50611949241824,484.29692016207053,475.6454494419454,481.22705078125,13721300
2021-06-02,485.5993626782923,489.6925600944565,481.3201572896583,483.36669921875,19974800
2021-06-03,481.69216775633106,481.878232483743,474.99426341187353,477.2268981933594,13707700
2021-06-04,471.1802191772461,474.1570848299191,462.24965060872216,465.13348388671875,23833500
2021-06-07,466.3427752560875,473.7849102907875,465.22647203457785,470.0638427734375,12953400
2021-06-08,472.5755662422446,484.29690600043915,472.5755662422446,478.529296875,15736800
2021-06-09,475.36639184018355,476.5757274694983,470.4359885643703,472.3895263671875,9309300
2021-06-10,468.9475832000596,470.5290200084331,461.2263503491956,464.9474182128906,16805500
2021-06-11,466.43582289346404,472.57559017601164,464.3892527256102,467.5521545410156,14419900
2021-06-14,467.73817692427605,473.78491165741144,465.13344101041463,472.8546447753906,10710400
2021-06-15,478.9944326098957,489.2273681486048,474.8082033182047,488.20404052734375,23339700
2021-06-16,490.0645976069953,503.7395325614126,489.5994641512599,502.0650634765625,29016100
2021-06-17,507.9257972848442,517.2284675647863,506.1582672200578,515.4609375,38302600
2021-06-18,515.4608361699999,516.0190303444618,493.9716947592957,496.8554992675781,34990700
2021-06-21,485.1341702825093,493.5995760456442,480.4828359557354,488.0179748535156,14165900
2021-06-22,501.04173655407,507.4606009643892,496.4834627484545,505.6000671386719,19823400
2021-06-23,510.6234792779111,522.99601660554,510.2513498389978,519.9261474609375,23706100
2021-06-24,510.71650905185044,519.8331129760321,506.99544159063475,518.2516479492188,12332600
2021-06-25,520.6703955477356,525.4147340285281,518.1586635606748,522.0657958984375,18413600
2021-06-28,521.9726987873763,523.5541637638254,513.1351638484346,515.9259643554688,10767800
2021-06-29,515.9259963111031,517.8795908544186,512.5770582068268,515.3678588867188,10729700
2021-06-30,517.2283930554531,524.6705282073301,513.5073254795146,517.9725952148438,11706700
2021-07-01,514.7166890001439,514.7166890001439,506.53035124491265,508.11181640625,11764200
2021-07-02,506.9954858768408,513.2282857746106,504.5768145273724,510.9026184082031,7673200
2021-07-05,509.7862539885245,512.0189172285353,507.92572021484375,507.92572021484375,7114800
2021-07-06,516.1120464877016,520.5773160937808,509.60017841829915,513.414306640625,12721300
2021-07-07,512.3909631718537,523.833233926969,508.3908271230225,517.0422973632812,13695300
2021-07-08,516.2981717617361,524.1124370729692,514.8097673114966,520.1122436523438,18040100
2021-07-09,511.83289713909164,513.4143623404577,495.83229393401587,506.34429931640625,23873900
2021-07-12,521.6006159386126,525.6007518981476,517.1353465703182,520.6703491210938,15443800
2021-07-13,520.6704250588323,526.2520267780001,519.3680286127642,521.8797607421875,10903000
2021-07-14,523.3682200669351,549.6017622552165,521.9728194907393,548.5784912109375,31433200
2021-07-15,550.2529438770982,557.5090152977009,545.6016087640205,549.6017456054688,36313300
2021-07-16,542.7177391212739,546.7178754866999,534.2522761554795,534.3453369140625,17659800
2021-07-19,528.0194920140208,539.0896913028444,526.3450228791452,537.4152221679688,12531200
2021-07-20,533.8802009011698,538.1594059638776,527.1822678116821,528.7637329101562,12201600
2021-07-21,532.2987631728444,536.019830994005,526.903226187959,528.9497680664062,9409000
2021-07-26,539.5548540229322,543.4619867354482,535.5547173230432,540.578125,16794700
2021-07-27,544.8573157276073,552.3924546438296,544.4851862689612,551.276123046875,13788900
2021-07-28,541.9734463063221,543.2758426132209,528.5776376791392,530.4381713867188,19237900
2021-07-29,514.5306417954602,521.3216361445274,506.6233724982083,520.1122436523438,24378800
2021-07-30,514.7166419106843,525.5077715462853,506.4373009300502,508.3908386230469,21923800
2021-08-02,517.6934824835112,522.5308812767094,512.1118815942011,519.5540161132812,13531400
2021-08-03,518.437749229087,529.880021123234,517.3214175562217,526.2520141601562,12932000
2021-08-04,556.2066560241719,579.4633307738196,550.8110620590608,577.69580078125,63797500
2021-08-05,577.9748654440681,587.091470525802,564.7650629236826,569.1373291015625,30722100
2021-08-06,559.8346607583172,575.649199518603,559.1834625123897,575.463134765625,13466000
2021-08-10,572.1141949347373,581.6959335103664,567.3698560298016,571.7420654296875,16014700
2021-08-11,569.8815068822165,585.9751704281184,569.8815068822165,585.696044921875,17261600
2021-08-12,577.1375539020271,584.0214942556725,571.6489569898812,575.9281616210938,10061900
2021-08-13,579.6492334498352,584.3936283042935,578.625962658334,582.6260986328125,9453600
2021-08-16,584.4866482365194,587.4635135007917,575.8351779208077,578.9981079101562,9512200
2021-08-17,578.067811993574,588.3937507577305,577.6026785937654,585.8820190429688,13670700
2021-08-18,581.881884004252,585.0448138391283,576.0212145139619,584.3936157226562,14640500
2021-08-19,586.1611290465099,609.3247967014088,586.0681250715841,607.2781982421875,29490600
2021-08-20,602.9990851271374,610.2551564239407,600.0222193497588,604.859619140625,23342200
2021-08-23,612.1156046765269,626.0696078226483,610.9992730690403,622.1624755859375,21627700
2021-08-24,626.5347261494045,634.5349983819613,618.5344539168478,624.3020629882812,21724000
2021-08-25,626.3486560685174,639.3723919127775,624.0229889534709,638.34912109375,22630900
2021-08-26,641.5120404238447,643.930768464775,631.7442378384009,640.48876953125,20201600
2021-08-27,641.8841525964569,643.7446863720988,632.6744876954356,636.3025512695312,15384500
2021-08-30,642.8143314172195,649.6983281555649,642.5352627449032,646.1632690429688,15453700
2021-08-31,649.3262723233743,669.0479412339783,648.3960054575815,667.0013427734375,28627100
2021-09-01,668.6757953137884,674.9085945169502,646.5354558087945,668.0245971679688,29953900
2021-09-02,671.0015126094377,675.4667824335005,664.3035794838502,673.5132446289062,15985100
2021-09-03,669.3270602012918,687.2812007035692,668.1177245407423,681.0484008789062,23607300
2021-09-06,689.234829999044,694.7233711280269,685.7928308082296,688.6766357421875,14469300
2021-09-07,696.4909103350424,696.769979077673,661.5128372645494,667.1875,25547100
2021-09-08,655.2799934281231,677.6994018554688,642.8143948965393,677.6994018554688,31751800
2021-09-09,667.0013541504208,668.0246250086533,653.0473509255166,660.7685546875,23367400
2021-09-10,662.3500477407138,666.5362488851424,650.442642507914,656.8614501953125,22449500
2021-09-13,650.6286929185311,658.6289655512029,647.744831459602,654.9078979492188,15452700
2021-09-14,654.9078712694537,692.4906752300327,653.5124709755557,689.2347412109375,37270900
2021-09-15,687.6533043324705,689.8859108266918,683.001969829111,687.932373046875,17498000
2021-09-16,679.0948669824367,688.211471649143,677.7924705533409,684.3973999023438,11773700
2021-09-17,690.5370759994817,695.8396084356029,686.3508751465936,686.6299438476562,19839200
2021-09-21,666.257133747198,687.4672067121554,661.605799466331,683.281005859375,16425200
2021-09-22,689.3277855544794,692.7697845034637,671.0945766913537,680.9553833007812,12456600
2021-09-24,689.6999569380379,705.1423659881884,689.51389218752,704.584228515625,21349000
2021-09-27,707.933098761065,710.2587659711868,691.374359580795,692.3046264648438,13658000
2021-09-28,685.4206153102709,699.4676790501062,680.490212277726,698.9094848632812,10940500
2021-09-29,697.142053747147,697.142053747147,672.5829843057169,688.3975219726562,20103000
2021-09-30,678.9087950467622,679.373928512371,665.8850580097167,667.652587890625,20276100
2021-10-01,661.3266905817686,680.0250305431133,660.1172983190419,667.0942993164062,17281900
2021-10-04,676.3970618730774,679.280923422539,656.5823876262707,663.1873168945312,11740400
2021-10-05,633.6978250860695,635.1862294178817,601.9756896560793,626.3486938476562,35045700
2021-10-06,650.0705385285536,660.2104710766396,635.3723319562279,638.8143310546875,26286200
2021-10-07,633.5118421110776,663.7455203322377,633.5118421110776,642.4423828125,16202200
2021-10-08,651.1868113255981,659.74527791596,639.0003379966698,643.6516723632812,13857000
2021-10-11,641.2330101124168,665.8850847807871,637.3258774884242,662.629150390625,14303600
2021-10-12,653.233393600139,657.3265336738419,636.3025255698238,643.9307250976562,18134600
2021-10-13,650.7217850967629,654.5358571941674,637.977115476739,641.3261108398438,12530300
2021-10-14,643.0935382457643,648.8612047549394,636.3026007919406,647.744873046875,14288600
2021-10-15,651.0007748146323,652.2101104465767,638.163102762096,639.7445678710938,15484000
2021-10-18,637.3258391311222,650.1635679486034,635.6513700441857,643.8377075195312,12241200
2021-10-19,646.7216048719241,655.5591410318826,646.5355401232849,652.582275390625,10449200
2021-10-20,656.396254187327,658.0707799087238,651.2797866094585,652.3961181640625,8864100
2021-10-21,651.1868240791796,655.6520938027826,644.5819518608276,645.2330932617188,11419000
2021-10-22,638.6282544644214,640.9539218149837,607.0921824792007,616.8599853515625,30921200
2021-10-25,609.9759884397288,627.3719899914527,606.6269936929092,626.16259765625,17275300
2021-10-26,642.721430955288,656.4893698701619,638.2561043632328,640.1166381835938,20187700
2021-10-27,636.3025795178312,638.6282468406303,626.441772780758,635.0001831054688,12830300
2021-10-28,635.9305166624515,646.070449963834,633.9769786182187,641.3261108398438,29299900
2021-10-29,635.3722348307753,657.3265089596023,634.7210367042888,656.7683715820312,20005500
2021-11-01,667.9315500337427,680.5831555679158,661.419682554305,668.1176147460938,18353700
2021-11-02,672.5830425658606,683.2811130907671,667.373570065329,682.07177734375,24246200
2021-11-04,734.9108257730499,742.0738920129637,719.1892929911215,731.1897583007812,44306900
2021-11-05,735.0969114855765,748.8648501701751,726.7245094339844,739.4691772460938,27460600
2021-11-08,732.3061200341411,733.1433261824641,720.491718967705,730.259521484375,18282900
2021-11-09,736.1201745057081,763.1909749178099,734.6317702017852,756.4930419921875,23629600
2021-11-10,755.4696902870757,759.6558911348703,742.5390150690554,742.6320190429688,11206600
2021-11-11,736.2131898422199,741.8877947771991,726.724456847894,728.39892578125,12823900
2021-11-12,730.8176890679407,733.9806193916165,724.3058204548338,729.3292846679688,13349900
2021-11-15,743.2832904176664,745.0508203280021,730.8176906202178,733.0503540039062,11009100
2021-11-16,740.3064436999996,747.748579463315,730.9107700104099,746.1671142578125,11822900
2021-11-17,751.6556306888846,762.1676349602963,745.6088960360656,760.8652954101562,14937200
2021-11-18,761.516387038548,767.004983922539,753.5161151937618,753.8882446289062,16991900
2021-11-19,755.376760001041,769.9819624061199,749.7951583261565,767.9353637695312,19575800
2021-11-22,764.0282198599936,781.0520933589981,763.2840176702259,776.7728881835938,16514700
2021-11-24,750.911525174709,752.5859943997756,730.8177241369372,741.4227905273438,22280200
2021-11-25,741.7017908130042,743.0971911682698,724.2127843828068,727.2826538085938,14361500
2021-11-26,726.8175467686125,726.8175467686125,706.1656094044162,713.7008056640625,16005600
2021-11-29,702.0724371402384,732.5851799460019,700.583976040576,711.6541748046875,22783700
2021-11-30,712.584466974786,714.8171303139782,696.6769252147506,699.5607299804688,30539900
2021-12-01,696.118713536457,698.7234495142136,674.4435060094671,692.769775390625,21150300
2021-12-02,686.5369563316231,693.8860873833521,675.4667577659015,685.606689453125,17318900
2021-12-03,690.2580952659317,710.1658312372191,684.3974246807926,709.0494995117188,15834600
2021-12-06,699.9327934576233,701.7002663870676,672.7689903610188,690.2579956054688,16279600
2021-12-07,692.4906485569547,695.2814490372557,668.3037110610125,671.6526489257812,22412400
2021-12-08,697.7931600455322,706.9098208413628,678.4436204063308,680.0250854492188,24605000
2021-12-09,682.2577326125152,692.1185385414318,676.7691354689404,676.9552001953125,15231100
2021-12-10,671.2805926936273,678.1645906740673,664.1175827695054,664.6757202148438,12561800
2021-12-13,664.2105315942558,671.5596624285304,646.5354614257812,646.5354614257812,16438300
2021-12-14,655.8382224486953,660.2104886208181,637.325886791384,645.6052856445312,17267700
2021-12-15,636.5815621039952,644.8609593644576,636.3954973875504,641.8840942382812,9399000
2021-12-16,653.9776563630608,663.4663904712099,641.5120567022977,642.814453125,12184300
2021-12-17,635.8374272402679,638.1630944942557,623.4648888048499,623.7439575195312,14322600
2021-12-20,617.6971635570133,622.3484976199426,597.4173583984375,597.4173583984375,26014400
2021-12-21,606.1618948161525,606.7200890285974,583.3703555598146,596.6732177734375,35364200
2021-12-22,607.9293698671192,617.5111068045616,602.1617041988883,613.0458374023438,19286300
2021-12-23,609.5108802358089,615.278546333755,604.0222828502343,609.2318115234375,11950400
2021-12-24,616.8599736211438,641.9771805295799,615.5576339969874,617.1390991210938,18055500
2021-12-27,610.255090529283,613.5110247013143,593.7893549320708,595.556884765625,16486400
2021-12-28,603.9293184665072,608.9527259554876,598.7197894517633,599.0919189453125,12849300
2021-12-29,599.0919061470404,604.3013782715066,597.1383682951125,600.8594360351562,7257200
2021-12-30,601.7896964945179,629.7907082254427,600.6733648287196,620.8601684570312,21235600
2022-01-04,620.4880079582556,638.070074673464,618.2553447382663,623.27880859375,21534800
2022-01-05,613.9761909980892,615.8367249102047,597.4174505360597,600.9524536132812,18263900
2022-01-06,587.2775111650087,593.4173070708895,581.6959094936561,584.2076416015625,22470100
2022-01-07,596.3010563747222,607.6503234056695,591.2775926265869,593.8823852539062,18406200
2022-01-11,591.5567995095034,591.8358682496943,568.1140600906336,572.1141967773438,25047100
2022-01-12,581.2307171828778,588.5798480177991,576.0212455285672,584.5797119140625,15907300
2022-01-13,582.9051532838167,585.6959536795815,578.0678113543412,583.2772827148438,10054200
2022-01-14,577.509703538683,579.2772334318173,565.8813668180305,573.04443359375,16470800
2022-01-17,572.5792969151547,573.1374343630221,561.2300289836222,565.602294921875,13184800
2022-01-18,570.3466794329994,574.2538122192452,558.4392730960056,559.927734375,11258000
2022-01-19,548.8574422558079,550.9040406844227,525.2286415216766,529.3218383789062,33531200
2022-01-20,524.7635224874476,533.9731872792939,515.6469184506711,531.275390625,23937100
2022-01-21,521.9727385597769,532.6708079852283,514.8097288024461,529.5079345703125,22228200
2022-01-24,522.8100901125015,527.4614254337871,512.1120188735447,520.3914184570312,25662500
2022-01-25,518.3447282965656,524.2984023921694,513.2282603439916,522.0657958984375,20415900
2022-01-26,515.6469607999858,528.1125606843893,511.7398282407705,521.8797607421875,18802700
2022-01-27,524.8566192263878,534.3453533760174,503.3674188317872,505.13494873046875,20602200
2022-01-28,512.5770514127529,516.1120542046301,500.39057798368043,503.08831787109375,14657900
2022-01-31,517.2283861398683,540.6711229106377,515.4608563533361,536.8569946289062,26480500
2022-02-01,547.5550370277896,560.0206353433709,533.2289618189529,538.531494140625,23416800
2022-02-02,547.1830215390005,575.1840335205616,543.3688930449654,570.811767578125,31280400
2022-02-03,553.6018241993813,582.3470948853488,546.9969517453437,551.0901489257812,33741300
2022-02-04,550.9040489848787,555.8344520151579,536.7639812765625,543.4619140625,21571100
2022-02-07,543.089856533806,544.1131842885569,529.1358517062212,538.7175903320312,15257200
2022-02-08,529.4148354229089,534.7173677616023,513.6933599094282,516.298095703125,23367200
2022-02-09,529.1358280413592,547.6481629962799,524.5775540689385,545.9736938476562,24661500
2022-02-10,557.2299043115709,563.2766395002607,547.3690973308414,553.4158325195312,18427800
2022-02-14,537.6942683253792,538.9036039398641,523.8332688005529,525.4147338867188,20020200
2022-02-15,526.5310957239774,528.8567631079171,514.9027588042782,524.4844970703125,15412600
2022-02-16,536.670920387545,536.670920387545,521.9726600514144,526.81005859375,14449600
2022-02-17,523.2751388206283,525.9729355812536,506.15820490139004,508.2048034667969,22102500
2022-02-18,498.6230267820884,523.2750980688894,497.41369124457003,521.507568359375,17811300
2022-02-21,506.06516099417934,526.3449667517526,505.22789812653,518.90283203125,11154700
2022-02-22,509.60020644158857,522.0658058572449,506.34427222784115,512.1119384765625,14144000
2022-02-24,507.46059831430694,514.0654706495164,491.08792344509146,501.69293212890625,21907400
2022-02-25,516.6702898082514,527.8334932745097,512.9492219861653,522.99609375,21284300
2022-02-28,525.2287269280047,529.2289204621621,509.9723821535835,518.7168579101562,19744000
2022-03-01,522.9030631160273,528.3916611814456,517.4145218296013,519.4611206054688,13422800
2022-03-02,511.6468526316606,521.4146561819014,510.7165856268757,519.8331909179688,10861100
2022-03-03,524.2983667991018,524.7635002177592,512.2048979140077,514.4375610351562,9781900
2022-03-04,508.94896674337963,517.6004938005102,491.5530222144396,494.064697265625,17210200
2022-03-07,478.6223230763284,479.92471945615773,453.1330155330581,464.20318603515625,29284100
2022-03-08,456.76106651366734,480.9480068993198,455.3656661068028,466.9009704589844,20935300
2022-03-09,468.48237323905465,476.2966087992696,457.13310675171346,463.36590576171875,12031700
2022-03-10,496.57645640291594,499.2742531057057,477.9711185326007,481.59918212890625,18613300
2022-03-11,469.1335703166804,470.2499019144105,453.3190335559584,458.900634765625,17053800
2022-03-14,462.90078979936743,473.6918909270427,462.43565637480805,469.2265930175781,14290100
2022-03-15,461.7844721459645,471.645306721794,461.5054034386124,465.2264709472656,13694200
2022-03-16,477.9711130824621,483.27364567083606,473.4128110341101,473.784912109375,19663800
2022-03-17,492.390290784958,497.692823815047,477.59908018196046,491.8321533203125,25975400
2022-03-18,492.5763070830575,494.71590952573297,486.0644390007508,491.7390441894531,17740500
2022-03-22,491.45995185211297,501.41381822650584,486.9946824519032,498.06488037109375,19411700
2022-03-23,504.2046984515426,516.7633025642655,501.87903102326055,510.9956359863281,20456800
2022-03-24,498.6230090609186,509.6932067871094,491.64600800129756,509.6932067871094,11058100
2022-03-25,511.4607841506703,516.2051799079215,504.2047129219825,506.9955139160156,12215900
2022-03-28,500.2045572920292,507.4606282466323,498.4370273509768,501.50689697265625,11859800
2022-03-29,510.71653534895177,511.3677335439918,491.3669949101075,502.2511291503906,22569900
2022-03-30,511.28822955134547,514.2034051875432,501.6962743082963,511.476318359375,17382700
2022-03-31,506.02204281388754,510.25378281756053,501.50819828929906,504.4234313964844,12599300
2022-04-01,496.99435918509454,505.73994380873825,490.4116524409211,502.82476806640625,14043100
2022-04-04,503.5770533701007,503.8591578870572,493.13878446618577,502.1664733886719,12983700
2022-04-05,511.57033134971033,513.3570889215384,483.92294121884356,486.93218994140625,29406000
2022-04-06,478.1866391470808,488.7189817148027,476.68201468050273,487.4964904785156,19751200
2022-04-07,478.65678314969625,485.89777150574923,476.9640987357647,484.0169982910156,11980400
2022-04-08,490.0354705518025,497.464548200027,482.88855482176535,488.4368591308594,12856500
2022-04-11,482.3243412774891,483.45275935311884,471.32180586692493,474.6131591796875,20233100
2022-04-12,474.89529245780795,479.22107709906885,471.6039389457241,474.3310546875,12719200
2022-04-13,474.89526317046165,483.170654296875,472.3562077098249,483.170654296875,11151900
2022-04-14,485.52160998364053,489.94143866396894,483.35873219439543,486.93218994140625,9209600
2022-04-15,477.52832387012296,483.92294153686765,476.11774391143024,478.65679931640625,10272300
2022-04-18,475.64755777661685,477.99852440994994,472.3562044899505,477.62237548828125,6630100
2022-04-19,485.99177305183,495.0195186575766,482.23022673192946,494.3612365722656,16213100
2022-04-20,501.8843456444617,501.8843456444617,485.7096844599797,489.00103759765625,13238700
2022-04-21,480.5375616221439,491.16391892232633,480.44351722071394,490.1295166015625,8941300
2022-04-22,476.68197797328446,481.8541331470878,470.2873603556554,481.3839111328125,18339500
2022-04-25,473.01448170497844,476.8700726831925,467.5602506517253,467.6542663574219,15492800
2022-04-26,475.1773813908661,489.28318169376126,474.42508352070803,488.248779296875,21274700
2022-04-27,478.56275276449475,491.1639279325837,472.4502396375994,489.6593322753906,19526300
2022-04-28,481.10178154730073,487.68445892922495,472.92040679681037,483.92291259765625,25882100
2022-05-02,465.11525445266483,465.7735079051204,433.8003610061273,436.33941650390625,65635500
2022-05-06,428.8163055828549,434.1765208819696,422.2335991375041,433.14208984375,41182600
2022-05-09,427.49978158667864,432.1076704832885,417.53167724609375,417.53167724609375,26875800
2022-05-10,411.8893595119705,411.8893595119705,393.7399083461378,410.3847351074219,30874600
2022-05-11,411.7012454489125,427.12360877674115,406.24701460255875,420.3528137207031,22121700
2022-05-12,404.46028775421,407.84568529869273,392.7054550985908,393.08160400390625,34054500
2022-05-13,396.9371858490152,402.6735497944767,394.1160260756722,397.6894836425781,30290100
2022-05-16,402.4854756016652,404.0841443438979,394.3041004827697,395.0564270019531,21809800
2022-05-17,394.02197988790357,398.25371952870444,390.4485223372224,396.8431396484375,16436900
2022-05-18,402.48548245790374,415.27474651866055,400.5106647715999,406.1529846191406,19258300
2022-05-19,390.7306588559168,393.64586325371226,388.19160338402185,393.55181884765625,18497800
2022-05-20,395.15049599237335,402.3914562382776,393.45778274262335,401.3570251464844,14023600
2022-05-23,405.30663153908466,420.7289663034597,404.64834942848586,413.7701110839844,17817300
2022-05-24,404.3662560632425,406.2470293472576,396.9372073310475,398.1596984863281,25261800
2022-05-25,393.5518208699054,395.3385498008567,386.4989208543157,390.2604675292969,27599800
2022-05-26,390.35450468228623,397.501448971611,390.35450468228623,391.5769958496094,22153300
2022-05-27,399.10006894360936,399.10006894360936,386.6869829914921,387.5333251953125,28386400
2022-05-30,390.918745666808,398.06566131730216,387.90949687836167,397.1252746582031,42797500
2022-05-31,394.9624072425328,401.92126296380786,389.32008713906805,400.7928161621094,33156500
2022-06-01,399.6643461804789,402.95569961961223,397.50146825694964,399.19415283203125,16890700
2022-06-02,397.4073773402085,398.44180832540184,390.54253803725,396.8431396484375,18833000
2022-06-03,403.4258860488083,425.8070775717203,400.1345326661257,417.0614929199219,49133700
2022-06-06,403.23779073723625,410.4787795418165,397.0312617028229,410.1026306152344,23535100
2022-06-07,411.88933430695255,414.2403008269694,406.5291191619854,408.2218322753906,13325000
2022-06-08,415.1807125927236,417.06148592270193,409.44434819662484,414.2403259277344,16472200
2022-06-09,413.770130831544,424.4905330270602,412.923788576326,413.67608642578125,17673500
2022-06-10,410.00857381090486,410.94896044808587,403.7079718624633,405.306640625,23308300
2022-06-13,392.6114471760082,393.551833875831,385.7466357466318,387.06317138671875,24091800
2022-06-14,378.0354485688844,383.4896798798521,376.1546751929198,381.2327575683594,21714200
2022-06-15,379.0698694811798,380.4804494752564,372.01696951079686,372.8633117675781,26314300
2022-06-16,380.8566137165675,381.79700041710225,366.18657544856075,366.6567687988281,23761800
2022-06-17,355.8422833616395,360.07402305761167,353.585361263452,354.9959411621094,24705800
2022-06-20,362.23694392765265,364.1177172010084,355.84229757924936,360.3561706542969,17028200
2022-06-21,364.49384637237483,374.36790552264176,361.9547911115492,373.1453857421875,18001100
2022-06-22,376.9069591834986,378.03543464684833,371.73483259007156,375.3083190917969,14581800
2022-06-23,375.30832778477566,383.1135257090403,375.2142833775977,378.975830078125,12152000
2022-06-24,381.2327217107692,392.70544970439306,380.6684840113855,391.1067810058594,14491400
2022-06-27,394.58622470973705,396.0908490155408,387.7213852827328,391.953125,19482800
2022-06-28,384.4300484256864,387.1571926507942,379.3519662898933,382.1731262207031,24957800
2022-06-29,374.65000493811124,382.5492464115327,373.4275138725572,382.4552307128906,25686100
2022-06-30,377.00102731578437,378.8818007408552,371.0766025061412,372.769287109375,20808800
2022-07-01,376.06063893334215,381.51489906082276,369.9481253290047,371.6408386230469,18614400
2022-07-04,372.67522419108406,383.8658484731795,372.67522419108406,381.42083740234375,15631300
2022-07-05,383.95987848651777,384.5241162467056,379.5400782114163,382.92547607421875,11161700
2022-07-06,387.0631336540145,395.90276203095584,384.2419738295659,392.5173645019531,18948300
2022-07-07,402.2973988861841,413.86417194317664,395.9027811217418,408.1278076171875,37262600
2022-07-08,409.44434670745966,414.6164733460889,405.4947399478641,409.53839111328125,25129400
2022-07-11,414.8986100713476,417.5316812666728,408.9741568343804,411.2310791015625,15351800
2022-07-12,403.0497278295212,403.0497278295212,392.70547457943155,397.1252746582031,22455300
2022-07-13,399.00602276934677,405.30662446660165,397.2192939695991,402.6735534667969,11137900
2022-07-14,396.18489668597493,400.7928143752536,392.2352898501526,400.51068115234375,15355500
2022-07-15,402.39146148580244,406.62320161787676,400.32262797356077,403.04974365234375,11838400
2022-07-19,408.97413188077894,410.290667398113,403.7079611131208,408.78607177734375,12356300
2022-07-20,413.58204729433237,417.24957827758726,411.8893627623099,415.3688049316406,15279600
2022-07-21,418.4720638798936,421.3872682668114,415.93300841747276,417.81378173828125,13017300
2022-07-22,413.676088217037,415.18071262078604,409.25628811028315,413.9582214355469,13183300
2022-07-25,409.44438065437316,415.08670109159004,405.9649669370849,410.6669006347656,13528000
2022-07-26,411.7012472751885,414.8045403139393,411.0429938657482,412.92376708984375,10978100
2022-07-27,413.7701200760808,418.37800885544533,409.6324246149845,413.2999267578125,12969600
2022-07-28,427.8759516364428,442.9221389467353,424.6786425726706,425.99517822265625,35304900
2022-07-29,432.2017328485053,442.3578977242135,430.6971083895755,441.1354064941406,31510200
2022-08-01,444.8028530092188,456.0874919861969,439.7247712092429,451.66766357421875,30798400
2022-08-02,454.67697317321466,459.7550556551327,448.6585039835962,455.2412109375,27068500
2022-08-03,462.7642891895897,470.00524937877344,460.6954270222093,465.58544921875,38718600
2022-08-04,432.57785652348355,433.0480498457917,407.18741711884434,414.42840576171875,81049000
2022-08-05,414.99258614444426,421.5752922023786,411.9833663083811,419.69451904296875,28547000
2022-08-08,414.8986305465717,418.09593964106045,403.8960944908892,406.7172546386719,26099800
2022-08-09,405.7768213671307,407.6575945832008,398.8179662073356,404.3662414550781,22877700
2022-08-10,404.2722190070206,404.9305011477193,396.7491257342282,397.1252746582031,15671400
2022-08-12,402.5795179089856,411.7012509073304,400.32259575982414,410.1966552734375,21205800
2022-08-15,410.290713911295,412.82976953125,408.692073708415,411.419189453125,14755700
2022-08-16,413.1118253388385,425.33685124058263,411.70124542709885,424.4905090332031,17867600
2022-08-17,418.56610983867796,426.93554540766576,414.240325445103,421.9515075683594,21233800
2022-08-18,411.88934855433365,415.46280630903755,409.7264707604322,414.1462707519531,16643200
2022-08-19,413.3939934089217,415.08667796645426,405.4947509765625,405.4947509765625,22494400
2022-08-22,400.51065954209764,404.742399372499,398.34778177477705,403.61395263671875,10935200
2022-08-23,399.66429940897143,399.8523882056688,396.0908418582902,396.8431396484375,12322200
2022-08-24,399.6643012235824,402.29737219937397,397.03123024779086,397.6894836425781,7912900
2022-08-25,397.9716276210066,400.88680317378373,396.93719660309114,397.7835388183594,9628700
2022-08-26,397.78354065853125,399.6643139004156,394.21008297827996,394.7742919921875,15258600
2022-08-29,380.9506506906141,388.1916109244025,380.57450175740706,388.09759521484375,22779000
2022-08-30,388.1915785942008,393.5517937155331,386.21678968475146,391.6710205078125,20944700
2022-08-31,386.4989208543157,390.63661645713023,383.4896720350013,390.2604675292969,14706100
2022-09-01,385.55854173224776,388.00355285850736,384.24200610990005,385.0883483886719,15366900
2022-09-02,384.1479673060219,384.6181606564577,378.59969151054474,382.92547607421875,15132900
2022-09-05,380.8565851213495,389.9783469109923,380.4804362090423,388.19158935546875,11045100
2022-09-06,388.19160036277594,389.6962247529914,384.14794921875,384.14794921875,8760200
2022-09-07,381.89101461474536,382.4552523300933,375.77850154484133,379.0698547363281,17155300
2022-09-08,382.737345987383,387.2511901855469,381.70291498829334,387.2511901855469,17097200
2022-09-09,383.67772901581554,387.2511865812422,382.92543122256404,385.5585021972656,14301700
2022-09-12,394.58623196778206,394.58623196778206,388.849867839196,390.6365966796875,12161800
2022-09-13,392.1412279840052,399.4762322799165,391.8591234719789,397.3133544921875,15473600
2022-09-14,385.558543131239,390.5425811118984,384.71220084939625,389.5081787109375,14962500
2022-09-15,394.9623808252937,398.6298829075784,391.4829388482182,394.2100830078125,13294800
2022-09-16,390.8246837665694,392.79950140194245,384.33602184890555,385.6525573730469,18412400
2022-09-20,386.02873718562387,386.59297494066357,380.1983282140874,381.7969970703125,11940000
2022-09-21,377.1890833464239,380.2923477486763,375.2142656821167,376.06060791015625,14922900
2022-09-22,371.5467707461965,375.9665707773437,370.9825330171522,374.46197509765625,11327600
2022-09-26,370.88849630549953,371.7348385674592,364.4938784392227,365.71636962890625,19160400
2022-09-27,365.8103765029675,372.2049937131512,365.8103765029675,370.6063537597656,14054900
2022-09-28,363.08328421805,370.41828846555705,360.8263620417649,364.21173095703125,17483200
2022-09-29,364.4938641835235,367.5030841859447,361.1084665697674,363.92962646484375,22287000
2022-09-30,357.3469453606942,361.57868550312344,355.09002302439677,357.5350341796875,21500500
2022-10-03,354.1496113424018,362.23694211707306,350.1999760087672,360.07403564453125,15642100
2022-10-04,364.869998790943,374.55596923828125,363.92961219612096,374.55596923828125,18904200
2022-10-05,379.1639189235419,383.11352574042485,376.15467008354403,378.6937255859375,16518200
2022-10-06,377.37718268678685,383.11354747059175,376.9069893225131,379.1639404296875,11671500
2022-10-07,373.3334995934306,377.65928391780494,370.70042845597993,375.02618408203125,10346600
2022-10-11,366.7508045255829,367.3150422722101,361.48463338760206,362.9892578125,21292900
2022-10-12,361.67274924850886,364.5879539088122,360.356213540144,361.5787048339844,14216700
2022-10-13,362.7071631158664,363.1773564677416,354.8078918457031,354.8078918457031,13043800
2022-10-14,359.6978759717964,364.87000229295944,358.19325166597554,363.8355712890625,18291800
2022-10-17,359.2277076143104,362.23695643491163,359.133663207731,361.86077880859375,11219800
2022-10-18,368.6315433414838,369.5719299316406,362.8951794018628,369.5719299316406,17859300
2022-10-19,369.57196245570526,372.6752269969962,365.43426683454277,366.5627136230469,15399600
2022-10-20,362.04884608586633,363.64751480765216,359.60383515185583,361.10845947265625,17317500
2022-10-21,361.10845044106486,361.2965392383314,357.62900857988234,357.7230529785156,14840800
2022-10-24,361.0144400484667,367.2209978647183,359.5098156235688,362.9892578125,16639900
2022-10-25,362.3309684344914,367.1269461377182,361.9548195103473,364.023681640625,12802700
2022-10-26,367.69117816309466,372.8633047101458,366.4686870040299,370.0421447753906,17455700
2022-10-27,356.03039525551407,362.70714628192604,352.2688486150931,360.1680908203125,25951900
2022-10-28,354.619806691813,355.84229784106464,348.6013379523108,352.6449890136719,74313100
2022-10-31,358.2873014105929,362.89519009851875,357.3469147927173,361.6726989746094,25706800
2022-11-01,361.6727387368803,373.9918105250725,360.8263964274099,373.89776611328125,24564500
2022-11-02,372.9573562008406,373.4275495322339,365.3402184926042,372.5812072753906,25406200
2022-11-04,342.4888452949605,343.05305435247175,318.9791779545136,319.7314758300781,117313300
2022-11-07,319.82553213034646,324.8095703125,319.7314877178232,324.8095703125,42911300
2022-11-08,324.43338009958654,332.3326218753904,324.43338009958654,328.5710754394531,29934500
2022-11-09,330.5459054965731,337.2226564112751,329.98166777028564,333.3670654296875,27322100
2022-11-10,331.3922587290629,334.11937434853354,327.63071202680726,329.60552978515625,22196000
2022-11-11,342.30074349712714,343.6172790786053,339.1974790051913,343.3351745605469,33458200
2022-11-14,343.9934363779414,353.11519866157806,342.3007518317295,350.8582763671875,26734700
2022-11-15,352.5509665095694,353.30329308519083,344.18153065676114,348.9775085449219,20242000
2022-11-16,351.2344325896232,352.45692382077937,348.1311679577194,349.8238525390625,17349800
2022-11-17,347.94304704796065,350.9522956909475,344.4636050981523,345.12188720703125,18577200
2022-11-18,345.12188180639646,347.0026550042515,342.5828265099636,343.1470642089844,15683500
2022-11-21,343.7112891100378,344.0874379959387,336.0001078066267,338.0689697265625,18745700
2022-11-22,339.103404333402,340.1378353044946,337.31667558241696,339.19744873046875,16805500
2022-11-24,344.4636191437595,354.90191672048746,344.36960343721927,350.76422119140625,24194500
2022-11-25,351.7045808775286,354.99593390713113,350.858238695295,352.4568786621094,14007200
2022-11-28,353.3972688687797,358.287290613702,352.17477778170974,353.5853576660156,16666500
2022-11-29,350.7641978974038,354.2436397580202,349.16552921586197,353.5853576660156,11439900
2022-11-30,349.3536626159586,353.021165043729,348.6953804399095,351.23443603515625,21610600
2022-12-01,360.168092859064,362.61310392884246,354.80787738679294,356.5946350097656,19767000
2022-12-02,358.28733412890955,358.28733412890955,352.26886496457183,354.8078918457031,16309000
2022-12-05,351.98670879365136,352.4569021148816,349.07153316068195,349.6357421875,15822500
2022-12-06,345.1219016668053,345.4040061833889,340.79611732314254,343.05303955078125,18598500
2022-12-07,338.257088853006,344.3696020665976,337.6928511243945,342.2066955566406,13238500
2022-12-08,340.79611224024757,341.8305432828313,334.0253456583158,336.3763122558594,16248400
2022-12-09,342.2066758224665,344.08744901049687,340.7020515323779,342.01861572265625,15874400
2022-12-12,338.53918811592325,342.2066902475146,337.69284588529797,339.94976806640625,9153300
2022-12-13,341.3603821268471,343.0530667572368,339.76171321055926,341.0782775878906,12545000
2022-12-14,343.52321492048134,344.9337948263114,340.79609950887425,343.42919921875,14442300
2022-12-15,338.5391917900996,340.23187626972094,335.0597497284833,337.5047607421875,15489300
2022-12-16,327.9128184590619,331.8624249547661,326.59625426217235,331.2981872558594,28459800
2022-12-19,326.97247654972597,329.981696857982,324.52746531916927,328.383056640625,12791400
2022-12-20,326.03204886990204,329.5114621047454,317.4745249870181,320.2956848144531,28628100
2022-12-21,320.1076338124106,321.518213892693,315.87589357156355,319.26129150390625,17485400
2022-12-22,320.67186984329237,321.14206320083383,315.02954955279455,318.6970520019531,16570500
2022-12-23,314.4652835530371,316.81625012968715,312.20836137911766,315.1235656738281,14323400
2022-12-26,313.90103868710867,315.8758563061904,311.92624976634875,312.5845031738281,12035500
2022-12-27,314.9354893628588,318.9791692541159,314.9354893628588,316.06396484375,13842000
2022-12-28,313.24279804875243,315.12357134391357,306.5660471112658,309.1051025390625,22313800
2022-12-29,308.3527705402269,311.64412374846,307.60047271481693,311.5500793457031,12786100
2022-12-30,316.628233795475,319.54340979487756,311.45610661181365,312.2084045410156,12850800
2023-01-04,311.07988975198674,312.4904697152485,308.35277422934536,308.5408630371094,14043900
2023-01-05,311.2679921756818,319.2612789838186,310.51569430836327,318.6029968261719,15724500
2023-01-06,314.0891220985143,316.34604418231237,311.45605111713667,314.46527099609375,13212700
2023-01-10,319.73147792250677,321.42416250276665,316.72222900390625,316.72222900390625,14460700
2023-01-11,320.76591941268566,322.6466928730962,318.2268637618012,320.671875,13565000
2023-01-12,324.15126121149956,326.0320343460059,322.0823992842144,322.9287414550781,10597500
2023-01-13,323.4930114746094,324.80954706071344,322.92877373818664,323.4930114746094,12355900
2023-01-16,322.27051484649405,326.2201215380404,320.6718460700415,325.373779296875,9978000
2023-01-17,326.31416371947563,340.6080521110123,325.4678214840752,336.6584167480469,25083300
2023-01-18,340.7020621590488,351.1403594178576,337.8809022890098,346.532470703125,26494300
2023-01-19,343.52323643872427,344.65171191340454,340.6080607427267,343.8994140625,18090400
2023-01-20,338.5391951195988,343.2411283851487,338.1630461980194,342.77093505859375,15514100
2023-01-23,348.8834461455791,354.2436615144765,348.3192084175389,349.9178771972656,14417800
2023-01-24,356.1244416209911,358.099230659421,353.49134173921203,357.1588439941406,22193400
2023-01-25,359.3217687131406,360.1681110150253,353.86750855971445,356.2184753417969,16861600
2023-01-26,357.3469076598717,358.7574875585291,353.6794056630268,354.9959411621094,18605600
2023-01-27,358.2872815379108,361.01439683882404,353.3972599168579,354.0555419921875,15972000
2023-01-30,357.06479770129704,357.34690219738764,350.57610730800343,352.739013671875,13585400
2023-01-31,349.82380045791973,353.0211090235162,348.50726501306474,349.3536071777344,16367100
2023-02-01,350.1999944917168,350.7642322403473,343.33518319529696,347.2847900390625,20383600
2023-02-02,351.61061714905645,354.52582195519705,347.3788765686894,352.080810546875,25108200
2023-02-03,385.5585163473895,403.2377734225263,380.85658322120184,395.0564270019531,96892300
2023-02-06,394.9624050364775,396.84317839379406,381.79699153526155,383.6777648925781,40516300
2023-02-07,385.1823889864317,393.83392920364406,384.0539134936839,387.8154602050781,20368900
2023-02-08,385.5585537006775,391.7651117682071,383.8658690905899,390.16644287109375,18195200
2023-02-09,389.5081829803195,390.26048086168686,381.32680720340727,382.92547607421875,17060500
2023-02-10,377.095037257489,380.10428594186527,369.10175093158216,371.3586730957031,27203300
2023-02-13,367.2210117687059,373.2394809978494,366.28062505482956,368.3494873046875,13213900
2023-02-14,374.9321668082955,376.15465796736027,369.00771372631584,370.0421447753906,12451300
2023-02-15,373.3335002197408,373.8036935449546,361.484622684689,362.61309814453125,16350300
2023-02-16,368.4434708176368,370.4182884838547,362.98923983315166,363.92962646484375,15428100
2023-02-17,360.0740428720094,361.01442952286254,355.09000510181687,359.03961181640625,17534700
2023-02-20,358.287317500102,360.1680908203125,355.27806870843585,360.1680908203125,9549000
2023-02-21,361.10846479757026,364.21172918759544,360.26212257286545,363.3653869628906,9982000
2023-02-22,356.4064978300037,358.5693753876389,355.46611129219366,357.81707763671875,14117200
2023-02-24,356.68864717946025,357.44097372333437,352.7390404428335,355.4661560058594,14224800
2023-02-27,352.6450109188126,352.7390553280559,347.75498862140864,348.9775085449219,14627800
2023-02-28,346.1563433059497,348.13116107737,345.87421008241876,346.7205810546875,15019600
2023-03-01,346.90863216465397,349.54173202428797,344.3696054087451,347.1907653808594,11222700
2023-03-02,344.4635979017079,345.9682221917671,340.98418472291246,342.30072021484375,12747900
2023-03-03,344.0874561923594,347.6609425431965,341.92457846030896,345.12188720703125,12079000
2023-03-06,349.82380244646413,354.0555419921875,347.75494052256005,354.0555419921875,16077300
2023-03-07,353.773453659232,354.71384026789735,350.5761162311124,352.2688293457031,13241300
2023-03-08,348.1311679193423,352.36290807055803,346.81460358030444,350.10595703125,11582900
2023-03-09,351.89269643837594,354.90191650390625,350.4821164612552,354.90191650390625,10880300
2023-03-10,349.07155124195214,351.61057808911886,346.8146002244826,348.13116455078125,16396300
2023-03-13,340.60804992340223,348.50729190027613,338.1630389381425,348.22515869140625,14148500
2023-03-14,346.53247258434556,346.7205613893648,339.855721782676,343.2411193847656,14013300
2023-03-15,344.6516811109149,345.1218744002886,334.9657108291453,336.4703063964844,17142900
2023-03-16,334.58958725469154,354.33770859649724,333.837289349572,346.34442138671875,35194100
2023-03-17,346.6265514113126,358.3813854343609,346.6265514113126,357.6290588378906,21153000
2023-03-20,359.5098002842522,360.8263645363161,344.08746515830666,344.6517028808594,14682900
2023-03-22,351.7986253794907,358.6634359353688,350.670150003964,356.0303649902344,14680200
2023-03-23,354.6198028995419,360.16807826102644,351.986703124071,359.5097961425781,13635800
2023-03-24,362.0488370307551,363.1773124177119,356.12441299503485,357.7230529785156,14184400
2023-03-27,357.6290576165999,358.56944433523233,352.36291495091814,352.9271240234375,11054400
2023-03-28,355.3721082722339,356.5946281327082,347.2847773658524,349.9178771972656,14063500
2023-03-29,346.06230368340323,352.8330993652344,345.5921103360073,352.8330993652344,14436700
2023-03-30,357.2812048371478,359.7629930913377,351.3631257556136,352.4131164550781,13232400
2023-03-31,355.0857820661744,356.99484541061616,354.0357914007324,355.8493957519531,11946300
2023-04-03,362.7220358629271,368.25830791620535,361.95842217626625,366.1583557128906,15807400
2023-04-04,370.35831719573065,370.35831719573065,363.2947881061414,366.8265380859375,14683100
2023-04-05,367.2083420869141,370.2628259278457,366.06289244031814,367.59014892578125,12962900
2023-04-06,362.7220473579089,364.6311107650558,361.1947908061922,362.1493225097656,9866300
2023-04-07,365.87198162232346,366.8265133031852,363.7720294024246,365.0129089355469,7025200
2023-04-10,365.0129103634643,365.9674420480602,363.0083879998139,364.631103515625,7095500
2023-04-11,364.6311151546387,367.30379230482083,360.1448044418371,360.717529296875,11527000
2023-04-12,357.85393990527956,360.7175350965141,356.1357944425375,359.0948486328125,10901400
2023-04-13,356.99483824871834,359.57208536400896,355.27669292518743,358.6175537109375,8394600
2023-04-14,359.76299903312054,363.48566691089036,357.09032187215666,360.2402648925781,13404900
2023-04-17,359.3811631399795,361.2902264235916,358.42663149817344,359.7629699707031,9779200
2023-04-18,361.1947688451248,363.10383213619843,358.8084397312829,359.47662353515625,8855600
2023-04-19,358.7129850040861,358.80844399577313,355.7539601717488,358.0448303222656,7616000
2023-04-20,354.7994544608551,361.1947995516474,353.84492273417,359.1902770996094,9919800
2023-04-21,358.617563799055,358.9993706450252,352.89037371951724,354.8948669433594,9756500
2023-04-24,357.2812165565552,360.04938189048795,355.46761208707966,358.2357482910156,8890000
2023-04-25,355.56302721652787,357.28117247457016,351.8403597374407,352.8903503417969,13626700
2023-04-26,349.74038132333584,352.41308734941634,348.9767676758805,351.8403625488281,13264700
2023-04-27,344.96775453360755,352.0312833690945,344.96775453360755,351.4585876464844,17767300
2023-04-28,352.5085115961634,354.1312269836652,350.0267527164447,353.7494201660156,21080900
2023-05-01,343.63137556112474,344.68136614578225,333.22698696041147,333.8951416015625,42678400
2023-05-02,333.7042541560937,339.33598478646695,332.46334559449076,333.4178771972656,23369100
2023-05-08,336.949668032369,341.1496014113063,336.5678612033736,339.7178039550781,20202600
2023-05-09,339.33600137600274,343.63139379848377,337.99966289278524,338.3814697265625,14331000
2023-05-10,340.29049956753164,341.1495721415636,338.0950886416731,339.1450500488281,11444400
2023-05-11,338.85872709665506,342.2950467749015,338.85872709665506,341.05413818359375,9084700
2023-05-12,339.81323654991314,341.81775865893064,338.1905212402344,338.1905212402344,13566700
2023-05-15,338.09513936903784,344.5859432689195,338.09513936903784,342.7723388671875,16091300
2023-05-16,342.86777156786275,345.54044846754806,340.76779033954324,341.24505615234375,17339500
2023-05-17,341.72233257110554,348.49951314921293,341.72233257110554,347.9267883300781,13033900
2023-05-18,354.60851135392966,354.60851135392966,347.35406491880593,347.64044189453125,13573000
2023-05-19,348.4995232456329,349.2631369399391,344.0132126840969,344.39501953125,15094300
2023-05-22,338.7632926868868,343.3450623003078,338.28602683944683,342.9632263183594,15606900
2023-05-23,346.7813264994762,348.1176940738041,341.435972722138,341.7223205566406,17738900
2023-05-24,341.72233482123096,342.4859484984426,336.1860628364602,336.9496765136719,14764900
2023-05-25,337.2360359012238,338.8587514333252,333.2270202636719,333.2270202636719,15119700
2023-05-26,333.60879937533673,334.658789977624,331.03155236335834,332.177001953125,16384200
2023-05-29,335.9951227708775,337.4269201690489,333.51333478804867,333.8951416015625,12414100
2023-05-30,334.1815433502685,336.7587613801709,332.27248001108387,336.0906066894531,8848700
2023-05-31,334.5633338207119,335.99513125503734,330.17248252944853,331.31793212890625,23909600
2023-06-01,332.17701187465985,332.27247086499045,328.3588853013879,328.8361511230469,10614800
2023-06-02,331.60429339851896,337.4269423600088,330.4588728826486,336.7587585449219,14656100
2023-06-05,341.2450823230989,342.7723388671875,338.4769462225611,342.7723388671875,16513500
2023-06-06,342.77230695155816,344.20410436645193,339.7177941477877,343.15411376953125,11017000
2023-06-07,344.5859196945126,346.01771714476683,338.2860050873954,340.29052734375,16994900
2023-06-08,337.14059737785567,340.0041923868522,333.22701170622815,335.8042297363281,15870600
2023-06-09,336.9496822425682,337.3314890876656,334.6588120419889,335.1360778808594,14532000
2023-06-12,340.09961361174396,345.4449966521041,338.47692729252356,338.9541931152344,14573500
2023-06-13,341.72235395434154,343.5359583867592,340.09963838691743,340.958740234375,14356100
2023-06-14,341.62686438863983,341.62686438863983,338.66781051104743,340.7677917480469,22096300
2023-06-15,340.76780793416566,347.83133650232026,336.75876324764806,345.54046630859375,26092500
2023-06-16,343.91772740810046,344.7768291610376,339.7177941503787,343.05865478515625,18291800
2023-06-19,342.4859244308176,345.92224399677747,340.38597240105895,344.96771240234375,16617200
2023-06-20,344.7768362487725,344.7768362487725,337.904196863949,340.6723327636719,16126100
2023-06-21,340.38600393135545,344.8722853627671,339.3360132542182,344.490478515625,14989500
2023-06-22,342.39053489638997,346.1132027270764,341.34054419286406,341.91326904296875,11097200
2023-06-23,345.34954641532386,347.4495277404785,334.5633502006531,335.9951477050781,20625500
2023-06-26,336.37695310047457,337.61786174363715,332.8452034160765,336.663330078125,12985100
2023-06-27,334.18150593258315,335.0405785130285,326.1634466317739,327.690673828125,27438900
2023-06-28,331.2224703445117,332.3679199342998,327.88160969262185,331.986083984375,16981700
2023-06-29,333.7997103518732,337.0451119481784,332.0815360032464,334.4678649902344,14008900
2023-06-30,331.1270155693436,332.74973098718726,327.9770728523452,330.6497497558594,17390000
2023-07-03,334.65880414155583,350.2176584694314,334.56334515003624,348.0222473144531,36626900
2023-07-04,348.78586243771525,349.26312826730435,346.30407429785305,347.25860595703125,18534200
2023-07-05,346.8768066392175,358.8084526376083,346.39954079928185,355.0857849121094,23064900
2023-07-06,359.28571270626793,361.38569402025036,355.08577920829777,356.8993835449219,19957700
2023-07-07,353.17670099687166,354.99030525707315,351.6494445719676,351.8403625488281,15366100
2023-07-10,353.46307802454675,354.6085277203254,351.93585060350296,352.4131164550781,13666700
2023-07-11,354.4175847336569,354.89485055157456,349.4540377053095,350.3131103515625,9803300
2023-07-12,351.55396374849045,380.2853696818867,348.7858280359023,370.0718994140625,54794900
2023-07-13,377.7081645843212,389.83069838820717,375.8945312460299,376.180908203125,47981600
2023-07-14,377.03998362243976,378.4717810286009,368.9264649875265,374.94000244140625,16450000
2023-07-18,371.3128194982999,373.6991486724535,365.39471149440107,366.3492431640625,13957000
2023-07-19,368.4492074861131,373.2218656141715,368.3537484975532,372.171875,15846100
2023-07-20,372.1718735971151,377.5172565063901,371.59914879790824,372.5536804199219,13284600
2023-07-21,366.8265018832557,369.1174011500005,362.2447616097545,368.7355651855469,14204000
2023-07-24,370.3582651512145,376.2763727927414,369.1173857086329,374.3673095703125,10967600
2023-07-25,370.5491845173196,373.8900451691193,369.21281695260524,373.7945861816406,11764300
2023-07-26,374.9400131939972,381.7171936035156,374.36731751910304,381.7171936035156,16699600
2023-07-27,379.61722497218585,379.80811381217893,374.84456702247263,377.03997802734375,22512700
2023-07-28,367.59013069460457,375.2263836131942,363.6765452478288,373.5082092285156,21624200
2023-07-31,377.9945068357681,380.5717537616452,376.46725047709987,377.8035888671875,18452500
2023-08-01,375.13092979127134,383.14898964020057,372.8400597101478,382.0989990234375,19260400
2023-08-02,379.9035963910181,381.526311846696,375.22639713582095,379.42633056640625,16964700
2023-08-03,373.2218901507976,374.1764218391628,363.1993074229629,364.1538391113281,23885700
2023-08-04,396.03520981229815,408.53958132849203,394.6988712133912,408.3486633300781,74873600
2023-08-07,413.78944119540125,424.1938296232203,412.166725852442,419.993896484375,37790500
2023-08-08,416.271249206143,419.6121099074283,394.31702174055414,402.8123474121094,29420600
2023-08-09,398.3260319194774,400.9032789360636,391.0716149379622,394.1260986328125,21548300
2023-08-10,396.3215680691753,396.98972277203563,393.3625140136646,394.6033935546875,12955800
2023-08-14,397.7533656099871,397.7533656099871,390.8807258118466,394.5079345703125,11323400
2023-08-15,393.93525759795375,399.1851821259468,390.68982640392426,398.7079162597656,9491500
2023-08-16,394.1261107088022,402.33508868834735,393.55338589534665,400.33056640625,18445300
2023-08-17,394.0306495545023,395.4624470152817,387.15803922075736,390.7852478027344,16844800
2023-08-18,385.6307968972237,387.062594410456,382.2899360330151,386.2035217285156,13738700
2023-08-21,385.1535132980347,387.82619021415246,381.14446879386435,381.8126525878906,11051800
2023-08-22,385.1535076312165,387.4443776870392,381.9081059579682,383.7217102050781,9139100
2023-08-23,383.7217465957103,394.2215953831551,383.4353987353238,391.83526611328125,9550700
2023-08-24,394.50792456494656,399.1851530164453,393.64885189446534,398.0397033691406,10538800
2023-08-25,391.35799304240595,396.0351924991088,390.49892034709245,394.4125061035156,6487700
2023-08-28,396.89423449140844,397.6578772626096,392.98067816772635,394.2215576171875,8250400
2023-08-29,394.2215753064184,400.33057210018,392.7897778174121,398.5169677734375,10140100
2023-08-30,407.58502625716,409.68500759947597,403.3850927025232,406.3441467285156,16643700
2023-08-31,406.7259484100112,421.3302712370919,406.7259484100112,417.8939514160156,24245600
2023-09-01,424.00296163414674,428.77561978342806,419.32573334385626,423.14385986328125,20325900
2023-09-04,423.4302339975586,427.0574425147496,419.8029963503743,424.480224609375,17403200
2023-09-05,428.58470180545936,428.96650863140314,419.2303034848655,423.14385986328125,14989700
2023-09-06,428.01197556762634,436.1254943942227,423.71658324766355,423.8120422363281,17786200
2023-09-07,422.8575120079135,426.3892906902253,420.0893761074496,423.52569580078125,9587800
2023-09-08,423.9074888423102,426.96197248039704,414.74397966806447,417.5121154785156,17051800
2023-09-11,417.03490342701565,418.0848941469914,406.3441656208895,409.97137451171875,15777900
2023-09-12,414.7439755231242,421.6166146176217,414.17125074358404,419.23028564453125,10455000
2023-09-13,419.13485719273655,421.90299317717614,417.13033488331666,418.9439392089844,9736000
2023-09-14,421.90298463027517,423.9075068990875,419.03938971197016,421.7120666503906,12132200
2023-09-15,420.6620939511998,427.24835626194835,419.2302965301678,425.7210998535156,16064500
2023-09-19,418.5621280951589,423.2393273493568,417.60759644613915,420.662109375,12715000
2023-09-20,420.66209287794754,421.33024752806193,415.22125103991016,415.6985168457031,9903400
2023-09-21,410.4486241940363,414.64855777839483,404.33962724133346,405.3896179199219,11822100
2023-09-22,392.3124971852719,394.88974422023824,382.95809892871534,393.26702880859375,23839800
2023-09-25,395.2715673574663,399.9487666787849,392.0261655302245,398.2306213378906,15094200
2023-09-26,395.7488341096216,397.1806316070298,387.34893798016344,387.44439697265625,15235100
2023-09-27,386.5853116207043,394.79428949593284,385.63077998707297,391.6443176269531,16575700
2023-09-28,383.24445784325695,391.07162903277566,381.9081193579717,389.44891357421875,19793100
2023-09-29,400.90330268501805,406.6304927233754,395.8442964698003,396.60791015625,22445100
2023-10-02,398.9942433232402,399.9487750058317,384.103543248814,385.2489929199219,16716900
2023-10-03,389.16256290365493,391.5488920136111,385.63078416892216,390.3079833984375,14047500
2023-10-04,387.15803269897606,390.1170865607396,381.3353839638917,382.6717224121094,16102100
2023-10-05,383.5308127442954,387.2535095553732,379.33087922897107,386.8716735839844,10237100
2023-10-06,385.4398526527144,386.87165006840803,381.6217262108649,384.5807800292969,8096200
2023-10-10,383.9126444523742,388.68530274178715,382.00358113660906,388.58984375,8579100
2023-10-11,390.3079890896376,391.8352455682778,386.3944034662455,388.494384765625,10297100
2023-10-12,390.40345851632395,395.46246478642,388.01712930778893,395.2715759277344,11968800
2023-10-13,392.31251572915863,395.176110734481,385.63079405007323,387.0625915527344,9238400
2023-10-16,383.2444361976135,383.53078402471806,374.6536518245661,375.989990234375,12300100
2023-10-17,379.808130331061,385.15351329322345,378.28087389472984,381.9081115722656,7796800
2023-10-18,381.8126497801714,383.9126310059597,379.04451389526383,382.5762634277344,7095300
2023-10-19,372.3627707265535,377.4217763879968,368.64010343511484,369.2127990722656,14246400
2023-10-20,365.87198163205903,367.3037791533898,361.6720480621545,364.9174499511719,13737700
2023-10-23,364.6311180722732,366.25383365286564,359.95391845703125,359.95391845703125,7828500
2023-10-24,362.34023329859394,366.44470789035813,357.7584637345366,364.631103515625,9220100
2023-10-25,367.49468994925076,368.9264874425595,365.49016763261955,367.39923095703125,9751200
2023-10-26,359.667512380088,364.34474074713324,358.42663289290914,359.57208251953125,12155900
2023-10-27,360.4311756450781,363.29477074427626,359.0948370914514,362.7220458984375,7659200
2023-10-30,360.3357282450689,362.53113957310643,357.8539399198982,358.9993896484375,8248900
2023-10-31,359.85844369446784,366.06289962023453,357.85392133860574,364.9174499511719,10160200
2023-11-01,372.26734248808106,372.26734248808106,366.15834577068574,369.59466552734375,11631800
2023-11-02,376.65818622201823,382.3853759898239,373.9854801857128,382.0989990234375,16883700
2023-11-06,392.78976864698456,394.79429091079294,387.9216514720195,391.35797119140625,20572400
2023-11-07,388.0171160844677,389.63983154296875,384.77171429745994,389.63983154296875,17955500
2023-11-08,439.0845532763299,446.1480815682548,410.63952212912176,411.9758605957031,59265000
2023-11-09,419.039394594033,431.1619582080904,414.17127735019915,430.6846923828125,30872600
2023-11-10,426.3892921219048,426.6756399598132,419.61211170146606,422.8575134277344,17137200
2023-11-13,427.82109387834277,428.2983596996573,420.280270597578,421.33026123046875,13392600
2023-11-14,420.566680984761,420.566680984761,403.6714579158081,410.2577209472656,16377300
2023-11-15,416.5575922819396,419.51664612382876,413.50310858224213,414.8394470214844,15619800
2023-11-16,411.4031750100485,414.17131119687787,406.15325050295974,409.1123046875,9876200
2023-11-17,406.63050618426115,408.9213764494409,395.17612572836646,402.4305725097656,22244600
2023-11-20,405.4850378149998,410.92587993300964,402.9078198090961,408.53955078125,14780500
2023-11-21,412.6440314664665,419.5166711787304,411.5940699279219,416.843994140625,13831200
2023-11-22,411.02131639079215,417.8939264930716,408.92133520037754,416.17578125,10177300
2023-11-24,424.76656684419595,432.0210129129269,422.7620446353371,426.1029052734375,19175500
2023-11-27,426.67565292408034,432.2119249118133,415.698538810821,418.4666748046875,16681300
2023-11-28,405.10322116917376,412.9303922494475,403.1941578939844,411.6894836425781,21085700
2023-11-29,415.22126233739897,417.4166734517831,411.21221780766103,411.9758605957031,9237200
2023-11-30,410.44860697463434,413.98038570990207,408.82589152762074,411.0213317871094,17137600
2023-12-01,413.31220191916145,413.31220191916145,409.68499332336967,410.8304138183594,7713700
2023-12-04,411.3076669946955,417.1303156710219,405.198670485924,415.22125244140625,13650200
2023-12-05,414.93496155457626,415.60311629864333,406.34417584230755,406.4396057128906,8916500
2023-12-06,410.4485915949191,417.7984966312904,409.684977960228,416.36669921875,11639100
2023-12-07,417.60758431483674,417.60758431483674,412.3576603977359,414.0758056640625,8987700
2023-12-08,427.05747917255644,437.65278692856003,423.8120772001759,432.4028625488281,34335500
2023-12-11,432.88012006154554,448.1526270537941,432.30739522333715,445.1935729980469,23012600
2023-12-12,447.6753655659967,448.62989726229944,440.8027257006185,443.76177978515625,16049400
2023-12-13,444.1436025447787,450.4435177920089,442.3299980828479,448.6299133300781,15829200
2023-12-14,459.034291508696,466.2887382990197,450.53896515278876,452.4480285644531,20536000
2023-12-15,460.08422712492717,467.7204798572911,454.2615785905012,460.4660339355469,23912500
2023-12-18,457.2206841719778,457.9842978797657,447.2935603207565,453.4025573730469,17005200
2023-12-19,457.60247657110403,460.4660715798468,453.0207362091134,458.3661193847656,12106300
2023-12-20,464.8568964177352,467.43414342974864,454.73885547463595,456.5524597167969,15664000
2023-12-21,452.9252554056465,455.9797682532141,451.58891695858324,455.50250244140625,7736600
2023-12-22,455.3115719247153,462.0887520917316,452.7343249599368,459.5115051269531,10125200
2023-12-25,462.85239000374713,464.18872848412417,451.01620340184564,451.68438720703125,6629600
2023-12-26,451.3025478029984,464.09329508477896,445.4799281021808,462.8523864746094,25948600
2023-12-27,467.6250496484359,473.7340463842586,463.1387683700947,471.72955322265625,21922100
2023-12-28,469.2477854680923,477.6476527030965,465.8114655519558,474.6885986328125,14149400
2023-12-29,472.9704172180941,480.60667017015214,469.6295565515687,476.9794616699219,15786600
2024-01-04,456.6479329307517,474.0204205137127,455.31159445436873,472.588623046875,14494400
2024-01-05,467.4341292128082,471.4431443951261,456.0751800379268,461.3251037597656,16620300
2024-01-09,461.99332521561524,465.8114518702897,456.45705321833503,459.1297302246094,15362800
2024-01-10,460.2751506839361,462.2796437465264,455.12065672301014,458.4615173339844,12347500
2024-01-11,461.9933110040208,465.4296307135205,461.2296973485736,463.8069152832031,15430900
2024-01-12,465.81146946957233,466.76600116930507,448.7253578703556,453.4025573730469,18960400
2024-01-15,453.8797842436552,456.45703126359757,452.8297936381234,456.0751953125,1894800
2024-01-16,458.3661194019369,461.70698024559533,456.93432189751184,458.1752014160156,10902700
2024-01-17,461.70695231767036,463.23417959268164,456.74337628390447,457.22064208984375,16676600
2024-01-18,454.4525118453479,457.1251887395681,450.15711953892685,455.12066650390625,8303000
2024-01-19,457.79339455701813,459.8933467520993,456.4570560456038,458.3661193847656,9993200
2024-01-22,457.02975176047767,459.7024579134013,452.16166354942834,458.1752014160156,10334300
2024-01-23,460.084224350237,469.05681543065396,456.83882278455326,461.3251037597656,13799900
2024-01-24,458.17516950504086,460.94330532813524,457.02971992928116,458.4615173339844,11922200
2024-01-25,455.884323500924,458.9388073138816,450.7298583984375,450.7298583984375,11514300
2024-01-26,449.0116954054071,451.9707494325485,446.43447735337696,446.6253662109375,9061700
2024-01-29,447.19808245730223,450.3480252815245,441.4708925005385,449.77532958984375,11888500
2024-01-30,451.01619692223255,451.2071149009696,442.04360539147154,443.28448486328125,13589100
2024-01-31,439.8482026337158,442.61636791129905,438.1300571986607,440.99365234375,13365100
2024-02-01,438.1300311185209,440.7072782476865,434.88462930660484,439.65728759765625,13787100
2024-02-02,440.039117734839,443.761785572974,438.79823816545934,441.94818115234375,10056700
2024-02-05,444.14358661515973,448.91624509643157,441.85271637014836,443.95269775390625,12408500
2024-02-06,445.76629638671875,448.5344324440634,441.94816965107236,445.76629638671875,16315100
2024-02-07,438.1300156623568,438.1300156623568,406.0577472519242,413.5985412597656,53086700
2024-02-08,420.0893610415444,421.90296524715126,410.7349339268473,418.2757568359375,25655000
2024-02-09,419.03937046159,420.4711678549668,414.83943726701676,418.1802978515625,10371000
2024-02-13,422.38024619300614,429.3483154386561,419.61211029254224,423.52569580078125,19758300
2024-02-14,417.03485810129547,419.230298300813,410.4485957627294,414.5530700683594,16938600
2024-02-15,410.6395314912368,416.3667214471537,398.6124267578125,398.6124267578125,24591900
2024-02-16,402.71691458960464,407.48957304439966,401.47603504335615,404.4350891113281,17247400
2024-02-19,404.72143841052457,406.1532359520712,401.38057748024903,403.95782470703125,16776800
2024-02-20,407.5850349511813,409.8759051998492,401.85784476451363,403.4805603027344,13626500
2024-02-21,405.675970104889,406.8214197901246,400.61696377675565,403.95782470703125,15016900
2024-02-22,405.29414118767284,408.3486249653461,400.7123718261719,400.7123718261719,14928300
2024-02-26,399.9487553425707,407.5850084278704,398.13515106081076,401.6669006347656,16837000
2024-02-27,400.90330414389587,401.76237682677663,394.88976623373543,396.0351867675781,16943200
2024-02-28,394.5078998611495,398.0396784441861,393.45793840186167,395.939697265625,15689300
2024-02-29,393.2670260039481,396.4169686864485,390.6897789873619,394.1260986328125,23391500
2024-03-01,390.9761563235111,395.7488144106389,383.33990338410655,383.7217102050781,23627000
2024-03-04,386.5853039907517,387.06256979814765,373.3173203711418,373.8900451660156,34311400
2024-03-05,370.35826934128784,378.8535949512105,364.72653859740615,372.5536804199219,40124200
2024-03-06,375.0354741459863,379.3308665101348,369.88100913500693,370.8355407714844,25169200
2024-03-07,373.89006082711023,377.6127284547313,367.2083392436898,368.544677734375,17921000
2024-03-08,365.8719399561383,372.2673131415932,365.8719399561383,369.11737060546875,17869800
2024-03-11,365.49015837327806,365.5856173630792,355.5630351638303,360.43115234375,21772300
2024-03-12,360.81295859360165,370.7400817871094,360.24023378570826,370.7400817871094,20840000
2024-03-13,375.13092041015625,377.51724942039897,371.5991418229999,375.13092041015625,21228100
2024-03-14,374.74913413828824,378.2808837890625,369.881016864524,378.2808837890625,13892000
2024-03-15,378.85360150146107,386.10804778019025,377.42180404368537,381.0490417480469,24064000
2024-03-18,381.8126388007614,382.95808836916075,373.794579211944,376.08544921875,17834400
2024-03-19,375.1309134653103,378.7581218417311,374.17638187888457,377.6127014160156,12050000
2024-03-21,379.9035935539523,383.1489953110777,378.85360292164864,380.380859375,12353300
2024-03-22,380.0945129456409,381.04904459128034,377.8990726826736,379.9990539550781,10835400
2024-03-25,378.6627032525581,379.04451007248895,373.0309434211038,373.5082092285156,12046200
2024-03-26,372.2673311745724,376.37180548167936,370.453726925618,373.22186279296875,12045600
2024-03-27,377.51725224086215,377.8036000722335,373.7945847830697,374.1763916015625,12049200
2024-03-28,376.8488390510573,377.5266069820796,370.26461776256366,370.3614501953125,14842300
2024-03-29,372.20115948561966,377.6234508434503,370.8455940334397,375.590087890625,6463000
2024-04-01,379.3663113067231,381.30284179741415,375.88058006276754,376.9456481933594,12298100
2024-04-02,376.1710541657219,376.75201923255673,364.64870346145887,366.9725341796875,20331800
2024-04-03,363.38994089179823,368.5217645082102,362.22804030723927,366.9725341796875,12502400
2024-04-04,367.94078079184544,367.94078079184544,363.486754904017,363.7772521972656,12888200
2024-04-05,362.4216661792601,365.4232943220412,358.54860523350635,361.259765625,15875200
2024-04-08,363.68045076734614,365.8106166872043,362.32488526396156,363.4867858886719,10803800
2024-04-09,363.6804285570043,364.4550289261722,360.2915002309523,361.3565979003906,10212400
2024-04-10,359.80735632182154,360.38832135502116,354.48189769085815,356.0311279296875,19850000
2024-04-11,350.8993221900749,353.12635000406044,349.8342245007001,351.0929870605469,16670800
2024-04-12,351.6739505141173,358.1613099577044,350.8993205848835,351.48028564453125,14637200
2024-04-15,348.38181369986125,350.1247088221426,344.89608255351726,346.25164794921875,13807800
2024-04-16,343.6373153118544,351.7707371232557,342.4754147954308,347.4135437011719,22601600
2024-04-17,342.95955399310265,343.63732192010616,326.78951294054866,328.9197082519531,44895400
2024-04-18,332.1149992409955,338.6023885968347,331.3403988175126,337.9245910644531,26289600
2024-04-19,337.5372656332932,337.92456581609713,328.62921368325357,336.47216796875,29160700
2024-04-22,339.86110008992034,345.76752397851305,339.86110008992034,343.9278259277344,23073700
2024-04-23,341.9912890949441,347.8008804416366,340.8293590059617,345.4770202636719,16247600
2024-04-24,356.7089254818263,364.5518802088917,353.80412962358815,364.35821533203125,37172300
2024-04-25,365.3264584993187,366.9725212056369,361.2597622734714,362.1311950683594,24365900
2024-04-26,359.7105450320394,367.84396732751776,359.22641240077155,366.77886962890625,15621400
2024-04-30,368.7153855847768,371.52337837446584,364.9391571199211,370.9424133300781,19536200
2024-05-01,367.84396201743004,369.1995274555894,365.71379620006826,368.23126220703125,10305100
2024-05-02,367.6503188441147,368.7153869554904,362.03436279296875,362.03436279296875,13396500
2024-05-07,362.51851510310877,368.13447145937846,361.93755002499654,365.0360107421875,18360100
2024-05-08,359.3232238754766,362.6153196662293,354.8691980178186,355.9342956542969,25083100
2024-05-09,367.4566639456703,373.7503880975724,347.41356136535313,351.0929870605469,34231900
2024-05-10,359.32322834634533,375.68690462239584,353.9009372151693,363.0994567871094,48895100
2024-05-13,360.2915005462554,365.03599429705827,358.7422702574538,361.1629333496094,14123000
2024-05-14,361.9375189825545,374.62179897880964,361.9375189825545,373.7503662109375,23260500
2024-05-15,375.29959993883966,375.29959993883966,370.94240650971017,372.7821044921875,15901500
2024-05-16,375.6869112172099,378.979007106714,372.1043180277111,378.20440673828125,17499000
2024-05-17,379.55996339132815,382.56159146062225,378.0107331411335,380.62506103515625,11834400
2024-05-20,380.43140527726257,381.9806355645326,375.3964437800224,378.0107421875,9658300
2024-05-21,378.6885192069743,379.4631195341929,372.29796308554126,375.2995910644531,9721000
2024-05-22,372.78211118878545,374.91230650093667,369.7804830849759,371.03924560546875,10711100
2024-05-23,372.5884466394782,372.5884466394782,366.4883875436011,370.8455810546875,10831500
2024-05-24,366.972527131008,372.2011535338705,366.1979267561803,368.9090576171875,9175100
2024-05-27,364.358203786096,364.7455335275431,352.54538539972384,359.3232421875,16876400
2024-05-28,360.19466636075555,363.3899298072151,359.42006599467743,361.6470642089844,9258800
2024-05-29,355.93429523382343,357.19302818055957,347.31674081996835,347.4135437011719,23097600
2024-05-30,343.7341612182349,346.44529207862195,338.4087023824594,343.83099365234375,16197500
2024-05-31,347.60722018576195,361.55023369286187,346.73578738202633,361.06610107421875,35200100
2024-06-03,363.4867569645271,366.00425244140627,360.000996269549,363.0994567871094,12205500
2024-06-04,363.38994408883127,366.19793701171875,356.6120871973862,366.19793701171875,17092800
2024-06-05,369.87732446960473,370.1677922241514,364.35820074033563,368.5217590332031,14437300
2024-06-06,366.9725142888272,367.3598144626875,361.3565878950798,363.97088623046875,14403200
2024-06-07,364.74551044065623,365.81057851488964,362.9057829325614,365.7137756347656,7239900
2024-06-10,364.06771186817184,367.45664003715746,361.9375166280231,365.8105773925781,6823900
2024-06-11,362.131186354841,364.9391495370755,360.38832080700143,364.5518493652344,6688900
2024-06-12,360.38831783504116,363.48674873332783,356.9993896484375,356.9993896484375,12256200
2024-06-13,358.83909495553513,359.2263951321091,354.48190148358236,354.86920166015625,9388900
2024-06-14,352.73901304042454,355.934306043122,350.7056796876561,353.1263427734375,12195000
2024-06-17,351.18981246185234,353.0295104980469,346.1548214215315,353.0295104980469,13305200
2024-06-18,356.7088987529985,384.69175751406567,354.385068150359,380.431396484375,42303100
2024-06-19,372.68528150332395,379.26950280361183,372.5884490704016,378.5917053222656,14511300
2024-06-20,381.6901452586807,388.56480438808296,376.5583220821662,384.2076110839844,22007700
2024-06-21,384.01401273643125,387.0156409890737,381.69018199374756,382.658447265625,15031900
2024-06-24,380.81869969587837,384.78859301280335,379.6567991598505,379.7536315917969,9126200
2024-06-25,377.62343865498667,380.91553451805436,376.84883829277413,378.8821716308594,13166000
2024-06-26,377.9139111973608,379.5599739243297,374.9123125938799,377.72027587890625,11995200
2024-06-27,377.1393109835111,381.6901694311975,368.71539157578866,377.6234436035156,17191800
2024-06-28,375.6869167946734,378.20441235311955,374.04085405092883,376.558349609375,12436000
2024-07-01,375.6868941618369,376.84882421084683,364.45501203480563,365.8105773925781,16755900
2024-07-02,371.62018301586625,371.91068031398936,362.42166334172,370.4582824707031,11707200
2024-07-03,371.8138591333763,378.59171594049513,370.1677963748603,375.6869201660156,13168900
2024-07-04,375.68692193800405,377.52662002736287,373.1694263450922,375.2027893066406,7377700
2024-07-05,375.49324540740747,388.6616584814582,375.2996100903406,386.82196044921875,20642100
2024-07-08,385.9505258988356,390.01722212811,379.17266930093524,387.30609130859375,13860700
2024-07-09,387.30611663052173,390.59821271205885,384.885453401581,388.66168212890625,9353500
2024-07-10,387.01563810975705,393.8902978496522,386.337840604841,391.6632995605469,11089100
2024-07-11,394.664898790101,394.664898790101,389.92040525165635,391.17913818359375,9824600
2024-07-12,391.17914442494197,401.24909668843543,390.0172143545311,397.86016845703125,18380000
2024-07-16,401.92692092377484,402.21738868616893,390.6950378417969,390.6950378417969,14156200
2024-07-17,390.7918665716614,393.7934948007395,388.85533604310916,391.7601318359375,10112600
2024-07-18,389.14579852603435,393.01885953062117,384.1108369495378,384.6917724609375,13091300
2024-07-19,382.561589706973,385.0790851583605,379.075829047291,381.10919189453125,8565100
2024-07-22,381.69016765388596,382.0774678382641,376.55834417626806,378.1075744628906,7482000
2024-07-23,376.46151349586074,381.98063718355615,375.0091156358472,377.6234436035156,7549800
2024-07-24,374.5249877948706,376.6551831697163,367.9407958984375,367.9407958984375,11983100
2024-07-25,360.1946857298862,361.74391609446064,354.094626258944,356.41845703125,19776600
2024-07-26,356.32160864384,358.54860687821997,351.38345000553,352.2548828125,10922900
2024-07-29,353.99775819162346,359.51685202672695,350.9961302028259,357.9676513671875,14972400
2024-07-30,358.7422623664242,359.1295625428279,351.09297307329126,354.9660339355469,8628100
2024-07-31,354.38507669157383,363.09946382333385,351.6739458480036,361.1629333496094,13083100
2024-08-01,359.5168918175501,359.7105566959813,351.09300148980304,355.4501953125,14261900
2024-08-02,347.7040396093748,354.57872844670095,336.7626251079658,339.4737854003906,24497900
2024-08-05,370.4582831186128,371.7170160986851,327.8546129743713,328.0482482910156,59641400
2024-08-06,348.57548898305544,360.0010070800781,344.12146293622766,360.0010070800781,35955700
2024-08-07,352.25487452475727,367.3598178369229,349.35007887046044,363.0994567871094,24809700
2024-08-08,361.9375346310246,373.3630821842411,356.4184404964757,369.19952392578125,14019800
2024-08-09,372.7821277155826,372.7821277155826,361.9375449078486,366.3915710449219,19043400
2024-08-13,364.8423314627503,370.5551200313541,363.48676603341266,369.10272216796875,14492000
2024-08-14,371.8138682714599,376.17106204026607,370.071002583582,373.0726013183594,13064500
2024-08-15,372.0075358869157,375.2996319599896,364.26141357421875,364.26141357421875,13546700
2024-08-16,367.94078680964446,370.55511474609375,366.3915565343082,370.55511474609375,9188000
2024-08-19,366.294716979125,368.71538000317184,361.55022336181503,363.8740539550781,12363500
2024-08-20,366.8756660623855,371.3296917427855,365.71376559082984,368.4248962402344,13744400
2024-08-21,363.87404467792516,368.6185677233803,362.7121441854714,366.6820373535156,10244100
2024-08-22,367.2630006003808,375.6869201660156,365.03600232625746,375.6869201660156,13862400
2024-08-23,373.65354815720895,376.4615114279892,368.71538955046583,369.68365478515625,9099800
2024-08-26,372.7821252139998,398.73162237029106,371.32972732355563,392.1474304199219,35885400
2024-08-27,395.05221941869263,396.50461728420254,390.69502582216296,393.8902893066406,10562200
2024-08-28,393.5998351278809,395.3427008069577,388.37120854153943,390.4045715332031,13691900
2024-08-29,390.210884912253,390.50135265954134,384.8854261851627,387.98388671875,8700800
2024-08-30,383.4330318224193,387.596560499837,374.3313445526182,387.015625,17440300
2024-09-02,387.49973682294933,394.56806081670965,387.49973682294933,392.8251953125,10748200
2024-09-03,392.5347031049144,399.79669204820624,389.53307509853204,399.6998596191406,13916600
2024-09-04,391.9537559847933,393.7934835737563,384.5949638253814,386.4346618652344,11994500
2024-09-05,384.0139987735568,392.43788860312884,383.72350147308947,386.4346618652344,7734000
2024-09-06,389.145805708783,390.0172385410776,379.94728565310555,382.7552490234375,8596000
2024-09-09,375.6869187029714,385.756871438796,374.81548588384334,384.4981384277344,11804300
2024-09-10,389.2426273957602,389.4362922638599,385.466398860698,385.6600341796875,6495700
2024-09-11,386.3378310338118,389.920424243995,381.2060370778188,386.04736328125,10572300
2024-09-12,393.59981975418464,407.3491979711458,393.59981975418464,402.99200439453125,19447800
2024-09-13,405.7999511248085,407.4459842349172,395.2458663573615,399.0220947265625,14837700
2024-09-17,399.4094162738969,400.37768152547,389.3394635673589,393.1156921386719,11868200
2024-09-18,396.02047153837003,396.4077717131823,386.5314842844782,389.0489501953125,9809100
2024-09-19,393.11567222711744,396.2141326948565,390.1140441894531,390.1140441894531,11438700
2024-09-20,395.6331755211417,400.377669197946,393.79347750961875,396.40777587890625,15166400
2024-09-24,397.0855876902326,399.6030832675238,390.79186352155995,392.4378967285156,13800800
2024-09-25,393.5029819544215,398.828440697663,393.5029819544215,395.92364501953125,10715000
2024-09-26,398.925261955849,407.44598388671875,398.053829186641,407.44598388671875,13331200
2024-09-27,408.60793537738897,410.4476334420148,403.66977669404866,410.0603332519531,9586500
2024-09-30,399.4093996909085,407.54282155661065,398.9252670852226,405.99359130859375,12825700
2024-10-01,409.57621144587773,409.86667920881894,402.5078867559361,407.0587158203125,10258500
2024-10-02,406.9618866209698,409.96351490806046,404.831720727859,406.28411865234375,12240800
2024-10-03,410.54446043508403,416.64451960775375,410.25399268366544,411.60955810546875,13739800
2024-10-04,413.73972323599327,422.5509427872997,413.73972323599327,420.033447265625,14914500
2024-10-07,423.2287198562843,424.1969850449058,413.4492355413853,417.2254638671875,13654100
2024-10-08,412.3841639414337,414.41752687564565,407.73650256247254,410.0603332519531,11148200
2024-10-09,414.4175218605148,414.70798961226836,407.6396651945718,411.3190612792969,8793000
2024-10-10,413.7397243742765,414.99848691313196,409.28572791880197,411.3190612792969,6848400
2024-10-11,411.9968451972808,413.7397107486245,405.31582118498454,406.7682189941406,10787200
2024-10-15,416.35407713258644,423.42240197123914,413.1588134765625,413.1588134765625,14722400
2024-10-16,412.4809925146786,416.5477183450307,409.4793643588577,411.2222595214844,8116900
2024-10-17,408.3174598111725,410.2539902735464,401.6364060766948,403.8634338378906,7621000
2024-10-18,405.993599617036,408.0269625123505,402.4110359911102,403.8634338378906,5410900
2024-10-21,410.06031768378494,415.09530861076206,408.8015847265953,414.3206787109375,11356400
2024-10-22,414.22386525696965,415.0953276278359,407.93014108446386,409.2857360839844,8547500
2024-10-23,407.63965718806,410.06032023549506,404.3475613533703,405.218994140625,6810600
2024-10-24,399.8935567864567,403.28248523379955,396.2141605775575,399.21575927734375,8435200
2024-10-25,400.18403481115433,401.6364327544067,393.6966750607609,396.6014709472656,7244800
2024-10-28,395.9236524625268,403.3793066628681,393.98712197403404,402.314208984375,11308800
2024-10-29,405.1221719630918,406.2841020749144,400.184013311511,402.50787353515625,9228600
2024-10-30,404.7348634380349,407.1555264968748,401.4427675878345,404.6380310058594,42420700
2024-10-31,401.9268949963239,406.96185636406335,398.15066658324196,406.0904235839844,11180100
2024-11-01,399.89355098952194,402.5078790020759,396.6014550267911,400.9586486816406,12044900
2024-11-05,415.38579196392067,425.6494095166741,406.7682371546777,410.15716552734375,20494900
2024-11-06,415.09530212616363,418.09690060012645,391.27597234990753,407.7364807128906,36105800
2024-11-07,409.7698563562367,411.6095543798257,395.63317811599353,404.05706787109375,24593900
2024-11-08,402.7014906659668,406.9618516350425,396.5045992973922,399.0220947265625,14541500
2024-11-11,392.1474304199219,395.34269395925475,388.952166880589,392.1474304199219,15455400
2024-11-12,394.8585333534659,405.1221502952517,394.76173047358327,399.8935241699219,13445600
2024-11-13,401.83005455331136,406.38091277392,398.6347912403622,399.8935241699219,10193500
2024-11-14,400.95866312182363,405.31585693359375,397.76336993039183,405.31585693359375,11242800
2024-11-15,402.7983389216105,404.5412045299927,394.7617492675781,394.7617492675781,12008600
2024-11-18,392.2442577203953,397.4728841477174,392.1474252858113,393.50299072265625,7936500
2024-11-19,394.0839718854674,397.472900390625,392.6315739546856,397.472900390625,7292700
2024-11-20,397.47288784793886,400.9586486816406,396.8919227841368,400.9586486816406,6835000
2024-11-21,398.4411377615575,405.6062944749082,397.5697049739665,405.1221618652344,11436700
2024-11-22,404.15390881156344,406.9618721223739,400.6681480071631,401.830078125,10029000
2024-11-25,405.2190066553918,409.18890008561317,400.1840155415827,401.7332458496094,34944400
2024-11-26,403.1856527969104,403.7666178691343,397.6665584835616,399.21575927734375,9563200
2024-11-27,400.1839987364243,400.4744960283549,394.56807234840966,398.0538330078125,8819200
2024-11-28,400.66812465756954,403.28245249579317,396.6014285803545,399.79669189453125,6028400
2024-11-29,398.6347948651468,399.31256277603086,396.1172994340272,398.82843017578125,8160200
2024-12-02,399.5062355668971,405.89679192688067,398.53797034717564,405.02532958984375,9940300
2024-12-03,405.9936110468074,409.3825394513688,404.73487803047175,408.9952392578125,8947700
2024-12-04,409.2857418969265,416.0635987943501,406.47774897156216,415.9667663574219,11413000
2024-12-05,414.61117759826675,415.38577795195994,411.1254169084284,413.9333801269531,9857300
2024-12-06,413.9334056322868,419.83982972773936,412.86830791849843,415.192138671875,10619500
2024-12-09,416.35404740256826,422.45410650998525,416.1603825376209,421.19537353515625,12162100
2024-12-10,423.03507669913523,424.87477474206446,418.7747155604807,419.8398132324219,10107500
2024-12-11,418.00009832441225,424.390625,417.806433464924,424.390625,11784400
2024-12-12,426.03671441712885,428.1669098088588,425.0684491570899,425.5525817871094,10804600
2024-12-13,420.2271174726105,427.77957458450174,419.64615241420876,427.101806640625,12923800
2024-12-16,426.0366890963898,428.5541845326903,423.13189348891444,424.10015869140625,7400400
2024-12-17,425.06843687449293,429.7160981687387,423.61603902640246,428.9414978027344,9641200
2024-12-18,432.62088065369045,433.2986781150783,424.10015869140625,424.10015869140625,8596000
2024-12-19,423.7128849158478,425.8430507645652,416.54772788086973,416.9350280761719,10637400
2024-12-20,415.0953151702333,416.16038328202,401.44276954209244,412.6746520996094,26682600
2024-12-23,411.6095381548972,413.93336870094043,402.99198387421984,408.60791015625,9825100
2024-12-24,405.5094763484291,412.09369780173233,404.73487596526894,409.67303466796875,9278200
2024-12-25,411.5127309665881,411.5127309665881,404.8317066560114,410.15716552734375,5724000
2024-12-26,410.350768891145,411.89999907925176,407.155505636825,410.4476013183594,7286100
2024-12-27,412.1905159883077,415.67624714114413,410.6412857264307,413.6429138183594,7942500
2024-12-30,416.35404073041644,416.64450847407306,404.3475580238263,406.0904235839844,10059800
2025-01-06,407.9301430926965,408.9952407908015,397.9570227129648,400.18402099609375,13180600
2025-01-07,406.57456578567957,414.417520089723,404.44440000066567,411.8031921386719,16888300
2025-01-08,406.67139759607227,414.12705170497753,406.09043254682734,412.1905212402344,9873800
2025-01-09,412.77146558876734,413.15879532930694,407.05870650513504,409.7698669433594,8339900
2025-01-10,407.6396634527415,413.4492548558685,407.05869840260686,411.8031921386719,8457400
2025-01-14,416.3540518563352,420.9049102892927,406.4777346205642,411.60955810546875,10160400
2025-01-15,415.8699120047948,418.29057505488095,410.1571531164135,413.6429138183594,9480400
2025-01-16,415.86991424088063,418.7747099166027,411.60955315964344,412.8682861328125,6307100
2025-01-17,410.7381184690739,413.8365494460631,408.4142582999451,413.4492492675781,7666100
2025-01-20,413.44925422267346,416.74135010291496,411.1254235748036,412.1905212402344,5144900
2025-01-21,418.2905716795596,418.96836914775815,414.1270430866521,414.51434326171875,5178700
2025-01-22,417.4191571676222,420.9049179940021,416.2572270424587,417.9032897949219,7133900
2025-01-23,418.2906060635351,422.16366723079005,418.0001382956357,421.8731994628906,8252600
2025-01-24,424.87478043992934,428.6510385591911,420.13028661850274,426.7145080566406,9712400
2025-01-27,428.9415109268334,434.94476736893006,427.10181283945246,433.58917236328125,11165100
2025-01-28,432.8145521422774,439.6892410950751,431.94311935651086,439.30194091796875,10709500
2025-01-29,440.560692703613,442.787690978954,438.62416218623446,442.3035583496094,7824100
2025-01-30,441.7226193061169,444.33691775423387,437.17176080697595,443.2718200683594,8571200
2025-01-31,441.0448322616625,442.98136280946346,436.6876385291104,440.4638671875,9534300
2025-02-03,433.49237711005276,457.11804400140534,430.5875812738428,448.1131591796875,17997100
2025-02-04,454.11640126046944,456.6338968148059,447.8226771491836,452.0830383300781,15609000
2025-02-05,455.0846721150201,464.47685695491055,453.4386093536832,458.9577331542969,17253500
2025-02-06,469.6086452697627,474.15950375490763,459.44186016598434,460.6037902832031,14731100
2025-02-07,455.5687855717262,481.42147874049874,452.37352216844397,481.1309814453125,24469500
2025-02-10,469.60865238736494,486.94059467905583,467.28482166681664,483.5516662597656,16221000
2025-02-12,491.29778967204936,494.68671810038313,477.2579433260952,483.3580322265625,17745600
2025-02-13,484.81042143477407,486.7469519305405,478.90399751286435,485.6818542480469,13102300
2025-02-14,486.2628168207932,486.35961970579837,475.6118991485259,478.0325622558594,13433300
2025-02-17,479.58175380535613,479.8722511021296,470.4800666062037,472.029296875,11025500
2025-02-18,470.48005949228934,475.61188283326175,467.96256403719997,474.0626525878906,7604000
2025-02-19,472.51344746406136,476.8706411394472,467.76895359401897,475.51507568359375,11689900
2025-02-20,472.9007274671389,475.4182229485826,462.8307750904735,464.0895080566406,13758100
2025-02-21,466.21969164085925,477.2579089599177,464.4768261085743,475.9991760253906,13643500
2025-02-25,474.4499593598127,474.7404271071238,463.31490929320483,463.70220947265625,12210700
2025-02-26,463.6053945817847,463.6053945817847,454.4068746135024,458.9577331542969,13712300
2025-02-27,466.7038471663534,473.094403680528,460.9910881419815,469.41497802734375,13350800
2025-02-28,480.64687622794895,490.2326965332031,475.9023822939455,490.2326965332031,32561200
2025-03-03,484.13261428446333,498.4629278476395,483.0675166232155,496.7200622558594,19263600
2025-03-04,496.62326449270887,499.2375333582237,489.55491052181185,495.364501953125,18468000
2025-03-05,500.59311324294856,501.2709107091494,494.1057245205433,499.2375183105469,14820100
2025-03-06,498.75339800797246,504.4661865234375,497.3978621403538,504.4661865234375,14418900
2025-03-07,508.14559262499597,511.24405325222943,500.302667720074,501.94873046875,17991000
2025-03-10,509.1138525923854,513.4710461828269,504.65985611700006,511.3408508300781,18701100
2025-03-11,508.1455700563707,510.5662330797892,483.3580043358524,499.2375183105469,21962500
2025-03-12,507.8551357857362,534.2887659240529,503.59474494443157,515.2139282226562,36841800
2025-03-13,519.4743213439438,523.8315150924019,515.0203247070312,515.0203247070312,14222800
2025-03-14,508.62974058788575,510.3726062750631,501.75508072804394,505.9186096191406,14703900
2025-03-17,507.37096095058314,513.858349561007,504.659830230796,510.46942138671875,8524900
2025-03-18,510.4694827525493,512.696481143727,506.9836921810228,510.27581787109375,9434300
2025-03-19,504.5629929294093,508.33925100473255,500.9804588199521,503.4979248046875,10215200
2025-03-21,506.49951874342827,511.43770688091456,504.56298828125,504.56298828125,16258000
2025-03-24,504.56301168432805,516.7631896208619,502.82014600717247,506.4995422363281,9607400
2025-03-25,506.40272369533227,521.5076378947575,506.40272369533227,519.2806396484375,13175000
2025-03-26,517.2473136450766,518.990179293208,512.4059873456997,517.1504516601562,10248100
2025-03-27,512.9868529878302,520.4425062929721,512.5995823955634,520.1520385742188,11940700
2025-03-28,521.133177368024,524.6649293869147,507.6927957276555,513.1866455078125,15227700
2025-03-31,493.56567875670333,502.59131014612115,491.89788374839753,496.70501708984375,13291200
2025-04-01,504.1610037941932,510.1453775408822,502.4932088534623,506.9079284667969,9224000
2025-04-02,511.2245288664333,515.835470410816,500.9235459394482,507.5946960449219,12585100
2025-04-03,488.95472281015634,510.73398851297975,487.5812604586829,510.04730224609375,13576300
2025-04-04,509.85109091733045,524.370601682326,507.9870741816652,514.3638916015625,15267100
2025-04-07,454.12748795890946,471.68825566224206,447.55447889837694,464.526611328125,26248700
2025-04-08,488.07178295547897,499.84436867500807,485.71727179941985,491.2111511230469,16430300
2025-04-09,487.5812639172459,489.2490588882299,473.74846955669653,479.5366516113281,17642200
2025-04-10,514.854409777474,514.854409777474,498.9614368256156,503.2780456542969,14683600
2025-04-11,488.9547240371044,505.2401403748994,484.63811523339865,502.1988830566406,13468200
2025-04-14,505.24014235004,510.93021353090995,504.5533962002784,507.2022399902344,9508100
2025-04-15,511.12644210658,512.0094100078637,504.0628785317166,505.4363708496094,7812800
2025-04-16,512.1074815229936,517.9937744140625,508.0852053321503,517.9937744140625,9073900
2025-04-17,516.5221989287762,529.5701361377983,514.3638795691448,527.8042602539062,13984600
2025-04-18,532.5132790134903,545.365054277266,527.8042567284099,543.5010375976562,12051000
2025-04-21,539.5768444833809,548.2100620194216,538.1052712711535,545.5612182617188,9529400
2025-04-22,545.2669354725629,545.2669354725629,534.4753981894919,542.2257080078125,12190400
2025-04-23,548.9948878472637,550.3683801269532,535.6526480379972,539.5768432617188,9374100
2025-04-24,539.4787512110358,540.8521835839445,515.4430559612424,519.46533203125,13904700
2025-04-25,522.9970984502836,524.2725098104244,508.47758798826425,511.0283508300781,13618300
2025-04-28,519.7596591854079,519.9558809274895,511.5188849242045,518.2880859375,10064600
2025-04-30,521.9179607427927,532.7094975250685,517.6994628854146,529.5701293945312,14850100
2025-05-01,520.93691782496,526.2346053474483,514.167657088277,519.8577880859375,14333800
2025-05-02,517.0127180208875,525.4497137563692,515.2468421551433,523.683837890625,13785400
2025-05-07,533.4943295734638,540.2635902969897,530.943626625204,535.6526489257812,19604500
2025-05-08,531.9246790922546,535.6526526109227,511.8131783989873,519.9558715820312,47938200
2025-05-09,522.8990399423451,529.3739384367722,519.6615906951315,528.589111328125,20859700
2025-05-12,535.5545962225433,541.8332729947382,530.6493519262331,534.5735473632812,12567700
2025-05-13,528.2948039437468,529.275852790439,522.0160673735289,522.506591796875,13751700
2025-05-14,516.1297602700822,524.4686752403968,513.1866138099712,518.0918579101562,15302900
2025-05-15,512.9904804943573,517.4052004301832,511.6169881184896,515.0506591796875,14201500
2025-05-16,515.0506270134629,518.6805195985846,510.83212909171283,511.0283508300781,14626300
2025-05-19,514.7563309749872,514.9525527158798,497.2936439087453,505.3382263183594,16837000
2025-05-20,499.45196926177607,506.9079464161558,496.01829832982014,506.5155029296875,18503700
2025-05-21,503.7685786664619,506.22120076318276,500.33490773105274,504.55340576171875,9133200
2025-05-22,507.59467045236306,509.5567680422393,503.4742535379297,508.7718811035156,9720700
2025-05-23,513.0885546218897,519.3672912875801,512.2055866950526,516.8165283203125,9423600
2025-05-26,521.8198789616129,523.5857548201335,518.3862081728636,521.6236572265625,10945300
2025-05-27,521.9180021196244,524.6649269971912,520.1521261182221,521.0350341796875,6687700
2025-05-28,518.9748202060337,523.2914589190586,517.3070252542527,519.8577880859375,10214600
2025-05-29,521.9179938177664,522.8990426783262,516.8165277671618,518.7786254882812,9891400
2025-05-30,514.9525484332665,517.6013323386481,512.1074829101562,512.1074829101562,24112800
2025-06-02,509.9491635352245,513.0885317279918,504.4553141067326,512.1074829101562,14947600
2025-06-03,511.4207233609465,517.8956813160751,511.22450162682753,515.6392211914062,9248300
2025-06-04,514.4620369080715,520.2501891511738,509.6548736289039,511.5188903808594,11858500
2025-06-05,509.06627214810334,518.582398089051,506.71173095703125,506.71173095703125,10789900
2025-06-06,519.4653471748784,528.7853109107828,515.5411519176555,519.9558715820312,18496100
2025-06-09,519.9558703841219,525.4497197801898,511.61695548173503,513.9714965820312,11243400
2025-06-10,514.9525759537996,522.8990478515625,511.91128852889364,522.8990478515625,14986500
2025-06-11,522.8990037281856,529.5701235073735,517.0127110032904,527.4118041992188,15200300
2025-06-12,529.7663355869247,533.6905306653464,528.0004597773279,531.0416870117188,15011500
2025-06-13,525.3516349016801,525.7440783749356,501.6102418529322,502.9837341308594,20828300
2025-06-16,507.3984732670685,514.8544205179516,506.22120268048974,511.5188903808594,12912900
2025-06-17,507.6927926199777,515.0506591796875,506.80982468142395,515.0506591796875,7960200
2025-06-18,514.8543933148968,541.7351541278729,514.1676471858053,537.3204345703125,18027500
2025-06-19,541.1464837781555,541.4408463152987,527.6080225727977,531.2379150390625,10406000
2025-06-20,528.3928781726676,535.6526634974639,527.7061918914716,528.1967163085938,30777000
2025-06-23,520.2502036531655,523.2914910764757,514.0696077494296,514.9525756835938,9770900
2025-06-24,515.0506453748158,516.6202995807606,506.5155084186249,509.6548767089844,13230000
2025-06-25,510.1453808039084,511.51887308822893,502.10076859246095,504.0628662109375,13133500
2025-06-26,501.1197320320626,509.0662635082097,501.1197320320626,505.4363708496094,10960900
2025-06-27,499.84438900795243,507.496558061232,494.74292301294275,506.71173095703125,11471000
2025-06-30,507.4965519315871,522.7028089208832,507.39847099917284,520.3483276367188,13993200
2025-07-01,524.8611288681668,533.5924874867071,517.6013435081353,528.2947998046875,15051700
2025-07-02,527.6080284310684,528.8833798851424,509.8510692449273,515.6392211914062,18321000
2025-07-03,513.0885410978468,516.7184337658199,505.43637215468175,510.439697265625,12217000
2025-07-04,511.8132073246969,516.9146734230955,511.02838020459046,514.9525756835938,7872900
2025-07-07,515.4430797606327,523.8800757558755,514.952555345131,520.2501831054688,9200900
2025-07-08,524.6649250000265,525.2535902505674,518.974853515625,518.974853515625,11805200
2025-07-09,524.861112609227,527.3137346307655,518.484295353227,521.8198852539062,11361200
2025-07-10,525.2535802087403,528.1967267697639,517.9937947401606,522.604736328125,11320000
2025-07-11,518.2880737137317,518.8767389260926,504.25908772357474,505.0439147949219,18075700
2025-07-14,511.02834800248684,511.42073159857875,501.5121625898656,507.0060119628906,9291400
2025-07-15,507.00602553333454,509.45864761880773,502.39508403695106,503.4742736816406,8207600
2025-07-16,505.2401481184021,509.3605651855469,503.27805045580635,509.3605651855469,8522300
2025-07-17,516.3259771909065,528.5890873269175,515.1487066421561,527.8042602539062,16425300
2025-07-18,522.4084851419871,529.5701293945312,520.4463875452096,529.5701293945312,9507000
2025-07-22,534.8678478738137,553.8020788050047,533.9848799526746,542.4219360351562,21400300
2025-07-23,539.5768507021677,546.5422733689358,528.8833946186829,545.7574462890625,20524800
2025-07-24,555.5679566411526,556.2547028178565,545.8556088682406,554.3906860351562,15121000
2025-07-25,556.2546676848244,560.6693872696246,550.9569802316776,551.2513427734375,9285800
2025-07-28,548.4062675023188,548.50434842884,536.6336821534318,537.1242065429688,14224800
2025-07-29,536.9279978266037,539.0863171685771,531.5322294109036,535.5545654296875,8120500
2025-07-30,534.9659085968834,539.4787690877527,533.788638039332,537.8109741210938,12073300
2025-07-31,538.9882670406688,545.4631655581362,537.222331191841,544.4821166992188,13861800
2025-08-01,543.5010687407525,550.4664916992188,539.8711759810499,550.4664916992188,12222300
2025-08-04,550.3684130086217,553.2134786671847,538.5958266341058,542.6181030273438,17216800
2025-08-05,503.3761206981608,504.84769391385817,475.8086730754837,476.3973083496094,79738800
2025-08-06,478.55559776909195,483.0684282850773,476.29919748071615,476.3973083496094,37266900
2025-08-07,467.96027578543243,480.2233857378809,467.0773378567028,479.14422607421875,32092100
2025-08-08,479.2423578510679,493.6637877600487,479.0461361075742,481.7930908203125,31537500
2025-08-12,489.6414753782913,496.6069280354873,485.913471873409,493.4675598144531,27894700
2025-08-13,494.2523824762254,495.2334312941133,481.20444517401006,485.4229431152344,27158400
2025-08-14,481.79308162521124,482.38171690522347,477.3783619339709,480.5177001953125,18836100
2025-08-15,477.77078770320605,479.43858271605694,461.6815926267151,470.0205078125,43348800
2025-08-18,475.80868870299287,476.69162667356386,470.21669832398544,474.9257507324219,29144400
2025-08-19,468.94134257209896,471.8844890735975,463.5455739860183,466.8811340332031,36950900
2025-08-20,464.33040891435076,465.80198218993723,459.6213864081681,461.1910705566406,28838200
2025-08-21,468.94134165684824,469.4318660728073,457.75739096082884,457.9535827636719,19452700
2025-08-22,457.26687307947196,457.85550837488165,453.0483450783984,457.16876220703125,15325700
2025-08-25,457.3649879052923,458.73845031363027,452.7540463138344,454.32373046875,12832000
2025-08-26,456.1877109950372,456.38393273890097,450.6938314984328,454.12750244140625,23405500
2025-08-27,452.06728845012464,456.67822992234903,448.63361754845283,452.95025634765625,16956800
2025-08-28,451.87109970787606,452.75403767215255,446.18099849731806,451.08624267578125,28515100
2025-08-29,449.6146672076069,460.3081234153722,448.92795098954525,459.9156799316406,18410300
2025-09-01,454.4218232822347,460.9948323820662,451.4786768359488,452.7540283203125,10798200
2025-09-02,451.282444601036,460.60240813084,450.4976175426405,460.30810546875,14496100
2025-09-03,456.08960407711567,456.383936695463,450.1052001082055,451.282470703125,21594700
2025-09-04,455.2066458589102,458.5422058105469,452.3616103101387,458.5422058105469,13523100
2025-09-05,465.0171566205391,467.4697787546137,459.1308634987601,467.17547607421875,19700400
2025-09-08,465.9981769678299,474.5333134479866,464.82090643979683,470.2166748046875,18373700
2025-09-09,473.7484721833812,485.12864455512994,472.3750098145502,481.59686279296875,24350300
2025-09-10,476.2992161865782,485.0305449547776,475.90680263482756,484.93243408203125,14273200
2025-09-11,480.5177038257755,484.5400100071422,476.49542758364305,478.6537170410156,13017500
2025-09-12,483.55896649938774,483.55896649938774,478.26130875943784,482.7741394042969,11630700
2025-09-16,486.10968039178033,489.34712945603223,483.06842312398504,485.1286315917969,13986000
2025-09-17,482.67602319774517,491.5054626464844,479.73287671483206,491.5054626464844,12021000
2025-09-18,491.5054558973036,495.3315402847053,489.4452473997077,493.2713317871094,11923000
2025-09-19,488.56230239173885,493.56565725950094,481.0082146561732,485.1286315917969,18481800
2025-09-22,484.53999807823635,486.89450921887436,476.5934967817538,477.2802429199219,14637500
2025-09-24,469.4318527080249,476.2991943359375,463.3493381476089,476.2991943359375,22252700
2025-09-25,479.73288355324803,479.73288355324803,472.57123898509997,476.8878479003906,13549500
2025-09-26,476.88782645621416,479.4385593175802,473.84656919609444,476.2010803222656,10946500
2025-09-29,477.3783585387911,478.84993175873853,470.5110168457031,470.5110168457031,11457200
2025-09-30,475.4162772603325,475.4162772603325,466.6849485095804,467.0773620605469,16654700
2025-10-01,462.073997001356,463.1531566976986,454.5199090661922,458.8365478515625,16978700
2025-10-02,454.81422856422023,456.383912628258,444.6113270568247,449.5165710449219,17719600
2025-10-03,449.5165879905685,455.1085483842622,447.6525712534362,453.04833984375,12181000
2025-10-06,460.8967203472692,462.7607370432574,455.6971736143384,457.6592712402344,15581100
2025-10-07,464.03609344279465,464.03609344279465,457.26686254955206,463.7417907714844,13227200
2025-10-08,462.0739995837919,465.8019731673729,457.0706445558657,458.93463134765625,10901800
2025-10-09,455.50096431768134,457.6592837408131,450.0071147664998,456.089599609375,18753700
2025-10-10,455.7952919640517,459.7194872802481,451.2824613625791,452.95025634765625,24527200
2025-10-14,441.6682000668789,448.82984462842546,436.5667341194521,442.2568054199219,40888500
2025-10-15,444.3169970561141,444.70941058961336,437.7439880371094,437.7439880371094,20704100
2025-10-16,437.547789982387,441.86439896297605,437.547789982387,439.5098876953125,14101300
2025-10-17,435.8799695126672,437.547764447015,429.6993740533466,431.75958251953125,17495600
2025-10-20,436.5667377429161,441.66820373268456,435.0951644696254,440.392822265625,13944600
2025-10-21,441.47198459261534,443.82649585592895,438.82314070936565,442.4530334472656,14569900
2025-10-22,442.9435431949271,443.92459201706424,439.6079831875076,440.0003967285156,9735500
2025-10-23,439.509883501727,443.3359680175781,435.97810166431265,443.3359680175781,9347100
2025-10-24,439.8041823058702,447.1620485943193,439.6079905017189,446.1809997558594,10524600
2025-10-27,447.84880106160927,450.69383674534754,444.80754363172287,446.3772277832031,12264200
2025-10-28,445.00376591515453,446.76964187568,441.5700949280611,444.4151306152344,9756800
2025-10-29,442.4530287256317,444.41512641399373,434.70274884444876,436.3705139160156,15350800
2025-10-30,434.01598462078266,438.5288151041079,431.1709490788712,437.7439880371094,16186300
2025-10-31,443.63030350816416,447.0639744952576,440.68715694779837,444.4151306152344,19238900
2025-11-04,439.21558294625135,444.4151298853305,432.3482409833433,435.4875793457031,23287000
2025-11-05,449.7127828113171,450.30141810387494,414.49313540062565,419.4964904785156,51272900
2025-11-06,413.4139772299464,417.1419808038993,408.21443032796043,413.6101989746094,37484900
2025-11-07,411.0594531497054,418.80973279403685,408.60683111420593,417.1419677734375,24532600
2025-11-10,417.43628478715505,423.2244670019972,416.7495386179217,420.5756530761719,16250100
2025-11-11,421.8509946610546,426.560017044368,420.2813105535387,422.243408203125,18446900
2025-11-12,421.85098895536106,425.3827706646946,419.98700220131207,422.0472106933594,19536600
2025-11-13,423.12635560076546,424.7941506158287,416.9457598423261,422.5377502441406,14552400
2025-11-14,417.9267937092647,424.20550011517213,416.9457448977406,422.0472106933594,13148900
2025-11-17,421.8510071726274,423.6168831339351,414.4931407684537,420.6737365722656,15362100
2025-11-18,416.5533489428857,419.0059710752164,411.54999380508417,412.7272644042969,17028800
2025-11-19,411.059444259668,417.92678581054554,408.6068222772118,414.8855285644531,20168500
2025-11-20,414.00261647955006,417.0438739154696,408.70495865462556,410.7651672363281,17836200
2025-11-21,408.214429307808,417.82869598757105,407.72390488661125,417.5343933105469,31840300
2025-11-25,414.0025942116056,417.1419623519367,409.78409634106697,413.02154541015625,17114600
2025-11-26,416.94573953118123,423.51877845948377,412.23671727216947,417.9267883300781,15699200
2025-11-27,418.90784050484444,421.8509869252532,415.1798670146868,417.0438537597656,7860400
2025-11-28,414.395023181297,415.86659643828966,410.0784142819653,412.5310363769531,15987900
2025-12-01,411.3537551985505,412.13861221226824,403.60347556589517,406.2523193359375,17930100
2025-12-02,404.48642544567457,407.3314910379111,402.72054950635885,406.6447448730469,12745200
2025-12-03,405.3693946546469,406.1542217548077,399.67929339115943,401.739501953125,17949400
2025-12-04,402.2300057350372,411.9423828125,402.2300057350372,411.9423828125,18797100
2025-12-05,404.09401759835134,410.07842160483347,403.99590672495293,408.8030700683594,16625200
2025-12-08,408.803059898843,412.2367308077247,407.8220110677339,411.4518737792969,13261300
2025-12-09,414.00260798631183,414.2969106608453,404.78075493370534,406.546630859375,17453700
2025-12-10,404.6826482254753,405.9579997472193,401.4451990153654,402.7205505371094,18278900
2025-12-11,402.72052671829937,402.81863758476186,398.20769631412105,400.95465087890625,19770000
2025-12-12,401.24898013384285,404.58454024001804,400.5622339623208,403.7997131347656,14768500
2025-12-15,406.4485194904289,409.09736331492434,403.99589740820517,408.50872802734375,11422800
2025-12-16,410.37271583185134,410.47082670322857,403.60348485610257,404.58453369140625,19776200
2025-12-17,405.1731713544017,407.62579345703125,402.62243837982004,407.62579345703125,14308200
2025-12-18,406.64472863099456,411.746194379622,402.5243116848544,411.0594482421875,14813700
2025-12-19,416.455236201196,420.37943159531795,413.70831140100455,419.5946044921875,30813700
2025-12-22,419.1040677705273,419.5945921803995,406.1542113742068,407.33148193359375,16761300
2025-12-23,403.2110708113132,408.01820411051114,402.7205463942678,406.546630859375,20745200
2025-12-24,406.8409708311466,407.03716263797236,402.72055367775084,402.81866455078125,13667100
2025-12-25,405.56558855706226,406.3504456005159,403.70160173011647,405.7618103027344,8694000
2025-12-26,405.663690002831,406.8409605710359,403.7997032192017,405.46746826171875,10583400
2025-12-29,406.1542230621027,411.6481025986158,404.2902362387951,408.7049560546875,13429300
2025-12-30,411.54997940868174,412.8253308971867,407.8220058736411,409.2935791015625,11471200
2026-01-05,412.72726258646776,414.1988358593847,407.03716130098127,407.7239074707031,14344200
2026-01-06,411.4518640270355,417.7305704094684,409.2935746132921,415.0817565917969,15649900
2026-01-07,410.0783933641431,413.3158423886931,407.4295496609781,409.8821716308594,12858200
2026-01-08,410.0784000983605,410.1765109666135,405.5655696118237,408.1163024902344,15402500
2026-01-09,405.1731646268716,410.76515490371094,404.48641847384425,409.39166259765625,12567200
2026-01-13,414.002610663406,414.3950242117329,407.13526878036373,408.6068420410156,14818800
2026-01-14,407.1352536861713,409.784097432835,405.6636804800767,408.1163024902344,14001100
2026-01-15,410.4708298904674,412.0405140269886,404.6826477050781,404.6826477050781,20545100
2026-01-16,405.17314971785794,405.2712605845709,396.0494079589844,396.0494079589844,27075400
2026-01-19,397.2266769449774,403.8978271484375,396.8342633892998,403.8978271484375,15938200
2026-01-20,401.24896330656827,402.131901247758,397.32476806640625,397.32476806640625,15573100
2026-01-21,397.71718593430825,397.913407674147,390.26120890894697,392.51763916015625,21047700
2026-01-22,393.891107247601,395.558902242774,392.517644866465,392.7138366699219,12492500
2026-01-23,400.07169253176784,402.1319010195304,396.4418299002183,398.3058166503906,14410500
2026-01-26,398.305830191321,398.8944654848694,391.5365991636011,392.81195068359375,14607800
2026-01-27,391.4384679086612,392.7138193622443,388.39721066638634,390.1631164550781,16433700
2026-01-28,385.84648703387234,389.9669040333141,385.15977082678796,388.4953308105469,14220300
2026-01-29,384.5711274033855,387.3180520520021,381.7260918874826,385.25787353515625,13589000
2026-01-30,392.4195137363341,392.4195137363341,385.6502831122289,389.0839538574219,16154700
2026-02-02,393.3024610596985,393.40057192832535,384.96354619338734,387.4161682128906,13848900
2026-02-03,384.5711453217088,388.49534068213444,382.80526938521115,384.8654479980469,22110200
2026-02-04,382.41282695137204,386.4351331947371,371.0326843261719,371.0326843261719,41251800
2026-02-05,394.57783396831957,403.0148295821659,383.5900755820908,399.9736022949219,49218900
2026-02-06,405.9579877903768,415.17987060546875,399.8755030991331,415.17987060546875,48282900
2026-02-09,414.7874294543617,422.0472146795957,410.7651532405095,416.2590026855469,28836300
2026-02-10,411.84428137535286,417.8286851465283,409.19546753315757,412.2367248535156,23472500
2026-02-12,409.19546655575357,410.56892890834087,389.47637939453125,389.47637939453125,47511200
2026-02-13,392.615765598426,395.2645795558778,379.2734951196515,380.15643310546875,35777000
2026-02-16,380.6469481717133,386.2389385097235,378.4886287579325,381.82421875,16793900
2026-02-17,382.6090449411274,383.5900937743098,372.89666748046875,372.89666748046875,20336900
2026-02-18,374.858773491063,376.5265385810563,370.05164008931104,375.153076171875,19236000
2026-02-19,379.37159183963786,381.2355786155394,374.17201511406245,375.74169921875,15125500
2026-02-20,375.0549643057141,375.2511860518928,367.2065734863281,367.2065734863281,21277100
2026-02-24,363.0861673598889,364.9501540945683,358.1809233532415,358.67144775390625,25725800
2026-02-25,361.7127168675534,370.14971288380895,359.0638730415531,360.044921875,29834600
2026-02-26,363.0861730257611,374.17201267808275,361.1240753924841,372.700439453125,27029000
2026-02-27,377.2132710356332,383.19767482144454,374.0739028380566,381.62799072265625,36617200
2026-03-02,377.70380837051096,383.0014661883802,375.8398215378282,378.0962219238281,24440900
2026-03-03,380.64693591991124,380.64693591991124,365.0482659254729,368.5800476074219,26608400
2026-03-04,362.98805832510806,368.48193762814554,359.06386309997174,364.6558532714844,29923700
2026-03-05,371.8174999652093,371.8174999652093,364.16533120283253,365.7349853515625,25369300
2026-03-06,372.7985386298181,386.14080810546875,369.8553922722143,386.14080810546875,30669600
2026-03-09,380.6469545831046,391.0460784023457,376.03601300292456,390.9479675292969,41334400
2026-03-10,394.3816273992684,399.6792850630535,388.6915561935796,399.48309326171875,24977200
2026-03-11,403.79971545639086,408.1163244385671,401.6413959956851,406.8409729003906,32656100
2026-03-12,398.9925708087969,403.4072905401689,387.51428753153624,391.63470458984375,26618100
2026-03-13,387.21998510152594,393.40058075363237,386.23893627171634,390.6536560058594,21877900
2026-03-16,392.419541077044,397.52100708673964,389.9669189453125,389.9669189453125,15344600
2026-03-17,389.2801725051717,392.7138434872358,387.31807480113514,390.9479675292969,12901900
2026-03-18,388.9858538499519,394.57784405249214,388.7896321119129,394.3816223144531,12386600
2026-03-19,394.283509189299,400.95465903441317,390.35931396484375,390.35931396484375,21763300
2026-03-23,385.5521816892204,388.2991063769616,380.7450485160565,386.43511962890625,22292500
2026-03-24,394.2835068861855,394.2835068861855,379.6658857483216,386.3370056152344,18321900
2026-03-25,383.68820735346,388.49534068213444,382.60904764149603,384.8654479980469,18120400
2026-03-26,381.3336766706152,383.0014416501712,376.1341001197764,378.29241943359375,18994300
2026-03-27,377.11516738003706,384.2768418617504,376.82086470429914,377.9000244140625,24205100
2026-03-30,372.1000061035156,376.1000061035156,369.29998779296875,375.6000061035156,21243700
2026-03-31,381.5,389.0,380.5,382.70001220703125,22234200
2026-04-01,390.70001220703125,396.0,386.5,395.5,19710300
2026-04-02,392.70001220703125,398.20001220703125,390.5,391.20001220703125,16268600
2026-04-03,392.5,395.3999938964844,391.8999938964844,393.20001220703125,9383200
2026-04-06,390.0,394.79998779296875,389.0,391.70001220703125,10560200
2026-04-07,394.0,401.20001220703125,392.79998779296875,401.20001220703125,13399600
2026-04-08,405.0,410.5,403.20001220703125,410.20001220703125,19650300
2026-04-09,408.20001220703125,412.3999938964844,407.20001220703125,410.20001220703125,14839300
2026-04-10,410.0,410.20001220703125,402.29998779296875,403.6000061035156,12589700
2026-04-13,400.20001220703125,407.5,399.6000061035156,403.79998779296875,10751300
2026-04-14,410.0,411.8999938964844,407.8999938964844,410.0,12301000
2026-04-15,416.6000061035156,435.8999938964844,416.6000061035156,435.20001220703125,36579600
2026-04-16,441.0,442.0,428.6000061035156,428.6000061035156,21348000
2026-04-17,433.0,433.20001220703125,423.20001220703125,427.8999938964844,14176400
2026-04-20,421.0,429.20001220703125,420.1000061035156,429.0,11956400
2026-04-21,431.3999938964844,433.20001220703125,429.5,431.79998779296875,16847200
2026-04-22,435.79998779296875,436.0,426.79998779296875,428.3999938964844,14221000
2026-04-23,424.0,424.8999938964844,418.20001220703125,418.3999938964844,14215800
2026-04-24,413.6000061035156,418.29998779296875,412.6000061035156,415.8999938964844,10173400
2026-04-27,412.5,415.6000061035156,409.70001220703125,410.1000061035156,11824900
2026-04-28,416.3999938964844,417.29998779296875,411.3999938964844,417.29998779296875,12214500
2026-04-30,410.79998779296875,413.6000061035156,407.29998779296875,412.29998779296875,16224200
2026-05-01,411.29998779296875,419.70001220703125,410.0,419.70001220703125,12586700
2026-05-07,426.79998779296875,439.70001220703125,422.8999938964844,439.70001220703125,37358800
2026-05-08,440.0,443.8999938964844,436.0,440.0,26010100
2026-05-11,445.3999938964844,453.79998779296875,433.5,448.79998779296875,46457600
2026-05-12,440.79998779296875,441.6000061035156,410.1000061035156,410.1000061035156,31229900
2026-05-13,407.29998779296875,414.70001220703125,406.6000061035156,414.70001220703125,18616300
2026-05-14,417.0,417.1000061035156,401.29998779296875,404.79998779296875,20198800
2026-05-15,407.29998779296875,417.29998779296875,406.8999938964844,417.29998779296875,19292100
2026-05-18,417.29998779296875,421.0,403.29998779296875,407.3999938964844,13788300
2026-05-19,412.1000061035156,422.6000061035156,409.0,422.5,15178300
2026-05-20,424.79998779296875,427.0,419.0,421.20001220703125,15923200
