Date,Open,High,Low,Close,Volume
2020-01-06,385.7000195415914,395.50140016941435,385.3171527456868,394.2762451171875,25406100
2020-01-07,392.59161572048555,397.7220400526059,390.37096964434323,395.9608154296875,17431000
2020-01-08,394.659063302313,398.71744149169064,390.98352849334975,396.4967956542969,19433000
2020-01-09,388.83941346526996,389.60514686978473,384.16845839239306,385.8530578613281,19115600
2020-01-10,388.76294696777586,388.76294696777586,383.09649979489046,385.0108337402344,9402700
2020-01-14,381.6416190001975,381.6416190001975,373.98428305168494,377.4300842285156,20245300
2020-01-15,375.821992481863,378.11919298204145,374.290525481744,377.1237487792969,10795800
2020-01-16,380.0335580669871,381.6416032233661,377.889513437371,379.49755859375,13358300
2020-01-17,378.5020740089171,380.4164078312732,376.587740186561,380.2632751464844,10247200
2020-01-20,379.11465381801855,382.0244317192187,377.7363195213989,380.1866760253906,8891400
2020-01-21,379.34441057849745,380.79929970575733,377.2769439350232,378.1192321777344,8647300
2020-01-22,376.81744384765625,377.0471545404625,374.2139547330852,376.81744384765625,11785900
2020-01-23,370.76822933993213,372.75911806364604,368.16471632891745,369.61962890625,15927600
2020-01-24,372.6059317985189,372.91222052980504,369.7727084553743,371.6870422363281,12162900
2020-01-27,364.64230386219555,369.0835488369673,364.33599176600546,367.39892578125,11682400
2020-01-28,361.27301708025834,362.8044839154749,359.1289728582869,361.6558837890625,17377600
2020-01-29,361.9622204561037,365.5611537425119,361.42619768000856,363.6468200683594,10372600
2020-01-30,363.41713920107946,364.64231752675585,360.047916331719,361.2730712890625,13237900
2020-01-31,361.4262479040321,363.0342930874415,358.8993364503418,358.97589111328125,15842300
2020-02-03,348.40873383873384,357.21466886982273,348.0258670982517,355.4534912109375,14895300
2020-02-04,351.701426460802,358.0570292412356,350.47627141871146,356.3724060058594,10112200
2020-02-05,358.9758681471887,361.27306872842496,357.21469038224063,358.2867126464844,9303400
2020-02-06,372.29969253102723,374.8266041102792,366.93955723220813,368.7773132324219,25995300
2020-02-07,368.241259072512,370.0790149166054,366.6332139458052,369.84930419921875,10417600
2020-02-10,365.02520581816515,367.55211727711156,362.7280050851832,367.16925048828125,7690500
2020-02-12,363.72340714220365,364.2594299316406,361.34962865350406,364.2594299316406,13579000
2020-02-13,366.6332477829932,378.2724081503378,361.0434017062435,368.31787109375,25029100
2020-02-14,366.78638586303623,366.78638586303623,359.5119168323497,364.3360290527344,15334000
2020-02-17,360.6604642103475,364.18284284445446,360.2010194548847,363.6468200683594,10151900
2020-02-18,361.04336564188594,362.5748327283839,356.37238635440065,357.5975646972656,15418600
2020-02-19,358.2867801390328,358.9759357695574,355.300423494535,356.2958679199219,13438400
2020-02-20,356.7552920649857,363.2640278930144,356.7552920649857,358.5930480957031,13723700
2020-02-21,361.96230313379203,365.4081045343401,361.1965694892258,362.6514587402344,13637700
2020-02-25,352.9265937098933,357.4444170476455,352.39059423801336,355.8363952636719,18731500
2020-02-26,351.24199272899796,351.7779921990969,347.3367469058948,351.0888366699219,15916100
2020-02-27,345.34581927375166,347.1835750574177,337.68848403486584,340.44512939453125,26841000
2020-02-28,328.1933824014034,332.9409160750193,327.1213601762858,332.3283386230469,35408900
2020-03-02,322.29722913399814,334.77869934664614,319.5405838290473,329.724853515625,18912500
2020-03-03,336.15700174689556,336.9993132586521,324.2881326647159,324.59442138671875,18712600
2020-03-04,321.60807817246445,327.58079027690576,319.6937443738188,322.98638916015625,13416600
2020-03-05,322.2972604735314,324.9773280145511,320.30634848367845,321.7612609863281,13186000
2020-03-06,313.7975545186572,314.33357727425226,308.05455371583895,312.036376953125,25418200
2020-03-09,290.97873952937,293.27594010460183,284.8528713287517,286.38433837890625,42192600
2020-03-10,279.492750077756,285.465462512906,268.8490582416123,283.70428466796875,29493200
2020-03-11,282.3259620956422,291.4381864366349,280.1053161621094,280.1053161621094,24938100
2020-03-12,270.76341428853897,274.4389263386916,264.40781118438304,269.9976806640625,27352700
2020-03-13,258.3584488539587,263.56545008298184,245.18784817230318,250.1651153564453,41544600
2020-03-16,250.39487428391928,264.71410121262676,249.78229678285174,253.15151977539062,28787400
2020-03-17,247.25537122163848,263.10606586173424,245.57077134679017,253.074951171875,34529600
2020-03-18,252.38572908838015,260.19619561662483,246.25986199093563,250.5479736328125,26987100
2020-03-19,249.62919322627863,251.4669494843381,245.11136894278366,245.34107971191406,38338600
2020-03-23,247.8679756608678,261.03857955952327,245.87706362725277,257.3630676269531,31945600
2020-03-24,275.74062863277203,280.0287407603982,268.0832938935577,279.6458740234375,27911000
2020-03-25,294.80740280321015,305.75738270285365,292.6633583119743,295.8794250488281,32183600
2020-03-26,291.7444695014458,297.8703376274604,285.31231264279694,294.8074035644531,34293900
2020-03-27,296.72174576330383,300.1675466818454,281.2539189594061,293.0462341308594,44225900
2020-03-30,280.66839173685514,290.3656327262807,278.77625008768507,289.971435546875,22807300
2020-03-31,293.4404364281821,303.3741876739111,291.0752529773152,291.8636474609375,25169200
2020-04-01,287.44865036469326,295.8056371921921,283.03363618602486,287.92169189453125,19098400
2020-04-02,286.02952149317787,293.12507215484874,283.82202646683675,289.7349853515625,18056100
2020-04-03,287.29102284711666,307.473931907375,284.37397690342067,292.41558837890625,20051800
2020-04-06,293.59805358154637,304.79326306905637,292.1789533636418,303.2953186035156,18731100
2020-04-07,305.1086514193039,315.12127053428065,302.19158233733424,310.23321533203125,25772900
2020-04-08,310.15433271101557,310.15433271101557,297.6977115956124,304.71441650390625,21967100
2020-04-09,309.60252577277475,309.7601902348027,298.6438231164881,302.4281311035156,13079300
2020-04-10,297.30355562382516,304.79330299246095,293.44042758250674,301.955078125,15089100
2020-04-13,298.01310796472126,299.98409412850907,293.28274117163045,295.0960388183594,14744500
2020-04-14,296.43635769654713,298.0131468332309,292.80973787019593,296.3575134277344,11140900
2020-04-15,289.3407591401625,293.9922815187214,287.3697730424775,292.57318115234375,16191500
2020-04-16,292.5731481011136,292.5731481011136,285.87179612601886,290.75982666015625,11780700
2020-04-17,296.1998300228192,296.4363387542517,288.78890230604986,289.7349853515625,11197900
2020-04-20,289.7349921981874,293.20392334722135,288.158203125,288.158203125,8489300
2020-04-21,283.8219691721007,292.9673485462901,282.6393776338836,289.971435546875,14479900
2020-04-22,282.3240456114386,284.8468933105469,280.82610103073546,284.8468933105469,16543700
2020-04-23,285.5564445575967,292.021263822537,284.84687039129926,288.71002197265625,15032000
2020-04-24,291.6271658609223,295.64798324503363,290.52341820211973,294.8595886230469,15556400
2020-04-27,296.8304896647164,297.6188840595762,293.36155913931077,296.51513671875,10593200
2020-04-28,291.7059724167302,296.1998308049445,290.050339112657,295.8056335449219,11888000
2020-04-30,302.506991945133,306.29127607968985,301.4820646162672,301.7185974121094,18321800
2020-05-01,302.2704063714899,304.7144338091032,298.6437873408271,301.4031677246094,15078700
2020-05-07,299.5899545748498,300.45719346586117,292.6520915665479,295.2537841796875,17889500
2020-05-08,299.1957206825115,302.82234029064136,297.93428463708915,299.66876220703125,13308900
2020-05-11,302.50698386338934,302.58580406667255,298.8015200332162,300.4571533203125,11053200
2020-05-12,300.2205990278532,303.2953566521882,299.1168516021406,302.3492736816406,12029200
2020-05-13,303.7683394382982,306.6065639664035,301.79735352432044,304.16253662109375,11778600
2020-05-14,300.3782561856333,301.0878063095275,297.2246786928707,298.4861145019531,9297400
2020-05-15,301.56085104763144,302.5857541200476,296.9881732570078,297.6977233886719,9423100
2020-05-18,302.98000132265304,305.345184858536,300.4571533203125,300.4571533203125,9069800
2020-05-19,311.10051783531037,311.9677567180587,305.8971085987142,306.6066589355469,17513900
2020-05-20,300.5359848770301,315.2789471914436,300.5359848770301,314.56939697265625,25955800
2020-05-21,319.37857967888306,327.49903246205974,317.328749404911,318.0382995605469,23616100
2020-05-22,319.93049734930975,324.03015861511227,312.04655188422186,315.3578186035156,21355300
2020-05-25,323.24168654395856,323.87239240594346,318.905517578125,318.905517578125,13338400
2020-05-26,322.5322048764694,326.7895304979994,320.40353003575865,324.4243469238281,17040800
2020-05-27,325.291596171571,341.5325287150269,322.8475682543702,335.2253723144531,34332800
2020-05-28,330.73148142602315,336.48675145501113,329.07584822073255,333.4120178222656,27975200
2020-05-29,327.1837217185721,332.071777305553,326.31648294541213,326.6318359375,23633000
2020-06-01,328.05096058518274,330.0219468611573,322.532199012454,324.9762268066406,14292500
2020-06-02,327.57793238416605,333.4120471862498,326.78953784172523,330.5738220214844,17320200
2020-06-03,332.7024676085382,336.1713984777867,332.3082703720352,333.4120178222656,16510900
2020-06-04,335.0676362003296,336.56558082077686,327.5778890382046,328.8393249511719,17741900
2020-06-05,328.83932661558566,329.70656531388323,324.739665892664,328.44512939453125,14385200
2020-06-08,337.3540170625653,339.79804493556514,333.64857718017754,337.432861328125,20542700
2020-06-09,336.95978283612,337.3539800607902,331.2833572368025,335.7771911621094,13577400
2020-06-10,331.1256820071207,334.5946129114077,329.70658156533193,332.6236267089844,13912200
2020-06-11,324.7396695608144,326.7894999454294,320.0881471118078,321.19189453125,21275200
2020-06-12,309.6813794606077,317.40766073215633,308.2622788494523,315.83087158203125,17714600
2020-06-15,316.14616027345113,318.195990563511,309.83900495627506,310.15435791015625,12317100
2020-06-16,314.96359421197036,317.09226892822255,312.2042135367716,314.56939697265625,19399900
2020-06-17,315.5155130738268,316.146219098945,311.6523604753271,314.8059387207031,12221500
2020-06-18,308.4987909741779,311.88890211998347,307.0008460771444,311.1793518066406,14756700
2020-06-19,312.91373503912854,313.6232851927997,308.81409856242396,310.9427490234375,17492500
2020-06-22,309.0506591796875,311.6523515335189,307.4738701022401,309.0506591796875,9133500
2020-06-23,312.0465171527562,313.3867973566019,308.3410776325238,310.0755310058594,11424600
2020-06-24,305.1086385052046,308.02570746370577,302.2704138001553,306.92193603515625,18919900
2020-06-25,299.82639699886374,302.2704245837333,296.98819625244903,300.2994384765625,16103800
2020-06-26,304.47795170996994,304.95096914059684,300.3782908720129,301.5608825683594,12280000
2020-06-29,299.35340535201163,300.7725058473876,295.96329451989413,298.2496337890625,14894500
2020-06-30,305.10869027182696,306.92198810943387,300.61483172138577,301.1667175292969,15223200
2020-07-01,301.16669847907446,302.50697875071245,298.959203506849,301.6397399902344,9334300
2020-07-02,301.95511909982577,305.739403396702,300.6936829809028,303.45306396484375,12642400
2020-07-03,307.1584629459166,307.868013093694,301.48201364392156,304.24139404296875,9761800
2020-07-06,303.53184629455137,307.71032702218355,302.8222961411651,306.0547180175781,9507000
2020-07-07,304.5567321777344,305.6605035315777,303.21647619931764,304.5567321777344,11215000
2020-07-08,302.1916000097842,305.8182194951649,301.7974027626753,302.033935546875,10975200
2020-07-09,302.6646035691731,303.21648926988456,299.9052231853908,301.4031677246094,7986600
2020-07-10,298.2496457912117,298.3284900574368,294.22885287254496,295.4902648925781,14968500
2020-07-13,300.7724847706542,304.0837511076814,299.66873734494163,302.3492736816406,15301700
2020-07-14,300.22060068936014,303.5318670447128,300.06293623332255,301.955078125,7571500
2020-07-15,306.6065995723233,310.4697276003636,305.4240078866035,306.21240234375,12583900
2020-07-16,311.17930586453764,313.7021537239417,306.21240628465733,307.63153076171875,16756200
2020-07-17,310.6274677084241,312.7561427202311,308.89298999066335,310.78515625,13996400
2020-07-20,308.73524194520735,310.46969513361915,306.68541175900526,309.8389892578125,11048300
2020-07-21,307.31620229903956,308.81417127156624,304.08380372016046,308.1834411621094,13900300
2020-07-22,314.4905792196497,315.6731710372668,308.73530866453694,309.28717041015625,17641700
2020-07-27,304.55680145218406,309.9967430309943,303.2953894349622,309.6813659667969,14630800
2020-07-28,309.68131887883095,310.94275476413975,307.4738241244569,308.7352600097656,15695300
2020-07-29,307.55260757727063,308.5775104977799,304.3201862789117,304.4778747558594,9198100
2020-07-30,303.53192573311475,303.7684344928452,298.24967220678855,299.5111083984375,14028400
2020-07-31,294.85954717301024,295.726785947262,288.39470255756,289.49847412109375,22912600
2020-08-03,290.12913722018953,292.1789674581792,288.55234843094934,290.05029296875,12237300
2020-08-04,291.62714078267595,295.5691135536229,291.62714078267595,293.6769714355469,14636100
2020-08-05,293.44046318482526,301.9551147603776,293.36161891729574,299.74761962890625,18681000
2020-08-06,304.55674699088235,310.86390218870446,303.5318438951913,304.24139404296875,18067100
2020-08-07,300.69366241106763,306.84315404768336,300.69366241106763,304.3202819824219,14157500
2020-08-11,310.39089971795556,313.22910044550395,309.76016973192014,312.0465087890625,19768800
2020-08-12,314.569421103515,329.8642703502038,314.17522383396175,323.8724670410156,39424600
2020-08-13,330.73147457710775,331.0468275478017,323.55708020934514,324.66082763671875,22385500
2020-08-14,325.2915738420045,331.04684403850194,324.89737659402823,327.1837158203125,19002400
2020-08-17,329.5488751335007,331.44101697300715,327.8932420014742,328.8393249511719,11130600
2020-08-18,330.25847860467405,331.4410704526687,326.31650577802503,327.57794189453125,12535100
2020-08-19,326.552996709408,327.18370265683876,324.50316629042334,327.1048583984375,7818500
2020-08-20,323.241732250082,325.0550299046021,322.13798480559626,323.4782409667969,9798300
2020-08-21,319.29974783794864,322.2168168865966,317.09225303240726,319.1420593261719,14082900
2020-08-24,321.9802957071295,322.13798422458154,318.1960118871782,319.6151123046875,7367600
2020-08-25,326.94722709830256,327.8144418489946,324.109001927251,325.685791015625,15263600
2020-08-26,325.84342551932775,329.54888916015625,325.68576106092667,329.54888916015625,12857900
2020-08-27,330.33727713784293,330.33727713784293,325.52806614319,327.89324951171875,9080400
2020-08-28,327.9720556522397,330.96794461356995,323.55704239879,325.60687255859375,14423600
2020-08-31,329.7853888606366,332.9389666611108,327.183696799201,327.65673828125,19730000
2020-09-01,325.84341597429017,326.4741459690879,322.9263709504765,325.44921875,12240800
2020-09-02,325.76453691186646,326.0798898223366,320.7187941048041,324.0300598144531,9333900
2020-09-03,324.4243371517239,324.66084587806046,322.4533508992833,323.5570983886719,9800200
2020-09-04,320.4035048583727,323.9512799408446,320.088151885242,323.2417297363281,9274200
2020-09-07,321.5861295544768,322.8475656363408,320.3246934726128,321.8226623535156,10816900
2020-09-08,322.29567129549116,324.1089931338593,320.95541504267095,323.79364013671875,9453900
2020-09-09,320.4035207758439,320.7977180268132,315.9885067530099,320.3246765136719,19115500
2020-09-10,321.9013855639809,324.0300598144531,319.7727353733935,324.0300598144531,11116100
2020-09-11,319.2998005604489,324.1090122450663,318.5902502600709,323.32061767578125,13808700
2020-09-14,323.9513080248454,325.2915883517045,321.90147743195746,323.0052490234375,11969000
2020-09-15,321.58606521332024,321.74375371446337,318.7478406119555,319.3785705566406,15371800
2020-09-16,320.3247037917415,320.5612365984001,318.3537173690508,319.4574890136719,9524900
2020-09-17,319.5362889171637,319.85166597266726,316.30389063727364,317.09228515625,15861700
2020-09-18,315.51550713677426,316.0673688833951,313.5445207705023,315.3578186035156,20739700
2020-09-23,313.465642840929,316.77688514473766,310.706262224477,316.14617919921875,16461400
2020-09-24,313.70209380921267,315.04237377158347,311.4157551027141,312.12530517578125,17828400
2020-09-25,314.4116912326999,314.56937974374506,310.23321034878114,311.4158020019531,19329900
2020-09-28,312.4407175089353,313.0714475181881,307.15848901832265,312.5195617675781,20569400
2020-09-29,315.51989397327856,316.00643691646786,311.3843160760728,311.7897644042969,14682600
2020-09-30,309.4381654961953,310.33015675736465,303.76188896624745,304.08624267578125,21698300
2020-10-02,306.9244047174512,309.3570948473121,301.57248148243644,303.19427490234375,20503900
2020-10-05,307.41088264668673,310.24902053099373,305.2214520944391,306.0323486328125,10920600
2020-10-06,310.5734018454673,312.92499706677864,309.1948677088706,311.46539306640625,15205600
2020-10-07,309.76250063413147,313.4115353274655,308.70834495469734,312.1951904296875,10459700
2020-10-08,313.2493249188414,314.2224106698779,310.7355654307613,312.11407470703125,8751900
2020-10-09,315.60100517542276,316.8984200966469,311.546521680089,312.6006774902344,10872300
2020-10-12,311.3842985869048,313.2493508933423,309.8435999755084,312.8439025878906,6959300
2020-10-13,310.5734182110471,310.5734182110471,306.9243832712306,308.30291748046875,12196900
2020-10-14,304.73497001921703,305.78915057737925,302.62665839609946,304.6539001464844,12479700
2020-10-15,302.86992590037494,303.3564688832706,300.68049485064626,302.4644775390625,12769800
2020-10-16,302.46445881611595,304.0862521609745,300.0317687988281,300.0317687988281,11556700
2020-10-19,300.1129345057395,302.54562509927973,300.1129345057395,302.05908203125,9414300
2020-10-20,300.03176998461424,300.03176998461424,296.46382956114473,298.1667175292969,15634000
2020-10-21,302.14016111350094,307.16770656671196,302.14016111350094,303.35650634765625,17912900
2020-10-22,299.7074316735267,300.8426821284642,297.27474152154446,298.247802734375,15347300
2020-10-23,302.95100064554447,303.59970808244145,297.4368884455104,297.9234313964844,13552800
2020-10-26,295.97723870803685,297.43684258932745,293.6256436785804,296.6259460449219,14390100
2020-10-27,293.95006724766324,296.382757459368,292.65262751876645,295.1664123535156,13169000
2020-10-28,292.16606374376016,292.490442212863,289.24685549465704,291.1119079589844,16215500
2020-10-29,288.1927103524542,289.57124477561257,286.48982216696606,287.7872619628906,14377300
2020-10-30,289.5711819241995,290.0577248353928,282.9218198799586,284.30035400390625,21514000
2020-11-02,286.65199389545137,290.5442882986432,285.1923896809055,287.462890625,14268700
2020-11-04,295.16635320562904,297.43685371626333,289.4900771824439,290.2198791503906,24240700
2020-11-05,290.21992014204795,292.73370482811976,286.8141688950566,292.2471618652344,18457600
2020-11-06,290.62536608748917,295.4907461829715,290.219917746199,294.5987548828125,13016600
2020-11-09,295.1663736083649,295.73401114855994,291.8416924727965,294.76092529296875,11030800
2020-11-10,302.46448228828194,304.24846500470983,299.2208953468526,301.73468017578125,24767000
2020-11-11,306.27566646154224,310.4923140814849,303.51859812755526,305.78912353515625,30523400
2020-11-12,309.27600991596256,310.0869066513199,300.03179208220996,301.73468017578125,26101900
2020-11-13,299.1398061361562,299.1398061361562,293.22026975959085,295.81512451171875,24212500
2020-11-16,299.86956076307007,302.3022506278216,297.2747064219623,300.1939392089844,17451400
2020-11-17,305.1404160996232,305.9513127937456,301.00486275688144,303.0321044921875,19575200
2020-11-18,302.2212359860884,303.8430295255971,300.0318048091095,302.7888488769531,16218000
2020-11-19,301.4913750999526,304.89715104752884,300.51831393393275,304.2484436035156,20429000
2020-11-20,301.6535352283723,303.7618713378906,300.35609571893013,303.7618713378906,17626300
2020-11-24,309.6003109853187,313.3304402826383,304.8971206190899,305.6269226074219,28652200
2020-11-25,311.70867221284476,312.4384742600018,305.7080418577947,306.8432922363281,27965700
2020-11-26,305.7080196636623,307.5730719539516,304.32948553842203,307.24871826171875,13147500
2020-11-27,305.7080465354667,307.00548616504386,303.2753565099855,306.1134948730469,17216000
2020-11-30,304.24843548103706,304.5727891943845,290.7064514160156,290.7064514160156,46297100
2020-12-01,293.0580137073807,294.9230906552584,289.32788455822464,291.67950439453125,15604800
2020-12-02,291.3551179551326,294.7608933338328,290.3009623480389,292.6525573730469,14909100
2020-12-03,295.2475025672543,295.5718563079834,291.1119243197971,291.9228210449219,17829500
2020-12-04,291.8417017860325,292.24715011436723,289.81446014435875,290.7064514160156,14297500
2020-12-07,294.1122533491015,294.43660709120655,291.0308309325926,291.436279296875,15833000
2020-12-08,290.30097703612483,290.5442361126548,285.92214043238596,287.3817443847656,20961300
2020-12-09,285.03019475716985,286.6519881839532,283.8138496870824,286.0843505859375,20538500
2020-12-10,286.3276132242536,289.6522944520425,286.3276132242536,287.2196044921875,15774100
2020-12-11,286.8141503158613,286.9763147952497,283.81382286125887,285.841064453125,31176300
2020-12-14,285.59780662864097,291.51734220452903,284.5436261482297,289.3279113769531,18180400
2020-12-15,287.5439709683771,290.86865234375,286.2465313162068,290.86865234375,16205200
2020-12-16,293.62571350209015,296.4638520824124,292.8959113878996,295.1664123535156,25802800
2020-12-17,295.1663736413353,298.0045118494251,293.7878394701941,297.3558044433594,20452500
2020-12-18,297.5180190308461,302.3833996355913,297.5180190308461,300.6805114746094,28234900
2020-12-21,301.65356455864276,301.81575379306804,294.355494448353,297.68017578125,24205800
2020-12-22,292.7337108160547,293.8689612549403,288.4359681736294,289.6523132324219,28451900
2020-12-23,289.1657468968448,291.1118938843558,287.05741068262387,289.3279113769531,16389700
2020-12-24,292.32827408034075,295.166412663645,291.4362827191242,292.571533203125,15513500
2020-12-25,295.16636535812677,295.89616735612066,293.86892583580385,294.35546875,9696400
2020-12-28,295.9772902175022,297.35582448153997,295.1663935319748,296.70709228515625,12864800
2020-12-29,295.9772703682678,300.19394274886724,294.92311464641864,298.73431396484375,17725800
2020-12-30,298.73434669672935,301.73467445935137,296.544940400706,300.35614013671875,11961700
2021-01-04,301.65355980914575,302.46445647529936,294.6798435309041,298.40997314453125,13833200
2021-01-05,295.0853346800154,301.41034444171584,294.1933432685006,299.46417236328125,15730700
2021-01-06,305.6269782205768,312.9250489250848,303.4375718571872,311.5465393066406,32494600
2021-01-07,315.4388038568746,326.46700349116554,315.2766146246311,325.57501220703125,46024700
2021-01-08,325.8993611939703,329.1429478189346,324.0343087832566,328.8996887207031,32191200
2021-01-12,333.44071844536427,342.19839252606334,330.44039088713464,337.9817199707031,39139100
2021-01-13,343.33369690164454,354.11863908692015,342.1984463417751,349.7397766113281,44389200
2021-01-14,348.6855468088036,350.9560474475229,343.8201670858901,346.0906677246094,28183000
2021-01-15,349.73974516456053,353.5509696442293,345.68526156772305,346.2528991699219,20927100
2021-01-18,338.4682699209542,342.11730498783544,334.5759757482553,338.87371826171875,23562400
2021-01-19,339.3602247107771,343.09035399383566,337.81952613094427,338.7115173339844,14387400
2021-01-20,339.44134640364433,343.98237264332363,339.1980625579853,342.9281921386719,16689200
2021-01-21,345.3608669451484,350.87497883204395,344.8743240218045,348.1990051269531,19890200
2021-01-22,346.49613473043445,354.7672906043072,345.19871986493484,351.1182556152344,21353500
2021-01-25,355.98365571293067,359.3894317937915,350.8750163382431,353.0644226074219,17763800
2021-01-26,351.848039820829,352.0913236557245,343.5769091130037,346.82049560546875,21926600
2021-01-27,348.76669787921173,350.71284513410313,346.9016205022119,348.0368957519531,14937000
2021-01-28,339.765689738573,348.44229362337757,338.954793104352,347.4692077636719,18189400
2021-01-29,346.00962486578055,347.30703976253955,342.0362113179968,343.5769348144531,19982800
2021-02-01,337.33304606930477,342.5227802902808,331.0080613541472,341.7118835449219,16801800
2021-02-02,344.3067227684382,348.60446511765736,342.9281885638801,344.3878173828125,13905400
2021-02-03,348.68555973203166,349.57755099694566,344.06343892531515,344.3878173828125,16898700
2021-02-04,348.19904609732146,350.95608999187255,347.06379564034205,348.8477783203125,16663800
2021-02-05,350.7128154750239,352.4967980766594,347.5503233599454,351.5237121582031,15351700
2021-02-08,356.0647289617337,364.33586005985893,356.0647289617337,359.55157470703125,26040500
2021-02-09,364.9035011923674,366.11984619634194,358.2541386053321,360.68682861328125,22751200
2021-02-10,363.2006902399719,374.2288922300936,347.06384804871084,354.52410888671875,54424300
2021-02-12,360.03815389703846,362.9573871212002,357.2811099201208,360.9301452636719,25327300
2021-02-15,372.03941023646763,376.5804368788064,365.6333310117097,368.22821044921875,20537500
2021-02-16,372.20161852757894,374.4721195916321,366.0387981080844,368.0660400390625,19874100
2021-02-17,376.98583530841825,385.90569816674287,372.2015501791825,382.9053955078125,43304200
2021-02-18,388.9060350649083,389.23038877289866,373.98554177793415,376.25604248046875,30146500
2021-02-19,372.6881341406284,375.7695317505312,364.9846153692676,369.2012634277344,26557100
2021-02-22,375.6073585631956,377.79676478905554,374.22882428474054,375.36407470703125,20942600
2021-02-24,381.93235446245245,383.39195865729795,376.0128183152853,379.4996643066406,24657900
2021-02-25,387.0410030939205,388.25734820074814,383.2298032738232,383.3919677734375,18899000
2021-02-26,380.3105339342801,384.60827633809487,377.63458485214676,379.2563781738281,26386100
2021-03-01,381.1214732214619,388.2573547363281,381.1214732214619,388.2573547363281,22715800
2021-03-02,387.93298244088817,392.63619822292907,382.0134463362928,384.4461364746094,23861600
2021-03-03,386.3922564801735,392.1496276855469,385.41917059459416,392.1496276855469,22386700
2021-03-04,396.52845046211837,399.36658865561003,388.82493250835535,392.96051025390625,21830100
2021-03-05,403.1778579731171,403.42111708980605,393.77145109768225,398.7179260253906,33856500
2021-03-08,405.85378083512995,413.5572991526799,405.85378083512995,409.90826416015625,36270700
2021-03-09,410.23258270811533,416.80085008088906,407.96208213938866,410.6380310058594,29851600
2021-03-10,402.52909029923524,406.17812520781405,394.66340767759317,400.8262023925781,34050000
2021-03-11,405.44831717577574,408.6108091004265,400.5829373696664,400.6640319824219,20100800
2021-03-12,406.98901834051816,409.09735455214883,401.5560257048331,408.8540954589844,28706200
2021-03-15,408.6108186580056,414.0438361338821,407.39447367802745,413.719482421875,23292500
2021-03-16,410.31371721469924,411.1246138890366,407.1512251341041,410.5569763183594,20269400
2021-03-17,409.3405865535822,410.39476696292866,405.4482928409491,407.3944396972656,22556200
2021-03-18,407.79997324123275,411.85445701723745,407.4756194884734,411.20574951171875,19938200
2021-03-19,405.44836458173114,414.1249694824219,404.1509248657487,414.1249694824219,40591800
2021-03-22,415.58452894588294,420.28771956994694,414.9358215310471,417.53070068359375,23400300
2021-03-23,421.3418500309836,421.3418500309836,410.3947707693436,411.12457275390625,26367000
2021-03-24,403.0156709645124,403.34002470409666,394.50125538075514,400.3397216796875,34940100
2021-03-25,405.36724255192087,411.0435192722823,401.47494841374265,410.5569763183594,28259100
2021-03-26,413.31402010043377,418.17939985560497,412.1787450269462,417.125244140625,25433200
2021-03-29,421.5851377610515,422.0716558956405,413.800501155242,417.6117248535156,25407700
2021-03-30,418.85469719381894,425.40061674629357,416.78321006625305,422.5833740234375,22955300
2021-03-31,420.0147422396532,421.3404991132806,413.80028060081423,415.6231994628906,21410000
2021-04-01,416.94889963901056,419.84898134277677,407.08860161684095,408.994384765625,22886800
2021-04-02,413.7173778192891,414.7117017042918,400.29415709199344,404.6856994628906,18337900
2021-04-05,406.84000692545095,413.8001975059386,404.43708729830337,410.4029541015625,12593400
2021-04-06,405.1000266819467,406.3429189863217,396.8969425304135,401.5370788574219,20972300
2021-04-07,402.44850865169474,404.85142853929335,398.7198320129948,404.6856994628906,14428300
2021-04-08,405.84574115195124,405.84574115195124,397.97409019843343,399.9627380371094,13332300
2021-04-09,400.87412840923633,400.87412840923633,396.3997218336109,396.6483154296875,12273200
2021-04-12,395.9026028141634,398.6369809469774,392.17392604945053,393.83111572265625,13595700
2021-04-13,391.8425226554202,394.9911984434504,390.43392649923345,391.67681884765625,13937500
2021-04-14,391.67672330500466,391.67672330500466,385.0479657303853,387.7823181152344,18208100
2021-04-15,394.41110612999313,399.1341063811059,392.50534829488754,396.81402587890625,20011800
2021-04-16,399.38267847801546,401.2055970836762,396.23402847191664,399.714111328125,17085100
2021-04-19,398.7197996121173,399.38266529044864,396.1511508568503,397.39404296875,7668700
2021-04-20,397.64269682059586,398.47129174011644,391.2625311123133,395.2397766113281,16701000
2021-04-21,388.6109647210269,388.85953304859646,382.5622327409047,387.3680725097656,18218600
2021-04-22,389.4395008021848,391.09669016730044,383.1421761574046,385.6279602050781,14691300
2021-04-23,381.40217247123707,382.8107937316855,379.4964145651774,382.0650634765625,14503300
2021-04-26,382.56220409211534,385.1308275736677,381.6507448147718,382.97650146484375,12037200
2021-04-27,379.57928843380523,382.5622348143408,377.92209880980846,381.48504638671875,13113400
2021-04-28,379.7449354795838,385.6279628230236,378.5020434473093,385.37939453125,18350100
2021-04-30,390.9309744878018,393.2510548503433,388.0308929996528,390.433837890625,17666800
2021-05-06,400.2112834102278,407.66863651725066,399.79698601539314,404.2713928222656,29072200
2021-05-07,403.5256715579043,406.75718625225863,400.0455632490877,406.17718505859375,12481700
2021-05-10,414.29738011853453,424.4062463081089,414.21451558516975,420.5118408203125,33536300
2021-05-11,416.9489192792592,422.4176248060268,410.9830265215221,413.9659729003906,20822100
2021-05-12,410.1543958416571,412.6401800588793,389.6880956718461,391.75958251953125,40244000
2021-05-13,388.61100701204253,391.17965625219324,382.3965452794406,382.8937072753906,27983800
2021-05-14,386.8708789000146,387.86520270231443,382.8936342642246,383.72222900390625,18935100
2021-05-17,387.5338223031661,387.8652551865459,380.73933440369444,382.8108215332031,16209000
2021-05-18,384.5508623926526,396.482622785922,384.1365649811731,392.67108154296875,27269000
2021-05-19,389.60530704498956,391.42820053576077,386.95379342078496,388.69384765625,22678900
2021-05-20,385.7108783212517,386.45660858182475,379.57928187574174,380.8221740722656,20257800
2021-05-21,380.73932084933864,381.65078021121604,373.77912939931457,375.8506164550781,25707100
2021-05-24,377.922064779233,382.5622003659372,377.01060551076716,378.0877685546875,16489600
2021-05-25,380.4907533469769,381.81648483619045,378.66783461924723,379.4964294433594,14411300
2021-05-26,375.3534881781777,376.84494887744694,371.87337949760354,373.6134338378906,24403500
2021-05-27,372.4533839909669,374.11057368614365,369.2218691427139,370.8790588378906,23623400
2021-05-28,374.6077003430125,379.8278372761067,374.6077003430125,377.0106201171875,18212800
2021-05-31,374.60774557632266,376.4306391172852,371.79052807722877,374.9391784667969,12872200
2021-06-01,377.42490287946026,378.33636214792614,373.7790910923015,378.0877685546875,11361100
2021-06-02,389.02527057525566,389.77100086086995,382.97653846374186,384.1365661621094,16609100
2021-06-03,385.4623053659121,388.19665805073316,384.21941318431954,386.9537658691406,10875900
2021-06-04,387.119511316606,393.58254081959217,387.03664677698674,393.1682434082031,17848300
2021-06-07,396.7311883507483,398.47124252416614,391.4281865781424,393.41680908203125,11962000
2021-06-08,389.02529973704463,392.4225438336237,386.9538125179975,392.1739501953125,10007200
2021-06-09,387.782324775522,390.8481353211211,386.3737036520405,388.4451904296875,12609800
2021-06-10,388.85953603744315,389.0252651149012,384.4679936385818,385.130859375,13344900
2021-06-11,385.29658533898345,390.0195858545956,383.2250983210319,388.3623962402344,18231200
2021-06-14,389.4395474461379,389.9367093725593,386.12516831893674,388.1966552734375,9730500
2021-06-15,386.5394695100995,391.3453091771074,386.290901187798,390.1024169921875,12448900
2021-06-16,391.5939395277317,396.7312125353858,390.3510472261964,392.75396728515625,17541100
2021-06-17,393.7482485426908,398.1397907505431,393.7482485426908,394.0796813964844,17590900
2021-06-18,389.27383890822466,390.35102735340735,380.49075398722266,384.1365661621094,32068300
2021-06-21,374.9391517186671,377.59066522671947,372.7019356158288,376.84490966796875,20905400
2021-06-22,386.1251525878906,388.6109368320187,382.6450445314294,386.1251525878906,17516700
2021-06-23,384.63371705380274,388.1966645863373,383.8051222521243,388.1138000488281,10772600
2021-06-24,388.196704062655,390.18532673156795,384.7165954270254,389.5224609375,11987300
2021-06-25,392.6710483004689,394.6596706498777,391.676749769117,393.9139404296875,13680200
2021-06-28,395.3225735632394,397.1454669024567,392.25676277056124,394.0796813964844,8985500
2021-06-29,387.4509611361898,392.1739366605921,380.40790483449985,386.20806884765625,19065000
2021-06-30,387.78239423893234,388.1966916686748,384.6337438875731,385.2137451171875,8779300
2021-07-01,390.8481957837309,391.511061540439,384.7165737439959,385.79376220703125,8072100
2021-07-02,385.79371428259293,389.9366879641356,385.37941691443865,389.6052551269531,12416700
2021-07-05,388.11375756524905,389.68808245876846,386.87086549878046,389.43951416015625,6707000
2021-07-06,394.4111181428637,400.79130810985714,392.75392857083483,395.48828125,19953300
2021-07-07,389.4395595285344,393.6653981041641,384.88228808724307,387.3680725097656,20460800
2021-07-08,384.55082642387083,386.45658422373964,382.97650146484375,382.97650146484375,14990800
2021-07-09,381.31936455647985,385.0480414252067,378.75071543401526,384.7165832519531,19154100
2021-07-12,389.43955392057154,392.17390663128873,388.7766881987936,389.8538513183594,15065300
2021-07-13,391.2624523492663,395.7368589566156,389.68810208973343,394.4111022949219,17070500
2021-07-14,395.15680860573843,397.31115988980173,394.5768074859506,395.57110595703125,11622900
2021-07-15,392.3395996331179,395.40541020955783,390.26811283463263,391.8424377441406,14607900
2021-07-16,390.2681048447453,390.5995376683768,386.9537260350235,387.53375244140625,13104800
2021-07-19,383.3079530081361,384.21941232995175,380.40787125753565,382.3136291503906,14246400
2021-07-20,373.6963105475304,376.1820953183566,370.7962283148999,372.78485107421875,25802300
2021-07-21,381.1536118983865,381.1536118983865,372.86766381363896,373.1990966796875,13977600
2021-07-26,379.827839939944,381.48502949054296,375.43629774553904,376.7620544433594,11365000
2021-07-27,380.40788316682443,383.970830742995,379.41355927795,381.9822082519531,13098400
2021-07-28,382.4793739488031,384.38513192001784,382.3965094094661,383.8879699707031,9492700
2021-07-29,383.9708158846044,386.29089643996303,381.9821934705156,384.0536804199219,11418900
2021-07-30,381.9822416917803,384.7165946954977,380.57362027367793,380.7393493652344,12781200
2021-08-02,382.9764881120736,390.10238244518894,382.8107590540785,389.1909484863281,15228800
2021-08-03,382.64506200740374,385.3794399728507,378.6678171498341,382.3136291503906,16714300
2021-08-04,382.47935276284426,386.2908937808555,382.14791991056194,384.30224609375,12862200
2021-08-05,380.32500659531956,384.13654766647005,379.7449801307096,383.3079528808594,9226400
2021-08-06,382.6450602416268,388.2795199316732,381.15359974859734,387.20233154296875,14467400
2021-08-10,387.7823569288532,389.5224110236956,383.5565184947232,384.0536804199219,14986300
2021-08-11,390.2681460648593,393.49966068830986,389.10811841627526,390.1024169921875,18404600
2021-08-12,393.58251947244116,396.48260119486963,392.58819562435474,394.0796813964844,14488000
2021-08-13,395.7369152776286,398.9684302158043,377.83926101434423,379.0821533203125,48559800
2021-08-16,377.6735150153424,377.6735150153424,367.2332403420355,368.7247009277344,41158400
2021-08-17,366.0731924069487,367.56467829997604,362.095947265625,362.095947265625,32429700
2021-08-18,361.93015714420636,364.7473993714636,357.95291267362535,363.0902099609375,21461200
2021-08-19,357.87011326684774,359.44443843598435,350.32989501953125,350.32989501953125,32765900
2021-08-20,345.4411621744468,347.4297846089652,341.13248444744124,344.9440002441406,32513700
2021-08-23,349.50133046041145,353.81003420001383,348.1755988051896,350.82708740234375,17489800
2021-08-24,352.8156448596828,353.56140038608106,348.83840005685227,349.4184265136719,19440400
2021-08-25,352.5671018698999,354.8043180364013,350.16418190862163,350.4127502441406,13668200
2021-08-26,354.6385177720523,354.6385177720523,350.49554443359375,350.49554443359375,12855500
2021-08-27,347.5126250020733,348.4240842631943,344.115381548825,347.09832763671875,24352000
2021-08-30,352.9813696358017,355.6328829965744,352.06991033761693,354.05853271484375,16795000
2021-08-31,351.2413815980754,355.135787837507,350.24708286591067,353.0643005371094,23003800
2021-09-01,355.467197025718,359.4444422623713,353.89287183982225,358.3672790527344,16815100
2021-09-02,359.4444360019141,360.2730308523442,355.4671908345326,356.2129211425781,13269900
2021-09-03,360.43873910819195,364.4159840457376,359.19584690437057,361.7644958496094,18935800
2021-09-06,366.9846247462945,367.067489282029,363.67024561056513,364.0016784667969,17128400
2021-09-07,368.7246398727536,371.0446949078334,366.57028860492045,369.7189636230469,22576400
2021-09-08,370.3818766102513,374.4419860839844,368.4761186797358,374.4419860839844,21037000
2021-09-09,373.19910207932855,374.6905879281868,371.37620864633357,372.2048034667969,16681000
2021-09-10,371.2104770803656,372.70193763252354,369.9675848579983,371.45904541015625,18713100
2021-09-13,372.2876172089067,377.2591857910156,371.8733198270643,377.2591857910156,16354900
2021-09-14,380.49074770534844,383.0593713926446,379.579288354998,381.9822082519531,21306500
2021-09-15,380.5735859999998,381.15361248150225,377.42493583766145,378.83355712890625,17569200
2021-09-16,383.556515741865,388.61094891948085,382.3964881158644,385.29656982421875,24979900
2021-09-17,385.13086850664297,387.2852201311434,383.39083958561145,386.0423278808594,27085000
2021-09-21,376.59631452990226,382.0650449467534,374.9391250270204,381.2364501953125,20654200
2021-09-22,380.3250551060092,380.90508164460186,377.0935400872869,378.50213623046875,14880400
2021-09-24,386.78805443170546,387.86524287688815,383.14224225681875,384.1365661621094,21898200
2021-09-27,385.2137271522466,390.7653225665729,385.0480233601024,390.01959228515625,24872600
2021-09-28,393.5825010245049,394.328231232263,388.03090615853,392.2567443847656,28863500
2021-09-29,389.45733106023914,394.2078503414445,388.1848719253581,392.8505554199219,19981800
2021-09-30,391.91750186141167,393.61411442358224,386.40351103435717,386.7428283691406,19021100
2021-10-01,381.65294029511847,384.7916834760446,379.1928575824127,381.1439514160156,20644200
2021-10-04,387.4214143532041,387.5910600438146,379.1928346552736,380.1259765625,14223800
2021-10-05,386.91246955879154,392.2567883541185,383.604080500339,387.8456115722656,26106800
2021-10-06,392.3416049995436,396.5831358644035,390.4753210637053,395.6499938964844,25370300
2021-10-07,385.9793379202711,387.84562199738417,378.5990633014399,382.2467956542969,27436100
2021-10-08,389.62697247446613,390.47527855508827,380.63494873046875,380.63494873046875,23149400
2021-10-11,385.9793563560316,389.7967346057066,384.7917327448944,387.9304504394531,18107400
2021-10-12,391.91745619990473,395.48035252065847,391.153985813529,393.44439697265625,20559100
2021-10-13,393.27475718675703,393.69891028426474,388.77871882022544,391.15399169921875,14760000
2021-10-14,388.52422620319265,389.5422039633918,383.85854226407133,387.16693115234375,15415900
2021-10-15,390.7298447965345,392.7657745191998,389.28771388684396,392.6809387207031,12694600
2021-10-18,394.3775309790608,402.9454284242581,393.4443890197968,402.7757568359375,27245900
2021-10-19,399.55220423332054,399.63704002758055,392.9354264930368,394.2078857421875,17183800
2021-10-20,398.4494120797918,399.38252814138076,393.78372821884926,395.3106689453125,14784500
2021-10-21,398.0252851216218,401.16400257382753,394.29271707732136,395.05621337890625,17898500
2021-10-22,392.3416124944682,396.4134718472187,390.3056828180929,394.6320495605469,14861800
2021-10-25,396.41346106344895,398.27974498416984,394.1230499479275,394.2078857421875,11654400
2021-10-26,395.31065992727014,398.619048684634,393.61404765290416,396.1589660644531,10803900
2021-10-27,397.7707947296238,399.8915603507972,397.09216008614925,399.4674072265625,13079300
2021-10-28,395.3106358038892,395.73478884659727,388.6938586929428,390.47528076171875,16456700
2021-10-29,390.2208480606431,391.9174604435155,386.3186344023866,389.88153076171875,12340300
2021-11-01,390.81463362814253,394.9713283724311,388.6938683618475,393.18988037109375,11548700
2021-11-02,393.61411441617605,396.58318639991876,390.30572509765625,390.30572509765625,11955600
2021-11-04,384.28267676254796,394.3775145285502,383.6888521164455,393.6140441894531,16741100
2021-11-05,391.4932951787396,391.9174482612734,388.5242236010027,390.6449890136719,9961400
2021-11-08,394.12307136783113,397.7707777250098,393.35960095449735,395.05621337890625,14536200
2021-11-09,396.9224220621234,397.68589238034,393.1050445827924,393.18988037109375,9809000
2021-11-10,395.31069169541945,400.0612116230575,393.3595977784034,393.8685607910156,11986300
2021-11-11,391.9174365072311,401.24880404311756,382.16191590153164,384.1978454589844,38822700
2021-11-12,387.76077532984556,393.95340033247777,381.8226318359375,381.8226318359375,31343200
2021-11-15,382.5861161168266,386.3186584134867,381.31365675058436,384.7917175292969,15394800
2021-11-16,385.8944928274909,386.4034817351985,381.9074691416592,381.9922790527344,11767700
2021-11-17,383.94338801772943,385.4703288093849,379.70185705396364,380.2108459472656,14720200
2021-11-18,374.9513405799708,375.799646780378,365.9592896780046,367.0621032714844,25941500
2021-11-19,368.24970556680165,370.54011664304517,366.892410546667,368.6738586425781,16260900
2021-11-22,363.4143891518262,366.7227783203125,362.1419297879275,366.7227783203125,17187400
2021-11-24,373.509191432696,376.6479345761302,369.1828507326238,370.115966796875,19902100
2021-11-25,370.20079244086946,375.71478232290514,369.691803581801,373.25469970703125,10733700
2021-11-26,371.4733139426306,372.8306091650231,367.3166183582594,369.6070556640625,12950000
2021-11-29,360.784629814868,364.68684365647977,357.8155580053322,360.4453125,20097500
2021-11-30,364.8565446428118,368.41941556824986,358.83356473788217,359.1728820800781,26161700
2021-12-01,358.15486801812307,363.414350631809,356.4582557127568,361.4632568359375,12849300
2021-12-02,360.6149487774438,361.2087475482342,357.81552295543446,359.0879821777344,14527000
2021-12-03,360.6149903067483,363.5840621673737,359.5121766541362,363.0750732421875,18584500
2021-12-06,364.94133907645767,368.75871699195096,363.41437237730986,364.77166748046875,11510900
2021-12-07,369.01317206886506,373.5091842698068,368.5890189975215,373.33953857421875,15126400
2021-12-08,375.79965491286777,376.4782895325792,371.30364230871413,372.32159423828125,13478600
2021-12-09,371.04914390808506,372.15195755217354,369.0132141113281,369.0132141113281,10545400
2021-12-10,367.5710584637504,369.26767082848176,365.1958115084265,365.6199645996094,13918200
2021-12-13,370.03117940983805,371.6429560322878,364.7716705489481,364.85650634765625,10974300
2021-12-14,361.5481278265827,365.4503157982147,361.37845622422833,364.1778564453125,9931100
2021-12-15,365.1109513827872,366.977235214929,364.43231683741664,365.78961181640625,13722100
2021-12-16,366.892410546667,369.7766462842973,366.4682574708905,368.6738586425781,11721500
2021-12-17,371.5580808752852,372.23671541656176,368.4193378733225,370.62493896484375,18183100
2021-12-20,364.7716376930638,365.61994382723367,359.6818008880443,360.0211181640625,19114200
2021-12-21,361.3784183299008,365.19579598831524,358.9183356832391,363.8385009765625,13395800
2021-12-22,364.7716536753747,365.8744413428143,363.15987712748233,364.2626647949219,6708400
2021-12-23,365.53507150866494,368.1648254394531,365.2805900491435,368.1648254394531,9706500
2021-12-24,370.70980633896744,371.3036310293644,365.11098028754805,365.87445068359375,7849100
2021-12-27,364.85648947015846,365.19580676104374,361.8874178704752,364.2626647949219,10064500
2021-12-28,367.3165813387857,367.91040602881367,362.481225686416,363.41436767578125,11772500
2021-12-29,364.0081637744979,366.3834105715434,363.92332798426446,365.78961181640625,9860800
2021-12-30,364.77167205552877,366.38344868463554,362.1419176142224,365.0261535644531,9014800
2022-01-04,369.606956078731,369.86143753825246,367.3165193900535,368.1648254394531,9774500
2022-01-05,371.55809980711786,375.20580595677376,370.20080476715884,374.9513244628906,14217300
2022-01-06,375.8845000875794,377.0721236458213,371.5581330863211,375.03619384765625,14531500
2022-01-07,379.78669285088904,381.9922682414468,376.9872668818533,380.2108459472656,16232600
2022-01-11,378.3445620564587,381.73778682826554,375.9693150714942,381.568115234375,15324300
2022-01-12,384.1979004441497,388.6091033568218,383.858583117387,387.59112548828125,23213900
2022-01-13,392.17194194564615,394.12306171889963,388.2697541756401,389.88153076171875,20870300
2022-01-14,387.50619416387997,390.1359481024956,383.77365271306076,389.796630859375,16606800
2022-01-17,392.34161662832884,392.85060552484816,388.77872024094427,389.96636962890625,10233300
2022-01-18,390.30564172962147,394.46233644135395,389.62698131677377,393.10504150390625,15420800
2022-01-19,393.3595790971884,395.3106729215442,388.60905939515936,390.6449890136719,19645300
2022-01-20,389.71185902891216,390.4753294232819,385.1310107744433,388.7787170410156,17371200
2022-01-21,377.3266174766898,383.26476134994505,374.95137028268886,381.6529846191406,20750900
2022-01-24,382.6709049677894,387.2517529465722,379.7866692691668,385.3006591796875,14742800
2022-01-25,383.0950729876267,384.11302486249775,379.1080236183611,383.51922607421875,18053500
2022-01-26,385.9792943036718,386.82760044499855,379.2776809648403,379.44732666015625,16184300
2022-01-27,380.12604672181,383.68891754120244,377.49629209361956,378.1749267578125,21082200
2022-01-28,381.73772363337355,385.5551008697073,381.48324217291645,385.0461120605469,16304800
2022-01-31,384.7916597827342,386.74275349619967,383.0950475490257,386.2337646484375,17219300
2022-02-01,383.51921992706104,385.3006680398442,379.871487907886,383.34954833984375,16934100
2022-02-02,384.9613408101753,391.7477903679624,384.70685930705844,390.0511779785156,18668500
2022-02-03,389.7118458544069,393.2747420920198,389.3725285670746,392.9354248046875,12946700
2022-02-04,393.69889808314537,394.2926968683033,390.56015490356117,391.9174499511719,13122000
2022-02-07,392.3415962262122,397.9404220202793,391.57812586525966,397.6011047363281,17534700
2022-02-08,397.1769514714557,397.77075024602703,393.7837268570502,396.498291015625,12060800
2022-02-09,390.2208342375579,392.2567638472343,385.3006688568189,389.3725280761719,23468400
2022-02-10,391.74776280705487,393.2747293830796,386.9972691614192,390.135986328125,23171800
2022-02-14,394.5472069445372,402.2667983102729,389.3725341023462,401.6729736328125,31540300
2022-02-15,395.7348478809767,401.50331976702813,392.5112946308158,393.9533996582031,20095500
2022-02-16,391.06915590206705,393.0202497953021,388.6939089113244,391.15399169921875,15054900
2022-02-17,387.675917435935,391.83261246711675,384.7916816523548,390.6449890136719,17295000
2022-02-18,387.93043661045425,388.69393294377454,383.2647522493966,383.6040954589844,19714900
2022-02-21,385.64003597870783,387.1669769112243,383.85858763193664,385.3855285644531,9825200
2022-02-22,387.4214565546013,388.9483973776647,380.71981678340387,383.01025390625,15624800
2022-02-24,377.49628165820286,385.300709521943,376.90245692725983,384.8765563964844,19314000
2022-02-25,378.85352155617016,383.09505219184547,377.9203796386719,377.9203796386719,16894700
2022-02-28,378.00523908366205,386.82761818029957,378.00523908366205,384.9613342285156,27894300
2022-03-01,388.9483823744909,390.0511700499146,386.14898234410754,387.25177001953125,13825500
2022-03-02,390.22087246927134,395.05622841821315,384.6220460779314,389.7118835449219,22427500
2022-03-03,394.12304751294016,401.92744865989715,392.4264351912213,399.043212890625,26613300
2022-03-04,397.0072815892571,398.619058110367,391.57812736055814,397.770751953125,16663200
2022-03-07,402.7757643842518,403.62407056525336,396.07415073198933,401.7578125,30359900
2022-03-08,401.24882917224375,401.50331067476947,379.0231965668108,380.2108459472656,37163700
2022-03-09,377.4962766749126,384.7068797125233,372.40643923659917,372.57611083984375,29574400
2022-03-10,364.7716126428873,379.53213318613615,364.517131175412,378.2596740722656,24549600
2022-03-11,375.96929577837864,388.8635337166178,375.96929577837864,383.0950622558594,22024800
2022-03-14,385.97935330946115,390.6450378000151,382.8406097514237,385.3855285644531,15571600
2022-03-15,383.858576772894,384.2827298964,377.49627992030463,377.58111572265625,22187800
2022-03-16,379.78668196010824,382.5860819606177,378.0052338287614,378.6838684082031,18766100
2022-03-17,377.83558084636695,385.0461836330848,376.9024388374944,383.01025390625,18022800
2022-03-18,385.1310107744433,390.0511763277153,384.70685767887676,388.7787170410156,24834400
2022-03-22,398.6190719356873,400.8246731986634,395.5651644860475,398.2797546386719,27083400
2022-03-23,400.57021037146603,402.60614013671875,397.17698546662774,402.60614013671875,22634500
2022-03-24,401.24881747606474,402.09712364409023,397.34660392549745,401.588134765625,14155500
2022-03-25,402.097116310065,404.3875532772575,398.7038916998535,403.7088928222656,16166000
2022-03-28,410.49536481092167,418.38462800019306,409.5622228137067,415.5003662109375,34266000
2022-03-29,409.64702870723085,410.1560175674876,404.0482030209039,406.9324645996094,29660600
2022-03-30,401.4627244833027,404.24102386905525,398.1635171465698,401.2022705078125,22435600
2022-03-31,401.80996982244505,402.50455785549843,397.6425476074219,397.6425476074219,17795500
2022-04-01,394.16971409862094,394.9511025058186,390.0022915963492,391.9991760253906,17332500
2022-04-04,392.4332257834441,399.7262273351224,390.783622390156,397.12158203125,13936500
2022-04-05,400.2471824231051,402.24406666115993,396.16656063738174,396.2533874511719,12598000
2022-04-06,395.9061229718373,402.41773683650564,395.12473460724203,395.4720153808594,18542900
2022-04-07,389.8286233557236,391.30459978858534,384.18522457663187,387.5712585449219,21709400
2022-04-08,386.35577366243245,390.3495689814789,386.18212001975945,389.4813537597656,15241000
2022-04-11,393.47512761183197,394.95107751072516,389.2208520608782,389.82861328125,11791300
2022-04-12,388.09217371565575,391.47820751602353,385.0534206776137,386.3557434082031,13674400
2022-04-13,389.04723626193396,390.6100130229723,386.7030446245513,388.6131286621094,13575700
2022-04-14,392.25959447360333,396.4270430943053,391.3045790045271,394.69061279296875,16387700
2022-04-15,394.3433582161538,396.6875233811158,393.3014893678425,394.7774658203125,7906100
2022-04-18,390.69684268890325,391.82551185834103,385.83483223627627,390.6100158691406,18411200
2022-04-19,393.56194527988606,401.80998979972514,390.87049931744116,399.3789978027344,24045400
2022-04-20,398.3370928651732,398.5975733028568,395.29833989629293,398.4239196777344,13470200
2022-04-21,395.5588364999103,398.337109144651,394.7774481465715,397.6425476074219,11922000
2022-04-22,395.03792472697427,396.60070152316825,392.2596254272674,395.2115783691406,11469900
2022-04-25,388.2658679151047,392.78057128873405,386.96354504843396,387.2239990234375,19273900
2022-04-26,388.3526326554977,389.74178221848126,385.2270792585648,386.78985595703125,15642100
2022-04-27,386.3557837789903,389.56819078177546,385.5743953581532,387.2239990234375,18468600
2022-04-28,392.2596352104662,396.2534306174678,389.22088186754723,396.0798034667969,20709300
2022-05-02,394.8642940038405,399.81313163874216,392.69375582990597,399.4658508300781,14359000
2022-05-06,412.4022488888493,414.0518525852392,405.45652680230023,409.8844299316406,30222700
2022-05-09,411.0130705946775,416.2223617973878,409.4502938321945,414.4859313964844,20504900
2022-05-10,408.6689228041474,410.75263407454656,402.1573085242587,407.9743347167969,20174500
2022-05-11,405.28284267633177,406.0642575489712,397.7293863726923,403.1123046875,19871900
2022-05-12,407.2797390787126,412.7494840182452,403.3727708373825,405.45648193359375,19157300
2022-05-13,403.3727560733057,435.40988918043854,400.50763023703723,431.67657470703125,68049800
2022-05-16,430.89515158299605,437.84087251277765,423.0812155369918,431.76336669921875,38884600
2022-05-17,436.27811944972706,449.040892945392,434.975796705101,445.3943786621094,39337100
2022-05-18,443.1370359318431,444.52618556088595,435.93086031893233,442.4424743652344,30092600
2022-05-19,430.1137926405553,444.7866238072387,430.1137926405553,443.7447814941406,20354000
2022-05-20,443.74477805779884,451.47188776069197,442.1819748565173,447.3912658691406,28009400
2022-05-23,447.39126222598003,456.1602671541447,447.30446190646916,447.9990234375,25591300
2022-05-24,451.55866767575577,451.9927752405245,445.6548153932305,445.7416687011719,16115100
2022-05-25,448.8672873894926,452.253348084837,448.43317976145636,448.7804870605469,22434000
2022-05-26,449.12772746675995,450.0827960138711,444.00526291364594,444.8735046386719,14026400
2022-05-27,446.9571546451297,451.03777650345205,445.74168521373775,447.9990234375,20744800
2022-05-30,451.47190743229805,452.68742991819914,448.172700245546,449.2145690917969,20216900
2022-05-31,449.0409329833249,453.3820091858094,446.3494339427928,452.5137939453125,63507100
2022-06-01,450.60369698660713,455.81298828125,447.8253976978007,455.81298828125,20041400
2022-06-02,455.552519181147,461.45637185394946,449.64866650834455,460.7618103027344,23024700
2022-06-03,461.54314398178275,465.3633117675781,460.3276745893179,465.3633117675781,19117800
2022-06-06,471.70125173153366,488.80509974546766,471.180343869848,487.5027770996094,32063300
2022-06-07,486.6346358850677,498.2687411510594,484.0299901979041,494.01446533203125,23761400
2022-06-08,493.9276929787068,500.6997615505286,490.71528585094427,495.66412353515625,25374700
2022-06-09,497.4873201725525,504.2593882781417,496.27179767006015,502.34930419921875,24147200
2022-06-10,499.136815983547,499.136815983547,492.364696708453,494.2747802734375,19712100
2022-06-13,488.80514580590454,495.40355997003513,488.2842378951334,492.45166015625,16727600
2022-06-14,484.7244972709283,487.5895966062701,480.55707523846326,485.59271240234375,19040700
2022-06-15,480.9912009445663,484.02995401912585,467.4470655803317,467.70751953125,23394600
2022-06-16,465.5369968923279,477.4315556298369,464.66878169968714,472.6563720703125,16594900
2022-06-17,460.1540539624267,469.5307674825763,456.5075395402435,467.3602294921875,27674800
2022-06-20,455.8129671343421,458.15715870650564,440.2719207921647,443.7447814941406,28390000
2022-06-21,451.47183995926963,460.76175187983705,447.7385257271658,456.5074768066406,17250000
2022-06-22,460.41447023173015,461.7167929193505,447.6516972947212,449.8222351074219,19040000
2022-06-23,442.7897524025424,449.5618203703688,441.5742564206024,443.48431396484375,17348200
2022-06-24,435.84405119655844,435.9308780198665,425.5991219460456,432.8052978515625,18056400
2022-06-27,438.96959449125853,444.8734735345328,436.8858833860305,441.2269592285156,14596000
2022-06-28,451.9927946455422,453.64242465914384,445.828488157838,450.082763671875,11991100
2022-06-29,456.0734281681056,460.5013574268472,450.5168827536814,451.906005859375,23184800
2022-06-30,447.478143212553,448.7804660356493,440.6192218142519,446.0021667480469,14530700
2022-07-01,443.9184410103962,448.9540787972223,443.13705259462336,445.3076171875,13490900
2022-07-04,446.87038906750115,447.82540462296015,441.9215516627315,444.8735046386719,11728400
2022-07-05,449.9091313690561,454.77111533703504,447.56493970920343,452.77423095703125,13607600
2022-07-06,434.10762290620977,438.44869913527185,425.9464048947383,431.2425231933594,31811300
2022-07-07,428.72467041015625,429.3324316701026,423.08127140943697,428.72467041015625,18535400
2022-07-08,434.6285081797272,437.4067807545019,432.805251070636,433.5866394042969,19270100
2022-07-11,439.49051764125574,444.17887413196024,438.4486488673998,439.3168640136719,13102100
2022-07-12,435.93082224971215,437.4067720738194,432.63158885687454,433.7602844238281,13904800
2022-07-13,428.4642222521019,433.9339676825215,426.4673377923173,433.32623291015625,10607700
2022-07-14,433.23939062843857,433.23939062843857,430.1138105672246,431.5029602050781,10028800
2022-07-15,430.2006239857516,430.8951855351283,426.81459006484704,428.1169128417969,12508700
2022-07-19,441.31373815508493,441.31373815508493,434.888951518827,435.32305908203125,16232700
2022-07-20,441.31376816628966,441.48742180170973,438.18821469532674,441.0533142089844,11065800
2022-07-21,436.7122185748557,440.3587327875278,436.1044573741358,439.3168640136719,9198700
2022-07-22,431.85020910912885,435.23624288554186,431.41610153533685,433.5866394042969,18234100
2022-07-25,431.329328952074,435.2362976074219,429.9402057379452,435.2362976074219,8906900
2022-07-26,440.7060347262124,445.4811917643686,438.01456234425814,442.0951843261719,15459300
2022-07-27,440.1851046046775,442.8765770128652,439.40371622702946,442.00836181640625,8182800
2022-07-28,444.43937545285354,446.52308672685655,442.70294497521326,445.3076171875,12643700
2022-07-29,444.5261705074363,446.6099081283495,443.4843016969797,444.2657165527344,9945600
2022-08-01,445.3943852160652,446.78350830078125,443.83160849784736,446.78350830078125,9032800
2022-08-02,433.2393938233149,438.70913909890623,433.1525670023415,437.1463623046875,13864200
2022-08-03,437.14637647014837,439.7510222087987,436.88592249461396,437.9277648925781,10532200
2022-08-04,430.20060332281514,431.67657966412895,427.16185032255305,428.985107421875,18183800
2022-08-05,425.42542134858684,427.0750248260799,418.91380775651663,423.77581787109375,24769100
2022-08-08,425.4254341510811,431.8502211227693,425.16498019788975,429.7665100097656,14235700
2022-08-09,430.3742761932742,432.1975068782957,428.55101901242807,430.20062255859375,13700600
2022-08-10,433.3262360042146,435.58360095041087,429.50609420840453,432.1975402832031,17865700
2022-08-12,436.97268239916826,448.780440450398,430.6347222864275,440.1850891113281,47290500
2022-08-15,434.0207904769466,440.96651235373974,433.9339636543214,440.0982971191406,16067400
2022-08-16,434.2812897469308,436.1913474482486,431.93709791369133,434.6285705566406,17581800
2022-08-17,435.4967467382368,439.4037151123911,433.8471431683144,437.8409118652344,13673300
2022-08-18,441.48741759346547,441.48741759346547,437.49362247929577,438.0145568847656,14007200
2022-08-19,443.8316311270846,445.65486189269,442.2688278333611,444.3525390625,12038900
2022-08-22,446.3493995042692,457.5493964391936,444.61296915725137,455.7261657714844,19970700
2022-08-23,457.636159695349,457.80981331431616,452.8609766277982,454.2501525878906,11426000
2022-08-24,459.3726303102985,461.63002157215266,456.42073049477267,457.6361999511719,13149700
2022-08-25,459.8936119534709,460.7618271721893,456.16029711131205,456.76800537109375,8554000
2022-08-26,456.07348025024174,457.46265650622456,454.5107033299598,454.5975036621094,7969700
2022-08-29,450.16960733703127,457.37578331709466,448.3463765078339,456.59442138671875,11371100
2022-08-30,464.66880319684327,471.35407108779066,464.49514955195133,469.0966796875,19228700
2022-08-31,456.6812415502557,457.6362571705236,453.2083803977823,454.5975036621094,23463900
2022-09-01,452.86100921017163,454.6842928530409,446.2625951478357,446.4362487792969,15340800
2022-09-02,443.05020270253715,445.04708704951776,439.9246492021893,444.0920715332031,18157000
2022-09-05,449.0409658181231,450.5169424332248,446.5231202399109,447.2176818847656,10003600
2022-09-06,448.86725843274917,450.7773424712186,448.17269687102856,449.7354736328125,8277800
2022-09-07,442.268798828125,445.1339247641355,440.4455416862682,442.268798828125,18733400
2022-09-08,434.97582376843025,444.78664512335996,434.5417161598789,443.39752197265625,16723100
2022-09-09,443.31068235877234,446.8703699453333,443.22385554040255,446.69671630859375,14545500
2022-09-12,450.86413069954455,452.2533067773697,443.4843016969797,444.2657165527344,12718400
2022-09-13,444.6998559219954,447.4781552845503,444.00526783344344,445.3076171875,8910600
2022-09-14,442.3556512240763,444.35253561655156,440.619220797289,441.834716796875,11372600
2022-09-15,447.0440050429831,447.0440050429831,442.35562200369407,442.8765563964844,7946600
2022-09-16,440.61919038125535,442.35562068817654,436.1912877994415,438.7091064453125,29037100
2022-09-20,438.44867868969084,442.6161010769261,436.9727022423063,438.79595947265625,11021900
2022-09-21,437.84089894644495,440.4455444523627,436.62540300951486,438.10137939453125,14110400
2022-09-22,434.19443925202023,439.7510113919638,432.45800880229876,439.6641845703125,12890600
2022-09-26,428.1169257479031,428.98514095870974,413.61772112910256,414.9200439453125,33732400
2022-09-27,414.65960138348777,421.77895041038784,412.57589011941525,413.7045593261719,15978500
2022-09-28,416.3092175625331,418.7402096944944,406.4115688883661,409.8844299316406,17712000
2022-09-29,419.39591239190787,424.81837464619423,417.2624921799668,421.17376708984375,16871000
2022-09-30,417.79583235266114,421.08487422447314,409.8843847826286,413.4400939941406,18249800
2022-10-03,417.5291642853146,423.12939543252287,415.21794787627795,422.95159912109375,16165200
2022-10-04,429.08527795954285,441.61913292228076,428.10745236860055,439.8412780761719,24622100
2022-10-05,437.3522530762709,440.7301661309807,434.9521383972495,438.2411804199219,16360500
2022-10-06,438.7745800610311,444.99707200278175,438.5967837258163,440.10797119140625,17687800
2022-10-07,437.79671977447504,439.13011079916885,435.6632995605469,435.6632995605469,16572300
2022-10-11,437.2633785349305,443.39697211184375,435.7522182458449,436.2855529785156,24375700
2022-10-12,432.8186922882644,433.35205408810833,427.040664900423,430.6852722167969,15189000
2022-10-13,431.8408790800813,432.0186753943701,428.72963347538933,429.6185607910156,10062500
2022-10-14,436.7299781954731,438.1522673224076,432.64093425641084,434.5076599121094,14684300
2022-10-17,429.35192825166496,430.8631156618932,427.9296390057874,429.4408264160156,14226200
2022-10-18,428.7296800678171,430.507534892279,426.95182524335524,428.4630126953125,14359400
2022-10-19,427.0406878042413,429.97416429676224,425.5295276061937,428.81854248046875,12472800
2022-10-20,430.86310257527856,432.46316097334784,427.2184949708872,428.0185241699219,10076500
2022-10-21,427.5740920390469,432.3742947153581,427.21852649411863,430.4186706542969,12480500
2022-10-24,434.86326947899465,434.952140511464,428.1963143692057,428.5518798828125,10850200
2022-10-25,432.46315738063925,440.6412998821668,431.12976635068867,437.9745178222656,13881600
2022-10-26,436.6411819095707,438.4190368405903,434.1521687293953,435.84112548828125,13210400
2022-10-27,437.35223953697226,438.68563051117036,435.12992124664214,436.90777587890625,11207200
2022-10-28,437.3522919965675,437.9745520436624,434.32994418477523,435.3077697753906,35226900
2022-10-31,434.32994034176744,437.0856207535147,433.44101292687554,435.3966369628906,10499200
2022-11-01,438.3300807667383,441.35242832464843,436.5522260705665,440.4635009765625,11225700
2022-11-02,440.46354220987087,450.24174395418686,439.8412821567949,446.86383056640625,17850600
2022-11-04,446.24156124031134,446.3304594071766,441.7080260092995,442.7747497558594,12383100
2022-11-07,448.01937775373926,452.10844892866083,445.61926309318045,448.1971740722656,14564000
2022-11-08,451.4861694453623,452.7306622375781,448.3749239008687,452.01953125,12502800
2022-11-09,446.59707227537746,452.3750997535945,441.5302029173784,442.06353759765625,19501600
2022-11-10,435.9299547121979,449.8861245645099,428.6407669246493,434.0632019042969,39125100
2022-11-11,434.50767208277347,439.8412361122408,434.50767208277347,436.1077575683594,21659700
2022-11-14,434.06322420102583,435.4855134195293,427.04070339905866,427.7518615722656,21263500
2022-11-15,425.17395660094365,429.3519261538118,424.10726001768074,427.218505859375,12492500
2022-11-16,428.4629932898111,429.8852825105461,420.3737487792969,420.3737487792969,28020400
2022-11-17,418.41813934018916,419.3070667429702,416.8180537384365,416.9069519042969,15502000
2022-11-18,414.9512743030854,418.50698368744065,413.4401140914803,414.1512451171875,17800400
2022-11-21,415.48463346752084,415.8401989780905,411.7511549146751,412.017822265625,16439000
2022-11-22,415.9291105617202,422.062703982713,414.684617670606,420.64044189453125,18750600
2022-11-24,419.4847986401366,420.5515222797699,417.08471114282514,417.5291748046875,22228900
2022-11-25,418.9514311530431,420.0181547782465,416.5513436881983,417.9736328125,14756700
2022-11-28,420.90711114383026,421.8849366797782,413.9734884851278,415.6624450683594,19455200
2022-11-29,415.2179696069185,416.7291298215198,412.19562204980605,416.6402587890625,15169500
2022-11-30,417.6180558825279,418.5069832276401,414.1512446621725,414.2401428222656,28064300
2022-12-01,414.5068521386914,416.10693779862936,413.084589944852,413.35125732421875,15518300
2022-12-02,408.90661514069654,409.88444073291976,404.2841816835934,406.5065002441406,23068600
2022-12-05,405.084228515625,408.5510399627471,403.8397084487352,405.084228515625,13690500
2022-12-06,403.2174573709719,406.15090681835227,402.41742816967815,404.0174865722656,13029800
2022-12-07,400.63961838671787,403.12860443171303,397.9728359979744,400.55072021484375,19440500
2022-12-08,395.5727010460721,399.4839762600464,391.39473132992634,397.26165771484375,25856300
2022-12-09,391.12802480122104,399.1283707630642,391.12802480122104,395.7504577636719,23942300
2022-12-12,393.794826309422,397.9727958144333,393.3503626228425,396.5505065917969,13810300
2022-12-13,401.35068314038466,405.2619579048753,400.9062194824219,400.9062194824219,18372200
2022-12-14,404.4619436693257,404.9953055041419,402.32852345797056,404.6397399902344,16664400
2022-12-15,403.12853935580574,407.9287414550781,403.0396411982822,407.9287414550781,12101100
2022-12-16,406.59536388068085,407.2176238759514,403.3063489671487,404.6397399902344,21303900
2022-12-19,401.8840677121629,403.39522795806033,399.1283874511719,399.1283874511719,13884100
2022-12-20,401.5284872445677,403.8396766084852,392.9947794205429,395.3948669433594,19539000
2022-12-21,397.6171944937621,400.46177287701585,392.1058611770841,392.28363037109375,19586400
2022-12-22,395.30599276544683,395.5726601121116,392.99477629201897,393.350341796875,15013800
2022-12-23,393.79479371225074,394.95038835053646,391.8391428020198,394.3281555175781,13575400
2022-12-26,396.4616336972022,399.83954707933185,396.3727355286383,396.9060974121094,10010900
2022-12-27,400.01732875379935,401.3507198496454,398.4172702899487,400.3728942871094,8786100
2022-12-28,401.43960525548897,402.59519998399463,399.5728523550557,401.52850341796875,9225300
2022-12-29,397.3505102187197,400.9062194824219,396.5504810599685,400.9062194824219,8866100
2022-12-30,399.8395298892574,401.7062828371937,398.2394714355469,398.2394714355469,8818700
2023-01-04,396.3726870085557,399.0394689715573,391.1280212402344,391.1280212402344,21053800
2023-01-05,391.12805221745697,392.817008835541,387.9279081828228,391.0391540527344,14217800
2023-01-06,394.8615360849524,396.9949562797241,391.57249406907664,395.3059997558594,12248100
2023-01-10,397.35051224712316,398.86169954307445,395.03929578833663,395.8393249511719,11303900
2023-01-11,397.350542986069,403.3952383816725,397.08387562046426,403.0396728515625,12730300
2023-01-12,403.21744607073487,406.1508954359049,402.6840842421832,404.9064025878906,11732500
2023-01-13,405.97310408797006,411.1288715174582,405.61751146973666,406.5953369140625,15712800
2023-01-16,406.3287386995507,408.55105730201166,403.92862375772773,408.28436279296875,9733500
2023-01-17,407.0398698011731,410.1511158446185,407.0398698011731,408.28436279296875,9489600
2023-01-18,410.5066754465858,415.92913818359375,408.90661692716617,415.92913818359375,16992900
2023-01-19,413.1733972161511,413.70675902047714,409.26212253094064,411.2177734375,9721200
2023-01-20,414.32904835431503,416.28467227161144,412.99565731292245,416.1069030761719,11550400
2023-01-23,418.15142164203894,420.7293055414912,418.062523481111,418.773681640625,12606600
2023-01-24,420.46266853706175,425.7962330428173,420.01820482824877,423.3961181640625,14794600
2023-01-25,422.41834257825434,424.2850685540105,421.1738224238657,424.1961975097656,10023700
2023-01-26,424.3739293374729,425.3517548892372,421.973841668136,422.2405090332031,11807500
2023-01-27,424.9072788587529,425.1739462160775,422.2404967738653,423.3072204589844,7538200
2023-01-30,420.72936546724594,420.99605998801604,415.04023502036335,416.4625244140625,15359300
2023-01-31,412.4622906973174,416.3735656145548,411.75115966796875,411.75115966796875,13480400
2023-02-01,414.32903308818794,417.7958442424906,412.2844839566387,412.4622802734375,8972500
2023-02-02,411.0399923167164,411.0399923167164,406.7731519802438,407.57318115234375,13926700
2023-02-03,403.57301458579735,406.2397966205053,400.4617688786381,402.3285217285156,13815000
2023-02-06,406.1509140998662,410.50665283203125,405.7064504103002,410.50665283203125,14599600
2023-02-07,412.81786065267033,414.0623535313724,408.9065856933594,408.9065856933594,12003600
2023-02-08,413.9734780445707,415.2179709098858,409.617712324103,411.75115966796875,11409600
2023-02-09,411.21781382706934,415.66245075315544,410.59555380625295,415.2179870605469,10633100
2023-02-10,413.35120122845956,413.617868571637,404.5508262407903,405.7064208984375,28871200
2023-02-13,410.32886700531037,412.4622872031932,407.12872314453125,407.12872314453125,16788700
2023-02-14,410.6844425675676,412.01783361486486,408.19545679711007,411.12890625,10045900
2023-02-15,411.1289088820954,412.0178362526513,407.7509957251473,408.6399230957031,17653600
2023-02-16,408.6398817616768,409.9732726826378,407.75095448103616,409.4399108886719,10706100
2023-02-17,409.08441872677287,409.7066516580065,407.1287675076671,408.3732604980469,14115900
2023-02-20,408.3731952330333,411.84000626929014,406.0619788328927,411.2177734375,14622800
2023-02-21,410.06217729997024,419.6626089940851,408.2843225930501,418.773681640625,19433800
2023-02-22,416.1957854456123,416.9069164562076,412.10671431491625,412.5511779785156,14312900
2023-02-24,413.08457559759097,413.7068085038062,410.9511281251059,412.1956481933594,11115700
2023-02-27,415.3068639354508,418.1514151455837,415.0401694568102,416.7291259765625,14483100
2023-02-28,418.6847599636358,421.26264371829734,416.2846453929357,418.0625,17701300
2023-03-01,418.86262326577753,424.7295227050781,418.86262326577753,424.7295227050781,17598000
2023-03-02,426.6851046378382,428.72962657973113,421.97380079195875,422.95159912109375,17622400
2023-03-03,424.5517028938897,425.97399206308404,423.3960810754589,424.0183410644531,16818400
2023-03-06,426.5962853905579,426.68518356271613,423.5739374325713,424.1961975097656,12979100
2023-03-07,422.9516458150828,429.3519339424075,422.7738766119363,428.9963684082031,17535600
2023-03-08,426.6851218426166,429.9741638413172,425.3517308368584,428.9074401855469,13313300
2023-03-09,429.7074524021519,431.6631033179015,429.4407850626898,430.2408142089844,12818400
2023-03-10,423.12939498179173,426.95177152227063,422.86272764284047,423.0404968261719,19249700
2023-03-13,419.9292955408896,421.0849174299488,416.6402804595162,419.6626281738281,14109000
2023-03-14,412.5511985626065,413.26232960868344,406.59537432204763,408.551025390625,25859300
2023-03-15,411.4844604358157,413.61788062714317,409.9733002339173,412.017822265625,13259000
2023-03-16,400.9062188258823,406.77314452696476,399.1283641969427,405.7064208984375,21232600
2023-03-17,405.3508776170586,405.8842394605578,401.26180632077813,404.0174865722656,21347500
2023-03-20,400.5506870128813,406.59538240848485,399.4839632946402,403.0396728515625,13121200
2023-03-22,410.1510432109397,410.23994136487767,406.5064359227449,409.1732177734375,15693600
2023-03-23,407.12877701083636,412.72900916222187,404.81756018737565,412.3734436035156,12990400
2023-03-24,408.0176357913327,411.48444687901065,407.30650479362237,410.6844177246094,11045100
2023-03-27,413.795697100245,414.3290589560316,409.97332020161116,412.7289733886719,10572500
2023-03-28,416.995806871539,420.19595061561455,414.0623304695078,415.3957214355469,15448300
2023-03-29,419.129263177169,422.2405090332031,416.9069447085732,422.2405090332031,22005100
2023-03-30,420.05648278059596,420.14748843818677,415.41547195374187,418.2364807128906,45243100
2023-03-31,421.33047564517585,424.697490554639,420.42047461786444,423.3324890136719,19536000
2023-04-03,431.9775027451458,441.35050230422655,430.15750067378815,437.073486328125,34642100
2023-04-04,440.44050018795093,441.3505012213971,434.707504785651,440.1675109863281,18046000
2023-04-05,434.0705270062729,434.61653322337986,427.24551872001075,428.06451416015625,15588500
2023-04-06,424.24251284986786,424.6975133879861,420.2384858976041,420.6025085449219,15304500
2023-04-07,420.0565488410549,421.60353417927547,419.0555419921875,419.0555419921875,9963300
2023-04-10,421.33050537109375,423.1505075541222,420.2384929528649,421.33050537109375,9044100
2023-04-11,421.9674729980315,429.52047015721604,421.603450382772,428.79248046875,13241000
2023-04-12,431.0675048828125,432.5234843337948,427.7004899176032,431.0675048828125,12388200
2023-04-13,429.97551526857865,431.24951124109447,426.0625216877737,428.3375244140625,10761400
2023-04-14,431.1584743927722,435.89049082960474,429.3384723433793,435.25347900390625,18182400
2023-04-17,436.8005005960485,437.1644954590063,431.2494886801014,432.9784851074219,9196700
2023-04-18,431.4315207996033,432.4325275492741,429.15651808263743,431.34051513671875,10001100
2023-04-19,432.4325447023943,434.79852540506573,432.0685220364168,433.79754638671875,10219100
2023-04-20,430.4305162905848,432.7965246827516,429.3385038723449,431.24951171875,8865600
2023-04-21,431.15848913253734,432.9784912441496,429.7025096600702,429.7934875488281,9242700
2023-04-24,430.79450668884,433.069509393968,429.61151639058505,431.4315185546875,7991000
2023-04-25,434.0705092153907,434.7075210710785,430.88550547900945,432.614501953125,9288100
2023-04-26,429.5205297122563,433.06952853491,428.06452236241546,432.7965393066406,13854000
2023-04-27,430.8854964182168,433.88848876953125,429.97549536981506,433.88848876953125,11964200
2023-04-28,434.9805399154726,439.166550665518,434.79852858115436,438.62054443359375,18588600
2023-05-01,443.1705391589464,444.808530043319,440.0765409490037,441.987548828125,13786400
2023-05-02,443.17052221368874,444.0805232859961,438.62051685215187,440.5315246582031,10392200
2023-05-08,438.7115188673882,438.98450807840004,432.887517607231,436.6184997558594,13461300
2023-05-09,439.2575306075264,440.07652602193303,438.0745125458023,439.43951416015625,11439900
2023-05-10,439.1665337800756,440.80452464183907,436.89153104372116,437.1645202636719,16223100
2023-05-11,442.26049008576763,461.3705112623132,441.25948342231464,460.46051025390625,51687900
2023-05-12,457.73052169866986,459.0045175965083,443.89849482520947,446.08251953125,24493400
2023-05-15,447.72053247825386,448.8125448853929,440.53152948250397,441.35052490234375,17567500
2023-05-16,444.0805084592969,445.71849922635033,437.71050116582336,438.9844970703125,13658100
2023-05-17,436.8005009771832,436.8915066357591,432.2504957586709,433.9794921875,15882300
2023-05-18,439.712520107472,440.7134990493807,432.88751220703125,432.88751220703125,16284800
2023-05-19,433.6154719379129,434.2524837396215,427.51845419364923,427.8824768066406,23387100
2023-05-22,429.06549148117,433.1604961718705,429.06549148117,431.0675048828125,15153700
2023-05-23,428.792508604264,432.06849018834345,426.24448898538986,429.7934875488281,22107600
2023-05-24,432.2505009528379,437.0734954340057,431.88650608518856,435.79949951171875,16414800
2023-05-25,434.6165352017684,436.3455317546193,433.61552842768737,435.9815368652344,10081000
2023-05-26,433.7065087514115,434.5255041474314,429.0654978125945,429.7934875488281,13534800
2023-05-29,431.34050636251476,434.707521423545,430.24849397217287,433.6155090332031,9659200
2023-05-30,433.43349960741284,433.43349960741284,428.7925163557272,432.52349853515625,10773400
2023-05-31,428.33750107899766,428.4284789662694,422.0584716796875,422.0584716796875,49003800
2023-06-01,420.6934753212246,424.51549084885386,420.42048611397746,423.87847900390625,11825700
2023-06-02,425.8805074670704,426.79050855140173,422.42251445502296,426.426513671875,11962300
2023-06-05,436.8005463322316,438.8935378416612,433.70654801658446,435.52655029296875,20202400
2023-06-06,434.4344878130006,440.1675109863281,432.61448574610824,440.1675109863281,16348600
2023-06-07,441.35053785399447,443.898529850719,435.70851986992324,435.9815368652344,22758900
2023-06-08,440.8045230342585,444.0805325168675,437.16451866936615,439.2575378417969,14201200
2023-06-09,439.1664706903755,439.53046552169565,437.25546311216306,438.2564697265625,17986600
2023-06-12,439.07550272871055,440.6225156083938,436.89150578229663,438.9844970703125,10678500
2023-06-13,436.89152655701116,438.52951740195306,435.5265249292165,437.3465270996094,13113700
2023-06-14,439.5304941766177,443.44348746770874,439.34848286357874,440.25848388671875,15910300
2023-06-15,439.3484878394044,442.53349145646604,437.25549657088925,440.1675109863281,10134900
2023-06-16,441.35050907984146,444.7175240719546,440.4405080301923,442.89752197265625,23259200
2023-06-19,447.4475770104982,448.6305673982678,441.1685468523993,443.2615661621094,13895400
2023-06-20,443.3525019830595,444.08049168068266,437.16447846915514,438.52947998046875,16489000
2023-06-21,436.8005212252696,439.166529602779,434.79850772790877,438.3475341796875,13679200
2023-06-22,441.62349305493694,445.809503387942,440.986508990345,441.0775146484375,16031900
2023-06-23,440.89552368810126,442.62452018757426,438.3475317700388,439.3485107421875,14403300
2023-06-26,441.3505154282617,444.5355191478471,439.5305133027843,441.6235046386719,12367600
2023-06-27,442.9885358348389,448.5395482426888,441.8965511491993,447.6295471191406,17701100
2023-06-28,445.0815026912136,451.4515098062393,444.35348521545154,451.3605041503906,15837400
2023-06-29,453.7265172475847,453.99950644705183,448.5395002894901,452.17950439453125,14314300
2023-06-30,452.2705494441869,452.2705494441869,448.084538804582,449.904541015625,21770100
2023-07-03,450.632539994185,459.55053935241443,450.5415343331768,459.45953369140625,20651300
2023-07-04,459.5505504282486,459.5505504282486,456.1835352869962,457.0935363769531,11872000
2023-07-05,457.0935322241551,458.27655029296875,453.4535278973977,458.27655029296875,12128700
2023-07-06,458.54952646981786,459.6415388452045,452.36153039870277,453.7265319824219,15192300
2023-07-07,451.9975208518956,456.18350335587104,449.1765121162833,452.17950439453125,13567300
2023-07-10,454.09050453263103,457.27550807143706,450.0865056380517,450.45050048828125,15150800
2023-07-11,453.18054570253133,453.18054570253133,448.63054022359023,449.0855407714844,8908000
2023-07-12,450.9055192049309,451.633508934792,446.53752528370813,447.90252685546875,9066200
2023-07-13,449.6315330047055,451.5425408006559,447.7205252087551,449.54052734375,9574700
2023-07-14,448.2665685256697,449.8135538059084,445.7185486630509,447.3565673828125,9780800
2023-07-18,445.53651482985435,446.7195050736866,442.98849525471354,443.989501953125,10982600
2023-07-19,448.084538804582,450.3595415683858,446.35554225829713,449.904541015625,10955700
2023-07-20,452.1795510591111,453.08955217928275,449.2675641371798,449.7225646972656,8039200
2023-07-21,451.7245038814011,452.7255105644929,449.2675177731148,452.17950439453125,8888600
2023-07-24,453.6355108350463,461.7345144010654,453.362521636034,457.18450927734375,16341500
2023-07-25,461.91654961861127,468.4685406732196,461.37054342130335,466.37554931640625,21031100
2023-07-26,468.4684901840232,468.4684901840232,462.5534838545733,464.0094909667969,13025300
2023-07-27,465.5565399804133,468.6505379779065,464.55553327712863,466.8305358886719,15179500
2023-07-28,465.01056917273746,467.01258273159965,460.5515692691227,466.7395935058594,15784000
2023-07-31,470.19757771950657,471.2895901438335,467.01257388142096,469.01458740234375,16235100
2023-08-01,470.47056084631043,474.74757705332496,469.65153765315887,474.1105651855469,12732700
2023-08-02,471.4715460682477,475.29356178348695,469.0145875403631,470.9255676269531,11211900
2023-08-03,469.7425745967179,471.6535546722722,467.0125713218924,468.1045837402344,13966900
2023-08-04,464.2825707282601,471.2895902825223,464.19156506436786,470.9255676269531,10377700
2023-08-07,473.2005417406935,480.93555059607024,472.3815185862431,478.75152587890625,16548400
2023-08-08,480.9355558406406,483.57458110748746,477.84153004792745,480.571533203125,16096700
2023-08-09,482.0275806581569,482.30056987231455,472.5635472589336,474.2015380859375,13172500
2023-08-10,479.5706183878348,500.3186340332031,478.8426285575184,500.3186340332031,56043400
2023-08-14,498.6806676996043,498.6806676996043,487.85163098346146,488.670654296875,19964700
2023-08-15,489.5805505738223,491.9465310177661,483.4835326088228,484.12054443359375,15362600
2023-08-16,475.02055828176873,476.1125706735866,467.46756051328623,469.4695739746094,17562500
2023-08-17,468.5595833034785,468.83257252197683,459.4595446354467,465.1015625,13713800
2023-08-18,467.74054381523746,470.4705469892564,463.82755037422174,465.6475524902344,14018900
2023-08-21,468.1045711662838,473.3825662474269,467.37652587890625,467.37652587890625,10301600
2023-08-22,467.64961228156426,475.384622041343,466.3755884572464,475.0205993652344,10566000
2023-08-23,474.11057467171184,478.1146017418092,472.56356168817155,473.83758544921875,9795500
2023-08-24,476.74963377911183,482.1186073410994,475.5665878279368,478.6606140136719,13350200
2023-08-25,478.0235480018735,478.20555932315773,473.4735426800547,477.4775695800781,10124400
2023-08-28,483.2105515255608,490.0355593154698,483.2105515255608,488.76153564453125,14309100
2023-08-29,490.58154534750713,492.0375803572205,487.48757509322195,489.58056640625,8710100
2023-08-30,491.40058900774727,496.31461711464823,489.85357604505185,494.9496154785156,13374000
2023-08-31,495.04058407841546,498.49857704996344,494.3125943278882,497.1335754394531,17250500
2023-09-01,495.950511572446,507.78052377509147,494.94953275673424,506.5065002441406,20399600
2023-09-04,511.14763769723476,514.6966087225352,506.2336094565908,514.3326416015625,16512300
2023-09-05,516.2436192752624,516.5166085002103,509.3276330469675,515.3336181640625,12040400
2023-09-06,518.7006283049415,529.1656409812692,518.7006283049415,522.5226440429688,20069500
2023-09-07,525.0705815144137,532.1685782670296,524.6155810105016,530.1665649414062,16907400
2023-09-08,528.1646532288207,536.3546630136381,523.7056256847079,526.7086181640625,18560100
2023-09-11,533.35156846879,535.4446152204281,529.7115644374943,530.1665649414062,10644500
2023-09-12,531.4406903269354,532.441669410383,525.8897053331544,531.8956909179688,13947600
2023-09-13,539.6306265849535,544.4536210767112,535.8996444695699,538.265625,17842400
2023-09-14,541.4506317617097,557.9216287631842,540.9956312308175,557.1026611328125,26316500
2023-09-15,565.474712457864,584.493702348009,564.5647113470802,575.0297241210938,43269200
2023-09-19,573.3006887132245,581.308687224934,568.8416611397425,580.2166748046875,23840700
2023-09-20,580.3076551888404,581.3996675092576,559.9236103478984,562.0166015625,31995400
2023-09-21,558.8316281559528,570.1156635052009,558.012660528027,560.1056518554688,20058000
2023-09-22,555.1916222792275,567.5676699711986,552.0066185819054,563.108642578125,21992100
2023-09-25,563.29065105388,563.8366294681274,556.1926539583812,560.2876586914062,12276500
2023-09-26,560.5607204891,561.2887103163874,553.917723059249,558.9227294921875,15200100
2023-09-27,557.2847042870001,563.1086780898651,553.371655064159,563.0177001953125,18361300
2023-09-28,574.5985721594823,576.5441428616748,559.9603099097445,562.0911865234375,22170700
2023-09-29,552.9190577942289,554.7720037362654,539.4851997144638,546.5264282226562,23748700
2023-10-02,542.7278439248402,547.8234451603962,531.4248626019404,532.9998779296875,18916000
2023-10-03,518.8248973863293,519.1028279861582,500.38806144952326,501.77777099609375,32525700
2023-10-04,501.31455732929385,502.61164225084815,482.8777770996094,482.8777770996094,24306100
2023-10-05,475.3732841926229,489.82629724066675,472.03800393784195,486.861572265625,25934600
2023-10-06,483.3410268994084,490.9381176182051,476.02186680073453,483.61895751953125,21350600
2023-10-10,517.8984867682519,519.566127115622,505.205793403801,508.8190612792969,34903700
2023-10-11,510.76458048169064,515.2116398063384,508.07784256869155,509.6528015136719,19017600
2023-10-12,504.9278121281068,513.2660695760939,501.3145446150081,511.13519287109375,21374000
2023-10-13,510.02337966361773,510.57924083719723,502.98220757696777,505.6689453125,15647100
2023-10-16,519.380737356015,523.3646164646148,512.3395652268398,515.2116088867188,25890200
2023-10-17,516.6013364186631,521.5116886919328,510.5792617526935,511.7837219238281,13601500
2023-10-18,514.2852500264247,522.7161900638275,513.6367640252246,521.1411743164062,15616700
2023-10-19,518.6396311677618,526.0514159834423,516.7866849638416,519.3807983398438,15596400
2023-10-20,520.2146197023645,526.8852369991288,515.5822544334209,523.457275390625,20297000
2023-10-23,520.3072560684429,520.3072560684429,507.7072448730469,507.7072448730469,15502200
2023-10-24,504.46455890060565,507.61458978452,495.1072040266537,504.92779541015625,15733800
2023-10-25,500.5733774846725,515.8601828059822,499.0910432240013,511.13519287109375,15587400
2023-10-26,511.13511735863034,513.636605532955,503.07479170688157,504.742431640625,14226700
2023-10-27,506.4101922197393,516.9720085620224,506.31756752534994,515.8602294921875,11892900
2023-10-30,510.4866877351465,515.3043592555634,509.09697805891653,512.2470092773438,37890100
2023-10-31,509.7454828938835,519.7513805140809,509.37487105529465,516.6940307617188,14319600
2023-11-01,522.3455163434659,527.8117301883201,520.7705007824545,526.699951171875,12842000
2023-11-02,528.1823062582909,535.6867725037223,522.7161487459925,524.3837890625,13835700
2023-11-06,527.1631706982959,527.9043378361893,522.3454994808469,524.6616821289062,13019200
2023-11-07,526.977867979121,529.8499684086236,522.7161144997668,524.4763793945312,15325300
2023-11-08,516.4161090233639,518.1763739183162,488.52923583984375,488.52923583984375,47448800
2023-11-09,489.6409269773126,498.8130312936789,483.43354724635685,496.6820983886719,25479000
2023-11-10,496.5894813165535,504.74243164062506,491.8644920797106,504.742431640625,15269700
2023-11-13,507.7072927082956,511.4131853558014,504.9278732226662,506.96612548828125,14688000
2023-11-14,513.4512977527842,521.604248046875,513.3586165333832,521.604248046875,16702100
2023-11-15,530.8690418154572,537.354352972016,526.8852191287705,536.705810546875,27001100
2023-11-16,538.280835673913,555.7911987304688,537.7249744694682,555.7911987304688,28086000
2023-11-17,542.9132009531439,555.1426563796625,541.0602548748055,554.4014892578125,23117800
2023-11-20,558.6632491413126,566.0750335411973,550.4176163774698,552.6411743164062,18650300
2023-11-21,552.6411986173925,552.6411986173925,544.4882467284996,545.9705810546875,14571100
2023-11-22,543.005757679016,549.4910681415411,540.2263389093625,543.468994140625,9993500
2023-11-24,550.2323026672509,551.066094386287,543.0984497070312,543.0984497070312,8078100
2023-11-27,544.76619500894,546.433835316828,540.2264540982262,542.4500122070312,9290200
2023-11-28,544.8588128957969,546.0632731756889,540.6896839044408,545.6000366210938,10738600
2023-11-29,546.6191386377,547.1749998885284,537.8176440325167,538.4661865234375,9947800
2023-11-30,538.28087700957,541.430908203125,532.8146630405864,541.430908203125,26280700
2023-12-01,540.2263964198384,545.2293733567808,539.4852293118462,543.6543579101562,10330200
2023-12-04,545.321950655881,545.321950655881,535.408735421441,538.9293212890625,13626500
2023-12-05,536.2426048936288,540.6896643474031,534.1117281290525,539.5779418945312,10540500
2023-12-06,539.207275390625,549.6764087751508,537.4469541062912,548.9352416992188,12227000
2023-12-07,543.2838441790825,543.2838441790825,532.9999589216388,536.2426147460938,13405700
2023-12-08,532.7219879816977,536.2425741580047,531.1469725338319,533.9263916015625,14635900
2023-12-11,543.191177958485,552.177978515625,539.1147301663589,552.177978515625,16882400
2023-12-12,552.1780134678818,554.8648083000385,548.2868148151647,549.3059692382812,11014100
2023-12-13,550.3249652593777,550.7882017621213,543.7470295393887,546.9896850585938,10732500
2023-12-14,551.1588237499476,551.9926155418113,533.741085687562,533.9263916015625,12910900
2023-12-15,533.8337898027479,544.6735359410624,531.2396765378129,541.1528930664062,16376800
2023-12-18,538.3734206261494,538.3734206261494,523.6425343212569,528.460205078125,10372800
2023-12-19,535.5014721688858,535.6867781054204,526.329365511034,529.572021484375,11543200
2023-12-20,527.0705051570854,528.1822275040398,519.1028035368968,520.9557495117188,25782400
2023-12-21,516.3234491375079,518.7323131344431,509.189594932917,513.8219604492188,15929200
2023-12-22,513.2661068841796,517.898472469777,511.4131606499407,513.63671875,11632200
2023-12-25,516.97191740345,518.6395574404282,508.726285349193,510.39398193359375,9889200
2023-12-26,513.8219096463622,513.8219096463622,507.7072103883917,511.9689636230469,11783600
2023-12-27,514.3777876267396,522.3454322922245,512.8953969942029,522.2528076171875,12603000
2023-12-28,516.9720108340119,522.1602377861328,514.8411339267991,521.2337646484375,7519400
2023-12-29,521.6043028040665,524.5690277351731,515.8601588526894,519.1954956054688,9201900
2024-01-04,522.2528837985627,542.3573608398438,516.7866700359233,542.3573608398438,20098100
2024-01-05,549.0278897098965,557.1808975338884,548.3794038330375,553.38232421875,19806400
2024-01-09,554.0309247522546,556.8103441071991,547.2676822980428,552.177978515625,14518700
2024-01-10,548.7499562177428,553.4750025290933,544.5808276445999,546.6190795898438,13727000
2024-01-11,551.2514209859088,565.7043767995115,549.3984750330151,551.8999633789062,20688400
2024-01-12,555.8838029741979,559.5896949940259,549.6764225315011,559.4970703125,15917000
2024-01-15,557.2735326329048,561.3500366210938,556.1617536772691,561.3500366210938,3811800
2024-01-16,557.2734752393986,567.6499835109464,556.1616963982648,562.5543823242188,12895500
2024-01-17,565.3339032519726,572.2824515796826,561.9985661262132,563.48095703125,16355800
2024-01-18,563.4808756326852,568.7617829083688,557.829356547422,560.2382202148438,10746200
2024-01-19,566.0750668501647,568.5765555418038,560.3309222927719,566.4456787109375,13089300
2024-01-22,566.9089014903445,567.3721380313409,562.8323973106046,564.2221069335938,10945700
2024-01-23,566.3529872365716,569.225087737077,559.2191331513542,561.2573852539062,11592000
2024-01-24,560.4235934033825,562.0912336518597,557.0882563589983,561.2573852539062,9310900
2024-01-25,557.7367113601401,560.886741983468,553.8455136923294,554.2161254882812,16191200
2024-01-26,555.8838096999154,555.8838096999154,546.8970101336151,548.0087890625,11731900
2024-01-29,554.6794710886497,569.7809717123525,553.5676920294807,568.48388671875,21707600
2024-01-30,563.295599821479,563.4809057361687,558.755859375,558.755859375,12977000
2024-01-31,556.9029748129825,558.2000598116006,553.0118329119927,554.5867919921875,17228400
2024-02-01,554.5867589338794,557.2735534648176,552.8264940234619,554.86474609375,9274800
2024-02-02,552.8264736961013,559.0338543670586,551.2514582202723,555.7911987304688,12789600
2024-02-05,556.8103196969208,559.4971142412187,551.3441059195268,558.8485717773438,11199900
2024-02-06,558.5706904643644,559.1265517410736,546.8970947265625,546.8970947265625,13232800
2024-02-07,548.6573889941427,554.2162276738252,547.4529852563644,550.9735717773438,11367800
2024-02-08,552.641215486832,555.3280101509209,545.8779730275776,549.3985595703125,13638900
2024-02-09,553.752993463033,589.8854450340358,550.1397256869602,578.3971557617188,65341200
2024-02-13,579.2309837089641,588.1251027007328,572.282435575573,579.3236083984375,28373300
2024-02-14,578.3045220277274,591.5530760871468,569.0397910005207,574.783935546875,23518400
2024-02-15,578.4897694792535,587.6618183405436,578.211782338594,582.9368286132812,16232600
2024-02-16,588.4030505522759,607.395749339885,588.3104258600893,603.4119262695312,25218800
2024-02-19,609.711881252202,611.286896719993,600.5398321411128,605.8207397460938,13909400
2024-02-20,607.3031362759,607.766372840565,596.6486952886036,598.8722534179688,12927600
2024-02-21,598.8721994236522,602.0221738509136,586.0868261536799,588.7736206054688,12886400
2024-02-22,593.4059309003543,598.7794627590542,592.2941520388318,596.7412109375,12455800
2024-02-26,596.6486754260831,598.7795522431187,590.7192249767896,595.6295776367188,13687100
2024-02-27,594.7957088277175,604.4310513404712,593.9618604487073,596.5560302734375,15598600
2024-02-28,598.5942658007956,610.2678611502255,598.5016411069037,601.6516723632812,14089400
2024-02-29,600.6325484018884,604.0605104609236,591.4604978923692,598.7796020507812,25614500
2024-03-01,602.300079844192,610.4530875520223,601.003051561528,607.9515991210938,14093800
2024-03-04,611.4722469916686,614.2516662961762,604.0604621796483,605.1722412109375,12620700
2024-03-05,604.7090076677063,609.1560672675497,601.744282418667,606.3766479492188,9950300
2024-03-06,605.8207117013646,613.0471897248707,603.3192233150754,609.7118530273438,12021800
2024-03-07,615.1781447285794,625.3693489334203,612.8619619547519,613.139892578125,13051100
2024-03-08,613.0472894275357,624.9987590319803,611.1943431433644,624.5355224609375,16117000
2024-03-11,621.2927975336734,621.6634093683629,598.3162774685903,604.2457275390625,16389300
2024-03-12,600.447082989969,608.7853393554688,598.594137130969,608.7853393554688,11789600
2024-03-13,612.6766592189273,622.1266962949186,608.5075302042927,612.95458984375,14246200
2024-03-14,624.9060686622746,646.029642772359,622.9604978873376,645.56640625,26915600
2024-03-15,648.531161022551,664.5591341211939,645.1958805276927,659.5562133789062,28673700
2024-03-18,663.7253663139387,668.8209684779844,656.406206041155,657.0547485351562,15288300
2024-03-19,656.5914903970057,671.3223786041364,652.3296802532203,667.7091674804688,17027900
2024-03-21,671.6930189503689,677.7150942926826,663.9106220428677,677.344482421875,14824800
2024-03-22,683.1812166252212,685.4973991381254,673.7311806630867,680.2164916992188,13543300
2024-03-25,681.8841381703543,685.2194184011305,674.8429658843044,679.8458862304688,9516500
2024-03-26,683.0885452497896,683.0885452497896,672.3414808538573,672.7120361328125,10961100
2024-03-27,676.0473728726697,679.7532649464708,672.4341054817434,674.1017456054688,12663400
2024-03-28,675.042488090826,686.2367778930953,674.1017933987176,683.6028442382812,12479100
2024-03-29,684.4494128234886,690.2817312085788,680.3103907616585,688.4944458007812,5931500
2024-04-01,682.944349983884,684.2613455257896,648.2326927003422,656.416748046875,21181500
2024-04-02,665.8236160743929,674.9483650360169,662.2489881329002,669.8685913085938,14021000
2024-04-03,672.5967407226562,682.8503363795735,670.0568534354386,672.5967407226562,17205900
2024-04-04,682.0036026101644,686.1426819232172,676.7357356803184,680.3103637695312,13653900
2024-04-05,675.7950587510817,688.1181356857699,668.3635480584272,683.885009765625,17346400
2024-04-08,689.5291413035849,697.7131958007812,682.4739318086641,697.7131958007812,17924900
2024-04-09,697.9953784179687,707.3082777269185,694.3266465894878,705.5209350585938,19356000
2024-04-10,700.8174832007114,712.8583627041587,698.6538970846568,706.8379516601562,13851000
2024-04-11,698.5597723337287,728.9442532084283,697.0546839714915,725.3695678710938,21452000
2024-04-12,725.3696036898764,730.9197249536426,717.9381505881338,718.8788452148438,13363800
2024-04-15,718.8788499285072,729.4146412998304,713.8931798573423,728.5679931640625,16372000
2024-04-16,721.230663461292,723.6764468015465,695.9259521708475,698.0895385742188,15181300
2024-04-17,698.6538994183,699.4064436243838,669.7745633632296,676.8297729492188,14815600
2024-04-18,665.0711794362485,685.2961162932206,663.1897899611813,678.2409057617188,14236000
2024-04-19,672.6907526049756,690.658055706753,666.5762370949594,677.3942260742188,21779900
2024-04-22,677.3941877429181,688.1181296121422,670.6212322628232,677.0179443359375,11226100
2024-04-23,678.2408671146324,687.4596635340719,672.4085485911675,674.4780883789062,10541100
2024-04-24,670.5271801368788,677.5823904864154,669.3042884927155,675.7951049804688,10503100
2024-04-25,668.9279341280353,676.8297920535596,661.6846313476562,661.6846313476562,11465300
2024-04-26,662.6253321415131,671.7500242826961,661.2142901713783,669.6805419921875,9710200
2024-04-30,676.829769455968,687.5537109375,672.784794130633,687.5537109375,14463000
2024-05-01,667.7991312029498,671.1856088560886,658.109930720886,666.1058349609375,14650600
2024-05-02,658.4861947694422,669.4923326508194,653.9708723455398,662.907470703125,11271200
2024-05-07,675.4187254066632,677.0179177159233,657.6395744318709,663.7540893554688,12620000
2024-05-08,663.7541674768471,665.9178112522036,654.253173828125,654.253173828125,9424700
2024-05-09,660.6498590214132,664.7889385591707,656.0404895614229,664.2244873046875,9986300
2024-05-10,671.6559611994172,679.5578190032347,669.4923750483902,676.923828125,12323900
2024-05-13,675.7950854442951,678.240868661918,669.8686629896488,671.656005859375,8476700
2024-05-14,676.3593873237203,771.3695376988187,661.0260775086487,743.9012451171875,87258500
2024-05-15,742.208100034437,751.9913476398528,717.4678415163785,719.255126953125,33656500
2024-05-16,726.8748013113935,738.3512880577227,701.19384765625,701.19384765625,19443400
2024-05-17,700.9115187469856,710.2244181900919,698.9360830665407,703.9217529296875,13349400
2024-05-20,709.0956414821264,748.0404243750231,708.4371437200829,747.6641235351562,23387000
2024-05-21,741.7376930690048,779.835824418776,737.2223704661943,760.0812377929688,32649300
2024-05-22,747.1937391102119,757.0710328043195,742.2080690143703,743.3369140625,15821600
2024-05-23,723.3941904866901,733.271484375,715.0219850818495,733.271484375,21168600
2024-05-24,722.3594815355043,731.7664285151803,715.9627116569662,726.7807006835938,12237300
2024-05-27,726.216267114078,745.7827042786223,725.2755724675573,745.1242065429688,10348200
2024-05-28,747.852281465516,762.3390027141717,747.852281465516,755.0956420898438,12833700
2024-05-29,757.3532045708532,763.2796265229354,749.5454508216012,752.7438354492188,12658000
2024-05-30,734.9646775944797,752.1793772468317,733.7417861007335,742.490234375,13275800
2024-05-31,753.7785728974853,765.7254058227718,750.6742921948057,762.3389282226562,29690400
2024-06-03,762.9033768816691,779.647730513862,761.5863813783337,771.36962890625,16814600
2024-06-04,764.9728755109512,776.1671070256937,746.6293304438788,750.0158081054688,16547400
2024-06-05,741.2674011251295,741.9258988782537,730.5434589040951,731.10791015625,14559400
2024-06-06,742.8665711302084,748.3225885770337,730.8256911817623,735.99951171875,14954100
2024-06-07,737.0342733438093,742.5843948584605,731.1079084107325,731.6723022460938,10022400
2024-06-10,750.6743671046692,764.2203936877746,750.1099732534764,752.2735595703125,16890600
2024-06-11,765.4432113179774,768.7356424343866,755.56591796875,755.56591796875,15235000
2024-06-12,767.1365117499168,780.7765846136492,762.9033856887585,773.7213745117188,20677800
2024-06-13,772.7805804082473,784.1629616087663,764.3143293751684,764.8787231445312,16558500
2024-06-14,766.2897997164159,784.5392979588539,764.9728617230644,784.4452514648438,21973300
2024-06-17,781.8113443665345,784.3512315466502,755.9422400449732,759.140625,20337600
2024-06-18,769.4882562610092,772.9688380963795,758.7643138310459,760.7398071289062,12356400
2024-06-19,761.1159936978146,767.418659131773,753.3082398387809,753.40234375,12864700
2024-06-20,751.6149709402465,755.7540500667947,745.4064096658651,750.8624267578125,11505500
2024-06-21,760.0812823486328,767.8890365134318,752.1794242689292,752.5557250976562,19155000
2024-06-24,752.5556809831373,762.432974296041,747.8522079769928,760.0812377929688,11066800
2024-06-25,768.0772328608462,784.069042975524,766.9483877226027,783.0343017578125,16240000
2024-06-26,783.598635287618,784.4452834299768,769.017868364499,775.69677734375,11541200
2024-06-27,774.6620076719281,780.9646730122138,763.6558693038833,771.463623046875,17241700
2024-06-28,780.5884204420347,781.7172655215448,775.3205532915817,777.5781860351562,14636600
2024-07-01,779.8359394106321,795.3574026196495,779.4596385484757,792.34716796875,15538300
2024-07-02,793.9463332443995,808.2449042835494,792.5352911829461,805.7050170898438,21002100
2024-07-03,795.8276571698781,796.9565022092362,786.5147573644787,792.6292724609375,15294300
2024-07-04,792.158932913661,800.6251846687003,787.455459716417,798.9319458007812,12796700
2024-07-05,804.8583132216478,814.5475139725338,791.2182409042993,792.158935546875,12915500
2024-07-08,789.5250083392635,793.7581342646782,783.6926900256032,785.385986328125,11572700
2024-07-09,793.2877969059491,800.5311572857482,779.5536778082355,780.4002685546875,15239700
2024-07-10,781.24698139754,794.981101632328,774.1917708490975,779.2715454101562,15440100
2024-07-11,785.4799513897256,787.7376412820512,772.3102276538499,780.1179809570312,13674200
2024-07-12,773.1568831578653,775.038272281096,763.5617871463004,765.4431762695312,13580300
2024-07-16,774.1916786839865,781.7172357064312,771.7458956178696,777.2959594726562,12242200
2024-07-17,781.7173010670429,790.0895069207031,781.0588032894321,786.9851684570312,11811700
2024-07-18,795.8276462363391,801.4718139401429,777.201904296875,777.201904296875,13004300
2024-07-19,771.4636392336201,776.0730658637153,761.962646484375,761.962646484375,10963400
2024-07-22,761.9626505991046,765.7254291205817,747.946277640425,753.4963989257812,10673800
2024-07-23,750.7683822843711,760.5516296768188,749.7336411285401,752.5557250976562,8127200
2024-07-24,754.6252189486747,763.3736672379996,733.7417873636965,739.6681518554688,12922200
2024-07-25,725.5577853829485,731.1079068860251,713.9872524586058,715.2101440429688,12965700
2024-07-26,716.7152267860386,732.2366874278914,710.3184576800737,723.1119384765625,15750500
2024-07-29,730.9196937600525,749.733585491328,728.1916564928412,742.3961791992188,13193700
2024-07-30,733.7418477910186,745.500531249208,727.6273323927601,738.5393676757812,11923600
2024-07-31,729.0383630836699,746.9115616624953,721.983153118344,745.2183227539062,16650700
2024-08-01,734.3062393101828,734.3062393101828,703.7336624155099,710.1304321289062,21846300
2024-08-02,679.7459086502926,691.0342440770814,658.5802797250634,665.5414428710938,24102100
2024-08-05,599.0343600305846,614.8380191527556,554.069165862993,564.981201171875,33308700
2024-08-06,609.5701270207528,646.7275653190857,609.5701270207528,633.3696899414062,24523100
2024-08-07,609.9463799449885,651.9013346488542,598.2817443530611,628.9483642578125,26801200
2024-08-08,629.324745878139,649.2674847343474,622.7398830662601,635.34521484375,18790100
2024-08-09,645.0343227344332,663.754111522591,612.674404322658,645.2224731445312,26449500
2024-08-13,660.3676399566837,663.283770386326,641.8359439904799,652.0895385742188,20550100
2024-08-14,647.1978600019661,672.5025667385677,643.5291282363605,662.907470703125,20027400
2024-08-15,667.8932228092763,700.159038850635,667.2347250501778,682.3799438476562,17501400
2024-08-16,696.4902953969771,720.1017065718232,696.4902953969771,716.3389282226562,15833700
2024-08-19,705.5209735676187,719.4432426295976,702.3225888546013,707.0260620117188,12775800
2024-08-20,713.987274763615,721.2306354109732,705.6150689971774,710.3185424804688,13832300
2024-08-21,691.410531774264,704.9565569956101,689.5291425721572,694.89111328125,13011800
2024-08-22,712.858454080883,720.7603127698623,704.7685023784826,705.9913940429688,12836100
2024-08-23,709.1896842981271,718.8788272277181,708.3430361890947,715.30419921875,14473500
2024-08-26,722.453500299323,728.0976682704114,717.3737261591651,725.93408203125,12170100
2024-08-27,733.7418083530217,741.2673653617707,728.09764059646,740.9851684570312,14625400
2024-08-28,731.860484073553,735.5292164071964,726.4044662409274,731.39013671875,9485800
2024-08-29,730.9197998686905,733.9300344657827,726.3103727591946,732.0486450195312,9431800
2024-08-30,738.257129545153,744.7479454179243,736.7520411127,742.6784057617188,14017900
2024-09-02,745.9708653985704,750.2039913686757,741.5495890133711,746.9115600585938,8233900
2024-09-03,744.5598086723176,755.7540978712187,743.8072644422822,754.7192993164062,10040800
2024-09-04,724.3348835505698,724.9933812914321,713.1405942022466,717.9381713867188,18577500
2024-09-05,703.8277617922463,730.8257102358712,697.0547487023327,717.4678344726562,13576800
2024-09-06,716.3389486188793,723.8645055314873,708.8133917062712,713.1405639648438,11835000
2024-09-09,684.9197408582121,705.6150228306562,682.7561546805454,701.3818969726562,12600700
2024-09-10,705.4269195665116,715.3042130913864,702.6988821982261,702.9810791015625,11375700
2024-09-11,688.8706421423212,695.0792609339701,670.9974447930343,678.428955078125,16250600
2024-09-12,688.5884376858065,703.5455045853222,688.5884376858065,695.3614501953125,13527000
2024-09-13,695.3614723153634,702.8870292507776,688.9647604033499,691.5986938476562,14937000
2024-09-17,698.7479275135137,705.2387431278814,683.9790110193234,694.2326049804688,13713300
2024-09-18,705.4270158274644,712.2940760177805,699.5946968957278,711.25927734375,11395900
2024-09-19,718.5025826947345,723.9586003373736,714.6457574858292,719.255126953125,11658300
2024-09-20,735.9053946888814,752.3675506495225,731.4841184620777,742.114013671875,28593500
2024-09-24,756.2244478685224,756.318494366818,738.8215969409276,747.9462890625,10068600
2024-09-25,750.8625175268827,755.2837940793856,745.9708936265697,752.2735595703125,9499100
2024-09-26,756.4125456000043,761.3982731806636,751.1446785226918,758.7642822265625,13154900
2024-09-27,758.4773930915643,759.1466776523752,739.355310531051,753.027587890625,18960000
2024-09-30,725.8743391969518,747.4822713367581,724.7270024559067,744.5183715820312,13334600
2024-10-01,751.0198802493778,765.7439088824608,750.54182812955,753.6969604492188,13509400
2024-10-02,766.5087736636132,778.173256953003,763.2579959358259,766.7955932617188,18439200
2024-10-03,779.2249140898413,784.961539224245,768.9945875956275,771.00244140625,11598600
2024-10-04,791.7498498404506,805.9002384200518,786.9693289300361,792.3235473632812,19864800
2024-10-07,810.776391902005,817.3735344709547,802.0758666992188,802.0758666992188,12847000
2024-10-08,813.1665917693769,821.197890092202,797.1040534796937,800.8328247070312,17396800
2024-10-09,822.2496446237056,825.8828290566626,805.9958725788184,807.9080810546875,19316900
2024-10-10,809.8202161253244,815.1743760300474,803.1274870664373,803.414306640625,9878300
2024-10-11,805.6133636920266,812.6885580100308,804.6572595061325,805.23095703125,11117400
2024-10-15,803.1275281103972,803.8923997993086,766.0306968164917,767.2736206054688,20940700
2024-10-16,761.0589441302675,769.5682948630565,754.3662147220867,757.8081665039062,13649500
2024-10-17,766.7955681358823,770.9068045232724,755.7047827620901,759.0511474609375,12431000
2024-10-18,764.2140126707665,764.8832972270329,741.3631591796875,741.3631591796875,15028500
2024-10-21,742.8929673710286,750.5418010119143,738.303678857691,744.80517578125,11122800
2024-10-22,742.797366640816,751.2110718199585,736.3914569131164,738.016845703125,10643000
2024-10-23,739.2597184411203,748.3427075956913,736.3914060765189,741.3631591796875,9627300
2024-10-24,727.9777495892225,744.4226948816552,726.2567153719496,736.8695068359375,9530000
2024-10-25,736.200254080311,738.5905146455068,723.4840795446634,726.8304443359375,9832200
2024-10-28,717.0782092282517,730.4636691338458,709.7161946089801,726.0656127929688,15094700
2024-10-29,726.0655712117406,735.530968017893,725.8743386957033,732.75830078125,10058200
2024-10-30,732.853846168393,744.9963807963231,732.56702658864,740.5982666015625,26338200
2024-10-31,740.5027145864428,744.231544367678,734.2880371883642,742.3193359375,13028800
2024-11-01,737.1563050165344,744.327086193738,733.8099404671726,737.2518920898438,10999000
2024-11-05,744.8051750201188,745.7612792242525,733.0451049804688,733.0451049804688,11291400
2024-11-06,741.9368076708404,753.2188247760854,738.5904432032528,741.1719360351562,12757000
2024-11-07,759.6248263310181,765.5526843499184,745.092030065448,751.2111206054688,12641600
2024-11-08,757.2345868297613,757.4258193562162,736.7739319745474,740.2159423828125,13505800
2024-11-11,732.3757895382352,739.7378032713664,724.9181887311018,728.933837890625,14812300
2024-11-12,725.6830669872335,735.7221607993099,719.755209446052,724.0576782226562,16913500
2024-11-13,730.9416504717435,785.439589094228,709.6205387871231,774.5399780273438,46352600
2024-11-14,754.3662548066549,771.4805442593596,748.8208618164062,748.8208618164062,19075700
2024-11-15,750.541819135777,762.4931219882576,750.541819135777,757.42578125,15080400
2024-11-18,753.4101566978217,763.8317164716908,748.6296353989776,760.4853515625,11916100
2024-11-19,763.9272687214991,768.7077898023596,756.5652545857799,762.3018798828125,12211900
2024-11-20,760.0072971115867,770.4287984976562,755.4179499939338,755.8004150390625,9210000
2024-11-21,758.9555221895187,761.5370152684023,749.6812995351437,752.7408447265625,9738000
2024-11-22,762.7798940903479,780.4678212106644,761.9194353521291,777.2171020507812,15610700
2024-11-25,780.0854410410701,784.0054449232989,772.9146595326254,779.03369140625,44817000
2024-11-26,765.4570489069451,772.3410112653684,748.9164568435489,758.0950927734375,13893200
2024-11-27,755.2266913856058,764.9789070302934,753.4100701583199,763.3535766601562,9847900
2024-11-28,761.1545345435195,777.3127189564661,760.1984303381611,774.253173828125,10058500
2024-11-29,765.0745250180679,779.7984933855714,764.9788795929239,773.2969970703125,10623100
2024-12-02,778.6512873181316,785.3440167481785,776.5478463974944,783.7186279296875,10175800
2024-12-03,781.0415155585127,790.889376784646,780.1809984678158,786.6824951171875,12105000
2024-12-04,795.4787059605909,797.1996818744078,785.248379200721,794.14013671875,12148100
2024-12-05,798.34701835094,800.9285113988376,783.7186355541467,785.9176635742188,10512300
2024-12-06,784.865973247412,794.9050675025012,776.4522094726562,776.4522094726562,7730800
2024-12-09,777.5039665721363,781.6152030638467,761.0589622493236,770.4287719726562,10281500
2024-12-10,784.7702888263624,785.9176254982833,770.1419067382812,770.1419067382812,9388800
2024-12-11,774.4443682986328,775.7829374627702,768.3252783425285,771.48046875,8705700
2024-12-12,783.9099005492433,793.470943081343,779.6074314097984,791.17626953125,10546100
2024-12-13,784.5791093793796,792.5148211891757,778.0776122734497,782.09326171875,9167200
2024-12-16,782.2845094543317,785.0571767672834,768.803404508284,770.04638671875,7264700
2024-12-17,766.5087867331066,773.3927489848745,753.4101468738764,753.6013793945312,9627600
2024-12-18,755.3223762463858,764.8834189836818,754.3662719726562,754.3662719726562,7582800
2024-12-19,741.936877099663,758.668701003328,727.0216745622126,750.4462280273438,13890900
2024-12-20,763.7360200081308,782.8581039259908,763.4492004205567,772.0541381835938,29573600
2024-12-23,779.224875114399,786.8737082443563,775.4004585494204,783.52734375,8604300
2024-12-24,779.3205109953939,783.909857845574,777.79076761598,779.03369140625,4091700
2024-12-25,784.0054762241992,784.0054762241992,773.4883295919234,781.9976806640625,5099900
2024-12-26,786.5869222707839,794.5225753108782,785.4395855810908,792.3235473632812,9170700
2024-12-27,788.7859469208654,797.1996520168277,788.7859469208654,797.1040649414062,6225500
2024-12-30,797.3909450654778,803.7012097775639,789.1684718520357,790.0289306640625,7249000
2025-01-06,802.9362754220608,806.5694596200675,795.6699070260474,799.4943237304688,11148400
2025-01-07,796.7215917178632,801.597757989435,785.3439871294638,796.0523071289062,7781000
2025-01-08,796.0523275952621,798.7294660199187,788.3079069758493,788.5947265625,8251400
2025-01-09,788.4035431871035,789.5508799611787,770.237562391493,772.3410034179688,7427300
2025-01-10,769.6638601793946,773.8707418879796,763.4491830475114,771.193603515625,7785900
2025-01-14,777.886413842199,789.4553105690742,765.5527037234317,769.6639404296875,12010600
2025-01-15,773.4883112722865,777.4083152181759,761.3457760495993,765.8394775390625,9605100
2025-01-16,773.2014681604066,785.1527705050526,770.6199751827695,781.6151733398438,10648800
2025-01-17,781.6151852093459,792.6103835333918,771.2892714979577,790.7937622070312,9093500
2025-01-20,790.8894272904968,802.8407301135641,790.8894272904968,792.8016357421875,7646700
2025-01-21,783.1449391287796,787.638640610271,771.5761014701897,771.767333984375,10699900
2025-01-22,769.3770681681483,771.5760961762671,749.4901123046875,749.4901123046875,14568500
2025-01-23,745.761261760886,754.1749668890459,742.4148971247794,753.4100952148438,10102000
2025-01-24,759.1467466261339,761.2501875700955,743.5622595945496,747.0042114257812,11635800
2025-01-27,749.7769525173352,760.2940990989566,749.7769525173352,754.9398803710938,8058900
2025-01-28,749.1076403663242,752.8364700870509,742.510498046875,742.510498046875,9072800
2025-01-29,749.4901118887365,753.0276507730658,744.2315387454722,745.9525146484375,7360500
2025-01-30,745.9525112092716,751.4023168401771,745.8568657753441,750.7330322265625,6677400
2025-01-31,751.0198781452569,755.8003993301409,746.143769879064,752.5496215820312,9393000
2025-02-03,743.849080712455,744.2315457415848,731.4197258933523,736.3914794921875,11406900
2025-02-04,744.6139520259072,746.5261604586167,725.8743327277416,732.8538818359375,13926300
2025-02-05,736.104690463718,737.2519688868053,725.2050785966074,732.2802734375,11362100
2025-02-06,732.2802354337866,740.4071211927328,732.1845899995113,734.1924438476562,8238200
2025-02-07,732.3758529370501,740.8852040746606,731.1329290875942,738.3037109375,7246600
2025-02-10,740.5027105896233,751.3066764906214,738.3992696565866,748.2471313476562,7711500
2025-02-12,754.9398770243095,762.9711759025138,746.6218169041341,755.0355224609375,13506300
2025-02-13,755.0355414594294,764.692171087613,749.5857355375158,758.190673828125,13039900
2025-02-14,755.5135715047066,795.956768617311,743.8490882693909,771.5761108398438,27766000
2025-02-17,783.049331497954,821.2934990924816,783.049331497954,805.1353149414062,27756300
2025-02-18,809.8202910463069,819.3813334435479,799.0163248086191,801.980224609375,12642600
2025-02-19,804.4660654851446,818.4251629120521,797.1040517643918,798.5382080078125,11990600
2025-02-20,802.7450396772613,818.0427064332335,799.3030879995545,808.959716796875,12410200
2025-02-21,812.6885507973631,821.7715404827453,806.2826411375314,811.25439453125,11621600
2025-02-25,801.3109807016581,807.9081236334811,775.8786299746389,777.6952514648438,15278400
2025-02-26,769.8550437267189,770.71550241514,750.5417289662047,761.5369262695312,11884900
2025-02-27,762.0151060681042,772.8190726887157,760.3897171317705,766.1263427734375,8843300
2025-02-28,768.5166019923981,778.2688772358356,760.1028960718542,763.8317260742188,14262100
2025-03-03,785.8220585061496,787.8298539663461,767.2736138446514,776.8346557617188,11199700
2025-03-04,764.8833978014628,769.6639190377219,752.9320947108149,761.8238525390625,12087400
2025-03-05,751.4978618584257,765.8394241076322,751.4978618584257,763.3535766601562,8614900
2025-03-06,763.3536221913176,772.9146642610688,763.2579767570384,768.3253173828125,7536600
2025-03-07,760.1028788512766,782.4757416466465,760.1028788512766,774.7312622070312,12326500
2025-03-10,770.6199930991132,775.5917466612692,764.4053157354107,764.7877807617188,8238200
2025-03-11,750.4462066743471,752.3584150660707,728.9338622674557,746.1437377929688,16547800
2025-03-12,744.9007548328163,764.3097166722014,742.3193201916089,760.2940673828125,11761600
2025-03-13,770.4287816585447,778.2688480645414,766.9868297515078,773.775146484375,8704000
2025-03-14,772.5321932570798,789.4552492607617,768.7077764587774,784.9615478515625,10641000
2025-03-17,793.4708790921987,803.8923795981661,789.6464623877774,799.4943237304688,8731500
2025-03-18,801.2153116146219,808.9597322150488,800.259207424151,803.988037109375,10486600
2025-03-19,804.6572278354699,817.1822271912904,799.7811200217168,811.732421875,13315500
2025-03-21,817.5646648279725,821.006674905772,811.1588134765625,811.1588134765625,21758300
2025-03-24,807.6212409778003,816.0349463871061,804.5616958227882,810.6807861328125,6288200
2025-03-25,813.6447164518822,818.9988769075316,808.1949105576846,814.7920532226562,8290800
2025-03-26,822.2496452730292,825.8828297088553,815.5569156022023,823.2057495117188,10437000
2025-03-27,813.2621812292624,820.7198404177499,808.0992537402718,819.6680908203125,11604400
2025-03-28,822.289401644105,823.5514632549963,801.6108252364227,804.620361328125,9320000
2025-03-31,760.9331672522168,769.6705984998922,753.3607386884643,759.4769287109375,20415200
2025-04-01,781.5146942698162,788.6988282046551,763.0690058336343,764.7194213867188,13840700
2025-04-02,770.4473132546991,770.6414902610827,748.7008513933062,752.6812133789062,10444800
2025-04-03,714.5276948472844,728.0221953947043,709.7706253509862,718.9934692382812,13927900
2025-04-04,679.0925953740659,691.2279169497283,647.0553464143172,669.8697509765625,19890600
2025-04-07,582.4954158913641,614.1443097863291,572.7871589598415,595.1161499023438,21027200
2025-04-08,642.686622642775,656.666536625626,631.5221269322132,640.4537353515625,14125900
2025-04-09,614.1443298050369,614.5326837967558,588.1262122313665,603.659423828125,15171700
2025-04-10,695.8878866834146,695.8878866834146,654.0453205040363,662.006103515625,19579500
2025-04-11,615.5035029012531,641.1333254620324,610.5523154598409,639.9683227539062,16756200
2025-04-14,646.4728417619983,647.9290802769259,637.4441155658495,641.6187133789062,10090500
2025-04-15,648.5115861028941,648.7057630993339,640.356626288423,644.2399291992188,7771300
2025-04-16,646.6669487702296,647.8319514137522,632.6870948114466,636.8616333007812,7745900
2025-04-17,646.5699262997767,662.103137742414,641.6187388542359,659.7731323242188,11640500
2025-04-18,669.8697347099744,680.7429944286301,667.0543164709882,676.2771606445312,10489800
2025-04-21,675.6947481880665,676.1801610818798,657.7344711169756,660.8411254882812,8698700
2025-04-22,658.12278761352,665.5010394770379,656.0840180230347,662.1031494140625,8392200
2025-04-23,679.6750461531681,680.4517541136642,661.5206530392863,663.2681274414062,11137600
2025-04-24,660.9380984671008,666.6659935714788,658.2197984659283,662.491455078125,8989700
2025-04-25,665.0156087092123,671.4230346679688,662.1031315907778,671.4230346679688,10007900
2025-04-28,669.966845258179,675.8889180528107,666.1806602791551,672.4910278320312,8982700
2025-04-30,669.9668250351305,674.0443050278872,661.4235703030935,665.889404296875,11526100
2025-05-01,671.4230136367015,672.8792521503044,663.7535263510911,665.3068237304688,7872600
2025-05-02,672.7821899181698,675.9859027811666,666.7630589078295,672.1026000976562,9838900
2025-05-07,672.7822360124864,681.2284317786947,667.1514585865143,678.9955444335938,15889700
2025-05-08,678.5100956929922,679.8692161007854,670.646372083163,676.8596801757812,11079400
2025-05-09,688.3154407973569,697.3441082122051,685.7913176076574,691.6162719726562,18537900
2025-05-12,710.6444372340279,711.6152629679542,648.9970031297099,683.3642578125,44645600
2025-05-13,684.4320790907916,687.9270277077551,652.4918916980901,660.1614379882812,34120900
2025-05-14,655.598603568808,668.5105739259373,649.4824133211679,665.015625,22892100
2025-05-15,655.7927336216684,666.1805800391877,655.5985566386829,663.9476928710938,14615700
2025-05-16,660.9381469526353,665.7922756159985,656.9577851504777,661.6177368164062,10867200
2025-05-19,655.3073398686898,657.8314629574961,647.8319702148438,647.8319702148438,14197200
2025-05-20,651.812401326404,658.2198272706016,649.2882189434637,653.074462890625,13132100
2025-05-21,662.7827247447574,666.8602045818212,659.0935988938897,665.1126708984375,15045800
2025-05-22,658.2198012693941,659.8702167517947,653.0744370926712,656.66650390625,11371300
2025-05-23,655.3073579946171,661.0352534181475,653.1715295695126,659.2877197265625,10789000
2025-05-26,656.2781985132541,658.9964987272018,651.5211286979702,655.7927856445312,10946900
2025-05-27,654.5306784287081,655.4043859788285,647.1523677855455,650.841552734375,13501600
2025-05-28,656.2781611189171,662.1031152116885,653.7540380471817,656.5693969726562,15273700
2025-05-29,658.2198219706726,664.9185429757131,657.1519374067376,663.2681274414062,52672800
2025-05-30,656.0840289612609,665.4039916992188,655.7927930876218,665.4039916992188,19505800
2025-06-02,662.9768984281076,673.2676272114434,661.7147776065203,671.4230346679688,14248700
2025-06-03,673.3646964531042,678.6071790488436,663.656439242105,676.1801147460938,13052200
2025-06-04,677.6363463495818,689.2862548828125,675.2092820718254,689.2862548828125,13933800
2025-06-05,678.6071701508826,679.9663498444006,664.7243743720861,668.5105590820312,15472400
2025-06-06,671.1318091454742,676.1801147460938,668.5105678476045,676.1801147460938,11069500
2025-06-09,678.7041976087487,682.7816772460938,675.0150719385779,682.7816772460938,10368900
2025-06-10,683.7525504098717,688.1212661988444,681.2284272113765,687.24755859375,11081700
2025-06-11,688.0241894882989,698.0236824062227,683.8496508046413,696.5674438476562,10800500
2025-06-12,702.8778285735027,710.935670282216,697.9266410519258,708.5086059570312,14060300
2025-06-13,708.7027761218435,732.5850651496291,707.5377734060858,721.1293334960938,25474500
2025-06-16,729.0901252208143,730.5463638197907,702.8778304392405,705.1107177734375,19716300
2025-06-17,698.5091261251655,707.4407348632812,695.402471878712,707.4407348632812,13394700
2025-06-18,711.6152085986413,717.245985574307,707.7319059596309,715.207275390625,11249900
2025-06-19,710.4502211657597,713.3626982073694,699.6740798136026,706.858154296875,8809100
2025-06-20,708.702773587306,709.0911275760028,700.0624010020445,705.2078247070312,18166700
2025-06-23,715.013130431367,717.4401946894504,697.732444764713,699.96533203125,12789700
2025-06-24,683.4612542901177,694.9169850537406,679.6750105716558,686.2766723632812,11923300
2025-06-25,685.4029564507417,685.6941923150475,674.23846070119,681.0342407226562,11071900
2025-06-26,682.8788150599544,691.324951171875,678.9955122941985,691.324951171875,9923600
2025-06-27,689.2862421626677,695.1111963217888,686.9562367972201,688.8978881835938,10179800
2025-06-30,698.0236706481062,699.7711450380502,691.0337138338319,694.2374267578125,11214500
2025-07-01,688.41252092888,696.9558349983255,686.373810539968,696.2762451171875,9405800
2025-07-02,693.1695027651476,707.1494155983432,691.2278514968979,703.7515258789062,11797900
2025-07-03,701.5186398376876,708.9940097141259,698.6061626848805,704.722412109375,10480600
2025-07-04,704.042847794699,706.1786763017994,695.7908288957439,702.1011962890625,8076300
2025-07-07,702.5866013802325,702.8778372519506,690.7425154761918,692.9754028320312,6517700
2025-07-08,690.2570624521971,701.4215578364451,689.38329563337,699.5769653320312,12065800
2025-07-09,708.7027408132033,722.1001232406906,705.4019098254254,718.9934692382812,14577600
2025-07-10,711.0327516393596,714.5277003850966,704.819443586386,707.8289794921875,11001100
2025-07-11,713.1685891898803,721.1293723798931,707.9261655680448,717.9256591796875,8351200
2025-07-14,725.2068131099873,725.9834618353765,716.8577356166787,721.61474609375,8182100
2025-07-15,718.4110467952922,722.1972908788515,715.7898054493282,720.0614624023438,7895200
2025-07-16,720.0614250305475,726.1776150173611,718.2168325205494,720.8380737304688,9382300
2025-07-17,708.7998144245136,716.0810071185929,705.0136297762909,715.0131225585938,10086300
2025-07-18,716.8576908631036,719.6730497236886,711.9064444456678,715.207275390625,9864500
2025-07-22,719.7701886830689,725.6922016772313,713.3627035904778,721.8088989257812,8596100
2025-07-23,729.0900951408684,745.5941319150292,727.6338566019718,740.1575317382812,13250600
2025-07-24,749.1861804322891,756.0790189786801,743.7495211345404,750.9336547851562,11624500
2025-07-25,756.2732080388824,756.5644438932611,749.6716052368109,752.7782592773438,9520000
2025-07-28,752.3899541652788,755.4966084075711,748.2154153027459,751.4191284179688,6799900
2025-07-29,752.4870083906019,761.1273811900959,750.739533907137,759.671142578125,10946700
2025-07-30,761.3215672808565,767.5348165467626,756.4674385163196,766.369873046875,8409200
2025-07-31,765.7872533663981,772.6801509665629,764.0397790644178,770.4472045898438,10293000
2025-08-01,767.4377290834756,776.3693375283893,765.010664791624,771.4180908203125,10356500
2025-08-04,747.8270467995593,757.3411270877928,746.4679263323832,754.4286499023438,7734200
2025-08-05,759.185729434816,764.8165068815142,753.3607749890245,760.1565551757812,8876900
2025-08-06,764.0398220530525,787.0484028781037,763.2631733478626,783.1651000976562,13213100
2025-08-07,782.3885083774915,791.9025890316434,778.9906181971155,789.9609375,8122500
2025-08-08,795.2032899060831,825.8814169128274,780.6409047222005,809.3773803710938,31771700
2025-08-12,813.5519424529847,821.609783970056,805.2999239436167,810.6394653320312,14964700
2025-08-13,806.6590767383158,818.6972795508276,804.9115431204137,816.6585693359375,12008800
2025-08-14,820.3477401180205,832.9684745813747,819.8623272540453,822.5806274414062,17260500
2025-08-15,823.2602203568636,843.3563248509087,820.9302148993364,840.44384765625,11415000
2025-08-18,844.1329564073609,852.1907979643748,840.832125285452,848.3074951171875,9074800
2025-08-19,848.3074964121032,850.8316788193275,839.2788291295103,845.8804321289062,8175900
2025-08-20,840.2496553578986,857.530341213955,835.9779985150536,844.9096069335938,8793100
2025-08-21,843.0650855119661,850.4433373395964,837.8226028813604,846.7542114257812,7969500
2025-08-22,847.9191884474924,853.7441426362651,843.7445905419399,849.86083984375,9052000
2025-08-25,854.3266405184788,861.9961874703879,843.8417345084703,846.268798828125,7468100
2025-08-26,844.6183508831522,844.6183508831522,833.2596784514103,837.337158203125,11333700
2025-08-27,828.6968220774513,838.7934334035534,818.7944470033707,838.0167846679688,9792800
2025-08-28,841.9000434570248,852.7733029485937,837.337150899773,851.8995361328125,9155000
2025-08-29,854.3266232816171,857.2391004064408,848.987081886107,854.1324462890625,8290600
2025-09-01,854.3266573975989,862.0932633739407,852.8704187770347,859.1807861328125,5747200
2025-09-02,863.0640325024549,882.4805461695518,862.0932068191,875.5877075195312,10716600
2025-09-03,876.8498237803243,879.0827111404933,861.2194937501396,864.034912109375,11158500
2025-09-04,862.0932097215328,877.0439489973314,859.957381360062,869.7627563476562,7308900
2025-09-05,872.2868931933399,872.8693649127047,861.1223976210266,864.8115234375,6194300
2025-09-08,866.0735799817755,874.519775390625,859.9573899458838,874.519775390625,7110700
2025-09-09,871.995633948125,873.9372852999336,862.093200203002,863.0640258789062,7358000
2025-09-10,859.5690771474495,866.9473285825234,851.899530606007,863.0640258789062,9328500
2025-09-11,866.9473337910014,878.5001831054688,860.5399079933371,878.5001831054688,10824500
2025-09-12,878.3060417275456,882.8689344676023,875.2964464394445,877.7235107421875,9762100
2025-09-16,877.3351794904767,902.6737060546875,874.9081152887516,902.6737060546875,11343200
2025-09-17,899.4700466126316,901.6058750879762,888.5967864918324,895.97509765625,8447100
2025-09-18,899.4700335898353,900.8292133056943,885.1988835913146,896.0721435546875,6520700
2025-09-19,898.4021120195654,908.4016047176966,891.0238012656404,895.8779296875,15201200
2025-09-22,896.0721581864061,915.2944959910757,895.8779811874699,912.867431640625,8450700
2025-09-24,922.2844360098945,925.0998543058298,912.9645327793838,923.6436157226562,9223900
2025-09-25,935.8760091094437,947.0405050687368,930.730644561713,943.8367919921875,10583200
2025-09-26,946.069619353249,952.3799862345174,937.8176011238979,941.40966796875,12654500
2025-09-29,941.7061417183392,941.7061417183392,928.9589935346673,935.8760375976562,8488400
2025-09-30,928.0696971043454,932.81280097916,912.9510271169448,928.7614135742188,8805500
2025-10-01,915.2237599952983,922.8325205559207,902.2789698696062,912.1604614257812,8995900
2025-10-02,910.0853622708854,915.6189733564838,900.302661613597,913.5438842773438,8364000
2025-10-03,904.4529217743107,915.4214137306559,903.6624145019583,904.8482055664062,5562600
2025-10-06,931.824657888699,932.7140162574426,914.1367637997985,919.7692260742188,9429300
2025-10-07,924.4135340860108,930.9352943813373,919.2751464199583,921.646728515625,6891400
2025-10-08,932.8128191380417,944.1765346254225,930.2436554134565,941.4097290039062,10553800
2025-10-09,939.7298556075184,957.3188986763954,936.7654081134883,956.3307495117188,8014900
2025-10-10,946.8445328367504,949.5125476188956,916.9036254882812,916.9036254882812,9668800
2025-10-14,903.5635978945492,917.496476646186,895.4607628828023,904.7493286132812,10671400
2025-10-15,904.7493575437009,916.0142822265625,900.895611960919,916.0142822265625,7654400
2025-10-16,923.6230167673218,924.808807802243,916.1130470873793,920.6585693359375,6189800
2025-10-17,910.8758915169384,915.3225627754618,901.2908325195312,901.2908325195312,7020700
2025-10-20,912.555764098696,922.437255859375,910.4806749536892,922.437255859375,5299200
2025-10-21,927.2792008799298,932.5163793938649,919.1763656617728,921.4490966796875,5160300
2025-10-22,917.0024492646069,929.6507468472679,913.0498525005353,928.66259765625,5776400
2025-10-23,923.9194512115345,945.2634486335044,917.792914445946,941.3108520507812,8131000
2025-10-24,951.2912206774425,952.0817279532819,941.0144451560134,942.5955200195312,5823300
2025-10-27,953.4651480124578,960.1845502338879,947.9314765328154,959.39404296875,7197400
2025-10-28,957.2200792599741,959.9868847759626,936.765380100476,941.5084838867188,6833200
2025-10-29,940.7180126290045,943.4848182508396,933.208103039475,939.0381469726562,6171000
2025-10-30,943.4848252308007,958.7023467312329,939.7298704082566,956.627197265625,24388800
2025-10-31,966.2122301420507,977.1807219320058,951.5876347339484,961.271484375,11460900
2025-11-04,962.5560488116918,981.2320915982666,957.812945023433,977.575927734375,10590300
2025-11-05,964.4335645025698,967.3980119344425,925.2040314250876,953.1686401367188,11772900
2025-11-06,958.4058871772248,970.9553331650641,950.8959174307871,966.0145874023438,8172900
2025-11-07,953.3663009959606,964.9276582726551,952.378151832343,964.6312255859375,5992800
2025-11-10,979.4534830998989,995.560302734375,977.477184732188,995.560302734375,10452400
2025-11-11,1004.9476946930388,1007.9121421700094,985.481144198564,993.0899047851562,8910000
2025-11-12,996.5484259329021,1016.311409094685,950.1054155027123,999.018798828125,19091900
2025-11-13,976.2913799998483,1018.2877197265625,968.3861866395257,1018.2877197265625,13117800
2025-11-14,1014.335140799837,1035.580348327549,1004.9477235201501,1032.121826171875,11699900
2025-11-17,1033.1100089780746,1043.4855757827324,1022.7344421734167,1041.50927734375,8172800
2025-11-18,1030.145531540492,1037.556650472438,985.184743353353,985.3823852539062,9402000
2025-11-19,994.5721524976778,1006.4299426913909,985.975242544868,1001.4891967773438,7672200
2025-11-20,1012.852924121661,1028.169236632769,1007.9121781503358,1020.7581176757812,7285600
2025-11-21,1005.9358370096533,1019.2758505652823,996.5484200630996,1004.45361328125,14013100
2025-11-25,1010.8766190568371,1015.8173649955313,996.5484558346238,1001.9832763671875,6122400
2025-11-26,1017.7936491419057,1032.1218121638065,1013.841052446209,1024.710693359375,7504900
2025-11-27,1032.6158989800347,1034.5921973512884,1012.8529152674982,1013.841064453125,4835600
2025-11-28,1012.8528793401722,1023.2284454212179,1010.3825064637327,1016.3114013671875,5467900
2025-12-01,1019.7699384670814,1026.6869826233503,1004.4536264067715,1017.7936401367188,7677600
2025-12-02,1028.6633139655444,1039.03888053292,1018.781821996615,1033.1099853515625,8613700
2025-12-03,1052.3788985915962,1059.2959429954847,1028.6633177782646,1039.532958984375,7961700
2025-12-04,1047.4380944692343,1057.3195859264913,1036.5684538662517,1051.884765625,8003500
2025-12-05,1058.8018138326295,1060.2840375570802,1047.9321731866576,1058.3077392578125,5886900
2025-12-08,1063.7425678436166,1073.6240594167111,1049.4144050626298,1071.1536865234375,6917800
2025-12-09,1072.141815580414,1089.9285000785221,1065.2247716089273,1069.1773681640625,9143800
2025-12-10,1077.08260950118,1085.9759521484375,1073.1300127690656,1085.9759521484375,6247500
2025-12-11,1096.8456181178185,1098.8219165288417,1064.2366943359375,1064.2366943359375,5345000
2025-12-12,1075.1062656179008,1087.4581298828125,1067.2010724883576,1087.4581298828125,7531200
2025-12-15,1096.8455750906965,1104.7507684246834,1090.9166800902062,1102.2803955078125,5559800
2025-12-16,1100.7981960608854,1105.738942003708,1073.6240933753609,1080.5411376953125,6711900
2025-12-17,1061.2722328902964,1066.7070534497905,1039.53295065232,1056.8255615234375,6808300
2025-12-18,1069.6715111267004,1073.6241079345589,1057.813720703125,1057.813720703125,6027700
2025-12-19,1061.766259585281,1080.5410933983294,1060.2840358631984,1070.16552734375,10482900
2025-12-22,1089.9285186990335,1093.8811153216952,1080.5411017202111,1083.011474609375,4612800
2025-12-23,1082.023391410525,1090.4226597456752,1080.047092978725,1083.505615234375,3410700
2025-12-24,1083.9996537823804,1090.4226234720663,1082.023355416323,1085.9759521484375,2920300
2025-12-25,1086.9640853321816,1090.422607421875,1083.5055632424883,1090.422607421875,1796600
2025-12-26,1090.422653502864,1094.8693249489565,1083.9996836362864,1088.9404296875,4513900
2025-12-29,1088.9404075128568,1099.810048604183,1085.9759599424951,1098.8218994140625,4522800
2025-12-30,1096.8455509506268,1109.1974152631337,1092.3988797981242,1093.881103515625,4746700
2026-01-05,1106.2330521453027,1124.0197381110156,1099.8100822132399,1108.2093505859375,7697500
2026-01-06,1126.4900447632456,1167.9923095703125,1125.007821020136,1167.9923095703125,9843000
2026-01-07,1149.2175342268438,1159.0990263526119,1123.5256546998464,1125.501953125,7719900
2026-01-08,1131.4308238789297,1156.6286282535261,1127.4782271142872,1147.2412109375,8989000
2026-01-09,1158.1108298362776,1179.3560370389057,1146.2530397696946,1157.1226806640625,7926900
2026-01-13,1185.7789948453608,1205.047903511598,1184.296771101804,1198.130859375,8736000
2026-01-14,1223.8227338655922,1224.3168084452714,1207.0241981564964,1221.846435546875,7891400
2026-01-15,1222.3405160787722,1231.727933138391,1213.4471736012388,1216.41162109375,8174600
2026-01-16,1216.9057517487652,1224.3168708215348,1208.0124088614416,1215.9176025390625,4949000
2026-01-19,1203.0716689752073,1216.9057579819037,1189.731654575893,1210.4827880859375,5033900
2026-01-20,1200.6012020923224,1208.0123206237565,1192.696008992126,1195.1663818359375,4956700
2026-01-21,1196.154563228257,1216.41162109375,1194.6723394820015,1216.41162109375,7236100
2026-01-22,1225.304930080621,1246.0560619610185,1217.8938115519074,1237.1627197265625,6962100
2026-01-23,1240.6212918593378,1250.5027836304198,1227.2812779683773,1242.103515625,5770600
2026-01-26,1213.941307863499,1228.2694714483755,1206.5301887678734,1222.340576171875,6396900
2026-01-27,1214.9294053841252,1229.257568359375,1201.589391579582,1229.257568359375,5629400
2026-01-28,1229.257560227965,1230.2457093921355,1209.9886515266423,1216.41162109375,6649500
2026-01-29,1220.8582420123578,1256.9256850179838,1204.5537814755678,1253.4671630859375,7626400
2026-01-30,1284.593918087577,1299.4161556039721,1256.9257413903063,1283.1116943359375,10888400
2026-02-02,1294.475457168501,1298.4280539842825,1247.5383699810934,1251.490966796875,8250900
2026-02-03,1281.135407929717,1304.3569135882967,1269.7716923946675,1302.380615234375,7737700
2026-02-04,1332.0250766154759,1362.6577007809651,1314.2383916161593,1355.24658203125,8079200
2026-02-05,1361.6695230429875,1376.9858348043565,1330.5428249473025,1340.42431640625,7271700
2026-02-06,1343.8828180923408,1380.4443359375,1342.8946689613906,1380.4443359375,7107900
2026-02-09,1423.9229150424937,1427.8755116144368,1396.2547390388922,1406.13623046875,7734000
2026-02-10,1422.9348361006505,1443.6859691271181,1418.4881647378359,1443.19189453125,9534000
2026-02-12,1472.8362836187464,1485.1881477886452,1455.049599214092,1470.8599853515625,12733200
2026-02-13,1453.0734036063277,1470.8600892676088,1391.8081529952483,1408.606689453125,17543200
2026-02-16,1406.630375542186,1414.041494486033,1382.914794921875,1382.914794921875,6823000
2026-02-17,1403.1717629805155,1417.0058507845488,1386.8673023543336,1404.159912109375,5757800
2026-02-18,1405.642178214707,1426.393310546875,1383.9028967238644,1426.393310546875,6534200
2026-02-19,1438.7451631789274,1441.7096106305323,1425.4051496467052,1437.262939453125,5867800
2026-02-20,1444.1800598731409,1452.57932809683,1422.4407774118276,1438.7452392578125,7132100
2026-02-24,1457.5200639967247,1458.0141385946897,1416.0177977676653,1437.757080078125,8044700
2026-02-25,1416.5118448045519,1426.8874111599393,1386.3732949150933,1422.934814453125,8271600
2026-02-26,1450.1089309929566,1450.1089309929566,1422.9348283678758,1430.345947265625,7155700
2026-02-27,1427.8755524337932,1476.2948618242817,1419.4762844783004,1470.365966796875,11494600
2026-03-02,1520.267450243698,1534.1015381887169,1474.812589852921,1525.7022705078125,15512800
2026-03-03,1496.0578681590027,1521.7497470045337,1422.9348283678758,1430.345947265625,14656000
2026-03-04,1348.8235875571645,1373.5273162670028,1289.0405640793563,1316.708740234375,16257800
2026-03-05,1351.2939797870642,1398.725139589462,1342.8947119053896,1390.8199462890625,15014700
2026-03-06,1361.17542788397,1384.396932461301,1356.7287567946942,1380.4443359375,10914100
2026-03-09,1336.4717902192833,1357.7169979750797,1291.5110017128304,1317.202880859375,17406300
2026-03-10,1335.4836105464442,1359.199190755926,1330.0487900817714,1344.376953125,13764200
2026-03-11,1357.2228242746246,1369.5746883470185,1348.3294821425013,1355.7406005859375,7560000
2026-03-12,1360.6814573164568,1366.6103525553085,1317.6969668347822,1336.4718017578125,9959400
2026-03-13,1323.1317203107817,1356.7287916256187,1312.7561541694351,1347.83544921875,8707100
2026-03-16,1359.1992384595085,1360.6814622746224,1312.2621509808996,1312.7562255859375,8176600
2026-03-17,1318.6850450603563,1353.2702654253712,1316.214672177141,1341.4124755859375,6708800
2026-03-18,1363.645854258057,1432.816296140712,1362.6577050883047,1421.9466552734375,11191400
2026-03-19,1390.8199108061015,1398.7251039048217,1351.2939453125,1351.2939453125,16930200
2026-03-23,1262.36051237256,1292.0049862443225,1251.984946517443,1278.1708984375,12392200
2026-03-24,1334.0013687468088,1337.9539653949475,1309.297639695942,1330.5428466796875,8309900
2026-03-25,1383.4088170251182,1386.8673390676809,1352.282118642053,1359.6932373046875,8116700
2026-03-26,1386.373281002725,1391.314026836662,1369.5747451673392,1385.3851318359375,7465600
2026-03-27,1392.3021958870686,1420.4644475426978,1387.3614499825724,1417.5,11470900
2026-03-30,1390.5,1445.0,1381.5,1436.5,14625700
2026-03-31,1435.0,1441.0,1394.5,1410.5,17172900
2026-04-01,1449.5,1497.0,1439.0,1497.0,12000600
2026-04-02,1503.0,1515.0,1436.5,1439.0,12223400
2026-04-03,1440.0,1464.5,1439.0,1463.0,4340900
2026-04-06,1456.0,1490.0,1449.5,1460.0,5381800
2026-04-07,1472.0,1483.5,1463.0,1471.5,7753800
2026-04-08,1519.0,1519.0,1436.0,1464.0,15201100
2026-04-09,1466.5,1483.5,1439.0,1443.5,11136900
2026-04-10,1450.0,1464.5,1416.5,1425.5,10342900
2026-04-13,1430.5,1458.0,1426.5,1427.5,6821700
2026-04-14,1419.5,1435.5,1392.5,1430.0,7867700
2026-04-15,1429.5,1441.5,1402.5,1413.5,8113700
2026-04-16,1414.0,1423.5,1406.5,1406.5,8629400
2026-04-17,1410.5,1413.0,1375.0,1375.0,9142200
2026-04-20,1372.0,1376.0,1328.5,1337.5,7077200
2026-04-21,1344.0,1359.0,1325.5,1325.5,7127700
2026-04-22,1320.0,1330.0,1310.0,1319.0,6805400
2026-04-23,1310.0,1314.5,1287.0,1298.0,7812700
2026-04-24,1317.0,1318.0,1284.5,1299.5,5771200
2026-04-27,1286.0,1294.0,1257.5,1284.0,5581800
2026-04-28,1302.0,1307.5,1285.0,1300.5,7276900
2026-04-30,1320.0,1329.5,1276.0,1320.5,13650300
2026-05-01,1306.5,1325.5,1278.5,1325.5,7852500
2026-05-07,1333.0,1342.0,1311.0,1311.0,11850400
2026-05-08,1293.5,1295.0,1266.5,1289.5,9943600
2026-05-11,1281.0,1317.0,1280.5,1305.0,6914000
2026-05-12,1357.0,1384.0,1343.5,1371.0,11062800
2026-05-13,1343.0,1374.0,1335.5,1351.5,8703600
2026-05-14,1341.0,1380.0,1266.0,1315.5,20291300
2026-05-15,1369.0,1390.0,1350.0,1386.0,12202500
2026-05-18,1381.0,1397.5,1358.0,1358.0,9521800
2026-05-19,1370.0,1370.0,1340.5,1360.0,9436800
2026-05-20,1361.0,1361.0,1305.5,1313.5,8484900
