Date,Open,High,Low,Close,Volume
2020-01-06,412.64077088223445,419.0312252985522,405.3373944064427,407.1632385253906,5528300
2020-01-07,414.46657548870957,418.11826337847793,409.90196562649913,416.29241943359375,3965300
2020-01-08,408.98906337388144,413.5536734561792,403.51153127512407,408.0761413574219,5098100
2020-01-09,414.4665945870536,416.2924386160715,411.7278285435268,415.3795166015625,2828500
2020-01-10,414.4665796656302,418.11826759219963,411.7278137207031,411.7278137207031,2009800
2020-01-14,410.814903056727,412.6407470703125,404.4244490091779,412.6407470703125,3785500
2020-01-15,408.9890441894531,414.4665760312762,408.076122215816,408.9890441894531,2628800
2020-01-16,410.8149267632865,413.5536929417084,406.2503164659166,407.1632385253906,2642300
2020-01-17,408.98908472374177,417.20538330078125,407.1632405955108,417.20538330078125,3956900
2020-01-20,417.20534922057834,419.9441151892036,412.6407392728696,414.4665832519531,2848600
2020-01-21,415.3795052414949,419.9441151892036,413.55366126241137,414.4665832519531,2820700
2020-01-22,385.25307743467135,401.68567315463366,385.25307743467135,397.1210632324219,13942100
2020-01-23,389.8177264763327,392.5564927045037,387.07896024816176,387.99188232421875,6768000
2020-01-24,387.0789489746094,394.38232537035674,385.25310487567253,387.0789489746094,4764400
2020-01-27,383.4272347315968,391.64353261870247,382.5143127441406,382.5143127441406,5275300
2020-01-28,382.51435123873557,382.51435123873557,377.03681876276323,380.6885070800781,5381700
2020-01-29,378.86262902891,381.6013950218901,377.03678503359,377.94970703125,4856500
2020-01-30,378.8626102381901,379.77553219057125,370.64631266675946,371.5592346191406,5391700
2020-01-31,375.2109297412937,381.60138353250795,373.3850858009468,377.0367736816406,6273500
2020-02-03,364.2558933087249,371.5592696156668,361.5171271936217,366.9946594238281,8283400
2020-02-04,365.16879628373135,369.733406237278,364.25587429302203,367.9075622558594,5308000
2020-02-05,372.4721984863281,374.2980425965552,369.73343232098745,372.4721984863281,4505000
2020-02-06,378.8626471947604,387.991867609092,377.03680311189413,384.3401794433594,7245900
2020-02-07,386.1660381721048,389.8177264763327,382.51434986787683,387.99188232421875,5314700
2020-02-10,383.4272574019262,387.991867609092,381.60141331905993,384.3401794433594,3740900
2020-02-12,388.9047930735462,389.81771512301464,384.3401828262041,387.0789489746094,3582100
2020-02-13,387.991867609092,389.8177116919583,384.3401794433594,384.3401794433594,4095000
2020-02-14,378.86261762198757,379.775539592161,375.2109297412937,377.0367736816406,5190500
2020-02-17,373.38512054144167,374.2980425965552,367.90758821076037,372.4721984863281,2967300
2020-02-18,371.55925730213266,377.0367893508128,370.6463352940193,373.3851013183594,3064900
2020-02-19,373.3850977855363,374.29801978501195,370.6463317871094,370.6463317871094,2787000
2020-02-20,375.2109612358941,379.77557146990745,366.99466281467016,369.7334289550781,5614800
2020-02-21,370.64637031177483,377.94974706668665,368.8205261230469,368.8205261230469,5698500
2020-02-25,354.2137530232958,359.69128528654267,351.47498689167236,352.3879089355469,8665000
2020-02-26,348.73616790771484,353.30077743530273,345.9974021911621,350.56201171875,5876700
2020-02-27,344.17155838012695,346.9103240966797,342.3457145690918,343.2586364746094,5903900
2020-02-28,332.3035929475322,335.95528078212044,324.08729531970863,327.7389831542969,10140400
2020-03-02,319.52268906061164,333.2165185917807,316.7839231543778,330.4777526855469,8380600
2020-03-03,335.04240971570573,338.69409810497774,326.82611083984375,326.82611083984375,7785000
2020-03-04,322.2614549668454,333.2165185917807,319.52268906061164,330.4777526855469,8072600
2020-03-05,329.56486448523117,334.129474796661,326.8260982983733,333.216552734375,5160900
2020-03-06,324.08735103883606,325.9131952700408,314.0452077672101,314.9581298828125,7479600
2020-03-09,300.35136966705323,303.0901359558105,291.2221487045288,292.13507080078125,11069600
2020-03-10,284.8317018904776,293.960923104916,275.7024806760392,290.3092346191406,14087300
2020-03-11,294.87384522635983,305.8289106836859,290.3092346191406,290.3092346191406,11319000
2020-03-12,283.0058481160877,288.48338066027003,276.6153934812083,282.0929260253906,14771600
2020-03-13,262.00863973683323,276.61539317163925,255.6181851091056,264.7474060058594,16387000
2020-03-16,270.2248960881895,270.2248960881895,255.61814494828738,256.53106689453125,13326100
2020-03-17,250.14064189554497,266.573238808391,244.66310959126298,263.83447265625,16609200
2020-03-18,264.74740923468164,283.00585125086656,262.0086429322539,267.4861755371094,14807400
2020-03-19,273.87665097076115,278.44126182027384,267.48619578144337,276.61541748046875,15934300
2020-03-23,275.7024474673801,281.17997953626843,258.3569292492337,262.9215393066406,15660000
2020-03-24,270.22492045740927,283.0058288574219,265.66031031454764,283.0058288574219,11517000
2020-03-25,295.7867530616554,304.0030517578125,290.3092205975507,304.0030517578125,11549400
2020-03-26,300.35136148203975,303.0901276961617,293.0479849110479,293.9609069824219,10476800
2020-03-27,302.1772202643795,314.9581298828125,300.3513760331748,314.9581298828125,12949800
2020-03-30,296.6996797701207,302.17721231972297,291.22214722051854,299.4384460449219,13600000
2020-03-31,293.04795568129595,300.3513315238205,278.44120399624694,279.3541259765625,9960500
2020-04-01,276.6153916736577,288.48337877516775,269.3120149958053,272.05078125,9172700
2020-04-02,268.39904806497213,269.31196999716593,260.1827506752281,261.0956726074219,14211900
2020-04-03,276.61537413041077,288.4833604792403,255.6181675132509,258.35693359375,10457600
2020-04-06,256.5310951515481,274.7895360876013,251.96648491753473,271.1378479003906,11092100
2020-04-07,283.00583678406554,285.74460294649197,270.2249280260755,281.17999267578125,10828900
2020-04-08,281.17999267578125,285.74460294649197,273.87661624264405,281.17999267578125,7242800
2020-04-09,283.0058133070636,288.4833451775229,280.26704737183394,286.6575012207031,10448100
2020-04-10,286.65753041143,297.6125952679178,283.91876419730806,293.9609069824219,7948400
2020-04-13,287.57047509365395,288.4833972368084,278.4412536621094,278.4412536621094,6553900
2020-04-14,272.05078302772296,284.83169229748177,271.13786093702595,282.0929260253906,7736500
2020-04-15,274.7895245938688,277.5282906197213,266.57322651631125,270.22491455078125,9862400
2020-04-16,265.6602897121482,269.311977543243,262.92152383882706,266.5732116699219,6524800
2020-04-17,268.39905517578126,276.61535278320315,268.39905517578126,273.8765869140625,6256500
2020-04-20,271.1378591652684,274.7895475041946,271.1378591652684,272.05078125,3567400
2020-04-21,268.39909102277056,269.31201310107934,262.0086364746094,262.0086364746094,7799200
2020-04-22,258.3569421320616,258.3569421320616,251.96648773303534,252.87940979003906,6166100
2020-04-23,255.618174199827,264.7473947069637,253.79233009839965,263.83447265625,5504300
2020-04-24,260.1827955574825,264.7474060058594,257.44402928845636,264.7474060058594,4111100
2020-04-27,263.834438194223,268.3990478515625,260.1827504683514,268.3990478515625,7864100
2020-04-28,268.39907490838436,270.2249189553802,262.92154276739694,265.6603088378906,5404300
2020-04-30,272.96372080318264,283.00586437788166,272.0507986600282,278.4412536621094,8981900
2020-05-01,270.22491539849176,272.9636814329359,262.00861729515924,262.9215393066406,5883200
2020-05-07,259.26985256913775,260.1827745852263,251.05355442434117,251.9664764404297,7401400
2020-05-08,255.618174199827,263.83447265625,252.87940804768598,263.83447265625,7795800
2020-05-11,267.4861725742377,282.0929260253906,265.6603283928436,282.0929260253906,7350400
2020-05-12,276.6153721633962,276.6153721633962,272.96368408203125,272.96368408203125,5169600
2020-05-13,264.7473868143927,271.13784097887805,262.00862074389903,265.6603088378906,5851400
2020-05-14,263.83448871813323,266.5732550370066,260.18280029296875,260.18280029296875,6244600
2020-05-15,263.83448713387236,269.3120197387278,263.83448713387236,267.4861755371094,6737000
2020-05-18,269.3119933870104,269.3119933870104,262.00861729515924,262.9215393066406,4367600
2020-05-19,273.87661404079864,275.70245813440397,270.224925853588,271.1378479003906,6726700
2020-05-20,259.2698285368835,270.2248917144983,259.2698285368835,268.3990478515625,8274900
2020-05-21,274.7895360876013,275.70245813440397,268.39908175998266,271.1378479003906,6066500
2020-05-22,272.05075942145453,272.9636814329359,262.00861729515924,262.9215393066406,8338800
2020-05-25,265.6603053410848,266.5732273525662,260.18277327219647,262.9215393066406,6530600
2020-05-26,263.8344824874161,272.05078125,261.0957162332215,272.05078125,10309900
2020-05-27,272.050749566145,287.570423199113,270.2249056093252,286.6575012207031,11444900
2020-05-28,293.9608903530829,309.4805646884941,293.04796833335286,304.91595458984375,17208400
2020-05-29,293.96088590120013,293.96088590120013,277.5282897949219,277.5282897949219,12294100
2020-06-01,276.61541748046875,283.91879483968904,274.78957314066366,276.61541748046875,6235300
2020-06-02,281.179981343521,283.91874739556823,278.44121529147367,280.2670593261719,8345300
2020-06-03,292.1350661057692,296.6996765136719,288.48337777944715,296.6996765136719,10921600
2020-06-04,309.48059062957765,311.3064348220825,289.3963045120239,292.13507080078125,11205600
2020-06-05,294.87380481901624,306.7417907714844,293.96088282267254,306.7417907714844,9131600
2020-06-08,317.6968688964844,321.3485570447198,312.21933667413117,317.6968688964844,10566700
2020-06-09,315.8710373685507,319.5227256618287,306.7418166353556,311.3064270019531,8868400
2020-06-10,304.00306615631376,311.30644312103,301.2642997945452,307.6547546386719,8424400
2020-06-11,298.52550694279773,301.26427306153903,285.7445983886719,285.7445983886719,10095100
2020-06-12,271.1378241535935,287.57041955684156,269.3119802198993,283.9187316894531,14944800
2020-06-15,279.3541346369563,285.74458869727886,270.22491455078125,270.22491455078125,8193600
2020-06-16,282.0928760364743,298.52547075704564,281.17995410755367,297.612548828125,11864600
2020-06-17,291.2221340710604,293.96090022219886,285.74460176878335,288.4833679199219,8876700
2020-06-18,283.0058481160877,285.74461438817883,279.3541597532994,282.0929260253906,7488700
2020-06-19,282.09290783610567,283.0058298679377,275.70245361328125,275.70245361328125,11977100
2020-06-22,275.70243082682293,278.4411966959635,273.8765869140625,273.8765869140625,5050400
2020-06-23,275.70245361328125,281.1799858042736,272.05076548595304,275.70245361328125,9127200
2020-06-24,273.8765873321115,274.78950928988525,266.5732116699219,266.5732116699219,9670600
2020-06-25,260.1827862460691,260.1827862460691,251.96648773303534,252.87940979003906,14793400
2020-06-26,258.3569421320616,259.26986418906534,251.05356567603158,252.87940979003906,7689100
2020-06-29,248.31480958887832,249.22773168295507,240.0985107421875,240.0985107421875,15743800
2020-06-30,243.75015643126983,250.14060997066642,241.92431256287082,242.8372344970703,9159100
2020-07-01,247.40186006968256,248.31478206255963,238.272640140912,239.18556213378906,9344500
2020-07-02,239.18558864811072,245.57604330664805,238.27266655403398,240.0985107421875,13261500
2020-07-03,242.83725010529727,244.6630940910514,237.35971814803494,239.18556213378906,5926200
2020-07-06,241.01140510948906,250.140625,240.09848312043795,250.140625,7299800
2020-07-07,250.14060997066642,251.05353190486593,242.83723449707034,242.8372344970703,7502000
2020-07-08,243.7501675651522,250.14062139644832,241.01140163745387,247.40185546875,9627300
2020-07-09,249.22773420545792,249.22773420545792,243.75020158555773,246.4889678955078,6505300
2020-07-10,242.8372504655705,243.75017245980197,235.53387451171875,235.53387451171875,9895000
2020-07-13,241.92432709854015,251.05354698905109,241.01140510948906,250.140625,9039900
2020-07-14,246.48894478293025,250.14063285378847,242.83725671207202,248.31478881835938,6175300
2020-07-15,251.96647940591873,261.09569967424915,251.96647940591873,258.35693359375,10150500
2020-07-16,262.00863973683323,271.137860633587,260.1827955574825,264.7474060058594,12515900
2020-07-17,263.83446575474824,264.74738778158127,257.44401156691697,258.35693359375,6743500
2020-07-20,254.70524992359628,258.3569380945439,251.05356175264868,253.79232788085938,5717400
2020-07-21,252.87938704057174,253.79230901544744,248.31477716619318,251.0535430908203,5829500
2020-07-22,257.444016051807,260.18278218001774,253.79232788085938,253.79232788085938,5485800
2020-07-27,248.31478530146376,249.22770730624856,244.6630972823246,245.57601928710938,8036500
2020-07-28,225.49174674825466,225.49174674825466,213.6237600772939,214.53668212890625,26931900
2020-07-29,213.62373393290753,213.62373393290753,199.01698289476002,202.66867065429688,20867200
2020-07-30,203.5816123716293,205.40745642877394,194.45239208590598,198.1040802001953,13790200
2020-07-31,195.3653274091702,195.3653274091702,187.14902859289668,188.06195068359375,14512700
2020-08-03,188.06195389597042,195.36533074629935,188.06195389597042,190.80072021484375,10752000
2020-08-04,194.45238038471769,206.32036604200093,193.53945841108052,204.49452209472656,11424000
2020-08-05,198.10406827926636,206.32036604200093,195.36530235835485,204.49452209472656,10877100
2020-08-06,205.407470703125,209.05915907118055,203.58162651909723,205.407470703125,7085000
2020-08-07,206.3203696364348,209.9720575946018,204.49452565735132,207.23329162597656,9495500
2020-08-11,216.36252835901772,225.49174896488344,216.36252835901772,224.57882690429688,14204600
2020-08-12,223.66590813939354,230.96928473170024,223.66590813939354,227.31759643554688,13980100
2020-08-13,233.70805095381527,234.6209730278536,226.40467436150854,227.31759643554688,10720100
2020-08-14,225.49174105736518,228.23050714308215,223.66589700022053,226.4046630859375,4467200
2020-08-17,226.4046630859375,230.0563512002268,224.57881902879285,226.4046630859375,3799200
2020-08-18,225.49174556025753,225.49174556025753,219.1012912326389,221.84005737304688,7399900
2020-08-19,219.10129454077745,227.3175930860566,217.27545041960428,224.57882690429688,5109200
2020-08-20,224.57882690429688,230.96928132840287,223.6659048437103,224.57882690429688,8743200
2020-08-21,230.05636596679688,233.7080543154762,227.3175997052874,230.05636596679688,8669600
2020-08-24,230.0563592678163,230.0563592678163,223.6659048437103,224.57882690429688,4624300
2020-08-25,229.143424776703,233.7080348320158,228.23050276564044,230.96926879882812,7410100
2020-08-26,227.31758075457788,230.96926879882812,225.49173673245275,230.96926879882812,4293300
2020-08-27,228.23051112866113,228.23051112866113,224.57882295060256,225.4917449951172,5601800
2020-08-28,228.23051850958524,234.6209730278536,225.4917522874702,227.31759643554688,12608900
2020-08-31,231.88221339805452,239.18559019799324,230.9692912980622,232.79513549804688,9770600
2020-09-01,235.53388237953186,238.27264845371246,231.8821942806244,233.70803833007812,8851900
2020-09-02,234.6209648709848,236.44680895558392,228.23051057488794,229.1434326171875,7691700
2020-09-03,233.70803052325581,235.53387451171875,230.05634254632994,235.53387451171875,5320100
2020-09-04,230.96928009273498,233.70804625984252,230.05635803703248,231.8822021484375,5654700
2020-09-07,234.6209525174873,239.18556248864462,232.79510852902433,235.53387451171875,5769300
2020-09-08,237.35972595214844,239.18556999793418,235.53388190636267,237.35972595214844,4026800
2020-09-09,232.79510852902433,236.44679650595023,231.88218653479288,235.53387451171875,6948700
2020-09-10,237.35971814803494,240.0984841266661,233.7080301765267,239.18556213378906,5332400
2020-09-11,237.359706834815,239.18555073354435,235.53386293608565,238.2726287841797,5069000
2020-09-14,239.18554676027227,243.75015643126983,237.35970289187324,242.8372344970703,4688500
2020-09-15,241.01140611954315,241.92432811242023,236.44679615515787,239.18556213378906,5588600
2020-09-16,238.27264488732862,238.27264488732862,230.96926879882812,230.96926879882812,7225900
2020-09-17,229.14343720722974,231.88220338898947,223.6659048437103,224.57882690429688,6258500
2020-09-18,228.23051514664317,229.14343720722974,223.6659048437103,224.57882690429688,6373200
2020-09-23,220.01422263215028,220.01422263215028,211.79792386165505,212.71084594726562,8333500
2020-09-24,210.88497563412315,212.71081957900734,206.3203657719127,208.14620971679688,7477200
2020-09-25,209.97208116319445,211.79792534722222,201.75578233506943,205.407470703125,11234000
2020-09-28,207.23330190626243,215.44960021972656,202.66869173211566,215.44960021972656,6764200
2020-09-29,218.18836189998135,221.840049965253,215.4495958510276,220.0142059326172,8713500
2020-09-30,212.71083861512022,220.0142150482574,209.05915039855165,210.88499450683594,10847900
2020-10-02,215.4495936030835,215.4495936030835,204.4945295215708,206.32037353515625,12016500
2020-10-05,213.62375564575194,220.01420987447102,213.62375564575194,219.10128784179688,10023100
2020-10-06,218.18836146763394,225.49173758370537,218.18836146763394,223.6658935546875,6556100
2020-10-07,219.1012912326389,221.84005737304688,216.36252509223092,221.84005737304688,3893800
2020-10-08,223.66589853319073,223.66589853319073,215.44960021972656,215.44960021972656,6745100
2020-10-09,212.71082758270532,214.53667159629077,206.32037353515625,206.32037353515625,10973800
2020-10-12,206.32038544111722,206.32038544111722,201.75577514374737,203.5816192626953,5682400
2020-10-13,205.40745236458037,205.40745236458037,197.19115426999716,199.01699829101562,9957300
2020-10-14,196.2782487415132,197.19117082868306,190.80071621849424,191.71363830566406,10307600
2020-10-15,192.62654851635858,196.27823663989145,191.71362648547534,194.452392578125,7084000
2020-10-16,196.27822912134832,196.27822912134832,191.71361914178206,192.6265411376953,6375900
2020-10-19,195.36532592773438,197.1911700952833,193.53948176018545,195.36532592773438,8413100
2020-10-20,195.36531858624153,196.27824063570995,191.71363038836785,193.5394744873047,5027700
2020-10-21,193.53947392216438,198.10408415617766,193.53947392216438,197.191162109375,8374000
2020-10-22,195.36530712543507,196.27822912134832,192.6265411376953,192.6265411376953,6405100
2020-10-23,195.3653219533521,197.19116608375725,193.53947782294694,196.2782440185547,7749000
2020-10-26,196.27823663989145,197.19115867077466,194.452392578125,194.452392578125,5279000
2020-10-27,193.53945952195386,193.53945952195386,188.97484962756818,189.8877716064453,8890500
2020-10-28,188.06193634957978,188.06193634957978,179.8456381595496,180.75856018066406,12659500
2020-10-29,176.19396421224764,186.2361072502514,175.28104211788366,184.41026306152344,8692600
2020-10-30,180.75854524311268,181.67146718878496,173.45516967773438,173.45516967773438,13686100
2020-11-02,178.01979748170768,184.4102517502818,177.10687544333993,183.49732971191406,12550300
2020-11-04,190.80071695568492,190.80071695568492,182.5844181394114,188.06195068359375,16223000
2020-11-05,180.7585721529447,180.7585721529447,175.28103966346154,178.01980590820312,21302200
2020-11-06,177.1068838266226,180.7585721529447,175.28103966346154,178.01980590820312,18288400
2020-11-09,178.01977157592773,178.9326934814453,171.6293182373047,171.6293182373047,12596600
2020-11-10,178.93271189722523,186.23608789303034,178.01978989774958,185.3231658935547,28300600
2020-11-11,188.97485023498535,191.7136161804199,180.75855239868164,182.5843963623047,14859100
2020-11-12,181.67147438049315,188.97485023498535,178.01978645324706,182.5843963623047,13422600
2020-11-13,178.93270486744527,182.58439272188295,178.01978290383587,179.8456268310547,9025000
2020-11-16,182.58441887279548,188.06195143897935,173.4551979291557,184.41026306152344,33786700
2020-11-17,188.0619393697599,189.88778344131097,181.67148511933118,187.14901733398438,20373400
2020-11-18,180.7585721529447,181.67149423452526,175.28103966346154,178.01980590820312,27440100
2020-11-19,177.10688454193593,179.84565079773907,171.62935203032967,174.3681182861328,16172200
2020-11-20,172.54226629227554,176.19395446777344,171.62934424840105,176.19395446777344,8962400
2020-11-24,178.93270874023438,180.75855270697144,176.19394279012874,178.93270874023438,16209800
2020-11-25,181.67147789565215,187.14900989250597,181.67147789565215,185.3231658935547,25770800
2020-11-26,182.58439272188295,185.32315861271118,179.8456268310547,179.8456268310547,11497700
2020-11-27,180.75855270697144,180.75855270697144,178.0197867568658,178.93270874023438,9767000
2020-11-30,178.9326934814453,178.9326934814453,171.6293182373047,171.6293182373047,60288700
2020-12-01,171.62934424840105,176.19395446777344,170.7164222045266,176.19395446777344,14177000
2020-12-02,177.1068765116479,178.93272059939684,174.3681103800245,176.19395446777344,10212300
2020-12-03,177.10687255859375,178.93271660558958,175.28102851159795,177.10687255859375,13869800
2020-12-04,178.01980590820312,178.93272798978367,176.1939617450421,178.01980590820312,8813300
2020-12-07,178.93272871247135,180.7585728830068,174.3681182861328,174.3681182861328,11297100
2020-12-08,174.36811093930845,175.28103298611111,171.62934479890046,172.54226684570312,12821300
2020-12-09,172.54227341871996,178.01980590820312,172.54227341871996,178.01980590820312,11898500
2020-12-10,177.10687209620622,181.67148220177853,177.10687209620622,180.75856018066406,11908800
2020-12-11,180.75856065258537,180.75856065258537,175.28102851159795,177.10687255859375,12710000
2020-12-14,178.01979748170768,183.49732971191406,177.10687544333993,183.49732971191406,12578800
2020-12-15,182.58439577542816,190.80069358532245,180.7585518176739,189.8877716064453,19262700
2020-12-16,191.7136324895337,206.32038544111722,190.80071043005972,203.5816192626953,42007300
2020-12-17,205.4074696132115,208.146235874721,190.80071621849424,191.71363830566406,30817800
2020-12-18,191.71362220694166,199.92992030152487,190.80070019643242,199.01699829101562,15095500
2020-12-21,199.929928249783,203.58161643699364,195.36531801576967,197.191162109375,13074800
2020-12-22,194.452392578125,200.84284679430752,192.62654851635858,194.452392578125,12581000
2020-12-23,196.27824949986726,197.1911715905643,187.14902859289668,188.06195068359375,14704300
2020-12-24,191.71361556419959,195.36530347970816,189.8877716064453,189.8877716064453,11833700
2020-12-25,191.71361914178206,193.53946313360856,190.80069714586884,192.6265411376953,5802000
2020-12-28,191.71363904638196,192.62656113707902,187.14902859289668,188.06195068359375,10608800
2020-12-29,191.71363759263653,196.27824801150885,190.80071550886208,195.36532592773438,16493700
2020-12-30,196.27823614305066,199.01700222876764,192.62654802876133,198.1040802001953,12952800
2021-01-04,200.84283910091455,201.7557610968278,189.8877751499556,192.6265411376953,20587900
2021-01-05,190.80071550886208,195.36532592773438,188.97487134131316,195.36532592773438,11545500
2021-01-06,195.36532072742958,204.49454132216928,194.4523986679556,203.5816192626953,18014300
2021-01-07,207.23328748242608,217.2754291665965,205.40744353984965,211.7978973388672,30945700
2021-01-08,211.79788977581524,212.71081171450408,205.40743620499322,209.9720458984375,15338300
2021-01-12,210.88497536757896,215.44958522402007,209.97205339629073,211.7978973388672,13853900
2021-01-13,211.79792459146424,213.62376876897687,208.146236236439,209.0591583251953,12223800
2021-01-14,206.32035814368209,210.88496783712637,204.49451426630435,209.9720458984375,17980600
2021-01-15,210.88497563412315,211.79789760656524,206.3203657719127,208.14620971679688,10958600
2021-01-18,206.32035841383376,209.05912423348641,201.75574871441268,202.66867065429688,12630700
2021-01-19,204.4945401278409,210.88499450683594,202.66869601955662,210.88499450683594,14112600
2021-01-20,210.8849827693059,214.53667078262723,207.2332947559846,213.62374877929688,13665000
2021-01-21,215.4495958510276,222.7529719815709,214.5366738347097,220.0142059326172,23660200
2021-01-22,219.10126891317248,220.92711282078224,215.44958109795292,216.3625030517578,13002800
2021-01-25,219.10129238696808,219.10129238696808,213.6237600772939,214.53668212890625,10284800
2021-01-26,216.362526232131,216.362526232131,210.8849939224568,214.53668212890625,9805500
2021-01-27,211.79789328273338,216.3625030517578,211.79789328273338,216.3625030517578,10205300
2021-01-28,210.88498455545178,233.7080348320158,210.88498455545178,230.96926879882812,32840100
2021-01-29,228.23048845122133,230.0563323588311,216.3625030517578,216.3625030517578,29283400
2021-02-01,216.3625289664781,224.57882753482536,215.4496069033284,220.92713928222656,12050500
2021-02-02,220.92713477254398,230.05635521769042,219.1012906835147,225.4917449951172,18018500
2021-02-03,232.79510359330612,258.356918889826,232.79510359330612,251.0535430908203,48265400
2021-02-04,251.96647940591873,263.83446575474824,251.96647940591873,258.35693359375,30555200
2021-02-05,270.22490617340685,295.7867216222426,268.39906221277573,279.3541259765625,79938800
2021-02-08,281.1799657889118,290.3091854573829,278.4411998883704,283.9187316894531,35410200
2021-02-09,292.1350943688119,295.786783048422,269.31204012124846,276.61541748046875,34494800
2021-02-10,276.6153812649884,294.87382227257837,275.7024592146089,288.4833679199219,40736000
2021-02-12,289.39630126953125,290.309223355555,275.7024699791749,289.39630126953125,27802300
2021-02-15,293.0479911137553,293.96091320445237,280.2670818439965,282.0929260253906,28786400
2021-02-16,283.00581389782474,283.00581389782474,272.05075013403797,279.3541259765625,29416100
2021-02-17,277.5283218625992,291.22215353345115,277.5283218625992,287.5704650878906,22189200
2021-02-18,290.3091941656068,290.3091941656068,273.8765982694404,274.7895202636719,29000300
2021-02-19,274.78955234358335,277.5283186460111,262.0086429322539,267.4861755371094,24399900
2021-02-22,274.78955234358335,274.78955234358335,264.74740923468164,267.4861755371094,20054800
2021-02-24,271.1378591652684,278.4412358431208,266.5732487416107,272.05078125,22576200
2021-02-25,279.3541758052638,280.26709794841827,272.96372080318264,278.4412536621094,20073500
2021-02-26,273.8766095496171,280.26706377244153,272.05076548595304,275.70245361328125,22102700
2021-03-01,277.52830003244804,285.7445983886719,272.96368983454596,285.7445983886719,21304600
2021-03-02,285.74459143026644,290.3092015170119,276.6153712567755,280.2670593261719,21685500
2021-03-03,281.1799693502438,293.0479550695723,280.26704737183394,286.6575012207031,26334700
2021-03-04,287.57041955684156,289.39626349053583,279.35412185521756,283.9187316894531,17244500
2021-03-05,287.57046031951904,292.13507080078125,283.00584983825684,292.13507080078125,23127400
2021-03-08,297.6126083131821,303.09014098152284,284.8316987537203,287.5704650878906,30891900
2021-03-09,293.96087190998134,307.65470134678174,290.3091840601679,305.828857421875,44057800
2021-03-10,305.82887227556347,314.045170336698,296.6996522076362,309.4805603027344,36324500
2021-03-11,309.48058422191724,317.6968829180743,301.26428552576016,304.0030517578125,30201800
2021-03-12,304.00303700919574,304.91595904225636,293.9608946455286,300.3513488769531,21561200
2021-03-15,303.0901184082031,308.5676506685923,301.26427432140673,303.0901184082031,19668300
2021-03-16,303.090061012758,304.0029828832784,297.61252978963586,298.52545166015625,18351900
2021-03-17,296.69968128204346,297.6126033782959,288.4833824157715,292.13507080078125,22807700
2021-03-18,293.04799775623144,293.04799775623144,283.9187766423301,287.5704650878906,23594300
2021-03-19,286.65753501145997,292.13506752760253,283.00584666736495,289.39630126953125,24476800
2021-03-22,284.83165785845586,286.65750181908703,279.3541259765625,279.3541259765625,20792300
2021-03-23,281.179981343521,285.74459143026644,279.35413730882277,280.2670593261719,15220200
2021-03-24,275.7024233033057,278.4411890977094,266.5732039886267,268.3990478515625,23525300
2021-03-25,272.9636875177851,281.1799858042736,272.05076548595304,275.70245361328125,15873300
2021-03-26,282.0928919175092,288.48334577971815,278.44120399624694,279.3541259765625,15936700
2021-03-29,283.9187588382077,285.74460294649197,277.5283044592127,281.17999267578125,17490800
2021-03-30,283.9187766423301,288.4833871992808,283.00585453094,287.5704650878906,19281100
2021-03-31,286.6575429765005,292.13507564484127,283.9187766423301,287.5704650878906,17972500
2021-04-01,289.39627587167837,289.39627587167837,276.6153677890175,277.5282897949219,22801400
2021-04-02,277.5283155719053,282.0929260253906,274.78954929981415,282.0929260253906,14897300
2021-04-05,279.35419288048377,285.7446482731746,279.35419288048377,284.83172607421875,8957900
2021-04-06,282.09295049988395,282.09295049988395,272.96372880085863,276.61541748046875,18091700
2021-04-07,278.4412265133548,283.00583678406554,277.5283044592127,281.17999267578125,12602600
2021-04-08,279.35413380673054,280.2670558126349,274.78952377720884,277.5282897949219,8664200
2021-04-09,279.3541259765625,283.00581389782474,277.5282820159314,279.3541259765625,10215900
2021-04-12,283.0058288574219,286.6575169717112,281.1799848002772,283.0058288574219,14336500
2021-04-13,282.0929102303502,286.65752042825227,280.26706615118934,285.7445983886719,14414400
2021-04-14,282.0929135672654,288.4833679199219,279.35414741612686,288.4833679199219,13244400
2021-04-15,288.4833871992808,294.8738419790117,285.7446208651104,287.5704650878906,14425300
2021-04-16,286.65752042825227,287.5704424678327,281.17998819076973,285.7445983886719,11012600
2021-04-19,283.9187508859942,283.9187508859942,280.2670627717049,283.0058288574219,10092500
2021-04-20,280.26706836841726,280.26706836841726,270.224925853588,271.1378479003906,21768200
2021-04-21,263.8344424644823,263.8344424644823,253.7923010557996,256.53106689453125,25151500
2021-04-22,259.26987023968314,263.8344806312269,257.4440260830657,262.0086364746094,15578000
2021-04-23,261.095706504109,265.6603167576773,258.356940351968,263.83447265625,8194800
2021-04-26,265.6603234242585,271.1378558659958,262.92155720338985,269.31201171875,9059100
2021-04-27,268.3990663040516,279.3541302348292,267.48614430982013,274.7895202636719,13215500
2021-04-28,274.7895281227137,274.7895281227137,271.13784004134874,272.96368408203125,8381900
2021-04-30,272.05075856801625,273.8766025852513,268.39907053354625,270.22491455078125,9830000
2021-05-06,273.8766429463371,279.3541758052638,272.96372080318264,278.4412536621094,14603700
2021-05-07,277.52833151895493,279.3541758052638,272.0507986600282,278.4412536621094,15413000
2021-05-10,280.26704382206464,284.8316536563002,279.35412185521756,283.9187316894531,9052000
2021-05-11,280.2671061600789,283.0058726697865,275.70249531056623,276.61541748046875,11400000
2021-05-12,273.8765869140625,274.7895088704427,261.0956795247396,273.8765869140625,25617700
2021-05-13,267.48613321940104,282.0928845214844,266.5732112630208,273.8765869140625,18278300
2021-05-14,273.87665097076115,279.35418399017635,270.224962291151,276.61541748046875,13281200
2021-05-17,280.2670706216391,282.0929147299234,276.61538240507053,281.17999267578125,14618000
2021-05-18,277.5283155719053,287.57045856957296,277.5283155719053,282.0929260253906,13858600
2021-05-19,278.44121620407867,281.1799822651024,272.96368408203125,272.96368408203125,15765200
2021-05-20,269.3119771321615,275.70243082682293,267.48613321940104,273.8765869140625,13537200
2021-05-21,272.0507860411556,273.87663024277407,267.4861755371094,267.4861755371094,12526100
2021-05-24,271.1378136459662,273.8765794403699,268.3990478515625,268.3990478515625,8929100
2021-05-25,270.2248995010167,271.1378214587904,265.6602897121482,266.5732116699219,10654300
2021-05-26,266.5732454978814,269.31201171875,264.7474013506356,269.31201171875,7658100
2021-05-27,269.3119697830304,272.96365750890203,268.3990478515625,268.3990478515625,8712300
2021-05-28,271.13786093702595,282.0929260253906,270.2249388463289,282.0929260253906,21759300
2021-05-31,277.5282897949219,280.2670558126349,275.70244578311315,277.5282897949219,8032500
2021-06-01,280.2670627717049,283.9187508859942,278.44121871456025,283.0058288574219,8613000
2021-06-02,282.0929277420044,292.13507080078125,281.1800056457519,292.13507080078125,18714800
2021-06-03,291.2220992328965,298.5254747622481,290.3091772917275,293.0479431152344,15056900
2021-06-04,296.6996607447105,301.26427091001375,292.1350505794073,300.3513488769531,15127300
2021-06-07,296.6996076338717,299.43837324279974,287.5703889374449,291.2220764160156,14015600
2021-06-08,291.2220764160156,294.8737638945863,288.48331080708755,291.2220764160156,8638800
2021-06-09,292.1349982856583,295.78668576422905,291.2220764160156,291.2220764160156,6158900
2021-06-10,291.2221454415788,292.13506752760253,286.65753501145997,289.39630126953125,7670900
2021-06-11,286.65751344761554,286.65751344761554,280.2670593261719,280.2670593261719,13188700
2021-06-14,283.9187702067847,288.48338066027003,282.0929260253906,282.0929260253906,7414400
2021-06-15,283.9187316894531,286.6574975899945,281.1799657889118,283.9187316894531,8026400
2021-06-16,284.83169229748177,288.48338066027003,281.18000393469356,282.0929260253906,8255000
2021-06-17,283.9187588382077,284.8316808923498,280.2670706216391,281.17999267578125,9365400
2021-06-18,279.35411865234374,279.35411865234374,272.9636649576823,273.8765869140625,12351100
2021-06-21,269.3120197387278,271.13786394034634,266.5732534363001,267.4861755371094,13051900
2021-06-22,274.7895088704427,275.70243082682293,272.05074300130207,273.8765869140625,9256100
2021-06-23,273.87661404079864,275.70245813440397,269.3120038067853,271.1378479003906,7420600
2021-06-24,272.96368408203125,275.702450143055,271.13784004134874,272.96368408203125,6081900
2021-06-25,276.6153934812083,283.0058481160877,276.6153934812083,282.0929260253906,10262600
2021-06-28,281.1799915168859,288.4833679199219,280.26706946650637,288.4833679199219,10174400
2021-06-29,284.8316536563002,289.39626349053583,281.1799657889118,283.9187316894531,11494800
2021-06-30,285.7446482731746,287.57049267108624,282.09295947735126,284.83172607421875,6261000
2021-07-01,284.8316987537203,288.4833871992808,284.8316987537203,287.5704650878906,8474600
2021-07-02,289.39629986102767,296.6996765136719,289.39629986102767,296.6996765136719,17795800
2021-07-05,294.87384522635983,297.61261159069136,289.3963124976968,290.3092346191406,11643300
2021-07-06,286.6575250006341,288.4833691089184,279.35414856749696,281.17999267578125,17187800
2021-07-07,274.7895315814492,280.26706377244153,273.8766095496171,275.70245361328125,12548000
2021-07-08,277.5283396503713,279.35418399017635,275.70249531056623,276.61541748046875,6910900
2021-07-09,275.70243805530026,280.26704795687806,272.05075013403797,279.3541259765625,17384900
2021-07-12,284.83169229748177,285.74461438817883,280.2670818439965,282.0929260253906,8036500
2021-07-13,281.18000393469356,283.9187702067847,281.18000393469356,282.0929260253906,6419300
2021-07-14,279.3541302348292,281.17997422329216,274.7895202636719,274.7895202636719,10162200
2021-07-15,272.9637000132415,273.8766220868644,269.31201171875,269.31201171875,17597100
2021-07-16,268.39908175998266,273.87661404079864,267.48615971318,271.1378479003906,9184100
2021-07-19,267.48612613277834,267.48612613277834,261.0956726074219,261.0956726074219,17327200
2021-07-20,255.61816450478372,257.4440085369608,251.9664764404297,251.9664764404297,15284700
2021-07-21,259.2698250500532,262.9215127268145,254.70521545410156,254.70521545410156,11331100
2021-07-26,258.3569380945439,260.18278218001774,251.96648379538559,253.79232788085938,13433400
2021-07-27,256.53111186780427,262.008644505551,254.70526765522206,260.18280029296875,14245900
2021-07-28,277.5283155719053,283.0058481160877,272.96370511842,282.0929260253906,60203600
2021-07-29,281.18002009157277,287.57047509365395,275.702487232646,278.4412536621094,26219400
2021-07-30,280.26704795687806,283.00581389782474,276.6153600356158,279.3541259765625,15723200
2021-08-02,276.61541748046875,281.18002832998144,272.96372880085863,276.61541748046875,12013500
2021-08-03,274.7895306002709,283.0058288574219,273.87660857169857,283.0058288574219,11286600
2021-08-04,280.2671061600789,282.09295049988395,275.70249531056623,276.61541748046875,9284200
2021-08-05,273.8765982694404,275.70244225790333,272.05075428097746,274.7895202636719,9958300
2021-08-06,272.9636797654001,277.5282897949219,272.05075775949575,277.5282897949219,7379800
2021-08-10,273.87661404079864,276.6153801812066,269.3120038067853,271.1378479003906,13926000
2021-08-11,273.8766017713045,280.2670558126349,272.05075775949575,277.5282897949219,13888000
2021-08-12,280.26704795687806,282.0928919175092,276.6153600356158,279.3541259765625,11099400
2021-08-13,275.702487232646,278.4412536621094,274.78956508949153,278.4412536621094,8375100
2021-08-16,273.8766061023725,275.702450143055,272.05076206168997,272.96368408203125,8660000
2021-08-17,273.8766070493718,274.7895290728697,265.6603088378906,265.6603088378906,13680900
2021-08-18,264.74736012569093,270.2248917144983,264.74736012569093,268.3990478515625,4913000
2021-08-19,264.7474027095356,266.5732468661531,261.09571439630065,262.0086364746094,10459900
2021-08-20,257.444009467737,259.2698535065153,244.66310119628906,244.66310119628906,23769100
2021-08-23,249.22770730624856,251.96647332060294,245.57601928710938,245.57601928710938,14913100
2021-08-24,246.48894523506735,249.22771129323476,243.75017917689993,244.66310119628906,13413500
2021-08-25,246.48893321644178,257.4439969149503,245.57601124156605,251.0535430908203,21346800
2021-08-26,247.40185546875,248.31477744464945,244.66308954105165,247.40185546875,11869200
2021-08-27,245.57604896629252,251.05358165699047,243.75020473605986,249.2277374267578,10794100
2021-08-30,255.61814494828738,258.356910787019,253.7923010557996,256.53106689453125,11057700
2021-08-31,252.8793791095557,257.44398884077515,251.05353521706795,256.53106689453125,11020400
2021-09-01,257.44401156691697,260.1827776474161,256.53108954008394,258.35693359375,9779300
2021-09-02,256.53110139029366,257.44402345929825,253.79233518327987,255.61817932128906,7820600
2021-09-03,256.5311007432535,260.18278901006136,256.5311007432535,259.2698669433594,12050200
2021-09-06,262.008644505551,262.92156661184214,259.26987818667766,260.18280029296875,11360500
2021-09-07,262.0086364746094,264.7474027095356,260.1827923179919,262.0086364746094,11466900
2021-09-08,258.35694683527544,269.31201171875,257.44402476165254,269.31201171875,17062400
2021-09-09,268.39904806497213,268.39904806497213,260.1827506752281,261.0956726074219,14480200
2021-09-10,260.1827923179919,263.8344806312269,260.1827923179919,262.0086364746094,10582900
2021-09-13,258.3569448766574,260.18278901006136,255.6181786765515,259.2698669433594,13004600
2021-09-14,262.9215618265086,267.4861722748855,262.00863973683323,264.7474060058594,16177000
2021-09-15,260.18280029296875,262.92156661184214,259.26987818667766,260.18280029296875,8927200
2021-09-16,263.83448871813323,265.66033293071547,258.3569560803865,260.18280029296875,13006200
2021-09-17,257.4440260830657,262.0086364746094,257.4440260830657,262.0086364746094,9612900
2021-09-21,253.79229353491124,257.44398121167256,252.8793716157209,254.70521545410156,11804400
2021-09-22,253.79230901544744,253.79230901544744,249.2276991410689,251.0535430908203,11726300
2021-09-24,257.44401156691697,259.26985562058303,253.79232345958482,258.35693359375,14061600
2021-09-27,261.0956987204011,266.57323086138854,261.0956987204011,265.6603088378906,14603900
2021-09-28,266.57322651631125,271.13783655939875,265.66030450769375,270.22491455078125,17180900
2021-09-29,267.48614430982013,275.70244225790333,267.48614430982013,274.7895202636719,21991000
2021-09-30,275.7024492394264,283.0058253782192,273.8766052047282,280.2670593261719,21682500
2021-10-01,276.61538240507053,282.0929147299234,273.87661624264405,281.17999267578125,13177000
2021-10-04,283.9187565556279,297.6125872576678,283.9187565556279,295.7867431640625,38429300
2021-10-05,296.6996894692475,299.438455833579,285.7446240119214,290.3092346191406,26744100
2021-10-06,290.30922805734053,290.30922805734053,265.66033133549087,267.4861755371094,41244100
2021-10-07,268.3990943645609,269.31201645423624,263.834483916184,264.7474060058594,17226000
2021-10-08,269.3119917417827,281.17997781853927,269.3119917417827,277.5282897949219,24714500
2021-10-11,278.4412317690642,294.8738290537959,277.5283096976902,293.9609069824219,24924000
2021-10-12,294.8738200176193,304.9159624949995,293.9608979742211,303.0901184082031,27775100
2021-10-13,301.26429356166295,319.5227355957031,300.35137145996094,319.5227355957031,38332600
2021-10-14,315.87103930386627,322.26149385625666,303.0901301990856,321.34857177734375,31240300
2021-10-15,325.9131202697754,338.6940269470215,324.08727645874023,335.95526123046875,35400300
2021-10-18,333.2165437825521,349.6491404622396,333.2165437825521,342.34576416015625,35221400
2021-10-19,341.43285003743927,344.1716162142102,333.21655150712655,340.5199279785156,23922100
2021-10-20,338.6940418444182,354.21371492084705,335.9552760074013,346.91033935546875,26715000
2021-10-21,352.3879112449852,355.12667739455765,337.7811584472656,337.7811584472656,24819500
2021-10-22,334.12948930941945,341.4328661249259,332.30364510554284,336.8682556152344,14129900
2021-10-25,333.216552734375,335.9553189212329,328.65194242294524,333.216552734375,18176900
2021-10-26,336.86824905773824,339.6070153102402,331.3907165527344,331.3907165527344,10287800
2021-10-27,330.47774497231285,332.3035888671875,323.17436939281424,332.3035888671875,12592500
2021-10-28,333.216552734375,337.7811630458048,329.56486448523117,333.216552734375,13850300
2021-10-29,337.7811711419056,339.6070153102402,329.56487238439973,331.3907165527344,11100400
2021-11-01,336.8682285431893,340.5199166574786,330.47777434318294,339.60699462890625,11736400
2021-11-02,340.51989014337113,343.2586560158379,328.651904696015,335.0423583984375,14760000
2021-11-04,340.5199646157136,347.8233418728871,335.0424316728335,345.99749755859375,21612500
2021-11-05,352.38785552978516,353.30077743530273,328.6518859863281,335.95526123046875,28097000
2021-11-08,336.86823639740817,351.47498919512776,336.86823639740817,337.7811584472656,19487200
2021-11-09,342.3457607146232,344.1716047717679,337.7811505717616,339.60699462890625,9167800
2021-11-10,342.34578666383453,351.4750076415368,340.5199424682941,344.171630859375,16646600
2021-11-11,345.0845067782665,352.3878825830975,343.2586628270587,347.8232727050781,15767300
2021-11-12,351.4749336242676,357.8653869628906,347.82324600219727,350.56201171875,15795300
2021-11-15,351.4749847715767,367.9075814621959,345.9974525413703,366.9946594238281,26036800
2021-11-16,368.82048065185546,374.2980125427246,361.5171047973633,365.1687927246094,22719500
2021-11-17,370.64636851691716,370.64636851691716,356.95253716777,358.77838134765625,18937900
2021-11-18,354.21372954699456,358.77833946383726,350.56204161352036,357.86541748046875,12737600
2021-11-19,351.4749790466938,356.95251118768124,349.649134999698,354.2137451171875,8726500
2021-11-22,355.1266851111303,360.6042175292969,345.0845423444917,360.6042175292969,12986100
2021-11-24,367.90757608069,383.42725050593,366.9946540556758,378.8626403808594,26730300
2021-11-25,383.4272382835641,388.90477025904363,374.29801832443167,385.2530822753906,16523000
2021-11-26,380.68849698235005,382.5143410925771,367.90758821076037,372.4721984863281,15159000
2021-11-29,361.51715741269584,362.43007952737435,348.7362478071965,349.649169921875,20836700
2021-11-30,358.7783498295018,361.51711585873466,334.12945556640625,334.12945556640625,23751800
2021-12-01,326.8260961845096,335.95531674832273,321.34856384622174,323.1744079589844,25894200
2021-12-02,317.6968424716427,317.6968424716427,304.00301305476154,313.1322326660156,21747600
2021-12-03,319.5226859502983,321.34852987001426,310.3934663517183,320.43560791015625,18041300
2021-12-06,315.8710373685507,322.26149188178726,308.56766078199456,311.3064270019531,17337100
2021-12-07,318.609805540605,321.34857177734375,314.04519514604044,321.34857177734375,12734500
2021-12-08,323.17440007241925,328.6519322770365,316.7839458336991,325.000244140625,16917600
2021-12-09,321.34850298049133,322.26142486395867,313.1322060292856,315.8709716796875,13303000
2021-12-10,311.3063934326172,313.1322373823686,301.2642517089844,301.2642517089844,18066600
2021-12-13,304.91595108631515,307.65471711403654,299.43841903087235,302.17718505859375,17506100
2021-12-14,296.69965383807204,299.4384198735004,293.9608878026437,294.8738098144531,14490300
2021-12-15,292.1350628396739,299.43843941066575,291.22214076829994,293.9609069824219,12102600
2021-12-16,297.612548828125,302.17715847272814,295.7867049702837,297.612548828125,11218500
2021-12-17,294.87378304136314,302.17715847272814,293.9608611124425,297.612548828125,15516200
2021-12-20,289.3963093106709,293.96091986762156,285.7446208651104,287.5704650878906,13160000
2021-12-21,290.309223355555,292.13506752760253,286.65753501145997,289.39630126953125,8813800
2021-12-22,292.13507080078125,294.87383708953854,289.3963045120239,292.13507080078125,8913300
2021-12-23,292.1350661057692,296.6996765136719,292.1350661057692,296.6996765136719,5634600
2021-12-24,299.438396703417,303.09008446809287,292.1350211740654,293.0479431152344,11208200
2021-12-27,293.9609069824219,295.7867511251698,291.22214076829994,293.9609069824219,6281500
2021-12-28,297.6125985952524,299.4384427584135,293.9609102689303,296.6996765136719,7276900
2021-12-29,297.6125952679178,300.35136148203975,292.1350628396739,293.9609069824219,8389500
2021-12-30,292.1350211740654,293.96086505640335,286.65748952705167,293.0479431152344,7663300
2022-01-04,298.52551477195243,310.3935015977487,294.87382651786123,308.5676574707031,22131300
2022-01-05,314.9581298828125,318.6098183452219,311.3064414204031,314.9581298828125,16967900
2022-01-06,312.2193111590485,315.87099900886193,304.00301349696826,305.828857421875,18350000
2022-01-07,309.4805452716884,311.30638919659515,302.1771695720616,305.828857421875,11821700
2022-01-11,307.65472064903395,310.3934867082242,303.0901105503836,304.91595458984375,9991600
2022-01-12,307.6546972835765,310.3934631347656,306.74177533318016,310.3934631347656,10733100
2022-01-13,310.3934857998675,313.13225185104284,304.9159536975169,312.2193298339844,13055100
2022-01-14,310.39348314175794,312.2193271602389,301.2642630493533,302.17718505859375,17195400
2022-01-17,304.9159882769033,311.30644312103,304.00306615631376,307.6547546386719,11305600
2022-01-18,307.65472064903395,313.1322527674144,303.0901105503836,304.91595458984375,15581000
2022-01-19,298.5255093044705,302.17719749168117,294.87382111725987,295.7867431640625,17823900
2022-01-20,292.1350628396739,295.7867511251698,286.65753041143,293.9609069824219,15750200
2022-01-21,283.9187508859942,284.8316729145665,275.7024526288432,283.0058288574219,21983300
2022-01-24,279.35412185521756,286.6574975899945,278.4411998883704,283.9187316894531,10617800
2022-01-25,286.6575169717112,287.5704390002835,279.3541407431326,283.0058288574219,13296900
2022-01-26,283.9187316894531,287.57041955684156,280.26704382206464,283.9187316894531,8726700
2022-01-27,288.48335748231375,291.222123534361,277.5282932741246,280.2670593261719,17959700
2022-01-28,283.9187237035448,293.0479431152344,281.179957880038,293.0479431152344,13410400
2022-01-31,299.4384427584135,299.4384427584135,287.5704556978666,296.6996765136719,16566100
2022-02-01,301.264265725201,309.4805638813429,280.2670593261719,280.2670593261719,33502700
2022-02-02,283.9187565556279,295.7867431640625,283.0058345088253,295.7867431640625,25347800
2022-02-03,290.3092219426082,300.351364839994,290.3092219426082,296.6996765136719,11777800
2022-02-04,294.87378699757227,296.69963087991016,290.3091772917275,293.0479431152344,11033100
2022-02-07,295.7867443229579,296.6996663733374,288.4833679199219,288.4833679199219,12356500
2022-02-08,288.4833334093896,294.87378699757227,287.57041146822064,293.0479431152344,10516500
2022-02-09,295.78675443209136,299.4384427584135,293.0479881873498,296.6996765136719,13184600
2022-02-10,300.3512954011969,301.2642172717173,296.6996079191155,298.52545166015625,10423800
2022-02-14,293.047920155301,295.78668576422905,288.48331080708755,291.2220764160156,11916900
2022-02-15,292.13505497685185,298.5255093044705,292.13505497685185,295.7867431640625,13284800
2022-02-16,302.17720760311096,304.9159738351633,299.43844137105856,304.0030517578125,14301000
2022-02-17,305.828857421875,308.5676233092351,302.1771695720616,305.828857421875,12717900
2022-02-18,301.2642476096082,308.5676233092351,301.2642476096082,305.828857421875,11977700
2022-02-21,301.2642869215745,302.17720900315504,295.78675443209136,296.6996765136719,13036400
2022-02-22,292.1350337009804,292.1350337009804,278.44120399624694,279.3541259765625,20098100
2022-02-24,275.70243082682293,279.35411865234374,270.2248990885417,273.8765869140625,23115000
2022-02-25,273.8765940946691,280.26704795687806,272.9636721143535,279.3541259765625,12494400
2022-02-28,281.1799625651042,282.0928845214844,273.8765869140625,273.8765869140625,16119100
2022-03-01,277.52831375838923,277.52831375838923,272.05078125,272.05078125,12503700
2022-03-02,265.66029812427274,267.4861420976355,257.4440002441406,257.4440002441406,21566800
2022-03-03,264.74740923468164,272.0507860411556,264.74740923468164,267.4861755371094,15749800
2022-03-04,263.83443464600487,263.83443464600487,252.8793716157209,254.70521545410156,21722400
2022-03-07,246.48896463801353,249.2277309117692,240.0985099992502,243.7501983642578,20792000
2022-03-08,237.35973448265256,241.92434476116512,230.96928009273498,231.8822021484375,22598900
2022-03-09,239.18556646799763,243.75017651509683,231.8821903926389,234.62095642089844,17592700
2022-03-10,244.66312685117617,250.14065954187416,241.9243605058272,249.2277374267578,20090600
2022-03-11,242.83722686767578,244.66307067871094,240.09846115112305,241.01138305664062,13480200
2022-03-14,242.83725671207202,251.05355487150302,242.83725671207202,248.31478881835938,12699600
2022-03-15,248.31479950502032,255.61817596105033,247.40187744801656,252.87940979003906,12361600
2022-03-16,259.2698327332629,259.2698327332629,253.7923010557996,256.53106689453125,12113200
2022-03-17,263.834483916184,266.5732501852101,260.1827955574825,264.7474060058594,13298800
2022-03-18,261.0957223992599,262.008644505551,256.53111186780427,260.18280029296875,13467500
2022-03-22,263.8344792770127,269.31201171875,262.92155720338985,269.31201171875,15280700
2022-03-23,273.8766272091171,282.0929260253906,273.8766272091171,282.0929260253906,19872100
2022-03-24,277.5283141512224,290.309223355555,276.61539206519865,289.39630126953125,18626700
2022-03-25,292.1350211740654,294.87378699757227,290.3091772917275,293.0479431152344,19548000
2022-03-28,292.1350538874247,304.0030404516013,290.3092098006283,303.0901184082031,21278900
2022-03-29,303.090061012758,304.0029828832784,297.61252978963586,298.52545166015625,13065600
2022-03-30,302.1771736838601,304.91593960848724,293.9608759099787,301.2642517089844,18343100
2022-03-31,298.5254970216319,304.0030290770747,289.39627692922727,302.17718505859375,16964300
2022-04-01,294.87378699757227,296.69963087991016,293.0479431152344,293.0479431152344,13072100
2022-04-04,293.9609149932861,293.9609149932861,288.4833824157715,292.13507080078125,8809100
2022-04-05,294.87382111725987,297.6125872576678,292.13505497685185,295.7867431640625,11341900
2022-04-06,292.1350526657348,292.1350526657348,285.7445983886719,285.7445983886719,10617600
2022-04-07,279.35412185521756,285.74457562314734,276.6153559546762,283.9187316894531,11439700
2022-04-08,285.744587848061,285.744587848061,274.78952377720884,277.5282897949219,16866500
2022-04-11,276.61542628361633,284.83172607421875,275.70250408466046,284.83172607421875,11933000
2022-04-12,283.9187588382077,284.8316808923498,279.35414856749696,281.17999267578125,9339800
2022-04-13,282.0929033608701,283.0058253782192,277.5282932741246,280.2670593261719,8874200
2022-04-14,279.3541441116089,285.7445983886719,275.70245595328726,285.7445983886719,9542300
2022-04-15,282.0929147299234,284.8316808923498,279.35414856749696,281.17999267578125,9017200
2022-04-18,279.3541597532994,283.9187702067847,278.44123766260236,282.0929260253906,7194400
2022-04-19,285.7446161270141,292.13507080078125,284.8316940307617,292.13507080078125,10781500
2022-04-20,296.69963779734144,306.74177938432837,294.8737938724347,305.828857421875,21853600
2022-04-21,303.09013441132333,304.91597859452406,297.6126018617211,299.4384460449219,12760600
2022-04-22,293.047920155301,294.8737638945863,288.48331080708755,291.2220764160156,11869300
2022-04-25,283.9187588382077,286.6575250006341,279.35414856749696,281.17999267578125,13396900
2022-04-26,281.17999267578125,283.00583678406554,279.35414856749696,281.17999267578125,10440000
2022-04-27,289.3963124976968,292.1350788620283,283.91877976903373,290.3092346191406,27794400
2022-04-28,293.0479204370341,298.52545166015625,284.8316236023509,298.52545166015625,17937900
2022-05-02,298.52545166015625,304.0029828832784,293.96084230755446,298.52545166015625,14747800
2022-05-06,301.2642981487772,314.9581298828125,300.3513760331748,314.9581298828125,23675400
2022-05-09,313.1322289859547,315.8709948371438,305.8288533827838,310.3934631347656,16892800
2022-05-10,310.39350629926804,314.958116686022,301.26428552576016,304.0030517578125,20082600
2022-05-11,304.00300948199106,318.6097606883329,302.1771655811983,310.3934631347656,33235800
2022-05-12,311.3064094184178,330.4777718752705,303.09011122262376,329.5648498535156,35735500
2022-05-13,325.9131505330404,332.3036044650608,318.60977461073134,328.65191650390625,27267000
2022-05-16,338.6940269470215,340.51987075805664,331.39065170288086,335.95526123046875,17057100
2022-05-17,333.216495513916,338.6940269470215,329.5648078918457,335.95526123046875,12495000
2022-05-18,336.8682540772132,345.0845529571452,335.955331979443,344.171630859375,20599000
2022-05-19,334.1294877839025,345.99747505491547,332.3036435883621,344.171630859375,18222000
2022-05-20,345.99741740979647,352.3878710295025,345.0844954641242,346.91033935546875,17066900
2022-05-23,350.5620457848837,354.2137337618096,346.91035780795784,353.3008117675781,17370000
2022-05-24,356.9525292505192,362.4300616686857,352.3879189020471,360.6042175292969,20923400
2022-05-25,353.3008045587014,353.3008045587014,335.95528702222765,347.8232727050781,24548900
2022-05-26,343.2586895978009,353.30083211263025,342.3457675509983,345.08453369140625,12361700
2022-05-27,350.5620793269231,357.86545597956734,344.1716247558594,356.03961181640625,16936100
2022-05-30,362.4299964904785,363.3429183959961,349.6490898132324,350.56201171875,16072800
2022-05-31,347.8233479289265,356.0396474863027,347.8233479289265,351.47503662109375,11087300
2022-06-01,354.21374855139067,358.7783587131354,350.5620604219949,356.9525146484375,16812900
2022-06-02,357.86546099067914,369.73344821741085,356.0396168019512,368.8205261230469,21583400
2022-06-03,368.82048065185546,369.73340263366697,359.6912608337402,365.1687927246094,15270900
2022-06-06,363.3429746274595,371.55927304868345,362.4300525806569,369.7334289550781,9812600
2022-06-07,373.38514147306745,385.253128854852,372.47221936677636,381.6014404296875,19203000
2022-06-08,387.0789730674342,401.68572676809214,382.51436253597865,398.94696044921875,25111700
2022-06-09,404.4244756549929,415.3795404582884,401.685709454169,409.9020080566406,23534000
2022-06-10,409.90205278880813,419.03127445448314,403.5115976228356,413.5537414550781,22136500
2022-06-13,407.1632397795377,411.7278500909675,398.0340191566781,399.85986328125,19612800
2022-06-14,389.8177161636525,405.33739104604615,388.904794111747,404.4244689941406,14485800
2022-06-15,408.989095422836,410.8149395988308,398.9469524548646,400.7727966308594,14908800
2022-06-16,408.0761626596263,425.4216818778207,404.4244744031643,417.20538330078125,27235300
2022-06-17,395.29523055050356,403.51152864508674,387.0789324559203,398.03399658203125,30571900
2022-06-20,408.9891020014045,411.7278683094496,399.85988097458744,406.2503356933594,24706900
2022-06-21,410.81494140625,413.55370768229164,406.25033094618055,410.81494140625,13339500
2022-06-22,422.68289355519397,443.680099930506,421.76997153887606,440.0284118652344,33954300
2022-06-23,441.8542930728099,450.07059191094066,434.55091632780477,445.5059814453125,26334200
2022-06-24,438.20258854750557,439.11551060697957,402.59862822802074,407.1632385253906,41362500
2022-06-27,414.46659547263874,415.3795174890983,402.5986092586645,408.0761413574219,26981100
2022-06-28,415.37956608778325,432.7250864299105,414.4666439645134,431.8121643066406,29394700
2022-06-29,430.89920836103727,439.11550682554855,427.2475201545878,429.0733642578125,21127300
2022-06-30,431.81212813765916,434.5508942780672,418.11829743561924,419.0312194824219,17630500
2022-07-01,411.7278548806699,414.4666210993883,392.5564913496409,395.2952575683594,28260500
2022-07-04,402.5985909201882,403.51151289506396,396.20813709605824,401.6856689453125,11612300
2022-07-05,407.16323514985714,409.9020013055737,401.6857028384241,404.4244689941406,10261200
2022-07-06,393.4694278114721,395.2952720240543,377.949752004523,381.6014404296875,17845100
2022-07-07,388.90478857080416,394.3823208041958,381.60141225961536,391.6435546875,13210800
2022-07-08,392.5564974830264,398.0340300060454,383.4272766113281,383.4272766113281,20525000
2022-07-11,394.3823085399943,402.5986066345775,388.9047764769388,398.03399658203125,18624100
2022-07-12,396.2081418897285,397.1210638756495,387.9918440164392,389.81768798828125,8887000
2022-07-13,388.9047807662504,393.4693908691406,385.2530926839382,393.4693908691406,12277800
2022-07-14,394.38234201487757,403.5115628948516,390.73065366288796,400.7727966308594,11724600
2022-07-15,403.5115709806744,403.5115709806744,392.55650570518094,398.94696044921875,13588200
2022-07-19,404.42445329158363,409.901985390341,398.94692119282627,408.0761413574219,12941200
2022-07-20,411.7278137207031,412.64073570234547,407.16320381249136,411.7278137207031,12597400
2022-07-21,408.98906337388144,416.29243950555787,407.1632193409623,408.0761413574219,9081500
2022-07-22,409.901985390341,409.901985390341,400.7727652257454,408.0761413574219,11174500
2022-07-25,402.59861361818616,408.9890678026018,399.8598475391509,403.51153564453125,8803300
2022-07-26,408.0761751302083,413.55370768229164,406.25033094618055,410.81494140625,12609900
2022-07-27,410.8148886940696,411.7278106689453,397.12105907093394,401.6856689453125,15357900
2022-07-28,429.07338376905096,461.938579121574,424.50877330342274,445.5059814453125,85099400
2022-07-29,440.94129638671876,441.8542183254076,417.2053259808084,419.944091796875,36223800
2022-08-01,421.7699351591222,435.4637642227301,421.7699351591222,434.55084228515625,20767400
2022-08-02,429.9862635685848,431.8121075752454,420.8570435352815,427.24749755859375,16654200
2022-08-03,428.1604758135612,435.46385279972003,420.8570988274024,431.8121643066406,17039700
2022-08-04,437.28967939553803,445.50597817332476,436.3767573091173,442.7672119140625,18429900
2022-08-05,435.46385279972003,435.46385279972003,428.1604758135612,431.8121643066406,15278300
2022-08-08,431.81214687701356,444.593056086904,430.8992247905928,442.7672119140625,13997700
2022-08-09,444.5930356786319,454.63517816829295,443.6801136341172,450.9834899902344,14676400
2022-08-10,448.24470479945944,458.28684686217645,444.59301677665326,451.8963928222656,16592500
2022-08-12,456.4610278512549,464.6773263525775,455.54810579555243,463.764404296875,13928600
2022-08-15,466.5031614561339,481.1099140653279,465.5902394180593,472.89361572265625,18555300
2022-08-16,472.8936008794762,478.37113293599526,461.9385367664382,469.2419128417969,20184000
2022-08-17,478.3711434650603,480.19698752408726,474.71945534700643,477.4582214355469,10811900
2022-08-18,479.28406998917865,479.28406998917865,471.067771646507,472.89361572265625,11188500
2022-08-19,476.5452994060334,478.3711434650603,470.1548451994391,477.4582214355469,9077400
2022-08-22,473.80656682583765,482.0228656725285,469.24195635545385,480.197021484375,10533300
2022-08-23,477.4582179729755,482.0228280874399,473.806529881404,474.7194519042969,11019700
2022-08-24,480.1969943704587,487.5003707106938,478.3711502853999,482.9357604980469,14251500
2022-08-25,486.5874172899754,494.8037151429018,485.6744953063169,490.2391052246094,14023900
2022-08-26,492.0649340774508,492.0649340774508,482.9357145212829,486.58740234375,13790100
2022-08-29,477.45820850244684,492.97788258378836,476.54528649766206,491.15203857421875,16226700
2022-08-30,493.8908002934184,497.5424882808004,491.1520343028819,495.7166442871094,11059500
2022-08-31,493.89085794902655,513.9751442242181,492.9779358456088,510.3234558105469,20608200
2022-09-01,510.3233940756931,518.5396920125111,509.4104720827133,517.6267700195312,20019400
2022-09-02,515.800990054482,521.2785226922286,512.1493016293175,520.3656005859375,18844600
2022-09-05,525.8430786132812,526.7560006247627,515.800936486986,525.8430786132812,15882200
2022-09-06,524.0173207478351,530.4077758789062,513.9751769704376,530.4077758789062,19849800
2022-09-07,530.4076786484829,550.4919625215753,529.4947566542514,549.5790405273438,27227300
2022-09-08,549.5790321499694,563.2728618547028,544.1015002680759,558.708251953125,25316400
2022-09-09,558.7082555259146,566.0116314151423,555.9694895674543,561.447021484375,19407000
2022-09-12,566.9244466535213,582.4441174958881,564.1856812107507,572.4019775390625,28480200
2022-09-13,568.7503973736027,569.6633193597561,541.362737788999,561.447021484375,35661800
2022-09-14,552.3178170511649,569.6633352726063,551.40489503951,557.7953491210938,25049900
2022-09-15,553.2307236089939,564.1857874428354,550.4919576505335,561.447021484375,15041400
2022-09-16,557.7953456075568,560.5341116252698,549.5790475544177,555.0565795898438,18599600
2022-09-20,552.3177980909161,563.2728618547028,548.6661101696537,558.708251953125,14343300
2022-09-21,559.6211912825302,559.6211912825302,540.4498291015625,540.4498291015625,18040100
2022-09-22,532.2336094590485,556.8825073242188,530.4077651727395,556.8825073242188,23053600
2022-09-26,541.3627404136068,542.2756624041863,524.930144583177,532.2335205078125,28240600
2022-09-27,536.7981479606501,546.8402901844037,531.3206158386026,545.9273681640625,17845700
2022-09-28,539.5369214424978,541.362765508293,504.845884192388,519.45263671875,29772600
2022-09-29,529.4947720082149,532.2335380703264,511.2363315941385,513.97509765625,20307000
2022-09-30,506.67173113141746,507.58465316949207,471.98069368458164,472.89361572265625,33294300
2022-10-03,466.5031886297219,489.32624091101945,466.5031886297219,487.5003967285156,24576300
2022-10-04,502.10709397810217,507.58462591240874,496.6295620437956,500.28125,18817200
2022-10-05,510.32341345375767,511.23633548140305,483.8486746520422,484.7615966796875,21039000
2022-10-06,488.4132429101001,498.4553843531115,472.8935697709007,476.5452575683594,20425100
2022-10-07,467.41607666015625,476.5452969074249,461.0256224870682,467.41607666015625,19036600
2022-10-11,455.5481013545284,461.0256336353444,441.8542706524884,443.68011474609375,26220600
2022-10-12,440.94134743668025,443.68011356982737,426.3345947265625,426.3345947265625,26182700
2022-10-13,433.63796210139054,439.11549425425017,429.98627399948407,435.46380615234375,19376500
2022-10-14,450.07060473632816,460.112748046875,445.50599414062503,456.4610595703125,28123500
2022-10-17,447.3317594097265,466.50312052728617,447.3317594097265,464.6772766113281,24287200
2022-10-18,473.80649619111847,475.6323401070765,457.3739009474958,464.6772766113281,21116300
2022-10-19,461.0256155865937,467.4160696640316,457.37392754234344,461.93853759765625,13122000
2022-10-20,459.19980984642393,465.5902644566128,458.2868877592541,460.11273193359375,11891900
2022-10-21,457.3739248564749,461.0256128792811,450.9834708165641,451.8963928222656,11454200
2022-10-24,455.548092257592,457.3739363147366,450.98348211473035,452.809326171875,10694500
2022-10-25,457.37394319207544,461.02563136127367,451.8964109382781,458.286865234375,9727300
2022-10-26,458.2868389536438,464.6772928832762,453.72222900390625,453.72222900390625,11901200
2022-10-27,451.89643277826997,451.89643277826997,437.28967939553803,442.7672119140625,17223500
2022-10-28,440.0284118652344,448.2447100120956,439.1154898489164,440.0284118652344,15977500
2022-10-31,450.07060473632816,457.37398168945316,446.41891625976564,456.4610595703125,13811900
2022-11-01,459.19980984642393,467.4161086309524,456.4610435849145,460.11273193359375,17116200
2022-11-02,460.11266247979523,476.5452575683594,459.1997405304306,476.5452575683594,24366600
2022-11-04,518.5397267527394,565.0987515139889,517.6268046985973,562.3599853515625,93076200
2022-11-07,562.3600112915038,587.0089078903198,557.7954008102416,584.2701416015625,47417800
2022-11-08,581.5313096331236,607.0931254411729,577.8796216605451,596.1380615234375,42507700
2022-11-09,590.6605524862966,591.573474514869,562.3599696005545,566.0116577148438,33599600
2022-11-10,562.3600206163195,579.705540732732,561.4470985049294,575.1409301757812,26078100
2022-11-11,576.0537695791207,577.8796135397519,550.491954130285,558.708251953125,32738700
2022-11-14,543.1886631466564,543.1886631466564,528.5819091796875,528.5819091796875,27607400
2022-11-15,536.7982269747173,549.579137140782,531.3206940464039,545.0145263671875,18152200
2022-11-16,526.7559204101562,530.4076079000014,514.8879360681597,526.7559204101562,21863400
2022-11-17,524.9300766652337,536.7980610072303,521.2783891753886,526.7559204101562,14672000
2022-11-18,538.623966004756,550.4919516963862,537.7110440284767,541.3627319335938,17676700
2022-11-21,541.3628315933666,547.7532866037436,539.5369873046875,539.5369873046875,12678300
2022-11-22,552.3178204962019,565.0987287390892,552.3178204962019,560.5341186523438,18345700
2022-11-24,543.1885074343452,555.0564916303897,540.4497418506426,550.4918823242188,16733400
2022-11-25,552.3178135721307,555.969501595748,547.753203542609,555.0565795898438,9123100
2022-11-28,557.7953335397611,566.9245534012957,557.7953335397611,561.447021484375,13212000
2022-11-29,568.750290282035,572.4019775390625,555.0564630681819,572.4019775390625,15000300
2022-11-30,571.4892480238428,580.6184692382812,564.1858710522921,580.6184692382812,20364700
2022-12-01,575.1408849356654,578.7925730939871,565.0987425002808,571.4891967773438,19392300
2022-12-02,556.8824216262999,557.795343628966,536.7981375676464,537.7110595703125,22937600
2022-12-05,534.059415810615,534.059415810615,521.2785067142926,524.0172729492188,14433000
2022-12-06,539.5368879810352,541.3627319335938,530.4076682182427,541.3627319335938,14892300
2022-12-07,535.8852155649804,543.1885915863089,534.0593715596483,537.7110595703125,8661100
2022-12-08,528.5819215726126,542.2757537377062,523.1043887065752,539.5369873046875,12021100
2022-12-09,536.7981952758372,547.7532604855481,534.9723510742188,534.9723510742188,11441800
2022-12-12,540.449909449027,540.449909449027,535.8852987273292,539.5369873046875,8052000
2022-12-13,545.9273750355702,555.0565953538908,545.9273750355702,551.4049072265625,13731200
2022-12-14,536.7982310099774,540.4499196563038,525.8431650709982,530.4077758789062,25524100
2022-12-15,524.9301616962139,545.9273681640625,523.1043176555314,545.9273681640625,16798600
2022-12-16,544.1015398943866,552.3178383156105,538.6240076135706,542.2756958007812,11626100
2022-12-19,533.1464617227771,535.8852277932708,527.6689295817896,531.3206176757812,9985600
2022-12-20,539.5369397433299,540.4498618071934,482.93577178379275,483.84869384765625,32918000
2022-12-21,478.37112497728924,479.2840469715207,462.8514510753543,471.0677490234375,25049500
2022-12-22,480.19698404165416,492.06497033926155,471.98068583561826,474.7194519042969,22978000
2022-12-23,469.24191368615675,469.24191368615675,460.1126935755311,461.93853759765625,13188000
2022-12-26,466.50314765296906,471.0677577082819,461.93853759765625,461.93853759765625,9426500
2022-12-27,465.5902256419065,468.3289916750942,457.37392754234344,461.93853759765625,11137300
2022-12-28,461.0256268804125,465.5902370475453,458.2868607801328,462.8514709472656,9929300
2022-12-29,457.3739656720843,465.5902644566128,453.72227732340497,460.11273193359375,12768500
2022-12-30,460.11273839613966,472.89364779603244,459.19981629614733,465.59027099609375,13774000
2023-01-04,451.8963980773672,453.72224211000304,433.63795775100897,440.0284118652344,22922500
2023-01-05,450.9834760610493,451.8963980773672,435.4638017836448,440.0284118652344,14475200
2023-01-06,441.8542584463742,452.8093227053752,440.9413364247908,450.070556640625,14948700
2023-01-10,442.7672059085953,456.4610370191705,442.7672059085953,454.63519287109375,10418700
2023-01-11,456.4610370191705,459.19980324128545,452.8093487230171,454.63519287109375,8767000
2023-01-12,452.80930769906695,458.2868396470396,445.5059317684369,446.4188537597656,11280300
2023-01-13,435.4638151703861,439.11550334791553,426.3345947265625,426.3345947265625,18850000
2023-01-16,419.03116985818616,422.6828576129416,411.7277943486753,419.944091796875,13791900
2023-01-17,432.7250061035156,439.1154597801498,427.2474743806863,432.7250061035156,13736000
2023-01-18,430.8992050109122,459.1997883908662,427.24751683285365,450.9834899902344,19579700
2023-01-19,431.8121075752454,432.72502957857574,423.59580954527246,427.24749755859375,20132200
2023-01-20,426.3346034909083,441.8542785644531,424.5087593646089,441.8542785644531,15576700
2023-01-23,446.4188537597656,452.80930769906695,442.7671657944506,446.4188537597656,10754800
2023-01-24,450.98348657176837,453.7222526845524,445.5059543462003,448.2447204589844,9070600
2023-01-25,443.6800871144838,453.72222900390625,440.9413211446413,453.72222900390625,11422100
2023-01-26,455.54802705380257,457.3738708496094,450.0704956663821,457.3738708496094,9587100
2023-01-27,459.19980984642393,465.5902644566128,454.6351994105748,460.11273193359375,14730500
2023-01-30,456.46103029328634,461.93856265680574,443.6801214450743,449.15765380859375,20500400
2023-01-31,454.6351736676478,461.9385499514654,453.7222516321706,455.548095703125,11539800
2023-02-01,459.19977073817864,469.2419128417969,457.37392671933895,469.2419128417969,14204400
2023-02-02,468.32901115795175,468.32901115795175,453.7222583732983,461.025634765625,18878400
2023-02-03,467.416087962963,467.416087962963,440.02842655888315,443.68011474609375,29346900
2023-02-06,455.54812789617796,472.89364779603244,452.809361596201,465.59027099609375,36255300
2023-02-07,474.71944133362894,481.10989535158166,466.5031433105469,466.5031433105469,20290000
2023-02-08,465.5901985693072,470.1548083592023,461.938510737391,464.6772766113281,11081000
2023-02-09,463.7643929806922,463.7643929806922,457.37393874670624,462.8514709472656,9895600
2023-02-10,460.11270588051104,463.7643940224198,454.6351736676478,455.548095703125,11749800
2023-02-13,455.54810579555243,464.6773263525775,454.6351837398499,463.764404296875,9363600
2023-02-14,468.3289916750942,469.24191368615675,460.1126935755311,461.93853759765625,9946800
2023-02-15,471.0677647590637,473.8065308332443,466.5031546354294,467.41607666015625,11123200
2023-02-16,474.719487450989,491.1520850935232,471.9807211772333,487.5003967285156,18168200
2023-02-17,484.7616368611654,494.80377999764903,484.7616368611654,492.9779357910156,10970200
2023-02-20,488.4132347967392,492.06492253353724,484.76154705994117,485.6744689941406,10286300
2023-02-21,491.15206572630694,494.8037539473204,487.50037750529356,488.4132995605469,11262500
2023-02-22,487.50039823698904,489.32624242514254,477.4582552021447,480.197021484375,11215700
2023-02-24,482.9357145212829,488.4132462549836,479.2840266988157,486.58740234375,9344800
2023-02-27,495.7167085081667,503.93300754421364,492.06502004770135,498.4554748535156,12476400
2023-02-28,499.36832506119424,502.10709101216975,489.32618324095085,490.2391052246094,10557000
2023-03-01,490.2391758174687,499.368396968632,489.32625370235235,498.4554748535156,8329800
2023-03-02,498.45546841091584,499.36839051423254,489.32624737774887,492.9779357910156,7545600
2023-03-03,495.71671338883436,495.71671338883436,486.5874921477877,493.890869140625,9028000
2023-03-06,497.54248046875006,504.84585632884176,494.8037145212156,497.54248046875,10760600
2023-03-07,497.54247630726206,503.0200081565163,497.54247630726206,502.1070861816406,6514600
2023-03-08,506.67172825818324,519.45263671875,505.7588062252856,519.45263671875,15113500
2023-03-09,523.1042863141008,524.9301302453891,513.9750666576592,521.2784423828125,11840000
2023-03-10,509.4105111743646,517.626809741693,503.9329787961456,508.4975891113281,13723500
2023-03-13,485.67449658296846,486.5874185690267,469.2419008339207,475.6323547363281,22434000
2023-03-14,452.8093227053752,454.6351667485421,444.5930245111245,450.070556640625,19426600
2023-03-15,465.5901679307401,466.5030898286435,455.54802705380257,457.3738708496094,13090500
2023-03-16,433.63795775100897,442.7671779141881,431.81211371837315,440.0284118652344,18482000
2023-03-17,444.59302991231283,447.33179601033527,431.81212145487467,438.20257568359375,15897200
2023-03-20,426.33459363435446,437.2896581388775,425.4216715923109,433.6379699707031,11004300
2023-03-22,445.5059588396991,447.3318029333044,437.28966041847514,443.68011474609375,10083900
2023-03-23,437.2896407310409,452.80931482796717,435.4637967196378,451.8963928222656,11559700
2023-03-24,444.5930245111245,450.9834786622084,444.5930245111245,450.070556640625,7133700
2023-03-27,451.89640860936305,454.63517472214704,447.3317984213897,448.2447204589844,8541200
2023-03-28,460.1127024004536,465.5902345718876,450.070560086158,452.809326171875,11865600
2023-03-29,455.54810247138,461.025634765625,450.98349222617577,461.025634765625,8758600
2023-03-30,464.7138505954187,476.70051737664977,463.7917993045548,474.8564147949219,11368600
2023-03-31,481.31072998046875,487.7650884284827,480.3886787736096,481.31072998046875,11302800
2023-04-03,487.7650537720859,496.9855651855469,484.9989003480476,496.9855651855469,10728200
2023-04-04,487.76515362867667,495.141564269564,484.076948308233,494.2195129394531,9620900
2023-04-05,481.31074676513674,485.9210029602051,477.62254180908207,479.4666442871094,11611400
2023-04-06,474.8564352416992,475.7784865722656,458.2595112915039,461.0256652832031,14175700
2023-04-07,461.0256652832031,466.55797326660155,460.1036139526367,461.0256652832031,7960300
2023-04-10,467.47996669051673,468.4020179068688,461.9476593924041,465.6358642578125,6264800
2023-04-11,474.85636353492737,475.7784147262573,468.4020051956177,472.0902099609375,8413400
2023-04-12,475.77842860834147,477.6225310448079,470.24612129894217,473.934326171875,7745300
2023-04-13,469.3240929860918,469.3240929860918,461.94768288022,464.7138366699219,9251800
2023-04-14,466.55793919638984,468.4020417228578,462.86973414345397,464.7138366699219,9581600
2023-04-17,470.24612129894217,475.77842860834147,466.5579164260093,473.934326171875,9532200
2023-04-18,477.6225280761719,481.31073292618095,473.9343232261628,477.6225280761719,8826500
2023-04-19,473.934326171875,475.77842860834147,469.3240700807089,473.934326171875,10261200
2023-04-20,470.2461751302083,475.7784830729167,466.55796983506946,473.0123291015625,7551600
2023-04-21,467.47998356297757,469.3240860622398,461.9476760651909,463.7917785644531,10387800
2023-04-24,467.47996669051673,468.4020179068688,461.025608176052,465.6358642578125,9449800
2023-04-25,472.090229743083,476.7004858929178,464.7138199033473,466.55792236328125,12466800
2023-04-26,459.1815147167771,461.9476684198902,450.8830536074377,454.5712585449219,14970200
2023-04-27,451.80512875615955,462.8697441542696,450.8830774729837,461.94769287109375,9733100
2023-04-28,467.48000446801046,474.8564147949219,463.7917993045548,474.8564147949219,15600800
2023-05-01,483.15483535118545,484.0768865636877,476.7004768636696,477.6225280761719,10356300
2023-05-02,477.6225280761719,480.38868171367864,473.9343232261628,477.6225280761719,9912400
2023-05-08,474.8563873231294,477.62254103569137,471.1681823730469,471.1681823730469,12740400
2023-05-09,475.77844007524516,487.7651062011719,473.01228635387747,487.7651062011719,20660800
2023-05-10,461.0256299032855,461.94768116309206,438.89639966792777,439.8184509277344,51823500
2023-05-11,438.8964196407434,439.81847094250963,425.9877014160156,425.9877014160156,22105000
2023-05-12,424.14361900411626,436.13028649771087,420.4554136214718,428.7538757324219,22530600
2023-05-15,433.3640372270206,437.97429294220166,430.59788379791195,432.4419860839844,15859100
2023-05-16,430.5979716877361,431.52002301897323,417.68925305041637,419.5333557128906,23353300
2023-05-17,421.37739011789733,424.14354366352904,417.6891853903884,418.6112365722656,13719200
2023-05-18,425.0656296142046,430.5979371579904,422.2994758423118,423.2215270996094,14844400
2023-05-19,428.7538553213144,430.597957924847,423.22154751071685,425.9877014160156,11085000
2023-05-22,424.1435654275919,430.59792403192483,423.22151419840145,429.6758728027344,11137700
2023-05-23,434.2861161020291,437.97432090968965,432.4420136981988,436.1302185058594,17708000
2023-05-24,437.97432090968965,440.74047451543504,433.364064900114,436.1302185058594,13156600
2023-05-25,437.0523274739583,437.97437879774304,431.52001953125,431.52001953125,11842300
2023-05-26,434.2861390082934,434.2861390082934,426.90972900390625,426.90972900390625,11442200
2023-05-29,436.13022744267727,436.13022744267727,425.06561279296875,425.06561279296875,11730000
2023-05-30,426.9097462106258,434.28615651232127,421.3774384843542,433.3641052246094,15351300
2023-05-31,427.8317833860975,432.4420396725856,421.3774245850141,423.2215270996094,16283400
2023-06-01,418.6112733849496,420.45537591087447,408.4687094923627,411.23486328125,17846900
2023-06-02,412.1569120120379,424.143578356907,412.1569120120379,423.2215270996094,11579300
2023-06-05,434.28616375799754,444.3365173339844,430.2291436521317,444.3365173339844,31097500
2023-06-06,437.9743521767009,441.66255724766256,433.3640958379988,439.634033203125,19377500
2023-06-07,447.0104429738762,447.1948644827798,437.0523005460569,440.27947998046875,21944500
2023-06-08,447.19489162068066,447.93252142351474,434.2861730996714,436.314697265625,18930600
2023-06-09,436.13025324523227,444.336503968181,435.20820196987233,444.2442932128906,17181000
2023-06-12,445.8117913398883,446.73384261463474,440.6482985735541,442.4924011230469,11398400
2023-06-13,442.584598501933,450.42203410040474,442.21578363093556,447.1948547363281,19439100
2023-06-14,453.4647565178807,461.67103448473785,452.8193375787724,460.47235107421875,27463300
2023-06-15,456.4153439994078,456.78415885165344,446.7338063994204,451.62066650390625,22522900
2023-06-16,453.09599753638037,453.18820829298386,443.78327389487384,448.2091369628906,21454800
2023-06-19,455.58553400938376,458.720502671242,448.48572803916454,449.8688049316406,14993300
2023-06-20,449.86883842742304,451.8973626096006,444.9819776323228,450.9753112792969,13406800
2023-06-21,445.0741681004947,452.26615689344425,442.67682912325415,450.6064758300781,14294800
2023-06-22,448.3013202562102,452.63494416337016,446.180585539337,446.9182434082031,13513500
2023-06-23,450.8830797461854,455.7699403161464,437.3289145596562,439.9106750488281,21700500
2023-06-26,440.27951751701954,441.2015688626049,434.5627879188806,438.8042297363281,9597500
2023-06-27,444.4286630767727,447.37923807054915,440.6482476593618,442.12353515625,12466700
2023-06-28,447.01047408208757,450.6986794066552,441.29377271227185,450.3298645019531,16876900
2023-06-29,452.5427387073596,461.94767263935785,452.5427387073596,460.93341064453125,20544800
2023-06-30,465.5436699650959,466.5579319666907,453.7414252340951,462.0398864746094,23734500
2023-07-03,467.84877505742026,479.0977828575623,464.2527809912991,474.30316162109375,21106600
2023-07-04,476.14730513198936,482.1406384724935,469.78512876720583,470.8916015625,15802600
2023-07-05,469.3241032225685,469.3241032225685,462.03990371189803,468.4942626953125,13459700
2023-07-06,467.47998424984627,478.083573636184,464.8060412497414,467.2955627441406,15743700
2023-07-07,466.18909402589577,469.23185174134096,460.74899755406693,464.068359375,13659400
2023-07-10,467.20339615688374,468.40205156877533,456.69198902404713,460.19580078125,14826900
2023-07-11,470.24613117876004,483.7080567367825,467.0189518471411,475.9628601074219,32773400
2023-07-12,478.17579028870824,478.45245070573156,461.94770962719457,462.5009460449219,14032500
2023-07-13,460.65682604485454,460.65682604485454,450.3298404325172,451.8973388671875,16287900
2023-07-14,452.4505587988121,455.49331666271047,444.6131231882189,450.6986389160156,12733500
2023-07-18,452.0817127252529,458.53607141965495,448.39350775702314,456.7841796875,10758900
2023-07-19,462.86976865755787,472.1824645996094,461.4866916595771,472.1824645996094,16817800
2023-07-20,472.0902336105675,479.3744608979971,469.3240798980056,471.1681823730469,13240400
2023-07-21,479.2822048957417,481.95617590009834,473.5654761717118,478.452392578125,16035800
2023-07-24,490.5312516699804,522.6186230425086,490.34683016948355,502.33349609375,69530500
2023-07-25,502.51793312523705,541.1519031554236,501.227038859403,538.662353515625,57694900
2023-07-26,529.4418738103576,536.6338627776416,519.5759135312733,531.4703979492188,27031300
2023-07-27,536.7260526456685,537.0027130646255,512.0150884430104,519.29931640625,21819500
2023-07-28,510.0787293503677,521.8809733219284,500.02834887255193,512.6604614257812,28814300
2023-07-31,527.2288550858233,528.7963533521394,521.512126496779,527.04443359375,16547500
2023-08-01,533.130072768409,553.1385972283974,527.8743691043502,551.2944946289062,23374300
2023-08-02,542.1661165616925,549.3581048115947,535.250732421875,535.250732421875,17516900
2023-08-03,530.0872399459847,531.0092911156403,522.8030131946911,527.4132690429688,11973500
2023-08-04,523.5406169390542,533.4065752211228,521.9731187727851,532.0234985351562,9342200
2023-08-07,525.5692001127861,526.2146472280818,517.8239472843181,523.72509765625,11980800
2023-08-08,530.5482395123394,542.0738785678079,529.8105535907619,531.3780517578125,12767000
2023-08-09,526.8601142642125,529.1652424220406,521.1433851772902,527.7821655273438,7985900
2023-08-10,524.0939475572527,532.6690128375114,522.803053309669,529.4418334960938,7344200
2023-08-14,530.0872795055761,531.0093307440429,520.6823456177066,521.788818359375,9843900
2023-08-15,529.7183968658916,529.9028183552948,521.1433322452409,521.97314453125,7013000
2023-08-16,516.3487275470309,517.1785962273209,507.4048186893679,508.51129150390625,10284800
2023-08-17,517.7318178982779,518.1928435598079,501.78034126484647,515.1500854492188,11180500
2023-08-18,507.95808257863195,516.8097525284037,507.22039651819676,513.951416015625,9996700
2023-08-21,513.9514090231224,517.0863496271397,507.22038961727225,508.880126953125,8011600
2023-08-22,515.611085099615,516.1642933545247,508.32685750389004,513.6747436523438,8854900
2023-08-23,508.050185568771,517.7317226803356,505.5606361988614,514.0435180664062,8258200
2023-08-24,509.61776090480606,510.2632080654254,502.0569290465755,508.0502624511719,8435800
2023-08-25,505.4685136994014,511.0008212781379,502.9789640334614,509.2489013671875,5407100
2023-08-28,516.4408829629466,522.1576119723179,513.8591507167106,517.9161987304688,7185900
2023-08-29,520.1290817650347,520.9589503917196,515.2422214504968,515.7032470703125,7672000
2023-08-30,522.8030260372326,523.3562342416005,518.4693741778889,520.3134765625,9319200
2023-08-31,521.4199964148374,528.9808281311803,519.3914723527635,528.0587768554688,10106400
2023-09-01,525.2003363108872,525.2925751965855,519.1148209563398,520.9589233398438,10392800
2023-09-04,524.3705798073896,531.1937255859375,523.6329500309986,531.1937255859375,9055300
2023-09-05,532.7611881900174,532.8534270793258,522.8952287966291,529.1652221679688,7795600
2023-09-06,532.4846801337391,546.4076336747004,531.1937856708793,543.6414794921875,13074000
2023-09-07,542.1661911304843,549.3581803695628,539.2156155695027,542.5350341796875,9492800
2023-09-08,536.3572739133344,542.4427902256637,532.8534900887344,534.8819580078125,10630600
2023-09-11,535.4352077283833,535.4352077283833,526.491298753248,530.824951171875,8121200
2023-09-12,533.867697432455,548.2516750595137,533.4066717870038,547.7906494140625,11173500
2023-09-13,550.1880017002507,551.1100529662884,545.0244808439132,547.8828735351562,7609500
2023-09-14,549.3580689059828,567.0614624023438,548.8970433267939,567.0614624023438,14761800
2023-09-15,569.919854654386,585.9635689024648,569.8276720404772,577.2962646484375,19436600
2023-09-19,574.898930945157,610.9511108398438,574.5300879491722,610.9511108398438,18717900
2023-09-20,599.3332436248551,603.5746563764167,591.4036262971405,595.5528564453125,16994200
2023-09-21,597.3970755935329,612.2420794054476,597.1204151741739,600.9930419921875,14173800
2023-09-22,593.524428071688,600.9930210278304,578.4950032636523,594.7230834960938,13837900
2023-09-25,601.1774029490268,610.397915264196,595.0918873320317,609.9368896484375,11495000
2023-09-26,600.7163366359244,606.5252477454305,591.0347993609018,603.7590942382812,17276900
2023-09-27,601.1774158449449,601.1774158449449,583.381837950442,598.6878662109375,15115900
2023-09-28,605.8428228617515,632.78981958413,604.0773072873315,622.4756469726562,26909900
2023-09-29,624.7056646828472,628.1437408796296,602.6834541405136,605.2852783203125,19663100
2023-10-02,617.2720177085072,630.2809118929405,611.69677734375,611.69677734375,17087600
2023-10-03,609.4667223243832,609.4667223243832,579.3604013183593,580.7542114257812,17910600
2023-10-04,568.3958107896984,568.6745614867865,537.4532356987149,538.8470458984375,23481100
2023-10-05,557.4311398199125,557.9886411720084,536.709784376657,543.7717895507812,17523100
2023-10-06,538.9399403195225,542.5638695004873,525.6522945131218,531.692138671875,15946000
2023-10-10,531.1344801727308,540.0548977342554,520.1698534229861,536.4309692382812,19349700
2023-10-11,541.0771388161646,549.5329552016775,534.2939401364202,542.5639038085938,13388200
2023-10-12,547.3027802519638,551.8559160501283,539.4974208020474,541.5416870117188,13100200
2023-10-13,533.4575837130516,538.847028347867,524.537221411082,525.559326171875,13063400
2023-10-16,525.0946779464624,525.4663833082527,511.15657759345834,516.17431640625,9414000
2023-10-17,521.5637216670167,522.7716790626483,504.93095537333716,510.3203430175781,13020300
2023-10-18,518.6832382382174,524.2584789429329,509.39117039702506,517.4752807617188,11290800
2023-10-19,502.42207947477283,503.9087875251655,490.24943754436083,492.2008056640625,16392900
2023-10-20,488.2981362105829,493.8733765859654,482.4441451592869,487.2760314941406,11392700
2023-10-23,483.55922328083153,484.674226027613,473.4308468547528,477.3335266113281,13395900
2023-10-24,483.1875141517668,486.71848848925066,468.5989567085594,485.4176330566406,15474800
2023-10-25,492.8512762700198,492.8512762700198,473.24498007963354,475.1033935546875,13600700
2023-10-26,474.9175638631208,475.0104902072529,464.8821141967727,468.3201904296875,10129600
2023-10-27,468.69184101898753,475.8467153994637,461.44404029961953,471.6653137207031,11139300
2023-10-30,462.7449398709327,479.09895522082127,444.8112617770229,450.6652526855469,43370100
2023-10-31,450.6652711799167,454.4750245046181,442.9528665417553,448.4351806640625,20328500
2023-11-01,463.302490234375,465.53258075819593,454.0104227541715,463.302490234375,17266400
2023-11-02,469.2493796915752,470.1785863840338,450.10771615550124,451.4085998535156,19811900
2023-11-06,458.842254620412,465.4396278259408,454.4750001684587,462.74493408203125,16210800
2023-11-07,464.51044758341834,467.29806782699615,457.07679360054425,459.49273681640625,13141100
2023-11-08,464.13873842934794,471.2936412354782,453.8245385706016,455.96173095703125,18050600
2023-11-09,456.79802840814153,469.063540075967,456.14757236244697,468.97064208984375,14210000
2023-11-10,458.6564222793963,464.0458096730207,455.4041989039346,463.8599853515625,11702100
2023-11-13,467.3909666116947,468.7847766512922,455.86880928911626,459.12103271484375,8610000
2023-11-14,463.20957457432866,464.32463404053317,457.82018665433395,458.2847900390625,10011000
2023-11-15,462.7449409381761,467.8555778360877,460.32899782409936,462.0015869140625,11763400
2023-11-16,464.6033740894052,474.54589763777426,462.9308132855391,467.11224365234375,13264500
2023-11-17,459.95731122882273,466.83343505859375,458.1918241904831,466.83343505859375,11793300
2023-11-20,468.2272403156774,471.5723900346413,457.4484371577438,459.7714538574219,13033900
2023-11-21,458.56353203301364,459.0281354089336,446.2050935763982,448.0635070800781,15842700
2023-11-22,448.62097670966534,457.54136656772124,447.22716668050464,455.59002685546875,10774100
2023-11-24,466.3688461784546,467.20512655338047,459.1210451195784,461.2582092285156,11368500
2023-11-27,464.6033626921792,464.6033626921792,456.33342850768616,456.9838562011719,9446200
2023-11-28,458.28476401547164,461.62988550985284,450.6652575957398,453.73162841796875,10683800
2023-11-29,452.52365796101043,454.4749976811405,447.50594750720296,447.87762451171875,10538600
2023-11-30,443.78915504305684,452.24494224564444,442.02366786731966,447.32012939453125,12743700
2023-12-01,454.382087076991,455.12544111176663,447.2271839744365,449.7360534667969,8266900
2023-12-04,442.302405933224,442.302405933224,431.8023811688414,433.7536926269531,11860500
2023-12-05,435.8908815239892,438.58557536220206,432.63865797787116,438.0280456542969,8427100
2023-12-06,438.58559119045304,448.7139392138893,436.7271776684596,447.4130554199219,10120300
2023-12-07,446.0192320321611,448.24932252089405,435.05460392089276,437.84222412109375,10055600
2023-12-08,422.9748877590832,425.7625077706137,418.2359280680539,422.5102844238281,14155100
2023-12-11,428.3643003996591,431.9882009572089,425.5766802235225,430.5943908691406,8963900
2023-12-12,436.8201057553166,438.0280632065662,428.4572448730469,428.4572448730469,8070500
2023-12-13,424.64749176908276,425.5766985344418,416.74923426353087,420.74481201171875,13057300
2023-12-14,402.9970053650697,405.50584674105454,389.80225730301686,392.21820068359375,24778700
2023-12-15,399.65180684808087,406.3420780655393,396.02790639398194,405.691650390625,16137200
2023-12-18,400.6739479219442,406.0633355404958,395.09870761704036,404.57659912109375,8863200
2023-12-19,402.9040306078895,411.17396456269466,400.48808751756246,405.5987243652344,7133700
2023-12-20,415.3553655280053,417.95713276116516,411.17393567369646,412.9394226074219,10012800
2023-12-21,408.9439017923316,416.5633802295164,408.10762137762276,409.687255859375,10786500
2023-12-22,409.68724407521546,416.8421472825509,408.94389002955376,415.07666015625,7635600
2023-12-25,418.60761000686074,426.41294045986746,417.771329664956,421.6739807128906,10122900
2023-12-26,421.6739945197894,421.8598472050258,413.49698679787775,416.28460693359375,6555000
2023-12-27,418.3288617854041,422.0456885330056,415.6341397076829,417.67840576171875,7176000
2023-12-28,406.9925579728783,417.8642883300781,405.1341444661528,417.8642883300781,5799300
2023-12-29,416.1917035589907,420.28020764557533,415.82002652514484,417.2138366699219,6262700
2024-01-04,419.62975784727746,425.1120717901933,414.8907979329427,423.71826171875,8426900
2024-01-05,427.06345061759504,429.4793939671347,422.3244902698712,422.6032409667969,8227200
2024-01-09,427.4350691472283,427.7138198059912,422.0456817921399,426.22711181640625,7015100
2024-01-10,427.3421438202398,431.70942653211154,424.182846799187,429.85101318359375,8156800
2024-01-11,441.5590745940582,443.7891652016765,433.6608169391019,434.8687744140625,11517500
2024-01-12,438.3997330156435,442.95286877332774,429.9439742819776,436.91302490234375,12026800
2024-01-15,437.0059042405079,438.30681631983265,434.12538612607307,435.3333435058594,1605500
2024-01-16,430.22268844620766,431.1518951167178,422.3244317468712,422.5102844238281,10947000
2024-01-17,429.2934778725229,430.6872878656155,418.2359242654156,419.07220458984375,11847200
2024-01-18,421.30233023785087,430.8731766739818,419.5368431033069,426.0412902832031,9295200
2024-01-19,431.6165147184918,431.6165147184918,418.88637150988126,420.37310791015625,9998500
2024-01-22,422.41739072353084,430.9660757384583,421.30233128990847,429.572265625,8961100
2024-01-23,429.29349128710777,431.8023606959265,423.62532479998464,424.92620849609375,8010900
2024-01-24,427.3421968294187,428.0855792753202,421.58113174867105,423.2536926269531,7079000
2024-01-25,423.2536508603879,428.6430383649317,419.3509713866576,428.5501403808594,9196600
2024-01-26,423.06782384366187,427.52803327809784,420.28020358106676,421.58111572265625,8084800
2024-01-29,429.0147721507552,434.03248298000443,427.06343228461947,432.3598937988281,11311100
2024-01-30,431.61649316822565,437.7492627899443,428.36426986125304,434.5899658203125,11956000
2024-01-31,435.33335555130566,438.39972643538556,431.15192524184806,437.5634460449219,11559600
2024-02-01,435.7979168104779,439.97934671590895,431.1518835822212,439.14306640625,13244300
2024-02-02,419.53683042526245,421.6739945197894,407.17839249977675,416.28460693359375,46891400
2024-02-05,427.4350807415347,431.80236356153165,419.44389747363493,420.83770751953125,24387600
2024-02-06,419.53683042526245,421.1164931783569,415.26247387907017,416.28460693359375,14381900
2024-02-07,415.63418497202406,426.2271650420193,415.4483606286895,423.4395446777344,16067500
2024-02-08,424.6475034636413,426.04131365006464,417.7713788820477,423.0678405761719,12750700
2024-02-09,421.02356563269603,421.48816898732116,412.6607052494442,412.7536315917969,13540000
2024-02-13,414.4261594366203,417.21377934314467,408.38631630581756,416.7491760253906,12537700
2024-02-14,414.42619264391004,415.2624730114499,405.6916552416768,412.66070556640625,12456700
2024-02-15,416.19171054700007,416.2846368963068,404.48369946286334,408.8509826660156,13460000
2024-02-16,410.3376792252998,418.70053942001186,408.9438691928478,417.4925537109375,14558400
2024-02-19,418.4217829269152,423.6253463329883,414.7049559735973,422.4173889160156,9140900
2024-02-20,420.0943332395487,424.554513828406,417.67839027177735,419.72265625,7027400
2024-02-21,420.4660145829364,420.5589409205699,415.8199812726277,419.07220458984375,6567600
2024-02-22,420.5589798262863,422.2315406298705,417.77135958221965,421.7669372558594,8008600
2024-02-26,422.9749296383052,426.22715330709707,420.65191273202527,421.11651611328125,8894600
2024-02-27,418.1430596731398,426.32006816389145,416.4704987773037,422.6032409667969,11624500
2024-02-28,419.8156012542131,431.52361205783023,419.8156012542131,428.9218444824219,10697000
2024-02-29,429.2935187085711,437.19177608740847,427.3421788611951,429.107666015625,13741100
2024-03-01,427.34217056758126,435.5192068271425,427.1563462353811,434.1253967285156,11703600
2024-03-04,434.12540529232393,441.2802802587998,432.91741950206773,436.7271728515625,12511000
2024-03-05,436.72718353689015,438.9572741218207,431.7094726315114,435.51922607421875,9028600
2024-03-06,436.8200733387107,446.48381730297706,435.42626329510097,439.8864440917969,13882800
2024-03-07,437.0059424404052,438.49267897735155,419.8156168078508,423.0678405761719,20289500
2024-03-08,418.42179756816864,425.3908483494982,417.02798741190276,420.65191650390625,9857700
2024-03-11,413.77574445286655,419.3509848184051,408.3863567757015,411.6385803222656,14326900
2024-03-12,408.8509489902629,413.1253054920433,402.0677514066888,413.0323791503906,10460100
2024-03-13,418.1430581777841,425.11210914741383,413.7757748939597,419.25811767578125,12308800
2024-03-14,424.2757919501938,427.71383978311053,420.3731124024089,427.4350891113281,10870600
2024-03-15,433.5678796003121,436.26257353109963,428.1784633815971,432.3598937988281,14937500
2024-03-18,444.25374208022714,449.5502034125871,440.53691517030205,445.740478515625,18742100
2024-03-19,446.66969149039176,464.6033702387519,446.66969149039176,463.76708984375,23071500
2024-03-21,469.06357069429447,472.9662505089336,458.0989420449986,461.3511657714844,16954000
2024-03-22,464.78918561202664,472.59451593392396,464.32458227909063,468.4130859375,15237400
2024-03-25,467.3909795620153,469.0635403130199,460.88653253033715,461.165283203125,8023300
2024-03-26,459.95734168026866,470.55029296875,455.868837647872,470.55029296875,11579100
2024-03-27,467.3910139160156,471.1078410644531,464.6033935546875,464.6033935546875,10041000
2024-03-28,464.60336602419824,476.054207916972,463.6647733655635,465.0726623535156,9389500
2024-03-29,472.5814141935903,477.4621075850953,468.07618078879756,476.3357849121094,7093300
2024-04-01,474.9278520856674,477.180468580284,461.9752857589419,463.75860595703125,9926300
2024-04-02,466.29281754986505,468.26386784563977,461.2244229632833,462.4446105957031,7529200
2024-04-03,460.94285285670196,464.13406211523034,453.4341117102473,461.13055419921875,9405300
2024-04-04,464.6033764472977,467.79458582953373,456.3437723234426,457.0946350097656,11674300
2024-04-05,455.2174179524619,460.2858123411561,449.3042959395809,459.6288146972656,12484000
2024-04-08,461.78756178484247,465.8234985300043,459.722646595855,464.69720458984375,8277000
2024-04-09,465.5419313214586,477.74363516657746,464.97877003066156,477.08660888671875,12035300
2024-04-10,477.743633889872,483.28135315040873,476.3357449884284,479.6208190917969,8504200
2024-04-11,475.86645702138713,478.58836988313004,471.1734939343912,477.18048095703125,10066200
2024-04-12,475.7726105359371,478.30682215891153,471.83053857567916,475.3033142089844,9805400
2024-04-15,468.63929524309236,478.21295166015625,467.1375699289896,478.21295166015625,8405200
2024-04-16,478.68222960913147,485.7216741622069,465.823499434751,466.85595703125,11909100
2024-04-17,468.3577639794614,468.73319533610044,446.20697021484375,446.20697021484375,12269500
2024-04-18,446.77009122514585,457.00074514843544,444.04817833085025,451.1814880371094,9532800
2024-04-19,446.77006899077315,447.2393652817299,432.69118026207235,435.5069580078125,12632200
2024-04-22,440.19995318829643,440.57538451987006,431.0017566686574,432.9727783203125,12210500
2024-04-23,439.7306779669252,442.82802240552655,435.1315794863812,436.25787353515625,6951100
2024-04-24,435.2254275094163,445.1744867816409,435.1315625147854,441.1385498046875,8168900
2024-04-25,441.13856959912215,445.4561017537011,437.94736014350326,438.4166564941406,6588900
2024-04-26,437.3841777562692,444.1420563378303,434.1929684541444,443.6727600097656,6646800
2024-04-30,451.27534927792095,467.8884511783955,449.867460257324,467.7945861816406,13990900
2024-05-01,460.0042423309727,460.0981073203693,448.8349960385348,455.311279296875,11267800
2024-05-02,453.34021218056245,455.5928286241738,449.9612731933594,449.9612731933594,7196600
2024-05-07,449.96129273050946,452.21390927192857,442.54641682003376,447.2393798828125,9533500
2024-05-08,446.58233544809514,447.8963879671306,440.7630786728802,444.423583984375,9725800
2024-05-09,436.9149055296931,439.7306836534076,415.42113824738806,422.6482849121094,38284100
2024-05-10,427.9982400052374,430.8140179000087,417.3921547256951,420.02020263671875,20414000
2024-05-13,424.1499992963501,424.1499992963501,416.2658270161899,421.2403564453125,7826000
2024-05-14,423.3991731687573,430.0631870748706,421.240392770215,427.7167053222656,12261600
2024-05-15,433.6297994392353,437.38416999715076,423.86844171736993,424.3377380371094,10420700
2024-05-16,424.52543798659616,424.71316797130595,406.8799078796931,409.78955078125,14601900
2024-05-17,411.57289901870945,413.45008441902286,407.63079822062093,413.16851806640625,5857600
2024-05-20,414.95178525307466,419.9263144685231,413.54389638339234,415.42108154296875,6266000
2024-05-21,415.3272353118155,418.8000394712873,410.6342722009476,411.85443115234375,7246700
2024-05-22,410.16497351228935,410.44653983987985,403.6886901855469,403.6886901855469,8923900
2024-05-23,403.5009488599725,405.84743033583135,400.591306101193,405.65972900390625,7034000
2024-05-24,399.8404541015625,403.1255282549791,397.306242582926,399.8404541015625,6304400
2024-05-27,400.7790706190952,403.8764149767542,398.3387239451585,403.5948486328125,6372600
2024-05-28,402.9378211967473,406.87992186253405,401.24836585059586,404.4395751953125,4555800
2024-05-29,405.9412770567972,407.8184621530136,401.7176105903103,402.84393310546875,5418400
2024-05-30,400.30977834762234,404.3457154174953,396.0861112841656,403.21942138671875,5725500
2024-05-31,406.03518320298633,410.91584776179366,404.4395642520146,410.25885009765625,8431900
2024-06-03,412.98077468422275,416.2658490283018,411.4790206839287,415.1395263671875,7934700
2024-06-04,409.9772463755916,411.5728652925361,406.50447085573273,407.1614685058594,8278700
2024-06-05,404.43958261153614,410.0711387267404,402.7501272344051,408.3816833496094,10933500
2024-06-06,412.6053633327867,413.1685246906249,403.782597538576,405.56591796875,6484800
2024-06-07,406.41062552820586,407.81851453119043,402.7501198491611,404.4395751953125,5123800
2024-06-10,406.3167741691168,413.16851806640625,405.94134281776934,413.16851806640625,7040500
2024-06-11,413.9193665937944,415.51498558684676,412.13604625328446,412.98077392578125,4610200
2024-06-12,410.1649696528514,414.9517976818625,409.1325120554454,412.6053161621094,4338200
2024-06-13,409.883415762871,410.6342784145422,401.24835205078125,401.24835205078125,6737100
2024-06-14,398.33868408203125,402.09305439127485,395.52290635009854,398.33868408203125,6123900
2024-06-17,395.80452897089367,395.80452897089367,385.57384624835873,386.3247375488281,9433500
2024-06-18,391.39314457002655,393.83349124809905,390.7361182416156,392.0501708984375,5036400
2024-06-19,414.857941348059,429.3122620826024,412.9807560930904,427.24737548828125,31527700
2024-06-20,429.40613281510554,440.5753795027836,427.2473812004593,439.73065185546875,20700500
2024-06-21,441.13855113153875,446.67624210851756,431.1894631858146,431.75262451171875,11434300
2024-06-24,434.3807042233728,434.756164230439,424.337779193044,427.0596923828125,8079200
2024-06-25,427.9982276432017,431.6587330719618,424.1499922361162,431.3771667480469,8055300
2024-06-26,429.8754579498661,430.3447543013398,423.02374267578125,423.02374267578125,8970600
2024-06-27,420.7710880399519,423.30529973972637,416.8290159602284,417.7676086425781,8569300
2024-06-28,418.3307651259086,418.8938978139228,414.6702307923654,415.9842834472656,6684200
2024-07-01,427.05964230518816,430.34471647676656,424.43159442535494,429.78155517578125,11668800
2024-07-02,427.1534791236059,430.2508231093834,424.994699052804,426.402587890625,7848200
2024-07-03,427.4350806640168,430.15699357943663,425.7456253768112,429.87542724609375,6855300
2024-07-04,431.7526218194932,443.6727600097656,431.6587568251653,443.6727600097656,12135100
2024-07-05,443.95428815757316,444.79901574670606,434.1929311022733,435.03765869140625,7164700
2024-07-08,434.56838739113726,434.56838739113726,429.03069660666046,429.4061279296875,4983800
2024-07-09,429.8754409709334,431.37719496504906,421.33424198275225,426.2149353027344,8480500
2024-07-10,443.01570990272853,467.8884139544707,440.3876620641247,463.0077209472656,44008100
2024-07-11,466.199009924371,478.6822814941406,466.10514492477455,478.6822814941406,26034700
2024-07-12,472.20596010706896,478.6822435558748,463.1954650878906,463.1954650878906,14924100
2024-07-16,463.94632266988793,467.32526184561533,452.8709411621094,452.8709411621094,11891700
2024-07-17,454.3727278729202,460.5674453681129,454.0911328792076,458.0332336425781,7325400
2024-07-18,444.8929275757053,447.80257059447246,439.1675065343071,441.232421875,15259800
2024-07-19,444.4236015671413,444.4236015671413,434.0990828401327,440.3876647949219,10712400
2024-07-22,440.66924558472454,443.6727534976838,435.1315547235568,438.88592529296875,13341800
2024-07-23,446.7700864073375,450.2428905532273,437.4780252128744,439.16748046875,18017900
2024-07-24,403.5948250130614,411.1035659435369,395.241356456622,406.6921691894531,55152600
2024-07-25,403.5948380587863,407.7246399753241,396.36766322216437,399.1834411621094,24918800
2024-07-26,402.7501535863815,405.4720668247768,394.2089538574219,394.2089538574219,15355200
2024-07-29,408.38165327510205,421.24035493838454,408.38165327510205,415.2333679199219,21478400
2024-07-30,414.8579604290099,418.9877624511719,411.47902108594093,418.9877624511719,10807900
2024-07-31,412.1360168457031,416.1719535727491,404.06411474803815,412.1360168457031,14081400
2024-08-01,402.84397043644145,403.3132667539846,386.137004345762,397.4001159667969,17824600
2024-08-02,379.4729999742604,380.4115926317714,363.51692479657373,371.87042236328125,21338100
2024-08-05,343.52491983176776,360.23185802735804,328.5074369975921,342.4924621582031,27815700
2024-08-06,381.1624802519875,384.8229858521098,346.622253603995,352.15997314453125,25080300
2024-08-07,341.92930547886186,368.11606444237066,339.770553749486,356.66522216796875,19488400
2024-08-08,356.6652036337328,364.54937609060573,354.5064520165373,358.5423889160156,11353100
2024-08-09,366.0511234263682,369.7116289319171,357.2283584878833,362.2967529296875,13620500
2024-08-13,357.79150458630005,364.9247853119967,355.4450231255913,364.6432189941406,12520100
2024-08-14,368.8669046851846,374.40459548991146,362.9537825560578,369.6177673339844,11154200
2024-08-15,367.9283272868539,375.90636499588004,365.3941156159685,375.8125,11812600
2024-08-16,386.7001834032012,391.20541680095397,382.0072200123857,384.822998046875,12606800
2024-08-19,383.32119139384514,388.5773153984809,377.5019347745035,379.3791198730469,10418300
2024-08-20,386.8879267026509,390.3607025451497,383.5089872163354,389.7037048339844,10171300
2024-08-21,383.22741354074157,385.66776045239925,379.09761111370904,384.4476013183594,8252600
2024-08-22,384.82297761031015,386.7001628669458,381.81946974226355,385.3861389160156,7232300
2024-08-23,389.515947324474,392.98875156527856,386.32473806306064,390.1729736328125,7382000
2024-08-26,382.6641908439925,393.3641400944463,373.6536967117683,377.2203369140625,14363300
2024-08-27,375.4370486548721,384.1659485786684,374.02915972241635,383.22735595703125,8526600
2024-08-28,382.0072148513246,386.6063131834732,379.2853018501407,386.04315185546875,6463100
2024-08-29,383.79052734375,384.82298498339594,380.1300217518911,383.79052734375,10449700
2024-08-30,384.44752866376865,391.95626934609396,382.85190981134554,391.1115417480469,7438700
2024-09-02,394.2089538574219,397.11859710270403,391.11160924883023,394.2089538574219,8202700
2024-09-03,397.86937554344604,404.0640920916844,395.1474628817634,401.1544494628906,9007800
2024-09-04,390.4545364182489,392.51945167404426,384.35368428671376,385.8554382324219,9626500
2024-09-05,376.46951830880107,388.201926454528,373.7476053477073,382.10107421875,7324400
2024-09-06,381.63177740513106,382.4765050618288,375.7186265210979,378.2528381347656,6615300
2024-09-09,368.86691852942374,379.0975728820591,366.14500552089874,378.3467102050781,8508100
2024-09-10,377.59580637369146,378.3466976693684,371.3072528925018,372.62127685546875,6927900
2024-09-11,362.2967771626279,363.0476398547575,353.19241664178446,357.50994873046875,13200200
2024-09-12,366.42658291446907,367.7406069606014,360.1380290352731,365.67572021484375,9178600
2024-09-13,361.35813404802883,364.08004673162435,358.82392268948416,360.2318115234375,7002400
2024-09-17,357.603817230276,359.01170627448965,344.74508583569394,349.43804931640625,12400100
2024-09-18,352.7231184704148,356.1959228515625,350.18893541492844,356.1959228515625,7882300
2024-09-19,364.1739334254242,372.8089969125285,362.953774487356,369.05462646484375,11013200
2024-09-20,376.5633757314654,377.2203733882717,368.4914733607847,369.6177673339844,7682700
2024-09-24,375.4370735265032,380.50546829039587,369.80551742360564,370.7441101074219,8715500
2024-09-25,366.9897210339755,375.43705476621534,366.332694730705,372.62127685546875,8148400
2024-09-26,368.8669239807129,375.43707275390625,367.1774686107505,375.43707275390625,13183000
2024-09-27,383.0892793004409,391.21976338047523,380.88927763749905,390.837158203125,11647800
2024-09-30,368.9326652230353,372.66311660246447,364.05436917721147,367.7848205566406,12891400
2024-10-01,372.0892490445055,377.35015102328384,369.31532474842186,376.87188720703125,14416400
2024-10-02,375.915313193448,398.2980511942666,375.4370494362044,385.6719055175781,25650200
2024-10-03,398.8719702148437,405.472004171585,393.5154103402048,394.5675964355469,17365900
2024-10-04,394.5676059183201,395.1415282742002,388.35017697657685,391.0284423828125,7056100
2024-10-07,405.5676799516237,407.28941785996227,400.5937250305723,403.1763610839844,12481600
2024-10-08,396.48066813394,397.8198008612297,387.68060302734375,387.68060302734375,11553700
2024-10-09,386.7240850315325,389.1154039575027,381.27189539486346,383.2806091308594,8124700
2024-10-10,387.96757597642426,391.7936861355785,385.4805985347932,385.9588623046875,6893100
2024-10-11,385.48061449902843,387.39366965783256,382.037109375,382.037109375,5227000
2024-10-15,382.7066632030816,385.00232339258343,378.78489456761,379.9327392578125,6821900
2024-10-16,373.04574368503245,379.83709511337673,369.2196334933911,375.1501159667969,7051800
2024-10-17,380.69795102944505,384.0457973324678,377.82836848399694,380.7936096191406,7926900
2024-10-18,385.48059043979407,390.26322803830266,380.8892700215871,383.5675354003906,5938100
2024-10-21,383.56756749813655,388.7328106985837,381.6545122986446,386.34149169921875,4908300
2024-10-22,387.77624552299403,393.51541056534,386.1501662755378,389.6893005371094,8603100
2024-10-23,390.26323823894404,400.2111188656775,388.44584174218863,397.43719482421875,12360700
2024-10-24,391.79366962528184,395.81106760855715,386.9153735397521,392.8458557128906,6979000
2024-10-25,394.75891609601433,398.7763141340834,391.9849629569652,394.37628173828125,6416600
2024-10-28,395.8110882414015,410.8285824424342,395.5241416529605,408.91552734375,13343600
2024-10-29,408.91550120264577,410.0633458648387,403.8459171915821,405.75897216796875,6498300
2024-10-30,402.7937646997165,407.00248016049244,401.55026134684545,402.6024475097656,11991500
2024-10-31,430.4374097741168,444.3070596446161,427.1852218495601,440.002685546875,31636000
2024-11-01,432.3504735970799,443.3505409562976,424.2199890272233,439.42877197265625,19468300
2024-11-05,441.3418214623987,454.25494384765625,439.907030086259,454.25494384765625,16500200
2024-11-06,453.20271916976054,459.5158065266925,430.53303486696774,434.4548034667969,19861800
2024-11-07,438.663544004798,444.7853145387635,435.2200389572847,440.57659912109375,11936300
2024-11-08,442.48964230010193,468.12456849053575,438.3765563964844,438.3765563964844,22323300
2024-11-11,436.4635062017305,445.6461764528626,435.6982958436795,437.1330871582031,8389800
2024-11-12,442.77657656566583,465.25497295039344,440.0026526372205,452.7244567871094,17155300
2024-11-13,445.74183435840064,447.75054803381886,431.68086782137703,433.3069763183594,10268600
2024-11-14,437.13310034167375,440.4809468431964,431.4895935058594,431.4895935058594,8055200
2024-11-15,436.4635301305424,442.8722766964647,432.06352654416594,435.6026611328125,9607500
2024-11-18,432.44610488778585,437.03742538447915,430.6287084074657,433.498291015625,8487300
2024-11-19,435.2200105787061,436.6548018223721,428.5243181082644,431.68084716796875,6472400
2024-11-20,431.8721981385984,435.124386040553,426.8026136906313,427.6634826660156,6626800
2024-11-21,425.65476362449743,427.08955496255754,416.2808052255332,418.28948974609375,8139900
2024-11-22,417.61990794017686,421.92428164484704,412.35900674558,420.2025146484375,8095100
2024-11-25,427.18521101396215,430.1504522664845,418.289487256395,418.4808044433594,6372300
2024-11-26,415.9938469890914,417.6199555838404,397.53287600376973,405.6633605957031,15806000
2024-11-27,398.87200909407215,400.7850642935641,383.56756749813655,386.34149169921875,14077200
2024-11-28,388.9241109747296,392.55890401927013,384.5240783691406,384.5240783691406,10126800
2024-11-29,388.2545284355506,388.2545284355506,374.4805374924017,374.95880126953125,11518400
2024-12-02,372.6631336549493,379.3588264031972,370.75007858402137,376.3935852050781,9979400
2024-12-03,375.9153387050079,384.33276972738395,375.9153387050079,382.037109375,8318700
2024-12-04,381.367537548089,384.1414615444406,375.15010860862014,376.58489990234375,8393900
2024-12-05,382.41971904879847,382.80235343776616,375.9153431090249,376.967529296875,4874900
2024-12-06,379.932736868581,396.28933386023675,379.932736868581,392.654541015625,12893800
2024-12-09,396.9589475387838,400.6893992798828,395.4284975655134,397.341552734375,6914800
2024-12-10,404.324205157076,408.9155256990901,398.58503988410627,399.3502502441406,6786100
2024-12-11,399.35026451597747,401.5502662728771,392.65457145822455,401.3589782714844,7846600
2024-12-12,402.12419613373174,403.17638232911816,394.7589511478381,399.9241943359375,7537500
2024-12-13,396.95892890829197,401.55024942171303,396.95892890829197,399.54156494140625,4554300
2024-12-16,399.8285069870066,402.3154843997477,393.32413146836416,395.90673828125,5631700
2024-12-17,396.9589193090377,398.39371058364867,388.82843541957544,389.4980163574219,6073400
2024-12-18,454.0636090673335,466.02020263671875,427.85473261051936,466.02020263671875,81506600
2024-12-19,458.36801233642626,468.31589299003315,443.5418353534734,448.6114196777344,39457600
2024-12-20,447.0809757525776,459.5158340338781,445.35923782075935,446.3157653808594,23165700
2024-12-23,446.4114057132229,470.2289351472039,445.7418247721823,469.75067138671875,20058900
2024-12-24,469.750674082671,506.00306149732313,460.3766868088212,503.51611328125,44623800
2024-12-25,501.0291019559558,515.281385318456,496.05514718893386,505.62042236328125,30405000
2024-12-26,502.84654571671535,547.9946578433428,502.176964754015,538.4293823242188,39316900
2024-12-27,546.4641871032012,547.8033490491184,514.4205136232163,526.185791015625,37649700
2024-12-30,520.3509702710874,520.5422874512248,503.1334749312352,509.446533203125,16241600
2025-01-06,499.8812535956396,500.55083452929864,486.39423905136255,487.5420837402344,17082200
2025-01-07,491.36821292271776,498.3508523444647,486.48991659133776,487.255126953125,13267800
2025-01-08,488.1160180625296,489.3595214455043,479.6985869372021,481.0377197265625,9609500
2025-01-09,473.4811450049067,473.5768035996543,456.45496601240524,463.53326416015625,11879300
2025-01-10,460.08974619329763,471.3767594755243,460.08974619329763,469.1767578125,10467200
2025-01-14,464.3941198192147,465.63759394257505,453.7766583064855,460.47235107421875,10479700
2025-01-15,460.0897670729889,464.77674638794224,454.35060157935493,457.2201843261719,7251800
2025-01-16,458.5593110368552,459.22889201195,447.17663879657783,450.8114318847656,11589200
2025-01-17,445.7418268953421,451.7679386297976,440.5765840956798,448.324462890625,10320700
2025-01-20,450.52446595376233,462.0984548875705,445.9331454930154,449.1853332519531,12637000
2025-01-21,459.61151308639853,463.6289406940051,446.1244680504687,453.6810302734375,10445700
2025-01-22,457.2201717117341,465.25499734296443,456.83756652756205,457.9853820800781,8486700
2025-01-23,450.33315949717814,462.09846589327236,446.3157612960689,460.0897521972656,10517500
2025-01-24,429.48086655478477,447.4635726762627,419.91559113040205,428.4286804199219,39736200
2025-01-27,432.1591326671927,435.9852428428771,428.81128626346884,432.2547912597656,10377100
2025-01-28,432.25478105269514,434.55044126571624,426.61127451500465,431.96783447265625,10069700
2025-01-29,429.48083636944114,436.75045101922007,426.99385909571384,435.2200012207031,7117000
2025-01-30,434.359168305708,441.1505197803554,433.30698215765204,437.80267333984375,6610800
2025-01-31,437.3244126457297,441.62878667101876,432.3504576512561,441.4374694824219,7463700
2025-02-03,426.9938925909411,430.5330562032072,417.7155928681124,426.3243408203125,22024000
2025-02-04,380.41098611066116,380.41098611066116,361.2804367300074,363.4804382324219,69189100
2025-02-05,363.4804718298712,368.07179242925514,345.4977654262288,350.7586669921875,47937100
2025-02-06,350.089074247751,367.1152525211436,348.9412295410691,362.1413269042969,34420900
2025-02-07,360.5152309960805,381.08057350586193,359.6543620315264,377.73272705078125,35698600
2025-02-10,377.2544624873334,386.2458156812515,375.05446078350076,380.6979675292969,18499800
2025-02-12,381.6544788156757,381.8457959952027,367.9761470156857,375.9153137207031,16329600
2025-02-13,382.13276883384344,383.3762430135114,376.8718671352549,379.0718688964844,12478900
2025-02-14,379.0718652935895,385.671928896358,379.0718652935895,380.31536865234375,10368800
2025-02-17,382.70667096776987,383.6631984987111,372.1848681274163,373.6196594238281,9868200
2025-02-18,374.95879783401944,405.7589964753184,374.28921687581135,399.3502502441406,32133400
2025-02-19,394.5676289507858,397.62852890022066,389.1154100380128,390.5502014160156,16954700
2025-02-20,386.05455026829713,387.87194689398416,380.8893069986423,387.0110778808594,14841700
2025-02-21,385.5762647536057,407.00247623049677,385.19365956830313,401.9328918457031,21964700
2025-02-25,390.93284751223376,398.3937512249582,388.44586987769026,392.750244140625,18856500
2025-02-26,389.3067114326886,396.48066803157104,386.2458116074704,394.4719543457031,12967600
2025-02-27,393.8980202814345,406.23724861777924,391.793677256134,405.8546142578125,13385800
2025-02-28,398.20236981504985,404.611115471695,396.9588957937433,398.6806335449219,9891500
2025-03-03,399.63719468193966,404.51549097590635,398.393720555846,401.4546203613281,7222000
2025-03-04,397.724129209651,403.17634772355495,393.132808812292,400.1154479980469,9248400
2025-03-05,399.9241714580833,412.4546881061678,399.445907686713,407.19378662109375,12754300
2025-03-06,412.3590270531377,419.3416663971176,412.16770986936956,415.03729248046875,9626300
2025-03-07,410.4459636818345,418.3851304023558,409.68072415313515,417.5242614746094,10157100
2025-03-10,418.0025621189458,419.4373535221,411.59381550849434,417.1416931152344,7785900
2025-03-11,417.14164218311606,422.59383133485795,409.68071028313443,422.306884765625,13586600
2025-03-12,420.7764600804157,430.43739409722303,417.3329550894571,428.4286804199219,15473200
2025-03-13,430.62870996200417,434.6461081133874,413.985107421875,413.985107421875,12258600
2025-03-14,414.5590451987765,418.0982089029113,409.68074872771945,414.941650390625,12942500
2025-03-17,414.94163987414345,417.33295875122104,412.74163818359375,412.74163818359375,8411100
2025-03-18,417.0459980980972,424.02863730732327,417.0459980980972,419.43731689453125,8685300
2025-03-19,423.07212735387003,429.48087367075306,422.68952216873623,425.0808410644531,7890700
2025-03-21,438.0896267716088,445.55053013633534,422.2112632818804,423.8373718261719,19519200
2025-03-24,424.3156375621391,426.0373755185614,416.47209978087074,419.8199462890625,5666100
2025-03-25,423.741707089288,424.2199708670412,414.0807729404936,417.4286193847656,7159500
2025-03-26,416.18514584935264,421.3503888184812,412.8372994001706,421.2547302246094,6507100
2025-03-27,406.71554319837975,410.8286001615864,399.2546104771767,407.7677001953125,17452700
2025-03-28,408.93609976815765,412.1491572380128,405.3335555752102,410.49395751953125,12098000
2025-03-31,401.14682269018164,403.87305134727075,394.7206783257129,398.12847900390625,13718700
2025-04-01,401.63364713981144,403.9704187804376,394.33121719181486,394.4285888671875,10881100
2025-04-02,400.1731693043428,402.50994099258423,391.7023385065954,397.252197265625,9714900
2025-04-03,368.13984859579875,382.3552517951694,366.3872475441792,378.3632507324219,17116100
2025-04-04,370.96343474517,373.78703499866043,349.54297394623626,360.2532043457031,18458800
2025-04-07,324.325258868579,342.43529094286595,319.55434394869786,338.0538330078125,17350800
2025-04-08,352.8534089784003,371.83972683425594,351.587666340142,358.792724609375,12003200
2025-04-09,351.00349608298194,356.8454405392868,344.47997955464183,349.3482666015625,15020400
2025-04-10,380.5052861966447,380.7000295550288,369.11351285913037,376.61065673828125,17339500
2025-04-11,361.032145300278,366.1925472522216,348.47197101729336,354.11920166015625,18745700
2025-04-14,361.9084428437957,363.6610141590969,353.3402404785156,353.3402404785156,10896200
2025-04-15,367.2635510104535,371.15818026946715,362.1031494140625,362.1031494140625,11001000
2025-04-16,363.5636411580394,366.67935650017995,356.6506681708089,358.5006408691406,5872500
2025-04-17,360.1558686542877,364.8294420328136,358.0138401885877,363.6610412597656,7568900
2025-04-18,367.06882311301257,370.0871668585315,365.5109654010998,368.04248046875,4331000
2025-04-21,367.0688296646618,367.0688296646618,354.703369140625,354.703369140625,8086900
2025-04-22,352.36659426547516,357.7217097701592,351.2955652218054,355.5796813964844,4984100
2025-04-23,370.9634522126006,372.4239382449337,365.2188797614901,370.47662353515625,12665000
2025-04-24,382.6473168771578,387.4182316792041,378.07111570588455,380.6026306152344,10175100
2025-04-25,385.56831030150755,388.6840257045612,383.0367952507345,387.515625,8110200
2025-04-28,387.02881604747444,395.0128186036056,386.63935903066294,392.28656005859375,8936200
2025-04-30,391.50762799335035,394.1364850210002,381.18685409802725,384.7893981933594,11673000
2025-05-01,381.67365941218674,384.10780264823387,377.09745824295317,383.0367736816406,9160100
2025-05-02,386.9314223005733,390.923423351,383.5236215988834,388.0998229980469,10955800
2025-05-07,387.32089426406765,387.4182659448976,374.85809167312846,375.1501770019531,11209700
2025-05-08,372.9107678561497,376.41594028525896,369.79505242723826,375.0528259277344,9400200
2025-05-09,390.2418606683734,403.09414979363646,380.60265868125856,397.64166259765625,18922100
2025-05-12,395.2074921673837,404.0677795410156,392.0918066352651,404.0677795410156,10379900
2025-05-13,419.6463151212765,439.5089189893883,417.4069151163037,437.75634765625,21487200
2025-05-14,434.25116474363364,435.71165072371315,417.3095333174443,421.20416259765625,15332600
2025-05-15,412.6359823191006,416.8227268464021,405.23621006371184,408.93609619140625,8274000
2025-05-16,404.06779489665803,411.8570535934611,402.2178518989001,410.0071105957031,5907000
2025-05-19,411.95444084299936,418.2832137733982,411.0781551492156,413.5122985839844,5938400
2025-05-20,418.3805633121302,427.24082117485705,415.4595913449904,418.4779052734375,8640500
2025-05-21,423.5409703343932,431.62231489438767,420.0357977406168,429.18817138671875,8590800
2025-05-22,422.6646506787911,428.3118512777052,419.93839234089256,423.0541076660156,7189700
2025-05-23,420.71732616493483,425.0014123512874,419.74366886287004,422.95672607421875,5230000
2025-05-26,422.56729350021874,423.4435791799517,415.7516919921507,417.40692138671875,4594800
2025-05-27,413.80437508156774,423.44357693485256,413.80437508156774,422.5672912597656,3612700
2025-05-28,426.4618959624192,427.33818158673273,422.4698951031435,423.5409240722656,5789500
2025-05-29,428.50660782097043,436.19849498170964,427.8250357870957,434.15380859375,7210600
2025-05-30,421.7883603767258,427.6303042616463,421.7883603767258,424.2225036621094,7255800
2025-06-02,421.10681825368516,421.10681825368516,413.99913124145905,417.2121887207031,5261900
2025-06-03,413.1227959694247,414.3885683350054,406.7940232825126,412.4412536621094,5642700
2025-06-04,417.2121770966728,417.9910910961016,411.37023295996323,412.8307189941406,4747700
2025-06-05,405.5282864801429,408.64400188718474,400.17317105243393,401.5362854003906,6529900
2025-06-06,399.19950128663845,404.4572448730469,397.6416436315677,404.4572448730469,4705800
2025-06-09,408.3519125538452,409.1308563114613,404.7493979584937,405.13885498046875,4458700
2025-06-10,408.35188781892845,409.8123738481189,405.6256591165719,406.11248779296875,3548800
2025-06-11,405.9177598717482,410.7860468208305,405.13884584536123,409.61767578125,3696200
2025-06-12,408.4492742465093,409.4229316344628,403.1915302942932,405.0414733886719,5274600
2025-06-13,401.146831415582,403.0941461311917,391.89708651643633,396.08380126953125,7860800
2025-06-16,399.1995035727503,400.5626178861197,394.91541728201935,396.86273193359375,7832000
2025-06-17,396.2785537576266,396.9601258092606,391.79972386579016,396.4732971191406,4992000
2025-06-18,394.0391370211843,405.52828173715557,394.0391370211843,402.7046813964844,6122000
2025-06-19,404.06780680657124,406.9887789039681,399.4916053018502,400.0758056640625,4627200
2025-06-20,400.4652409102019,406.2098428272409,394.4285833984213,395.5969543457031,9640700
2025-06-23,396.76537523175233,396.76537523175233,387.22354496440545,393.3575744628906,4825000
2025-06-24,396.2785512789978,396.2785512789978,386.54197753749906,387.6130065917969,6527400
2025-06-25,387.418273135682,388.391930534723,383.6210152221552,387.71038818359375,4135000
2025-06-26,383.91309466866767,387.4182671941927,382.4526085925043,386.7367248535156,5306200
2025-06-27,394.52595849740067,410.1044756390368,393.0654725153723,399.5889587402344,15886100
2025-06-30,402.21784326917464,404.7493582340539,395.4996137300568,397.739013671875,10635300
2025-07-01,397.2521873487541,399.00475864276854,393.16281471116923,397.1548156738281,6691300
2025-07-02,397.54429884922314,398.3232425862829,390.63135517901827,395.88909912109375,6020700
2025-07-03,398.42062233118304,413.5123121207935,396.3759358363091,410.2992248535156,8133500
2025-07-04,408.4492742465093,410.8834177163931,404.74938805775196,405.0414733886719,3106100
2025-07-07,402.70468626358013,403.6783436144526,393.74702675008785,394.5259704589844,4182900
2025-07-08,390.43660635241594,400.95209408940906,389.560320659944,397.0574645996094,5412900
2025-07-09,402.99677034416885,406.01511406532495,400.1731699780541,404.2625427246094,5672700
2025-07-10,402.60730286257746,403.48358851011403,391.50761532856677,394.7206726074219,7098100
2025-07-11,397.2521894389517,400.8547334345252,394.3312174577829,399.0047607421875,7191500
2025-07-14,396.2785399193857,402.12048399682135,395.8890829236228,397.252197265625,6516100
2025-07-15,397.2521996215191,398.8100573274736,393.84439888947173,396.6679992675781,4469200
2025-07-16,396.66801879174903,397.05747580899083,389.8524169921875,389.8524169921875,5801600
2025-07-17,386.4446042767799,388.87874770219884,382.9394318014436,387.90509033203125,7369300
2025-07-18,394.5259428165921,394.91539978692094,383.1341407240833,384.2051696777344,6615000
2025-07-22,381.6736773978449,385.7630501125731,376.51330537971717,378.94744873046875,10065800
2025-07-23,416.725372386954,434.8354061951016,401.0494821091041,428.3118896484375,35213600
2025-07-24,433.47227853333425,435.8090503083795,422.76204732685056,429.0908203125,16915500
2025-07-25,398.7126712141366,404.8467004242734,387.61298374577973,395.30487060546875,38253500
2025-07-28,394.9154424966882,406.5993311521306,394.7206991336313,405.0414733886719,14826600
2025-07-29,399.8810803161043,401.4389082848592,393.0654789549783,395.6943359375,10937000
2025-07-30,390.5339752818088,397.54429048587457,388.68403222991634,395.4996337890625,8266800
2025-07-31,394.525992756944,395.2075351128758,388.5866766382088,389.2682189941406,10895200
2025-08-01,390.4365914980296,401.0494505112283,390.2418481454828,395.9864501953125,9556600
2025-08-04,383.81576332202184,388.4893070096033,381.8684484999186,386.5419921875,8496500
2025-08-05,386.6393678703409,391.1181979502361,383.32893858125885,385.66571044921875,8770900
2025-08-06,390.9234365110843,396.08380871903984,387.3208923339844,387.3208923339844,9370600
2025-08-07,388.48926657917366,391.1181532008889,383.91306533801395,384.01043701171875,7408600
2025-08-08,384.4972765585072,398.22585095722246,384.1078195663185,395.6943359375,11883800
2025-08-12,399.199507471793,404.06779414827827,399.199507471793,402.99676513671875,7701700
2025-08-13,405.0414661419029,409.2281809497307,397.25220717763557,397.3495788574219,6448900
2025-08-14,396.76536153886883,397.4469335545851,390.5339605764512,391.70233154296875,6338900
2025-08-15,392.8707273135632,395.30487060546875,391.89706999680095,395.30487060546875,5923200
2025-08-18,395.3048783988731,400.8547370992981,394.9154214072227,400.5626220703125,6939800
2025-08-19,399.39425501384375,402.89939768675004,398.615311309237,399.68634033203125,6346800
2025-08-20,404.0678030278174,409.6176618464363,392.8707434258417,393.9417724609375,12214300
2025-08-21,391.410247277862,401.43890590722737,388.7813605972467,396.2785339355469,9654500
2025-08-22,397.15482747814144,399.9784278529387,393.94177010572804,394.5259704589844,5783600
2025-08-25,397.2521925745633,400.9520785611158,394.8180492377094,398.42059326171875,7622300
2025-08-26,396.2785336747129,399.00476231575647,392.77336134075415,398.7126770019531,6052500
2025-08-27,395.4022612107586,405.4309201680917,383.7183728502161,390.9234313964844,20023600
2025-08-28,387.61299607169724,392.3839111328125,386.1525100501111,392.3839111328125,12227300
2025-08-29,392.3838970985992,400.1731556017972,390.826039455227,395.5969543457031,11109400
2025-09-01,389.6576843261719,392.1891696715469,383.9130821759297,389.6576843261719,12747000
2025-09-02,392.3838970985992,395.69432601972574,390.826039455227,395.5969543457031,8272400
2025-09-03,398.1284839052738,409.9097437662284,397.6416552309671,401.8283996582031,10664900
2025-09-04,399.1995290609507,408.7413595774292,399.1995290609507,405.0414733886719,8324400
2025-09-05,412.83074050478217,416.14116974534204,402.2178807128405,407.8650817871094,9718300
2025-09-08,408.05979409069585,414.7780237438136,407.67033710033576,412.73333740234375,6251900
2025-09-09,414.7780354073723,420.52260788929544,410.9807776456715,417.11480712890625,7690700
2025-09-10,416.7253571999749,418.1858432649281,409.422926875209,410.7860412597656,6432800
2025-09-11,407.9624290690017,408.54662942090255,401.8283996582031,401.8283996582031,9764400
2025-09-12,405.23619483610025,406.98876615416947,402.99676513671875,402.99676513671875,5771300
2025-09-16,403.9704474412493,410.8834208918789,403.5809904257911,409.0334777832031,6469600
2025-09-17,408.1572008339563,410.299229321803,404.2625711684173,406.9888000488281,4391100
2025-09-18,409.9097233416086,410.4939236644004,402.9967505681743,404.0677795410156,6554200
2025-09-19,401.92576374403006,409.81239464460947,400.17319230553056,406.01513671875,9305800
2025-09-22,404.4572769197489,411.85707908240227,403.09416250618096,408.7413635253906,8400900
2025-09-24,412.6359807200296,413.2201810836292,406.5019511863954,409.2281799316406,6034000
2025-09-25,414.6806685154953,420.8147277832031,412.1491534072507,420.8147277832031,10354600
2025-09-26,418.67265824694863,424.2225169975482,414.9727722223249,421.0094299316406,6190400
2025-09-29,420.02437183021175,422.486991306305,407.0217590332031,407.0217590332031,8038100
2025-09-30,402.78605130340077,403.7710991324926,395.9892272949219,395.9892272949219,9500200
2025-10-01,391.9505068196387,392.93555460257886,386.92675711438926,387.4192810058594,10175600
2025-10-02,383.9716179488671,387.0252721215051,379.5389028773427,384.4641418457031,7393500
2025-10-03,385.25222062624306,393.92062969251066,382.98659253166136,389.8819274902344,6999400
2025-10-06,405.6426775243577,409.38587725195646,399.0428752114924,400.22491455078125,10545500
2025-10-07,401.6039962827591,408.0068069221474,400.618948492084,406.8247375488281,6075100
2025-10-08,410.7649380729647,411.4544835666614,399.7323905414596,400.42193603515625,7165500
2025-10-09,399.04288219780227,399.7323976424742,393.72362992469067,395.6937255859375,5783700
2025-10-10,391.06397104319444,394.61014908505985,385.4491866384682,386.8282775878906,8328500
2025-10-14,376.9778175486254,381.50901352942293,372.0525783857809,374.12115478515625,12288500
2025-10-15,378.356872610384,379.53891195429605,374.90920525007823,378.25836181640625,5733900
2025-10-16,383.38062326916264,383.8731471787781,376.78079085580634,377.6673278808594,4719500
2025-10-17,375.3032240483971,377.0762981217539,373.1361067931618,374.41668701171875,5965600
2025-10-20,380.8194822039012,385.252197265625,380.0314259339421,385.252197265625,6057000
2025-10-21,389.684907350095,391.6550029079203,385.94170775346345,388.7983703613281,6519300
2025-10-22,393.03408386024057,399.92941866480624,388.99538174816877,395.8907165527344,12249600
2025-10-23,392.9355736761999,395.59521484375,390.37444330398023,395.59521484375,5803900
2025-10-24,395.98923014013906,398.45184973056286,393.5266105497153,394.1176452636719,4358800
2025-10-27,399.9294036565028,407.3172620984333,399.73238207354217,406.43072509765625,9012800
2025-10-28,404.2636260067881,404.2636260067881,394.0191345214844,394.0191345214844,8102700
2025-10-29,394.01912099307344,394.2161425780793,382.19854736328125,382.19854736328125,8612400
2025-10-30,380.22845105498914,384.6611661579618,379.73592715465884,382.6910705566406,6037300
2025-10-31,379.24341980411936,381.41053708465273,368.30938272738206,371.4615478515625,18052200
2025-11-04,374.318156810495,374.61365912031005,364.5661897900551,366.6347961425781,11876200
2025-11-05,364.467686125628,367.6198511112238,356.3902821383345,361.5125427246094,14707500
2025-11-06,362.6946259408668,365.5512586585344,352.15460205078125,352.15460205078125,21470500
2025-11-07,354.6172122658032,359.9364644375355,352.15459273617955,358.6559143066406,11635100
2025-11-10,357.0798194266116,367.3243103027344,357.0798194266116,367.3243103027344,10629500
2025-11-11,361.51253575150685,366.4377746582031,358.06486851681944,366.4377746582031,8236000
2025-11-12,368.21087624250106,373.23462631618395,364.9602303449106,368.60491943359375,7454500
2025-11-13,371.0675392395544,371.3630415717328,365.3542436401474,368.30938720703125,8038800
2025-11-14,364.6647252306996,370.772003849468,361.80806242344664,370.37799072265625,8251300
2025-11-17,368.40787304027657,371.75702951020634,362.5960970981525,364.4676818847656,7383900
2025-11-18,361.7095730433433,364.27067333705014,354.7157274797985,355.4052429199219,8662900
2025-11-19,356.5873179475306,356.88282027491107,349.00243755783856,351.8591003417969,8507600
2025-11-20,355.89777259936767,356.3902965194118,349.00243771875006,351.5635681152344,8006900
2025-11-21,349.8889852914397,366.6347976381115,349.7904745006753,365.4527282714844,11362900
2025-11-25,368.80188904725713,368.80188904725713,362.3990783691406,362.3990783691406,6331000
2025-11-26,362.99010682874075,368.0138565175938,360.92150047906324,366.7332763671875,6290800
2025-11-27,363.8766458514529,366.0437630034665,362.5960957551639,365.3542175292969,4665500
2025-11-28,363.6796522990574,369.7869304965902,363.28560913814925,366.7332763671875,7227000
2025-12-01,365.45273965228455,365.7482419725074,357.37533553842536,357.6708679199219,8637800
2025-12-02,357.5723672678167,358.0648911896732,350.8740539550781,350.8740539550781,7092700
2025-12-03,350.1845092226849,355.50376157836945,348.41143512454823,350.28302001953125,7881800
2025-12-04,349.79047786949894,364.27066241313923,349.4949454943595,362.9901123046875,10721300
2025-12-05,363.2856225905678,365.35422901684547,353.8291876040533,357.3753356933594,9710100
2025-12-08,359.54244919086267,360.3304754111552,356.3902841871457,360.13348388671875,5624100
2025-12-09,359.5424471239303,361.611053516898,358.06487542342103,361.5125427246094,4816100
2025-12-10,363.48263832528846,368.3093665346975,361.5125427246094,361.5125427246094,5689900
2025-12-11,366.43778254587755,366.9303064471489,359.1484348193164,360.822998046875,4236100
2025-12-12,364.3691689512759,367.71832540151394,362.2020818652502,366.04376220703125,7068800
2025-12-15,366.5363079154736,372.44659496578083,364.66472302846455,371.9540710449219,9256800
2025-12-16,369.19590133570705,371.3630185080084,360.822995082874,363.088623046875,6912000
2025-12-17,363.4826593422302,368.70340096138915,361.5125636276382,368.0138854980469,8100100
2025-12-18,369.39292007021515,370.870491750496,364.36917034500567,365.0587158203125,6551900
2025-12-19,365.0587398013174,369.3929443359375,364.1722027471661,369.3929443359375,7801500
2025-12-22,373.4316398479454,375.1062031288297,371.85555730143284,374.0226745605469,6868200
2025-12-23,371.8555632285208,373.82565892774477,367.81686103285676,369.8854675292969,5659400
2025-12-24,369.3929200208972,370.77198091005397,364.7631833987928,365.1572265625,4411500
2025-12-25,368.30935803250765,368.60489040255123,365.94524937852134,367.4228210449219,3332200
2025-12-26,366.3392653632603,367.52133473020183,364.1721782722312,365.2557067871094,4362400
2025-12-29,364.4677064173196,369.5899672887757,363.58116935991086,368.60491943359375,4964000
2025-12-30,365.4527282714844,369.29440862111335,365.15722596046396,365.4527282714844,5049900
2026-01-05,367.9153457273668,370.3779651766798,366.0437609581434,366.7332763671875,6791500
2026-01-06,369.0974392014507,377.3718350794715,368.4078936860846,371.166015625,11593600
2026-01-07,369.1958970273639,369.3929186084642,364.56619048423477,366.14227294921875,7695800
2026-01-08,361.6110599589142,362.49759698275864,354.81423602774225,357.079833984375,14083500
2026-01-09,359.0499231740143,364.0736729673045,358.5573992739128,361.6110534667969,10735900
2026-01-13,367.22581980027365,374.41668701171875,367.0288282706085,374.41668701171875,12738500
2026-01-14,374.81068958935424,384.070132938834,370.6734767861976,381.6075134277344,12422400
2026-01-15,379.4404193840143,388.4043301921391,376.18974365180316,386.4342346191406,9994900
2026-01-16,382.19855898008615,395.2996831268011,382.100048184589,395.2012023925781,14692900
2026-01-19,391.55651559829306,393.9206243971977,384.46415914030484,393.6251220703125,9885600
2026-01-20,391.85202166954195,396.1862562471032,390.07894756873935,390.9654846191406,8542400
2026-01-21,387.1237786471745,389.19238500334524,381.2134919502711,387.5177917480469,9313300
2026-01-22,394.80716430999536,400.3234382550677,391.7535400390625,391.7535400390625,9589800
2026-01-23,391.9505089465779,392.44303284072066,384.46413974335286,385.94171142578125,9489000
2026-01-26,378.94791747553506,382.3955849282998,371.4615478515625,371.4615478515625,11863600
2026-01-27,366.4377775117539,368.11237077758017,362.89159945906295,364.3691711425781,9689400
2026-01-28,360.5275064537452,364.07368466062707,353.6321716308594,353.6321716308594,13878700
2026-01-29,351.0710349807586,360.23199768989934,345.2592588890324,357.86785888671875,11159200
2026-01-30,360.72452885431863,373.9241638183594,360.3304856716785,373.9241638183594,12846500
2026-02-02,383.18360898863216,385.8432501757879,372.54510436255777,372.8406066894531,10442000
2026-02-03,378.1598523517833,380.0314371988452,372.84060013229595,377.4703369140625,10825900
2026-02-04,383.873158208482,391.6550301917451,379.24342130056266,390.8669738769531,12772900
2026-02-05,392.8370678893911,396.4817569341653,387.9118286728176,392.2460632324219,15997600
2026-02-06,408.0068315011505,433.91357793206225,402.1950251370361,431.3524475097656,41151000
2026-02-09,437.3612327006658,439.4298391378562,418.1528001834069,418.9408264160156,17716200
2026-02-10,418.0542744548284,451.151886083704,417.16773745949484,450.9548645019531,20506000
2026-02-12,446.12814250393245,450.0683337030156,443.0744883123884,446.81768798828125,11566400
2026-02-13,446.71919095838393,446.9162125489171,434.0120799621202,437.3612365722656,10244800
2026-02-16,438.4448039984292,443.27153245063676,431.4509582519531,431.4509582519531,8569900
2026-02-17,430.4659018659732,439.3313323391855,428.8898193251473,437.1642150878906,6734500
2026-02-18,436.17916499963815,443.0744997764427,432.8300084060165,438.83880615234375,9392600
2026-02-19,436.3761844507,443.1730083994155,432.4359931689781,440.3163757324219,7817200
2026-02-20,433.4210281341594,436.27766071642543,424.35857643048143,428.2002868652344,10156000
2026-02-24,415.5916546311093,417.0692263091492,407.8097831390202,408.49932861328125,15623300
2026-02-25,415.0006199970272,416.08417857330664,408.40081787109375,408.40081787109375,10975600
2026-02-26,406.8247608196646,419.72889362789437,404.85466512562266,411.6514892578125,11046400
2026-02-27,410.7649364909366,424.94961893304514,407.31726915827886,422.68402099609375,10755400
2026-03-02,405.83969106320666,409.09033675837844,395.79219154150155,406.0367126464844,12477000
2026-03-03,402.78603441380875,405.248653883276,385.2521958157111,386.33575439453125,12773600
2026-03-04,372.34806002991184,377.1747881291562,363.77813233804767,367.2257995605469,17525600
2026-03-05,375.1062084224951,380.5239715854639,370.27947998046875,370.27947998046875,12507100
2026-03-06,371.75704451384695,379.63742714291106,368.21086631851324,375.2047119140625,9676300
2026-03-09,355.2082428639318,364.1721838605188,350.47999538488267,361.4140319824219,18828900
2026-03-10,369.2944057140182,373.1360860334054,364.7631799259812,367.6198425292969,10627500
2026-03-11,375.0077232286963,381.01649097990156,373.1361082910823,373.3331298828125,9558200
2026-03-12,372.3480663024593,372.3480663024593,358.7544187635454,363.088623046875,12552300
2026-03-13,357.5723558547699,359.8379537984863,355.1097363240897,358.3603820800781,10268600
2026-03-16,357.5723607225066,359.2469540506753,354.5187064506381,355.208251953125,11128800
2026-03-17,357.670870741151,359.3454340044118,354.6172164759093,355.7992858886719,8378800
2026-03-18,359.5424486344426,361.21704192656443,357.2768507086527,360.3304748535156,9257800
2026-03-19,351.16953789372997,353.0411226865191,342.00860545144616,342.1070861816406,17841700
2026-03-23,334.8177546729364,335.8028025125516,326.7403804248568,331.173095703125,12175500
2026-03-24,346.2443053131548,346.5398076317292,335.90130330522277,337.87139892578125,10469600
2026-03-25,345.25925538171384,346.2443031859413,339.2504577636719,339.2504577636719,9048800
2026-03-26,341.51609063750175,341.8115929584895,334.5222451151453,336.09832763671875,7546000
2026-03-27,331.17309805715985,333.4386960798692,326.6418719504665,329.3999938964844,12911500
2026-03-30,311.29998779296875,313.0,307.20001220703125,308.0,22595400
2026-03-31,306.8999938964844,313.1000061035156,303.0,307.20001220703125,17231900
2026-04-01,315.20001220703125,315.29998779296875,309.0,310.0,18648600
2026-04-02,315.3999938964844,319.3999938964844,304.3999938964844,305.5,20534500
2026-04-03,305.79998779296875,314.79998779296875,305.0,313.0,13980600
2026-04-06,313.6000061035156,315.0,307.1000061035156,309.0,10666000
2026-04-07,307.0,309.0,304.20001220703125,305.70001220703125,13011500
2026-04-08,313.0,323.70001220703125,312.8999938964844,322.6000061035156,17653500
2026-04-09,323.0,324.5,317.20001220703125,318.6000061035156,11955400
2026-04-10,318.29998779296875,322.8999938964844,317.6000061035156,318.6000061035156,11328600
2026-04-13,311.0,313.5,304.70001220703125,305.0,20710200
2026-04-14,309.5,314.8999938964844,309.1000061035156,314.8999938964844,17750600
2026-04-15,316.8999938964844,322.3999938964844,315.29998779296875,319.3999938964844,11648300
2026-04-16,325.79998779296875,333.3999938964844,324.79998779296875,328.5,14026300
2026-04-17,334.70001220703125,335.8999938964844,329.8999938964844,329.8999938964844,13279200
2026-04-20,337.6000061035156,340.0,332.70001220703125,335.5,13335600
2026-04-21,331.70001220703125,331.70001220703125,325.29998779296875,327.70001220703125,11637400
2026-04-22,325.0,325.20001220703125,319.29998779296875,320.79998779296875,9222100
2026-04-23,320.0,323.6000061035156,314.1000061035156,316.29998779296875,10097700
2026-04-24,313.0,313.3999938964844,309.1000061035156,312.1000061035156,10326200
2026-04-27,312.0,315.6000061035156,307.5,313.0,12618600
2026-04-28,320.0,321.0,314.0,319.0,11411500
2026-04-30,311.0,312.0,303.29998779296875,306.20001220703125,19276600
2026-05-01,303.0,306.6000061035156,300.70001220703125,303.3999938964844,17570900
2026-05-07,312.0,313.1000061035156,305.5,310.0,14760200
2026-05-08,305.0,312.29998779296875,304.8999938964844,306.70001220703125,13665600
2026-05-11,316.1000061035156,329.0,314.0,329.0,37918400
2026-05-12,321.29998779296875,325.6000061035156,317.29998779296875,323.1000061035156,17756600
2026-05-13,323.0,336.29998779296875,321.0,331.6000061035156,14646200
2026-05-14,335.5,339.8999938964844,333.0,337.70001220703125,12824900
2026-05-15,342.0,348.29998779296875,340.70001220703125,347.0,17503300
2026-05-18,344.8999938964844,348.0,337.0,339.70001220703125,12342700
2026-05-19,342.8999938964844,343.6000061035156,332.1000061035156,339.8999938964844,9647200
2026-05-20,340.8999938964844,345.29998779296875,335.1000061035156,345.29998779296875,13235800
