Date,Open,High,Low,Close,Volume
2020-01-06,794.0867944590631,795.6403211180814,775.7039882659859,778.552001953125,14580900
2020-01-07,784.507049709017,800.559637602396,783.2124678175796,799.7828979492188,11294400
2020-01-08,781.6588895762642,787.8728060151836,775.0566033599124,783.4713134765625,14103300
2020-01-09,794.3457841434555,796.6759557425465,789.9442435486676,793.8279418945312,9338700
2020-01-10,800.8186115938074,803.1488306382123,792.2744750976562,792.2744750976562,8653500
2020-01-14,792.0155192096381,796.6759095460072,791.2387795855059,795.899169921875,8302200
2020-01-15,791.756561828547,794.8635202757597,784.7659053223185,787.8728637695312,7950300
2020-01-16,776.7396215452926,785.5426547866646,776.35125173452,782.6946411132812,7656600
2020-01-17,784.5070042479391,794.3457217541863,782.9535250316065,792.0155029296875,9733200
2020-01-20,792.0155651359372,797.1938453998978,790.7209832178404,793.8279418945312,6155700
2020-01-21,790.721052673521,794.6047513605225,785.0249770687291,785.2838745117188,7461000
2020-01-22,783.2124981365729,786.3194568695556,778.552060037099,784.507080078125,10849200
2020-01-23,781.4000630486885,783.7302819245791,778.0342071418767,778.552001953125,10308600
2020-01-24,775.8333256225045,775.8333256225045,764.7000747203923,766.512451171875,11532000
2020-01-27,747.7414685795828,760.0398319342852,747.0941538604088,753.5670166015625,14058300
2020-01-28,742.3041754889402,745.2816615474475,734.6662043260377,737.6437377929688,19565100
2020-01-29,745.5405857294105,752.4018175227698,743.5987366196722,751.49560546875,15644700
2020-01-30,747.094113878694,749.4243329627811,735.1841210295024,737.9027099609375,13259700
2020-01-31,736.7374405723808,741.3978777294017,732.465373178445,732.9832153320312,17220300
2020-02-03,720.425969667124,734.5367546871312,717.7073811023424,727.4166259765625,12617100
2020-02-04,717.1896156949825,728.4523409549658,714.3416018325589,727.2872314453125,15355800
2020-02-05,732.335985478052,741.0095936594736,732.0770880755281,737.6437377929688,11774400
2020-02-06,750.5894430121549,766.2537093352493,749.6832783066832,760.4281616210938,18352800
2020-02-07,749.0359471792351,751.7545360528304,738.6794339397761,739.8445434570312,15473400
2020-02-10,739.9739236934354,766.900864243393,739.9739236934354,761.0753173828125,16176300
2020-02-12,760.6869546480884,767.807083346539,754.3436129466756,765.865234375,18628500
2020-02-13,765.9947435100162,776.6101534578884,765.0885314770322,774.5388793945312,15947700
2020-02-14,766.6419540272902,769.748912300957,758.3567161613718,766.383056640625,19602000
2020-02-17,760.6870078443058,767.1598698077096,756.2855148066276,764.8296508789062,16317000
2020-02-18,764.8296952993451,775.3156810879739,763.146743505768,770.78466796875,15487200
2020-02-19,770.7845794615906,776.2217566535801,765.865244471646,770.2667846679688,14310300
2020-02-20,781.6589196104178,793.8278555736828,781.6589196104178,787.3550415039062,17080500
2020-02-21,790.7208559237722,799.5239356961855,786.837158203125,786.837158203125,16166700
2020-02-25,751.366202483161,770.2669005032799,751.366202483161,759.9103393554688,18717000
2020-02-26,749.1654340382971,765.0885977477685,740.6212974137028,762.62890625,23898000
2020-02-27,753.8257640974143,761.2047901241278,751.7544427432489,757.0621948242188,24849300
2020-02-28,733.242363023933,739.1973838936761,717.5780947624534,724.8276977539062,25368600
2020-03-02,705.5383963276432,731.3002734174146,704.7616567913528,724.0507202148438,19521900
2020-03-03,729.8762282442046,737.7730481744088,715.3770751953125,715.3770751953125,18358500
2020-03-04,705.4091145830304,715.1183607582032,699.5835668779266,709.8106079101562,16194000
2020-03-05,726.7694366021958,727.4167038603052,714.0826570025733,727.2872314453125,20449800
2020-03-06,710.1989065309249,710.587276338982,691.9455255522416,695.8292236328125,21507600
2020-03-09,663.853409678906,669.2905864618225,641.0690182210714,646.3767700195312,25051500
2020-03-10,645.3412481998668,662.8178922601198,620.6150490729858,658.2869262695312,24730800
2020-03-11,655.697698318854,680.1649958500549,648.4480970743642,649.3543090820312,24878700
2020-03-12,636.9265609975961,648.7071290464997,624.1103558067908,631.1010131835938,29031900
2020-03-13,579.3183705400907,621.391788703,567.4083770594269,592.9113159179688,42752700
2020-03-16,590.3221456419037,599.7724940394186,569.091277259346,572.9749755859375,23751000
2020-03-17,557.0518947856416,589.5454931182452,548.8961270942824,579.4478759765625,33089100
2020-03-18,578.9299986769488,613.7538616544513,571.6804436365421,589.2865600585938,24375900
2020-03-19,601.0670036384631,628.2528907982019,584.1082041178154,587.4740600585938,35977500
2020-03-23,574.5284623702602,585.6617152481182,560.935518050841,574.0106201171875,32929500
2020-03-24,595.2415099084379,608.3166598474276,586.0501058927399,607.1515502929688,20709600
2020-03-25,620.0971480930759,673.1743899695314,620.0971480930759,671.6209106445312,25584000
2020-03-26,660.228729001088,675.5046252003931,648.3187363591718,654.5326538085938,17568000
2020-03-27,665.4068863863833,667.6076326069079,637.0558932622971,664.1123046875,29430300
2020-03-30,641.3384211134548,666.9919253644636,637.4118594493555,665.1595458984375,20344200
2020-03-31,666.8608555697916,667.515266324267,630.0820412943577,636.102783203125,23101200
2020-04-01,627.2028256621355,636.1030165001429,595.1358720940033,601.1566162109375,18504000
2020-04-02,596.4446390383506,596.575540387313,572.3617146601983,581.7854614257812,21688200
2020-04-03,628.118753538566,636.1027755463003,559.0112915039062,559.0112915039062,18641100
2020-04-06,568.0425121806528,608.3552396817777,564.6395084039302,600.3712158203125,18512100
2020-04-07,615.2920825601587,625.6320420647639,599.3240844824215,616.6009521484375,17245500
2020-04-08,623.014437434403,634.6632690429688,606.1302222053906,634.6632690429688,17461200
2020-04-09,632.4381314865917,634.2705587358339,620.7893488039848,633.0925903320312,12246600
2020-04-10,629.9513481007788,633.0925972117211,613.3288889114898,631.52197265625,14215200
2020-04-13,621.705462760972,627.3335011668972,609.402223205298,611.6272583007812,9680700
2020-04-14,611.103869538697,629.0351510422919,603.3815999830312,625.7630004882812,16560300
2020-04-15,620.5276548641896,622.490935729683,610.4494478002152,620.6585083007812,12927900
2020-04-16,599.3241182517946,601.8109082984982,594.0886875353361,596.8372802734375,13767600
2020-04-17,609.9257945597673,648.5369438675338,609.9257945597673,646.4428100585938,24948900
2020-04-20,636.8881220011951,649.8457718322923,634.0086282837356,641.7308959960938,13581900
2020-04-21,635.9719707259891,635.9719707259891,619.0877586896208,624.9776000976562,14798700
2020-04-22,616.3392663561476,620.3967292971251,609.0097007214184,613.3289184570312,8775600
2020-04-23,628.249751642065,640.42209058013,622.8834676573397,637.4117431640625,12891000
2020-04-24,628.3806211201464,641.3382715907046,624.061404296627,640.4220581054688,14606700
2020-04-27,638.3279895663676,663.5888841718241,636.3647088439658,663.1962280273438,15516300
2020-04-28,653.1180557296145,661.2329332322848,646.8355575516355,649.976806640625,13131600
2020-04-30,677.8552323833715,692.3835059923854,676.6772642529108,683.3524169921875,21383400
2020-05-01,665.8137794961177,667.1226490126955,640.5529381408676,642.9088745117188,16170300
2020-05-07,623.668869436229,634.1396841571669,623.1453119241015,628.5115966796875,11595300
2020-05-08,634.5322808159722,664.8977029708524,630.3439649066163,664.3741455078125,15223800
2020-05-11,675.2376467428267,689.6350702264766,670.1331170188333,684.2687377929688,11603400
2020-05-12,667.515380714226,670.3948748043288,657.5680767106785,660.4475708007812,13718100
2020-05-13,643.8252076305871,669.2170048584397,643.0398953025434,660.1859130859375,14837100
2020-05-14,641.3382969506556,647.3589917155637,631.91455078125,631.91455078125,13554600
2020-05-15,645.5265995956751,652.7253104183425,633.4851623768656,642.1235961914062,11247600
2020-05-18,646.5737648759288,652.0709508669879,641.8618911693067,651.15478515625,9655500
2020-05-19,677.9862579524839,682.6981316709143,673.1435308074248,675.1068115234375,17001600
2020-05-20,669.7403286475741,677.7243510782024,667.5152936459699,673.7977905273438,13267500
2020-05-21,676.4156440988202,680.080450804006,668.5625211103212,669.2169799804688,9478500
2020-05-22,677.9861942384077,678.7715064510127,660.0549146944787,660.4475708007812,9507300
2020-05-25,671.1801631861202,688.45703125,667.7771117645578,688.45703125,9587100
2020-05-26,701.5455120891219,724.974023432338,701.2837573469109,718.16796875,19600500
2020-05-27,731.2566321912694,738.7170988324366,717.5136673259615,735.968505859375,24582900
2020-05-28,749.0568644182243,764.3704508250506,746.5700746484711,758.6115112304688,30153900
2020-05-29,736.0994021367515,747.8790869927716,728.7698364257812,728.7698364257812,24869400
2020-06-01,732.9581559061668,739.2406545223101,725.2359340010441,731.5184326171875,9229500
2020-06-02,740.2875513125625,743.6905544157429,734.6594653177692,739.371337890625,11079900
2020-06-03,757.8263020094586,762.0146179259023,752.1982150501321,758.480712890625,15072300
2020-06-04,771.5691413408445,774.317733701855,753.7687176923217,763.3233642578125,20122800
2020-06-05,770.3911797141412,794.735855117952,767.5116860009908,792.1181640625,21480000
2020-06-08,807.30094835986,809.6568849795871,793.4270833998041,795.7830200195312,17515200
2020-06-09,795.7829219538033,799.447727776754,783.2179281969978,792.1181640625,11906400
2020-06-10,776.1501904376961,799.1860463936525,775.4957795966883,795.521240234375,11339400
2020-06-11,764.1087040367443,772.2235800859545,748.6642161382646,750.4966430664062,20245800
2020-06-12,727.7226578328494,741.7273761503354,718.6915674932742,737.0155029296875,23418600
2020-06-15,730.0786684029435,741.5965499324533,715.943047309007,717.513671875,12700800
2020-06-16,742.381854485177,777.72090685204,741.9891983477675,773.009033203125,23023200
2020-06-17,775.3649946551529,777.4591767650732,754.0307091327055,763.9779663085938,15369900
2020-06-18,756.5174534101258,769.6060069199974,754.9468289062074,759.1351928710938,10084500
2020-06-19,757.4337286958257,759.2661081223973,747.0937672257821,752.0674438476562,18228600
2020-06-22,756.9099964175988,756.9099964175988,746.0465278662365,746.1774291992188,9737100
2020-06-23,758.3498739586526,760.0513518685162,739.7641348483025,753.6380004882812,12587700
2020-06-24,740.5494741025058,752.8527157010815,740.5494741025058,747.3555297851562,11609700
2020-06-25,735.3139563106479,739.5023198979076,722.0945505717608,727.5917358398438,14334900
2020-06-26,735.0522165227493,737.4081531141683,724.4505018613635,726.675537109375,12524400
2020-06-29,721.4193192397441,723.6532063732949,709.8555691200758,711.82666015625,12756900
2020-06-30,722.7333823160416,735.0855204944595,722.7333823160416,724.1788330078125,11784000
2020-07-01,724.0474386981855,726.8069662026352,704.4679500645362,709.4613647460938,10406400
2020-07-02,722.60205078125,729.6979792668269,712.6151724274342,722.60205078125,12027000
2020-07-03,735.7425928520581,738.2392760695544,718.3969918270378,727.726806640625,10275900
2020-07-06,725.8870830585964,740.604529526278,723.9159921814662,739.421875,8299500
2020-07-07,740.3417811944232,740.7359993952723,723.5218206656456,727.3325805664062,9050400
2020-07-08,725.3614381637867,730.486274411683,715.9002020138242,716.4258422851562,11807700
2020-07-09,718.65977786931,723.2589741571875,712.8779269826349,714.1919555664062,9296400
2020-07-10,706.9647183198938,707.753154790837,692.6414397236438,692.9042358398438,13647000
2020-07-13,714.8490911560248,738.1079673132671,711.8267192348205,734.0343627929688,14472900
2020-07-14,722.2077576977978,735.6111767817089,720.8936809625167,724.96728515625,8430000
2020-07-15,742.4442766039904,754.5336184343289,741.7872142033493,747.8319091796875,12286200
2020-07-16,743.7583502311387,752.5625730811448,739.684794087535,747.0435180664062,12066000
2020-07-17,746.9120628402225,747.4377031448169,738.1078885028816,740.0789794921875,7495500
2020-07-20,743.3641540566313,743.4955761730877,732.8516840433564,735.0855712890625,7058700
2020-07-21,739.8161733342861,739.8161733342861,722.339197744997,726.6755981445312,11490900
2020-07-22,731.1433855227275,741.9186997173916,727.3326253871347,728.778076171875,11080200
2020-07-27,711.6952414294748,725.3614557137372,708.1472777873967,724.8358154296875,12191400
2020-07-28,717.6085751214736,719.5796662011678,709.7242108026965,712.6151123046875,10322100
2020-07-29,708.0159866643006,714.5862748798689,695.6637986215802,698.5547485351562,13629900
2020-07-30,704.3365303069252,706.1762473976029,695.9265737753788,700.3943481445312,9563700
2020-07-31,686.8594851533978,687.7792954831258,662.8121764012246,663.3377685546875,14474400
2020-08-03,679.2380269624726,687.5166099956774,673.9817677260057,685.6769409179688,11432400
2020-08-04,696.8464283370325,727.2012329101562,692.5100276837292,727.2012329101562,15712200
2020-08-05,716.4259153977131,743.2327538916262,715.9002750727386,742.9699096679688,15007800
2020-08-06,703.548006506533,724.3101953984137,695.92648735392,696.057861328125,23048100
2020-08-07,685.9396936231507,697.3720218502032,668.9883103899349,669.6453247070312,20802900
2020-08-11,693.035662297986,714.9804615025147,691.7215854640726,712.3523559570312,25957200
2020-08-12,712.3523002134857,724.4416425234973,712.2208781036754,724.0474243164062,14180400
2020-08-13,724.7044516951007,733.771470019697,717.3456801037253,726.14990234375,13431900
2020-08-14,721.9449078185156,723.2589363335685,713.2721078808872,715.3745727539062,13735200
2020-08-17,715.3746402078245,732.8516638314601,714.5862037755153,720.3681030273438,9789900
2020-08-18,725.3615584104738,727.5954457198698,709.1986106415447,710.1184692382812,8821200
2020-08-19,699.0803886803515,715.6375554007623,698.2919521698557,713.9292602539062,6540600
2020-08-20,704.5994287009672,711.3011388922521,696.7150637700438,697.7662963867188,13741500
2020-08-21,705.6506511334263,710.3812700237063,696.4522094726562,696.4522094726562,8438700
2020-08-24,696.4520829933901,696.7149271877901,686.9908469310392,690.1445922851562,6730200
2020-08-25,702.628367645879,714.323493421602,702.3655233886628,709.330078125,12956700
2020-08-26,706.4390823879357,715.2433057427035,706.3076602678414,712.3523559570312,10819500
2020-08-27,705.5192042749846,709.3300125512112,701.839866237559,707.4902954101562,10395000
2020-08-28,715.3746398162594,731.4062126793334,704.7307479859104,712.6151123046875,16307100
2020-08-31,719.0539632402863,727.5953411341965,716.1630138677665,717.2142944335938,11196600
2020-09-01,710.7753882585124,714.9803661952287,705.6505518484399,709.8555297851562,10355400
2020-09-02,705.913344046012,710.6439622446576,700.9199297659983,701.3141479492188,9845400
2020-09-03,712.0895289288537,716.163085129177,705.6506152812242,708.5415649414062,9066600
2020-09-04,718.7911870044338,736.1367874737579,718.3969688119493,724.3102416992188,17733900
2020-09-07,725.4929077420985,732.9830535176781,718.7911983639483,721.0250854492188,10570500
2020-09-08,722.3392403178539,722.7334585592275,708.2787576272959,709.5928344726562,11977800
2020-09-09,699.2116842139279,701.8398377021963,687.2537638949659,694.6124877929688,22419600
2020-09-10,699.4744791349689,702.4968024988801,690.8016791041184,701.3141479492188,15486900
2020-09-11,688.1736755905274,698.5547727156852,687.3852390524736,697.5035400390625,17573700
2020-09-14,696.4521508909015,709.5927738549208,694.3496858647432,707.35888671875,19629600
2020-09-15,704.8621682794577,709.4613647460938,700.2629718128217,709.4613647460938,14846400
2020-09-16,698.0290813993214,700.0001726006772,686.2025341911872,691.0645751953125,19288500
2020-09-17,682.7859237561536,689.2248370763888,680.6834106445312,680.6834106445312,15232200
2020-09-18,685.9397129623816,698.9489144151164,683.8371997171186,686.7281494140625,20888400
2020-09-23,668.4626705208237,670.9594019232455,661.1039465483448,667.4114379882812,27082800
2020-09-24,659.6585006842217,661.6295917737938,638.1078726900067,639.29052734375,31207800
2020-09-25,647.8318692746192,650.3285522460938,640.8673162556604,650.3285522460938,22863900
2020-09-28,644.9409068594135,648.22607421875,633.9027984290568,648.22607421875,25648500
2020-09-29,655.5096403587861,659.4824260579302,648.6234623149631,654.9799194335938,22231500
2020-09-30,641.7372768314915,662.6605968579441,641.6048344877577,655.1123046875,25735200
2020-10-02,662.1309218717382,670.0764931281827,659.2175780749874,661.3363647460938,21493500
2020-10-05,675.7708040592728,686.4973247586264,674.7114107727901,678.4193115234375,16549800
2020-10-06,698.9454992731072,698.9454992731072,690.3377639485536,692.721435546875,17798700
2020-10-07,683.7164084321241,695.5023229951656,681.2002946955977,693.5159301757812,10860300
2020-10-08,696.5617776891944,696.5617776891944,688.6162062649676,688.8810424804688,10666500
2020-10-09,688.8809946385273,688.8809946385273,679.8760304817605,683.8488159179688,11278200
2020-10-12,672.7250309015214,674.97625986427,669.1495239334353,671.268310546875,9006900
2020-10-13,680.6705975662662,682.789384166086,671.9304694782383,678.2869262695312,9407400
2020-10-14,665.0442999664848,672.3277562947051,659.8796787600545,671.4007568359375,8364300
2020-10-15,668.0900287411156,671.797977762194,665.5739637767349,669.414306640625,8575200
2020-10-16,672.7250409766631,678.4193346434702,669.8116487196544,670.3413696289062,10022700
2020-10-19,674.1816270206149,684.643310546875,672.8573491640508,684.643310546875,9822900
2020-10-20,677.0950237155788,680.9353664822048,675.7707458496094,679.3462524414062,11017500
2020-10-21,681.8624654534235,692.3241020864468,679.8760726122268,691.6619873046875,8192700
2020-10-22,681.3327123167203,686.7621696606442,675.3735340748831,678.2869262695312,9023700
2020-10-23,688.0864957587663,688.0864957587663,679.346367059752,683.3191528320312,7569300
2020-10-26,679.34624761653,685.0405890542531,676.9625765722615,684.643310546875,4913400
2020-10-27,682.1272795999535,683.0542790611629,669.5468081779956,672.7250366210938,8055900
2020-10-28,663.4551463932135,664.3821457969918,654.715018716177,656.9662475585938,13741200
2020-10-29,644.6506201575244,660.6742039060385,641.8696704116782,657.62841796875,9442800
2020-10-30,656.8339459762828,661.2040104286542,644.2534250706601,644.9155883789062,11874000
2020-11-02,648.8883264955538,671.0034833557891,648.8883264955538,668.6198120117188,11815800
2020-11-04,678.1544270015123,685.3054402915108,667.560349403856,675.9031982421875,13407600
2020-11-05,663.9848503787424,673.3870925359658,659.2175081307003,669.0170288085938,16575000
2020-11-06,672.8574669367707,688.3513314364643,671.5332373443334,685.8352661132812,15512100
2020-11-09,723.5766689116052,753.504953477163,723.3117842190816,750.4591674804688,38541000
2020-11-10,773.3688928986478,787.273642119832,763.8342077184072,775.3552856445312,26615700
2020-11-11,784.7575535483439,793.1004028320312,778.7983754885672,793.1004028320312,24618600
2020-11-12,790.5843114020233,792.5707041442395,774.8256118124141,780.7847900390625,19437900
2020-11-13,780.5199133112299,780.6523556607019,762.1127060427169,771.77978515625,15722100
2020-11-16,788.2007010991662,813.0968092293305,787.9358648783509,809.1240234375,21402900
2020-11-17,809.123955265549,813.0967407226562,797.470483588645,813.0967407226562,17676000
2020-11-18,800.1190560535169,802.2378913013885,780.3875695124393,782.3739624023438,18354000
2020-11-19,792.0409767368307,795.8813683374902,777.3416705652645,784.3602905273438,15278400
2020-11-20,781.4468827754091,791.3788462067183,775.4877047166235,788.4654541015625,13832700
2020-11-24,815.2155201108549,817.8640758986138,805.1511148083796,809.91845703125,19997100
2020-11-25,821.0423706435507,837.4631850791983,805.1511801157706,809.6536865234375,20249400
2020-11-26,794.8219712603517,799.5893140706355,790.4519070175915,793.4977416992188,14109900
2020-11-27,789.7897320577088,793.3652388929801,776.1498194467391,788.4654541015625,19584900
2020-11-30,781.5793219595508,788.8627294491178,759.8613963469592,760.5235595703125,35448300
2020-12-01,769.6610097094515,776.5471390554218,762.3775533092991,767.939453125,17390700
2020-12-02,788.4654897477228,807.2700241931176,784.6251465459682,807.0051879882812,28977600
2020-12-03,807.5348464221079,821.8369226581754,803.0323885382269,817.069580078125,19668900
2020-12-04,815.7452925033514,831.6364351949221,814.9507353687728,828.9879760742188,15603300
2020-12-07,837.9927743691806,838.787331391968,824.7501896533317,825.8096313476562,10113600
2020-12-08,819.1883508569372,820.2477926293283,805.945716669373,816.539794921875,10911600
2020-12-09,818.1288880905096,832.4309151875444,816.0101015919289,828.4581298828125,11361900
2020-12-10,832.6958300507249,832.6958300507249,821.0423583984375,821.0423583984375,10365000
2020-12-11,816.8047542881731,822.3666543660108,802.5027255165902,811.5076904296875,15555300
2020-12-14,796.6758894165434,811.7724734508921,795.3516114938398,804.6214599609375,13771800
2020-12-15,802.7675027742868,813.0967450173233,798.5298810962951,810.7130737304688,7839900
2020-12-16,820.5126598754406,821.8369864672778,805.1512376456694,809.1240234375,9032100
2020-12-17,809.1239199378299,811.2427549210806,799.5892352570728,800.9135131835938,10598100
2020-12-18,810.4481739935088,820.5125307517087,805.6808317935471,819.4531860351562,18362100
2020-12-21,815.7453415486868,815.7453415486868,792.1735108029189,798.5299682617188,12304800
2020-12-22,793.7625845638747,796.1462559889915,786.081849362081,789.9222412109375,10755000
2020-12-23,782.5061869907905,786.611414240514,764.8935395075943,771.5148315429688,11772000
2020-12-24,785.2872446788144,792.5707008688124,776.5471166491834,780.2550659179688,8400300
2020-12-25,778.6659621299442,784.4926980622096,775.8850122651944,776.81201171875,5074800
2020-12-28,778.6658978514016,781.3144051481769,766.4827060911398,773.76611328125,9142200
2020-12-29,780.5806069682636,783.2528966853878,771.7619970772306,782.85205078125,11801100
2020-12-30,775.3697120664959,776.0377723506867,764.9477171898855,768.9561767578125,11725800
2021-01-04,776.7057360958305,778.1755370423119,753.5903051043331,764.6803588867188,12083400
2021-01-05,762.8096335505621,762.8096335505621,747.978337469968,752.922119140625,12866100
2021-01-06,761.6072151326259,769.2232872839522,756.262586786146,768.2879638671875,13332900
2021-01-07,788.196636392802,788.731064948407,772.9644928617989,776.7056884765625,15641100
2021-01-08,773.098059832662,783.9208984375,765.2147739494749,783.9208984375,20401200
2021-01-12,782.9856477093116,783.6537078761535,771.0938537924004,771.761962890625,16945800
2021-01-13,775.636723553061,781.78304292699,774.1669717396472,780.5805053710938,18481800
2021-01-14,774.567931439854,784.9899251228094,765.6156897863406,780.046142578125,16411800
2021-01-15,776.7056639957877,779.2443708147321,756.5297878387546,757.5986938476562,16769400
2021-01-18,757.0643466595847,758.2668844758095,739.6943886017061,744.6381225585938,14392800
2021-01-19,748.2456349104232,760.0037971686407,743.8363301800144,757.1978759765625,10227600
2021-01-20,760.2709498918965,770.4257277895931,754.9263711511118,761.3399047851562,18904500
2021-01-21,763.2105702760309,778.8435598982816,763.2105702760309,772.8308715820312,16411500
2021-01-22,769.8914047044157,770.9603598119984,759.2021961483059,762.0081176757812,11490300
2021-01-25,758.4003985339634,761.2063196701885,748.379251618874,754.7927856445312,12188400
2021-01-26,743.7027633339724,750.7843578018523,740.4959961890632,749.982666015625,11551800
2021-01-27,754.3918966906984,758.934832676589,746.6421938750918,758.2667236328125,11878800
2021-01-28,739.1598348812181,750.9179975166156,733.0135148099946,746.3750610351562,20437500
2021-01-29,745.5732290730551,747.7110897679522,735.4184519365123,738.7588500976562,16693200
2021-02-01,743.1682050760082,747.5775094211194,737.689994775875,741.297607421875,9743100
2021-02-02,743.5691644391443,751.9869285648704,742.0994124101936,750.383544921875,10975500
2021-02-03,756.262501508234,774.166982430868,756.262501508234,773.8997192382812,14359800
2021-02-04,788.1966773413391,808.372555182471,774.4342850203367,777.6410522460938,18957600
2021-02-05,791.0025784507349,805.700244882745,783.787352377158,793.4076538085938,18631800
2021-02-08,802.4934209954581,812.1137217466525,799.2866540783933,805.1657104492188,14020800
2021-02-09,801.6918527413756,809.1742937231659,788.3303055518901,795.5455322265625,10863600
2021-02-10,822.0012511399905,848.7242424169788,821.7339879538836,836.4317016601562,30115800
2021-02-12,827.8803661272802,830.5527047480359,802.2262774602697,806.7691650390625,19667100
2021-02-15,817.1909686767934,824.4062421322526,810.7774357664946,815.5875854492188,18245700
2021-02-16,819.5961813487766,824.4063807717998,814.5188165847259,817.9927978515625,17196000
2021-02-17,825.7425584647793,828.9493256821182,822.0013626654736,825.2081298828125,11374800
2021-02-18,833.7592783388566,833.7592783388566,813.7169879941725,815.5875854492188,14361000
2021-02-19,803.562342381946,804.898511600109,791.0025376704612,796.6143798828125,18246600
2021-02-22,809.9758351889043,813.1826020044741,794.0756327054963,795.6790161132812,17590500
2021-02-24,799.9546737635682,809.7086056202781,795.4117868149998,798.7521362304688,20268300
2021-02-25,813.7171353373881,817.4583798562965,807.5708155416205,808.6397705078125,15537600
2021-02-26,802.2262550505595,804.3640671697844,778.0418701171875,778.0418701171875,24113100
2021-03-01,793.9421586629715,807.0364917126071,791.0026544529619,806.5020141601562,17745600
2021-03-02,811.8465410657003,818.5272894421655,791.0025552424913,800.08837890625,22289100
2021-03-03,812.1137432793913,831.621608496362,811.5792658019159,828.6820068359375,23277300
2021-03-04,833.2248498839136,835.0953984075869,801.9588280148336,815.5875854492188,15826500
2021-03-05,817.9927998060966,828.6820068359375,805.7002092752106,828.6820068359375,18196200
2021-03-08,843.3797507440477,855.9395559827487,836.1645247395834,841.7763671875,19377600
2021-03-09,864.2237995182296,874.1113647867033,858.8792198972354,872.775146484375,18791100
2021-03-10,856.4741264394353,861.5514427210051,853.2673591614877,859.9480590820312,15999000
2021-03-11,855.1377508024846,866.0942688944322,848.9914806050465,852.9999389648438,14197200
2021-03-12,857.0085136078634,860.4825439453125,845.7848286775453,860.4825439453125,20150400
2021-03-15,876.5164075634316,892.0157172443492,875.7147157570816,887.20556640625,18588600
2021-03-16,886.403797302986,894.6879778671205,881.5936468843456,891.7484741210938,15314700
2021-03-17,889.3435075791757,891.7485830823681,875.9819117640362,879.7232055664062,13200300
2021-03-18,892.5500646446297,896.2912597028545,879.7229983161452,888.007080078125,17991900
2021-03-19,897.3603491554666,928.6263280222151,896.8258227364144,927.557373046875,28734300
2021-03-22,908.8511713864891,912.5924647542058,892.0156448200478,893.8862915039062,17145600
2021-03-23,897.3603591092518,898.9637426586652,880.257568627921,881.5936889648438,14527200
2021-03-24,883.4642539315215,887.7399756216794,865.2926080081743,867.430419921875,14686800
2021-03-25,873.0423124543913,887.2055006966731,871.4389289604438,875.4473876953125,11907600
2021-03-26,887.205433320967,894.4206584957956,879.1885164600463,882.9298095703125,13614900
2021-03-29,894.6878764117939,896.0239965334277,877.5850886862313,888.007080078125,14959800
2021-03-30,891.5012759910076,893.1138801070151,881.5569495593236,889.888671875,10876800
2021-03-31,891.5011570735641,904.133286580985,889.0822512222107,892.0387573242188,19847100
2021-04-01,910.8524495282837,911.121249667081,880.4817740145597,886.9321899414062,12970500
2021-04-02,888.8136598237002,894.9952760691166,878.0629330083495,879.675537109375,7044000
2021-04-05,881.8255336681511,892.3074590240151,878.8691259916742,892.0387573242188,8777400
2021-04-06,889.6198236810383,891.2324275315625,863.2805618387907,867.5808715820312,14455800
2021-04-07,879.406751791029,884.2445641757454,865.6996167009995,875.912841796875,13970400
2021-04-08,872.1500450230934,873.4939474318525,858.7117099143268,869.9999389648438,12932100
2021-04-09,872.1500569938514,873.2251592505057,863.0120323017057,864.0870361328125,10171200
2021-04-12,868.118433155213,873.4938453107113,865.1620253675633,867.8497314453125,7456500
2021-04-13,872.1499766584299,892.307526954276,871.8812749381776,884.2445068359375,11738100
2021-04-14,875.6440727025109,886.3948000807326,870.2687582261743,883.4382934570312,13520100
2021-04-15,892.3075330581348,905.4771654833545,891.2325293186951,894.9952392578125,11623200
2021-04-16,896.3390721459369,899.8330804760126,889.6199540676545,893.920166015625,10917000
2021-04-19,895.8015932472013,900.37060546875,888.8136748332658,900.37060546875,8546100
2021-04-20,894.9951505575433,895.8014524949825,876.7190061174306,879.9442138671875,10590300
2021-04-21,867.849724826912,867.849724826912,850.6485832264597,857.0989990234375,10921500
2021-04-22,871.0750858558005,874.031494140625,863.5495666278684,874.031494140625,9159300
2021-04-23,868.6560419398096,872.418751745109,861.9368258923489,868.9247436523438,8988900
2021-04-26,894.9952331355682,898.2204411829036,878.3316910328483,884.2445068359375,14188500
2021-04-27,878.3317216538102,880.7506277736412,865.4308890147116,867.3121948242188,12951600
2021-04-28,870.2686725052312,877.525390625,869.999872358949,877.525390625,12738900
2021-04-30,882.90076499785,890.4262837789496,862.2057113817581,868.6561279296875,19468800
2021-05-06,889.6199136549374,899.2955377366508,883.7069994631555,891.77001953125,19133700
2021-05-07,890.6948975678134,904.4020313786742,882.6318776790717,903.0582275390625,10904100
2021-05-10,913.2714245007988,929.1287638027159,911.3901186636886,922.1407470703125,14582400
2021-05-11,915.6903270948596,918.6468335568948,889.3511596478616,895.5327758789062,14547600
2021-05-12,889.6200336235574,890.9638376742776,871.3437867208971,883.1696166992188,16547400
2021-05-13,882.9007349900209,895.8015676474093,881.0193307523043,885.3196411132812,11072400
2021-05-14,898.4892752108755,899.5642789835001,885.5884425350414,894.18896484375,11051100
2021-05-17,880.4817410829959,893.1137723254317,861.9367959869254,870.2686157226562,15902700
2021-05-18,883.4382538650304,904.6709074971563,882.9007519691498,899.2955932617188,16399500
2021-05-19,888.5447112677427,895.5326283966086,884.513201688488,889.3510131835938,12313500
2021-05-20,887.2010717225046,891.5012837857605,880.7506552020758,884.7821655273438,8607900
2021-05-21,880.2128919954407,895.2639267083429,879.944190307175,889.3510131835938,12539400
2021-05-24,898.7577972355232,913.5400311960707,898.7577972355232,902.789306640625,11820000
2021-05-25,903.5957613010262,907.6272713877731,887.7385211016681,894.9952392578125,13812300
2021-05-26,906.2834659260549,906.8209677948408,886.1259155273438,886.1259155273438,15841800
2021-05-27,884.2444113782027,899.5641479492188,883.9757096869579,899.5641479492188,37061700
2021-05-28,913.8089975565221,934.7728502772117,913.8089975565221,932.0851440429688,20349000
2021-05-31,916.4965565584829,919.7217644976043,900.9081171364197,901.1768188476562,12785400
2021-06-01,903.8644757203227,907.8959854246953,892.8450486702144,904.4019775390625,11260200
2021-06-02,923.2159010293568,947.1361637642503,922.1407987582153,945.5235595703125,19777800
2021-06-03,962.1870857952545,975.0879177906074,961.6494855117567,965.1434936523438,17867400
2021-06-04,978.3130998448017,979.3881035322142,962.1870602782695,974.819091796875,12567300
2021-06-07,971.0562862617127,976.4315994451955,960.3055614692221,964.8745727539062,10338300
2021-06-08,964.3372513076595,972.66907196192,960.0369409013406,965.412353515625,9380700
2021-06-09,962.993387794964,968.368701651182,957.0804736552482,965.1434936523438,6472500
2021-06-10,963.2621665762724,966.2186730954321,957.3493503890431,961.112060546875,7659600
2021-06-11,958.6930718202472,964.0683856437521,944.7171377684906,963.5308837890625,14562900
2021-06-14,976.9691569875694,983.6883726695052,961.9182201596062,963.2620239257812,8366100
2021-06-15,963.530925737045,974.5503540039062,960.8432194955132,974.5503540039062,8801100
2021-06-16,977.775464673457,984.4946803948451,971.0563473775999,974.2815551757812,8232000
2021-06-17,974.0128932620943,975.8942975531795,965.6810724593395,970.2501831054688,9404700
2021-06-18,954.123916594673,957.886625863069,945.7920977587373,950.0924072265625,14068200
2021-06-21,928.3223631710354,928.8598650066255,905.4771079882295,912.7338256835938,17977200
2021-06-22,943.1045302137644,946.5985383198796,932.0851024682971,945.792236328125,14485800
2021-06-23,926.9785763231154,937.9981035157897,925.9035725181315,936.11669921875,9972900
2021-06-24,952.5114029442279,960.5744224431195,946.3296890447238,949.0173950195312,10377900
2021-06-25,957.6181310371627,966.7562546598126,956.0055267758453,965.68115234375,10525200
2021-06-28,971.5939766724347,979.9257973860242,966.2186624454172,975.894287109375,10388100
2021-06-29,971.8004770634375,975.8939921311015,964.1592156240205,969.89013671875,9733200
2021-06-30,976.985675540994,987.6288152188954,968.7986450195312,968.7986450195312,10372200
2021-07-01,972.6193012600701,981.8979698826246,966.0696763357598,971.8005981445312,8861400
2021-07-02,975.6213083606254,985.1729125976562,973.7110674647059,985.1729125976562,9462000
2021-07-05,976.9857926604866,984.899889800184,970.709001882022,979.9876708984375,4467600
2021-07-06,981.0793994375408,985.9916187950483,976.4400145292112,981.3522338867188,3962400
2021-07-07,964.4323765249317,974.8025838196079,960.6117948772838,971.5277709960938,10424700
2021-07-08,969.3446109280467,970.1633141467358,947.2396240234375,947.2396240234375,15849900
2021-07-09,937.4152651327796,942.6004192719637,920.7682649570376,940.9630126953125,17765100
2021-07-12,967.4343067287381,974.2568671225487,963.0679560233374,972.8923950195312,12132000
2021-07-13,981.8980353790221,984.3541448894705,972.8923005073782,978.8960571289062,7998300
2021-07-14,969.3446151278795,981.079394626387,967.9801430706049,976.1671752929688,6783900
2021-07-15,972.0734306044777,973.7108366639242,955.972204393698,958.9741821289062,7635300
2021-07-16,959.52001953125,968.5257535029597,955.9722728353413,959.52001953125,7184400
2021-07-19,945.8751771041395,946.966714798489,937.4152103064488,943.4190673828125,7969800
2021-07-20,925.1345762914541,928.9551577476823,919.9494229342256,922.678466796875,9919500
2021-07-21,945.0564887413691,948.3313017546925,932.7759399414062,932.7759399414062,9734400
2021-07-26,945.8750961536034,949.4227432656627,935.231954938722,938.7796020507812,7828200
2021-07-27,946.1480712890625,949.1500499864417,939.5984449520413,946.1480712890625,8718900
2021-07-28,936.0507267457892,953.7892634248337,934.9590891254594,950.2415161132812,8852400
2021-07-29,964.1593690841008,972.8922692446415,961.97619401364,966.615478515625,10359000
2021-07-30,955.4267668314178,963.6137999662201,951.6061846816333,953.2435913085938,9153300
2021-08-02,966.8885114445,979.9877630813432,962.5220609190992,978.623291015625,9419400
2021-08-03,974.2568507644845,979.4420045718692,969.6175657406308,974.52978515625,7606200
2021-08-04,971.5277497273,975.0754968548914,963.6136522235157,967.9801025390625,9483900
2021-08-05,982.9895231525825,993.3598294083796,977.8044699640307,985.7185668945312,10642500
2021-08-06,981.3522120817424,997.9992106254193,980.8064432561545,991.4495849609375,8966400
2021-08-10,992.814008284281,996.3617553249316,982.4438014707624,982.7167358398438,7693500
2021-08-11,988.7203637756792,1002.6383158186073,985.7184858638468,995.8158569335938,7384800
2021-08-12,1001.5469557849069,1003.4571966402233,980.8064412434895,982.44384765625,7612500
2021-08-13,983.5354201941925,985.4456609231669,974.8025199441541,975.348388671875,6494400
2021-08-16,965.524067303354,968.525945910497,958.7015068987251,960.0659790039062,7160400
2021-08-17,963.6137999662201,966.0699099066608,952.6977224733607,953.2435913085938,6382800
2021-08-18,945.0563333163423,955.4265395065834,944.7833989636651,949.6956176757812,6840000
2021-08-19,944.2377839363554,947.2396625471815,922.6785649876176,923.7702026367188,10532700
2021-08-20,904.9399495905407,912.8540470289445,876.5581726829868,879.0142822265625,24783000
2021-08-23,892.3863866141356,909.3062175120535,889.6573429444028,900.0276489257812,11077800
2021-08-24,890.2032523754622,903.3025026866187,890.2032523754622,895.3883056640625,11874000
2021-08-25,900.0277050387461,910.9436805195547,894.2967829325489,895.6612548828125,8584800
2021-08-26,897.8443720748246,903.3024594025003,884.1993536343232,889.111572265625,10117200
2021-08-27,884.1995223580961,889.6575107879263,880.3789404511513,886.10986328125,8394600
2021-08-30,898.117405269457,907.9418436133344,896.7529332570368,903.8483276367188,8574000
2021-08-31,891.8408136660403,915.0373401640308,891.8408136660403,912.0354614257812,13088700
2021-09-01,924.0430040900679,924.8617073128115,911.7624557489152,916.12890625,7575000
2021-09-02,918.0392498249488,919.1307874989616,904.1212949967373,911.4896240234375,7418100
2021-09-03,912.5810944504883,927.8636201541034,909.5792161591198,922.678466796875,11176500
2021-09-06,922.4056082697589,926.2262899794778,914.4915103385285,922.9514770507812,12128100
2021-09-07,940.14422900831,946.4209203689178,931.9571968251879,936.3235473632812,10709400
2021-09-08,928.1364179995934,948.8769306716523,928.1364179995934,948.0582275390625,11386200
2021-09-09,938.779599596682,941.5086434705835,928.9551615778585,929.7738647460938,10920600
2021-09-10,935.777778530859,938.7796570182179,929.5010871702513,936.3235473632812,14751000
2021-09-13,923.770027147248,927.317673938994,916.6745336850704,924.3157958984375,11009700
2021-09-14,936.0507099954331,944.5105765986851,930.8655563158521,940.1442260742188,12127200
2021-09-15,927.3178276628038,932.5029814463599,922.6785426602701,922.9514770507812,11002500
2021-09-16,934.6859599373357,939.3253439023226,927.8635010653828,931.68408203125,10107600
2021-09-17,934.413386388708,942.873253741828,930.5927044169445,940.9630126953125,17916900
2021-09-21,908.2147206980924,918.3119928438684,906.5773144107396,910.9436645507812,12629400
2021-09-22,907.6688905952728,909.5792313249144,896.47998046875,896.47998046875,10395900
2021-09-24,928.4092697921244,935.2318286034156,926.4989293395216,931.68408203125,13976100
2021-09-27,945.6021891029008,950.2414738892772,937.4151571626159,943.9647827148438,10145100
2021-09-28,956.2451946532174,971.2547843892552,954.06201975936,970.1631469726562,19845900
2021-09-29,977.3703041240899,986.2403351341027,969.608963546681,983.1912841796875,24392100
2021-09-30,989.5665869552797,990.1209321589795,956.026621179848,957.6897583007812,16347000
2021-10-01,952.9776201060176,961.01608277408,934.9603341907717,940.2268676757812,14037300
2021-10-04,947.1565213285958,956.3037748269404,942.7214554927895,946.0477294921875,9388200
2021-10-05,942.1670108569947,968.2228549379535,930.5250530882411,945.7705078125,15687600
2021-10-06,944.3846614704584,949.6512961907898,913.062279524945,922.2095336914062,21345900
2021-10-07,913.3395142823355,929.1393171307137,910.8448085694337,923.595458984375,10202400
2021-10-08,931.3566723793398,947.4336963939237,928.3076218718479,934.1286010742188,18368700
2021-10-11,941.6127914923436,959.352852311902,938.2865173999478,951.5916137695312,16549800
2021-10-12,948.2653881444642,969.8861708501095,946.3250276547818,953.5319213867188,13539300
2021-10-13,939.6723289528924,955.7493524883976,937.7319687733157,948.5423583984375,12348000
2021-10-14,938.8408275427342,953.8090603999258,928.0304371458737,950.760009765625,9921300
2021-10-15,952.977391503822,965.7281408753821,951.3142546949148,963.7877807617188,9518100
2021-10-18,968.2229871416853,980.9736368609742,967.3914186160869,977.093017578125,12345000
2021-10-19,976.8158771586832,976.8158771586832,966.5599321455223,970.4405517578125,7377600
2021-10-20,970.1631863117602,978.7560943839679,963.787861844536,967.1141357421875,8343300
2021-10-21,972.9351185902765,975.1526006934755,946.8792724609375,946.8792724609375,9555000
2021-10-22,948.8196310925839,956.0265240477981,941.0582914801676,947.156494140625,8834100
2021-10-25,939.6724359004091,951.3143952832461,935.5145932636816,941.058349609375,8593500
2021-10-26,952.4229952659631,959.9071105042032,944.9388800277231,945.4932250976562,10801500
2021-10-27,937.1776649525809,938.8408018912723,929.1392035855137,935.2373046875,11204100
2021-10-28,923.5954185640363,938.0093069999364,921.1007129603131,933.297119140625,10881900
2021-10-29,930.5252215882269,932.7427039186414,918.8832617113412,928.3077392578125,13080300
2021-11-01,942.444202280729,967.1140305004564,938.2863603611225,964.3421020507812,16129800
2021-11-02,968.5001120255705,968.5001120255705,952.1459648072668,957.1353759765625,10428600
2021-11-04,969.3317906375131,975.1527709960938,954.6407788072329,975.1527709960938,13751100
2021-11-05,976.2613420378881,976.8156871575783,942.7213813453521,944.93896484375,11892000
2021-11-08,923.0409532731531,929.9707239961941,912.2305637303144,913.33935546875,20406000
2021-11-09,923.0409532731531,925.5356585522698,913.33935546875,913.33935546875,12762000
2021-11-10,903.360634514684,913.8938019133511,896.9852081990604,903.6377563476562,13041000
2021-11-11,909.1815086909705,910.5674222245696,894.7676222042346,897.53955078125,11985900
2021-11-12,897.5395621321993,910.5674337402791,895.0448568342808,908.904296875,12197700
2021-11-15,914.4481245175656,923.5953779961009,911.121850525371,920.2691040039062,9899700
2021-11-16,920.8235017483098,925.5356891502636,915.5568677038996,918.3287963867188,11430600
2021-11-17,908.6270430806438,913.0621084092182,900.5885823380542,903.9148559570312,14284500
2021-11-18,896.9852452094383,902.5291032352318,884.2345950717462,894.4905395507812,16503300
2021-11-19,897.5395467922173,923.0409444540417,894.7676182275214,921.3778076171875,17642100
2021-11-22,913.062340846479,914.7254780793505,906.964137156003,912.5079956054688,8650800
2021-11-24,921.3778492015796,929.6935337611607,908.07275390625,908.07275390625,16896600
2021-11-25,910.2903129632383,925.2585464368046,908.3500540750699,915.2797241210938,9171900
2021-11-26,910.5674684697132,913.8937423271368,893.9360991825952,900.0343017578125,14078700
2021-11-29,885.6204224367257,886.4519909084974,865.1084339696347,865.9400024414062,18363300
2021-11-30,881.4625787557259,882.0169238994678,859.0102300515706,859.5645751953125,31977000
2021-12-01,862.0592757237353,883.9572791601071,859.5645703262937,880.07666015625,19695900
2021-12-02,875.9188057463012,885.6204038770485,865.3855376513884,882.0169067382812,15993000
2021-12-03,882.017019564741,887.8379994897656,868.9891459501067,886.7293090820312,14366400
2021-12-06,886.7292057514744,887.5607742152896,875.6415923973319,883.6800537109375,11102400
2021-12-07,895.3220948433335,906.964054411308,887.837977978207,903.0834350585938,14356200
2021-12-08,905.0237297885348,906.9639885691206,891.1641874453045,897.2623901367188,12049200
2021-12-09,892.8273867898478,895.3220924047619,887.0064070217151,887.2836303710938,10072800
2021-12-10,887.2836378556573,893.3818410246092,882.0170032320245,882.8485717773438,14094000
2021-12-13,896.7080469523208,896.7080469523208,877.3047485351562,877.3047485351562,12132300
2021-12-14,875.0872340363973,888.1151059360559,875.0872340363973,882.5713500976562,12078000
2021-12-15,876.4731439586875,889.7782391231458,876.4731439586875,886.4519653320312,11825700
2021-12-16,889.7782508653635,895.8764533994903,885.6204085716001,887.837890625,9704400
2021-12-17,887.0063221662474,900.3114175062901,884.7888401128474,887.837890625,13052700
2021-12-20,876.4731735050767,878.4135337852442,855.1296164625287,855.40673828125,10934400
2021-12-21,864.5539688571798,868.7118111272686,860.1190047756326,862.3364868164062,8306100
2021-12-22,863.7224359758816,872.5925675239378,860.3961620228167,863.1680908203125,8613000
2021-12-23,871.7610782888783,886.1748657226562,868.989149239382,886.1748657226562,10523100
2021-12-24,888.6694510669496,891.7186030614171,880.0766447439032,882.5713500976562,4308600
2021-12-27,884.51171875,887.0064244138293,880.9083226865798,884.51171875,4974300
2021-12-28,893.936090822573,898.3711564276022,891.7186087749691,898.0939331054688,7941600
2021-12-29,898.0940057304961,902.2518483496187,893.9361631113734,899.4799194335938,6797700
2021-12-30,891.7187473560588,900.3115550695616,888.3924730128093,895.3221435546875,6387300
2022-01-04,910.0131448633568,923.3182406078844,906.9639927486861,922.7637939453125,13733100
2022-01-05,937.7320192092341,947.4337191191051,934.1286234802637,946.8792724609375,19647600
2022-01-06,946.6022256721126,954.9179111055138,941.3355910610146,944.661865234375,15117300
2022-01-07,956.0265425421604,961.2931768285215,943.2758933370292,950.760009765625,12413700
2022-01-11,959.0756660036154,966.5597822083869,950.7599813316472,965.1737670898438,12962400
2022-01-12,966.0053315002315,975.70703125,963.7878494336267,975.70703125,10980600
2022-01-13,969.3315732696434,976.8156891952565,963.5105942163889,974.3209838867188,10083600
2022-01-14,979.3105709386814,979.5877943039593,954.6407367240622,962.67919921875,15500400
2022-01-17,975.7071669653478,987.3491270765429,973.7668064435364,983.1912841796875,9347400
2022-01-18,983.4684082072669,989.289388275734,968.5001737454942,973.2124633789062,10317000
2022-01-19,956.58091762635,964.6193786115066,946.6020964683,949.0968017578125,12626700
2022-01-20,943.8302556088096,952.9775091873971,934.683002030222,947.9880981445312,11475600
2022-01-21,935.2373781547578,956.8581600561588,928.0304846909012,952.7003173828125,15179100
2022-01-24,945.4933922458705,945.7706155847505,933.5742098116148,938.2864990234375,10148100
2022-01-25,932.7426373836144,943.5530279267313,928.8620182047454,942.1671142578125,12444000
2022-01-26,939.3951445360717,944.6617786645296,924.7041354533071,925.8129272460938,12154800
2022-01-27,940.7811098615094,947.7107790476446,915.0024887447398,917.219970703125,16324500
2022-01-28,920.2690424602878,936.3460661840088,920.2690424602878,930.2478637695312,11723700
2022-01-31,923.0410553688226,931.3567405523255,910.2903042508419,929.693603515625,10782600
2022-02-01,923.0410866246924,927.4761527093498,913.0622640665877,915.0026245117188,12233400
2022-02-02,924.1497927694396,940.7811621563532,923.0410009737044,935.2373046875,10986000
2022-02-03,946.6021129240161,961.5703449212987,942.9986158288044,956.3037109375,11846100
2022-02-04,963.7879158781777,964.0651392217987,945.2161850718131,955.1950073242188,8608200
2022-02-07,947.9880051125326,951.0370555028969,937.4548388923326,943.2758178710938,8985900
2022-02-08,944.1073964093055,956.8580447309093,943.2758279748609,944.93896484375,7722000
2022-02-09,954.6404601947137,959.6298702654178,948.26513671875,948.26513671875,10399800
2022-02-10,997.8822203632938,1021.4433621807034,997.0506518463244,1001.4857177734375,29060400
2022-02-14,1005.6435651563871,1011.464544802946,982.9139917475002,990.9524536132812,15465000
2022-02-15,989.8436782973589,1001.7627584011859,985.4086127297602,998.1593627929688,13839000
2022-02-16,1025.6010944539523,1032.253641874173,1020.6116838887867,1028.9273681640625,16031100
2022-02-17,1022.8293615215274,1031.976615974159,1017.2856047807874,1020.3346557617188,13274700
2022-02-18,1013.6819351730161,1030.5905274032662,1009.2468696266012,1021.9976196289062,9644700
2022-02-21,1010.3556836349406,1018.1170231345874,1005.0890495269851,1015.06787109375,7216500
2022-02-22,998.9909399045544,1005.6434875587249,989.5664635578722,993.4470825195312,9405900
2022-02-24,995.1102324348974,1000.3768665665352,972.9351071345355,981.5280151367188,15165600
2022-02-25,976.5387415122668,985.4087725764836,971.5493300055504,979.033447265625,10501500
2022-02-28,979.5877231549201,989.8437688072438,973.2123982952756,977.093017578125,13625100
2022-03-01,989.2891762910343,993.1698965116768,971.5491180331237,974.0438232421875,11163000
2022-03-02,951.868643272892,951.868643272892,928.0303817596392,930.2478637695312,13778400
2022-03-03,943.8301665971428,950.4827140269024,932.4654319079095,932.7425537109375,13921500
2022-03-04,916.3885249877179,919.7147991256044,887.2836262812115,891.1642456054688,19871700
2022-03-07,885.3431785227764,892.2729494630103,847.645425597349,862.6137084960938,21396900
2022-03-08,857.9014448964201,868.989058425862,843.4876082140399,843.7648315429688,20820300
2022-03-09,854.5751992624001,866.2171583250529,847.091133477037,850.694580078125,14892600
2022-03-10,879.5222632096967,894.2133746091853,876.7504358402231,888.3923950195312,15298200
2022-03-11,875.3644550134717,877.3048154561466,859.5646526498065,863.4453735351562,14877600
2022-03-14,871.2065751421426,879.5222602421626,867.325955932076,872.5925903320312,9669000
2022-03-15,867.0487751518001,890.8871412818645,867.0487751518001,878.6907348632812,12960900
2022-03-16,891.1641766460899,906.6868557616166,889.7782630324912,905.5780639648438,16487100
2022-03-17,923.8726320911691,933.8514543999845,914.1710331275417,931.6339721679688,15110400
2022-03-18,924.1498882946102,927.4761625158147,917.4973398522011,926.3673706054688,19669200
2022-03-22,942.4443648281708,947.1565526465185,930.8024054453339,941.058349609375,19992600
2022-03-23,950.2056360758397,970.9948499741575,950.2056360758397,968.2230224609375,15583800
2022-03-24,949.373979134081,954.9178366640601,940.7811725293142,953.2546997070312,17631300
2022-03-25,962.124761475457,964.8966903321626,951.0371475584624,957.9669189453125,13379100
2022-03-28,962.9564660045219,969.6090149924634,946.3250935346683,965.451171875,10977600
2022-03-29,976.2613855665396,987.6261208407292,970.1631829387724,987.3489990234375,17256900
2022-03-30,1002.0308384695453,1004.2895379312356,976.9024579946025,990.1724853515625,14661300
2022-03-31,978.3141429671907,998.3603723257932,973.7966405976125,984.5256958007812,14172300
2022-04-01,973.5142786865923,979.725727555063,961.0911741564003,978.0316772460938,13226100
2022-04-04,974.0791093028922,979.7259102535927,965.6088561785193,975.4907836914062,8593500
2022-04-05,979.443374569227,981.1374247394841,966.1732459711345,970.1260986328125,10305900
2022-04-06,964.4793643530307,965.0441167728903,946.9742106667163,949.23291015625,13197300
2022-04-07,920.9989597383733,924.3870612415229,894.1764205740044,908.2935791015625,26263800
2022-04-08,908.2934304917915,910.2697537808391,894.7410266965599,906.8816528320312,16973400
2022-04-11,907.4462789501061,915.3517777992271,905.4698525395154,913.0930786132812,11211600
2022-04-12,916.481232342288,920.7163581849048,908.5756296371942,911.6814575195312,11131500
2022-04-13,918.175233225046,921.8457098898256,908.5755806999571,920.71630859375,13135200
2022-04-14,911.9637758118952,924.9515301761272,906.3169755388792,923.5398559570312,7205400
2022-04-15,923.5397113591623,932.5746110607273,920.1516110464985,929.7511596679688,7571400
2022-04-18,914.2224757719729,921.2809494698798,907.1638986774454,919.3046264648438,7869600
2022-04-19,933.4217206411587,938.2214953864153,924.6690929088667,935.680419921875,10220400
2022-04-20,954.3150545659527,975.7730614475903,951.7739788850996,969.2792358398438,15872400
2022-04-21,950.362319132688,972.6673515814424,950.362319132688,969.5615234375,9916200
2022-04-22,962.7852393106306,963.9146406662329,950.6446141735698,954.03271484375,10194900
2022-04-25,932.0100998964582,958.5501540039971,929.469024286377,953.1857299804688,13021200
2022-04-26,952.9034243362306,966.1734523725518,949.7976994928292,959.6796264648438,13932900
2022-04-27,937.6568975179111,941.0449983219505,929.1866455078125,929.1866455078125,16142100
2022-04-28,937.3745825562404,966.4558174896308,932.2924310181704,965.326416015625,15270300
2022-05-02,968.4321771722833,983.9609035324123,967.8674247760612,968.996826171875,15615600
2022-05-06,981.9844494632458,983.6784996328796,971.8201484454432,979.7256469726562,13277700
2022-05-09,981.1375013498345,981.1375013498345,956.2913957804603,958.267822265625,13046400
2022-05-10,952.6209744067334,959.1149032086157,936.5274955965023,945.5625,13389900
2022-05-11,940.4803782323742,944.9977771788799,910.552119077762,916.763671875,18601800
2022-05-12,918.7398600738259,929.4689136368953,904.6228094972732,917.3281860351562,16212000
2022-05-13,931.7277115687252,937.9392641113934,913.0931573373508,937.37451171875,16616400
2022-05-16,906.3169233161246,918.1752755838123,893.8939220726606,896.4349975585938,24834300
2022-05-17,903.7759857860339,906.0346854305421,886.5531037313118,896.7174072265625,11388300
2022-05-18,903.7758810677933,916.7636351613024,901.5171816849947,908.8580322265625,16718700
2022-05-19,886.5529186283125,904.3404460311509,883.1648181706289,902.9287719726562,15106500
2022-05-20,909.4225255364048,911.398951780897,902.6463251514167,908.5755004882812,11655300
2022-05-23,911.3989757748903,912.5283770009924,900.1052737037152,904.9051513671875,12534300
2022-05-24,908.2934884716925,910.2698118868966,894.7410838113584,896.7174072265625,12115200
2022-05-25,879.7767784878071,888.8117825968469,875.5416526231407,876.9534301757812,17996700
2022-05-26,884.0119422013861,888.247068247379,878.082765736996,883.1649169921875,15549000
2022-05-27,897.5643605556951,897.5643605556951,882.8826589485318,887.6824340820312,12394200
2022-05-30,892.1999334891699,900.6701856950904,890.5058830479858,898.9761352539062,12686100
2022-05-31,886.552989991992,904.6228950197268,886.552989991992,899.8231201171875,20578200
2022-06-01,919.3045835898052,938.5037841796875,916.1987560468218,938.5037841796875,18415800
2022-06-02,941.0450104802056,941.3273866830675,921.5634306052779,940.7626342773438,10973700
2022-06-03,948.6681299563777,948.6681299563777,927.4925020555658,931.4452514648438,11328600
2022-06-06,921.280950072454,932.857028922645,919.0222508952409,931.4452514648438,9188700
2022-06-07,950.6446955769662,959.6795970055598,948.6682688845781,954.8798217773438,12884100
2022-06-08,947.2564952991538,958.267822265625,947.2564952991538,958.267822265625,11918400
2022-06-09,957.9854690936746,975.2083487153368,956.2914187504497,964.197021484375,16800300
2022-06-10,963.3501314518151,964.4794295746317,953.4681007989973,959.3972778320312,12647700
2022-06-13,933.7042426465938,937.656992854326,926.6456641216193,929.4691162109375,12991500
2022-06-14,912.2462082348777,934.2688650724884,911.9638320150032,928.0573120117188,16676400
2022-06-15,935.9628561262992,943.0214340015439,932.292379087711,933.139404296875,12058800
2022-06-16,939.6332502966361,961.09115143862,937.9392000277098,946.1270751953125,11653200
2022-06-17,911.6814084150095,923.257383962454,908.2933079234042,920.71630859375,19698600
2022-06-20,939.3509129099907,940.480314268121,922.1280333324828,926.3631591796875,10732200
2022-06-21,935.6804751286618,945.2801285821968,929.7512986949024,939.3509521484375,13626600
2022-06-22,960.8090555805148,972.9496824789658,958.2679797092146,959.3972778320312,18877200
2022-06-23,944.7154309648278,956.573783222141,942.1743554811178,950.9268798828125,11035800
2022-06-24,937.37451171875,939.9155872957556,932.2923605647387,937.37451171875,10641600
2022-06-27,946.6916687510986,948.3857189208869,931.7275933835085,932.8569946289062,11789100
2022-06-28,936.8099155235209,956.2914960452578,933.7041907754559,954.8798217773438,14279400
2022-06-29,960.8089066382067,965.0440324338547,945.8447265625001,945.8447265625,17357700
2022-06-30,941.0448618423869,942.4565358404582,926.9278116718261,929.7511596679688,17331300
2022-07-01,923.8220153927451,926.9278430488985,896.7172119739201,901.51708984375,15431400
2022-07-04,909.7049768350291,915.6341526617007,904.3404499548813,910.552001953125,10097400
2022-07-05,914.7870699979705,915.0694461517796,903.7757441554024,904.3403930664062,9948600
2022-07-06,897.5643902779879,898.9761679614284,884.8590115068463,892.4822387695312,17359500
2022-07-07,902.9289558774628,911.6815849747177,895.8703773540868,905.4700317382812,12213300
2022-07-08,913.9402405746605,927.7750207270019,911.9638138681441,917.6107177734375,18333000
2022-07-11,934.5511681626706,939.0685669473402,931.4453401770011,935.398193359375,12869400
2022-07-12,937.6567344607093,938.2213833643139,917.8927820751928,918.7398071289062,9350100
2022-07-13,935.115793926125,947.8211715609908,934.2687687504673,941.609619140625,15890100
2022-07-14,934.8334919631521,946.9742215771221,930.5983657485854,943.5861206054688,9469800
2022-07-15,949.5151106249048,956.0089350782995,942.1742610951273,952.3385620117188,13798500
2022-07-19,968.7144834241203,975.7730614475903,963.3500592511865,969.2792358398438,10839900
2022-07-20,983.9607879927452,998.0779418945311,980.2904148314402,998.0779418945312,21105300
2022-07-21,990.7370882863563,995.8192393862521,984.8079120031446,994.68994140625,10906200
2022-07-22,983.6786350188165,984.8079330229224,977.1847062103683,979.1611328125,14712000
2022-07-25,966.7381514077081,985.9373552459216,964.7617247638357,980.0081787109375,11575500
2022-07-26,985.3726528784031,993.5605284225949,979.1611004744414,981.4197998046875,7452000
2022-07-27,968.7145522018183,971.5380042909952,961.9383499051069,970.6909790039062,11803500
2022-07-28,969.8439202962164,976.6201223594214,966.1734430464344,970.4085693359375,12108300
2022-07-29,969.8437561307633,972.1024553039556,950.6445546670773,956.57373046875,14650800
2022-08-01,965.6086976997085,981.4197998046875,962.5029731960415,981.4197998046875,12386700
2022-08-02,973.231798843266,980.8550244216729,965.3261971112321,973.7964477539062,11377800
2022-08-03,961.6559550287764,968.4321564655108,956.2914277591522,968.1497802734375,13208400
2022-08-04,977.7495131661582,979.1611874483755,955.7268567010564,961.3736572265625,9580800
2022-08-05,942.7390854525172,954.3150625184346,937.6569340484605,951.7739868164062,15531600
2022-08-08,951.4917021877942,963.3500553166768,946.1271746401361,959.1149291992188,9816300
2022-08-09,952.056228725745,960.5264798709918,950.3621784966956,956.57373046875,8883000
2022-08-10,954.3149205515856,967.8673222796394,952.3385975639909,967.3026733398438,12723300
2022-08-12,1002.0308512906594,1009.0894293691282,992.7135737216,1004.28955078125,27872100
2022-08-15,1008.8069405300259,1025.7474433097073,1006.5482412916097,1024.6180419921875,14064000
2022-08-16,1004.8542125084455,1018.6888878100401,1004.2894601392932,1015.8655395507812,11454300
2022-08-17,1024.900380526726,1044.6643341759768,1024.6180043585616,1044.3819580078125,15397200
2022-08-18,1044.6644451450811,1044.6644451450811,1033.9353903745825,1035.34716796875,9489600
2022-08-19,1041.8411346720302,1050.3113877994451,1040.9941093592886,1048.3349609375,11918100
2022-08-22,1044.0997470472846,1055.1110751919573,1039.864620837795,1051.1583251953125,11004300
2022-08-23,1034.2179353286128,1040.7117617728532,1026.312331059842,1030.829833984375,11683800
2022-08-24,1043.8175586305408,1046.6409074007295,1035.3473055266863,1038.170654296875,13501500
2022-08-25,1039.582368302177,1043.2527421575803,1028.006287505984,1030.54736328125,8161200
2022-08-26,1037.8881879927121,1041.8409375721596,1029.700209254151,1031.6766357421875,7226100
2022-08-29,1017.5595663170759,1038.4528185765664,1017.2771901390344,1035.9117431640625,12030000
2022-08-30,1050.3112288088832,1060.1931548294453,1037.6058510410337,1044.6644287109375,11800500
2022-08-31,1034.7824422433325,1053.9817494871645,1034.2177932290904,1051.440673828125,20207100
2022-09-01,1037.6057841086902,1039.5822105439618,1025.7474322903051,1031.958984375,15821100
2022-09-02,1029.418032680653,1037.323532578423,1029.418032680653,1037.041259765625,13058700
2022-09-05,1029.4179802655808,1034.2177552017383,1020.6653521851717,1022.0770263671875,10048200
2022-09-06,1012.4776032038201,1025.7476316860414,1008.8071257952728,1022.6419067382812,11477100
2022-09-07,1030.829833984375,1039.5824635892054,1025.7476819680182,1030.829833984375,16431600
2022-09-08,1027.7239274278895,1036.4764520907133,1025.1828518683672,1033.3707275390625,19769400
2022-09-09,1029.417906866832,1041.840907614033,1027.1591042607065,1039.0174560546875,18528600
2022-09-12,1048.6171875,1052.5699372630513,1042.1233621614238,1048.6171875,8853900
2022-09-13,1037.0411905412811,1040.4292912417736,1021.5123611984812,1031.394287109375,14055600
2022-09-14,1032.5236665082602,1037.0411684783503,1015.5831633662052,1015.8655395507812,16437300
2022-09-15,1013.8892736646022,1018.9714254122945,1005.7013969810898,1009.9365234375,16814400
2022-09-16,998.9250545162406,1004.5718545337434,990.172426601978,995.2545776367188,23128200
2022-09-20,1004.5719052876212,1010.7834579983391,997.7957035656137,1000.9014282226562,20189700
2022-09-21,989.6077509663863,994.6899018642509,980.2904743203014,981.7021484375,23869800
2022-09-22,981.4197998046875,984.2432515149661,970.1261997568287,981.4197998046875,15472200
2022-09-26,957.1384024529701,960.2441268154477,927.2101465537964,932.2922973632812,22744500
2022-09-27,945.2801042025624,957.7031057540185,943.8684300298099,947.2565307617188,17101500
2022-09-28,937.9391451382709,940.76249315684,921.5632923647794,932.8569946289062,18838200
2022-09-29,948.6731401055324,949.2483380322009,927.10585058124,939.1835327148438,17597100
2022-09-30,929.6938354416745,934.5824908005679,898.3494479027547,902.0877075195312,27715200
2022-10-03,903.5255896672954,924.8052780008761,903.5255896672954,923.0798950195312,17790000
2022-10-04,937.745604240229,944.6471358261737,929.4062886768842,942.9217529296875,17724600
2022-10-05,954.711731967706,955.8620222117562,945.5097259423148,946.947509765625,16597200
2022-10-06,943.7845219695687,961.0383523529246,942.0591389312331,954.99951171875,14731200
2022-10-07,938.0333031763882,950.1109847395647,936.0203211461835,946.3726196289062,13182900
2022-10-11,928.8312375076546,939.4711354857717,920.2043216629735,926.53076171875,18180600
2022-10-12,926.5306417115977,929.9814076025161,917.9037269843016,918.7664184570312,16665900
2022-10-13,921.0669308099755,931.4192288970399,917.9037637197131,927.6809692382812,14052900
2022-10-14,938.3206967693861,948.960593067389,934.0072395281708,942.9217529296875,16470600
2022-10-17,940.0461014385518,942.059083300747,934.582459012477,941.771484375,11346000
2022-10-18,948.9607390688667,951.5488138117818,934.2949821923478,939.1835327148438,15988500
2022-10-19,939.1836081802554,946.6603393554688,937.4582248796738,946.6603393554688,12951000
2022-10-20,937.1705546350989,943.4968886726288,934.8699737950703,938.3207397460938,15516600
2022-10-21,938.3208421481835,940.046225311992,931.4193094929494,936.595458984375,10692000
2022-10-24,945.7974481790517,948.0979236581708,936.0202431020157,936.8829345703125,11495400
2022-10-25,941.4839255241862,958.7377536931755,939.7585427072872,957.5874633789062,13757100
2022-10-26,959.8880368482327,969.6652422467286,959.312944286799,966.5020751953125,15384000
2022-10-27,963.6265101763038,965.9269859898583,948.3856604570692,949.2483520507812,11153400
2022-10-28,952.4113346418652,960.4631563903922,946.9475871722564,954.42431640625,20724600
2022-10-31,961.9009370678523,971.3905427250239,961.6133381570554,969.9527587890625,11097600
2022-11-01,977.7171630859375,983.4684052063561,973.4037051683658,977.7171630859375,10304700
2022-11-02,977.1418416596396,987.78173828125,975.9916565663428,987.78173828125,9788700
2022-11-04,981.742880118555,983.7558619587688,966.5020327826959,973.403564453125,17011500
2022-11-07,986.3439363094418,989.7947021445663,973.6910580413078,978.2921142578125,10437300
2022-11-08,992.3828735351562,999.2844058800915,982.6056676101559,992.3828735351562,12671700
2022-11-09,989.7947808792134,995.2584236800966,981.7429581870903,985.4813232421875,12298200
2022-11-10,934.0071774001741,946.6600546721089,931.1316096366497,945.79736328125,30403500
2022-11-11,964.4891387981231,965.6394292843136,950.3984752511349,959.025390625,19276800
2022-11-14,956.7249774266078,959.3130522077438,948.9607530831997,949.2483520507812,17507100
2022-11-15,948.3855159850765,961.0382889957191,947.5228245227823,957.8751220703125,12352500
2022-11-16,953.5616660728581,956.7248330026234,946.6601343649942,952.698974609375,11325900
2022-11-17,950.9737352382052,957.8752679879012,948.3856604570692,949.2483520507812,8331600
2022-11-18,958.73779423048,962.4760536191487,956.1497198957028,958.4501953125,9024900
2022-11-21,964.4889936549689,968.2273581907433,958.1625548965068,962.7636108398438,8717100
2022-11-22,968.8025299857545,981.167809609208,968.5149310566915,972.2532958984375,11245800
2022-11-24,975.991681417394,979.4424474031845,969.9528409422609,971.390625,11252400
2022-11-25,971.6782234137353,973.1160074707028,966.5020744378272,969.0901489257812,7538400
2022-11-28,974.2663611235954,976.8544357794942,958.1627152808733,963.9140625,10814400
2022-11-29,956.1498246241971,960.4632823212852,946.6602176906033,948.960693359375,13734600
2022-11-30,951.836282392297,965.0641479492188,947.5228250782972,965.0641479492188,23229600
2022-12-01,966.2144785563953,966.7895711191957,955.5745816359519,958.7378540039062,11043300
2022-12-02,954.7120630615185,954.7120630615185,934.0074633422877,940.9089965820312,13816200
2022-12-05,940.9088338805944,942.0591243246574,929.6938443053009,932.8571166992188,11941500
2022-12-06,946.3726408868059,946.660239843017,931.419285417308,940.6213989257812,11655300
2022-12-07,936.595495949846,948.3856849072257,935.7328043338931,945.222412109375,10963500
2022-12-08,934.2948799694285,940.3337203755098,929.9814225365134,938.6083374023438,11972100
2022-12-09,933.7198905840481,946.947757967226,933.7198905840481,936.595458984375,11265000
2022-12-12,936.307821489466,943.7844456143629,935.1575311206301,937.74560546875,8595900
2022-12-13,951.836366927109,958.4503002929688,948.960693359375,948.960693359375,10002000
2022-12-14,943.2093278642715,954.42431640625,940.6212535853534,954.42431640625,8850600
2022-12-15,939.1834874763001,953.2741510564631,937.745703346946,948.960693359375,10400400
2022-12-16,944.0721258988093,948.3855835174317,938.6083778122131,939.4710693359375,12712200
2022-12-19,928.5435209464679,931.4190886650333,921.9294835139542,925.3802490234375,11931900
2022-12-20,934.5825546342593,935.7327398368946,892.8857609675481,897.19921875,21821100
2022-12-21,891.1603963491976,891.7354889624504,869.8806532959693,873.6190185546875,23544300
2022-12-22,891.4478985443277,898.924522941152,885.1214592491573,887.7095336914062,14943000
2022-12-23,872.756276110457,877.6448263107445,867.8676732556573,875.6318969726562,16206000
2022-12-26,880.2327954031272,888.8597622649635,879.9452491477181,885.4089965820312,5531100
2022-12-27,888.2846820124753,890.8727566172145,873.3313796254864,875.0567626953125,9500700
2022-12-28,875.0567209774853,878.5074869526242,870.1681709490451,874.4816284179688,10914300
2022-12-29,867.867563565632,872.4685668945312,862.9789613287043,872.4685668945312,9963900
2022-12-30,874.1940302365671,879.3701792037333,871.8935546875,871.8935546875,10842600
2023-01-04,871.605945378608,878.5074772526834,865.567104988792,874.7691650390625,14172900
2023-01-05,886.8468139259362,892.3105615660985,875.9193713001192,881.0955200195312,13974900
2023-01-06,886.8468996720401,902.6629462802244,885.9842081353942,898.0618896484375,14922900
2023-01-10,915.8907673613674,921.0669163234894,899.7872279155499,907.8390502929688,18772500
2023-01-11,902.0877479169249,905.5385140617253,897.7742902359242,902.950439453125,14900100
2023-01-12,901.5125526098191,905.5384108837005,894.3234221909468,897.4866943359375,11572800
2023-01-13,892.5980343750647,899.4995658401014,880.2328080517095,881.9581909179688,14348700
2023-01-16,862.691524942873,873.0438232421875,859.9596508957167,873.0438232421875,13221000
2023-01-17,876.4945627620305,894.8986831723766,876.4945627620305,889.7225341796875,11599500
2023-01-18,889.434974281978,911.5773552862156,881.38320415812,898.0618896484375,16388100
2023-01-19,877.3572278468326,883.1085218837295,874.4816071556387,877.932373046875,13290900
2023-01-20,877.0696910617442,882.5333862304688,875.3443080974617,882.5333862304688,9860100
2023-01-23,894.6110241332179,895.7613144906529,888.5721840474586,889.4348754882812,8838000
2023-01-24,902.9503984982335,904.1006889306688,894.323483527521,899.7872314453125,13503000
2023-01-25,898.6369395020238,904.96337890625,896.6240628849222,904.96337890625,10779300
2023-01-26,898.0618476940615,908.414145650189,898.0618476940615,902.3753051757812,11205900
2023-01-27,906.9762991780717,912.43994140625,900.0747676822564,912.43994140625,14256000
2023-01-30,917.0410143606342,922.2171630776274,913.015156017089,917.32861328125,11408400
2023-01-31,925.3804524656877,928.2561261254677,919.3416114964699,922.21728515625,12055200
2023-02-01,928.831072143678,934.869912159833,923.9425224716997,931.1316528320312,13883100
2023-02-02,930.5565215435904,930.5565215435904,917.0410565964148,920.2042236328125,11065800
2023-02-03,920.7793797297128,927.3933124363311,915.6032310091379,919.6290893554688,9714300
2023-02-06,940.9087929860251,945.7974481790517,936.5953356445411,936.8829345703125,15422700
2023-02-07,944.359539416786,945.509829787172,932.2818591092856,937.4580078125,11263500
2023-02-08,933.7197918408315,936.5953599370598,921.6421109714171,923.0798950195312,14112000
2023-02-09,920.7794215005357,923.9425885369334,915.8907661699883,920.2042236328125,12521400
2023-02-10,920.2042246047752,922.7922990852034,912.1525075383456,912.7276000976562,13747500
2023-02-13,940.3336559109403,959.0252684024962,939.4709644834991,954.13671875,28596300
2023-02-14,967.3647489418507,969.6652244543947,950.3984129461558,957.012451171875,12848400
2023-02-15,964.2015355034221,969.6652836519187,961.9010598504353,964.7767333984375,13829100
2023-02-16,971.9656745058305,980.3050954747572,969.3776001311325,975.9916381835938,15251400
2023-02-17,969.3777777513401,988.6445922851562,967.9399934938441,988.6445922851562,14627100
2023-02-20,997.2713617659072,998.9967447447409,990.6574287833844,994.9708862304688,12688500
2023-02-21,997.8464308092988,1019.9889153885805,996.6962457231923,1015.9629516601562,17993700
2023-02-22,1006.7610289081306,1011.0744866155347,1000.4345891675958,1004.748046875,15730200
2023-02-24,1017.4009444193028,1022.2894948048116,1010.7869056111715,1011.6495971679688,17389200
2023-02-27,1019.9888741542748,1027.7530970621926,1016.5381084174224,1017.6882934570312,13677600
2023-02-28,1029.4784591745256,1039.543157267752,1018.2634707558693,1018.5509643554688,25266600
2023-03-01,1015.1002556010144,1035.2297582250628,1014.8127619852963,1029.19091796875,13368300
2023-03-02,1025.4525752969357,1034.3670890657856,1017.4008583208962,1018.2635498046875,17329500
2023-03-03,1018.5509795800523,1037.2426974298774,1018.5509795800523,1031.203857421875,16638000
2023-03-06,1042.418864335076,1045.8696301146028,1034.3670424131753,1040.6934814453125,15491400
2023-03-07,1033.7921115291144,1047.0199788795892,1030.6288388639318,1043.8568115234375,12396000
2023-03-08,1042.419006691035,1051.908613880664,1040.693623565648,1044.719482421875,13121100
2023-03-09,1049.8956292803025,1057.6598533259253,1047.882647202502,1054.7841796875,14196600
2023-03-10,1048.7452395377877,1050.7582214251331,1034.6546822534247,1038.9681396484375,20144700
2023-03-13,1022.8646079950015,1025.7402816785514,1003.8853933634388,1008.4864501953125,16430400
2023-03-14,972.2533167367109,973.6911007948054,956.4372708615895,966.5020751953125,23603100
2023-03-15,985.4812247544039,985.7687183621243,968.2273959306269,976.5667114257812,16885500
2023-03-16,948.0977973690055,969.9526800910677,945.7973221963159,967.652099609375,16423800
2023-03-17,967.65220047308,972.8283491329223,959.3128849574498,966.2144165039062,21644100
2023-03-20,957.0124551673367,964.7766785272337,950.9736147763058,951.2611083984375,13441200
2023-03-22,971.3906832926074,984.6186554682806,965.3518424550867,979.1549072265625,17254800
2023-03-23,967.9398365453015,980.0175172152072,964.4890706396142,975.1289672851562,12545100
2023-03-24,965.3517840068408,971.6782234137353,963.3388020798698,969.0901489257812,12924900
2023-03-27,973.1159854038326,979.4424246672654,966.7895461403998,975.1289672851562,9761700
2023-03-28,984.330955775917,986.9190301556959,969.377602034189,973.115966796875,12756300
2023-03-29,978.8672206443101,998.421630859375,977.7170355556715,998.421630859375,14737200
2023-03-30,1009.2487039952426,1022.7092911875372,1005.4447065415796,1014.8085327148438,15134400
2023-03-31,1018.6124263091219,1031.1950416813295,1015.1009788264831,1027.098388671875,19759200
2023-04-03,1033.2435828918021,1040.8516845703125,1029.4394784721023,1040.8516845703125,14242500
2023-04-04,1035.2918686118096,1052.5564507944555,1033.2434883945573,1051.6785888671875,16991100
2023-04-05,1037.0475397246596,1043.777778437805,1025.9278844375287,1028.2689208984375,14580300
2023-04-06,1019.7828926038495,1021.246067241457,1009.8338623046875,1009.8338623046875,13515900
2023-04-07,1004.8592998346617,1023.0018519987251,1004.5667506184216,1017.7346801757812,10117200
2023-04-10,1026.8058759698458,1031.7804987067423,1017.7347068112942,1021.2461547851562,10699800
2023-04-11,1025.927951044108,1035.8770887467151,1023.0018160193096,1030.3172607421875,11806200
2023-04-12,1039.095798067055,1042.3146963653278,1032.9507649750994,1035.5843505859375,9268800
2023-04-13,1031.48779296875,1034.999240774601,1026.5132776307553,1031.48779296875,8276100
2023-04-14,1031.1951516550018,1031.1951516550018,1016.8568110123366,1017.4420166015625,14958600
2023-04-17,1030.0248880292697,1031.4879557923632,1021.538816384988,1029.4395751953125,8534700
2023-04-18,1037.9253463364332,1044.0703791875578,1033.2433808248106,1038.2178955078125,10136700
2023-04-19,1037.925604172051,1040.5591903338964,1033.2436374973606,1039.388671875,9200700
2023-04-20,1034.4140081886428,1036.7549376111351,1026.5132508317417,1035.2918701171875,7767300
2023-04-21,1016.5641075841642,1024.1722085354854,1013.9305218132207,1018.6124877929688,11755200
2023-04-24,1019.4902475828951,1028.268865939921,1018.9049349185143,1021.8311767578125,7071000
2023-04-25,1024.757568359375,1030.9026021073535,1022.7091880564208,1024.757568359375,7968900
2023-04-26,1017.4419483476102,1024.1721872353116,1014.8083626314385,1017.1492919921875,9167700
2023-04-27,1023.0018026664228,1029.7320417286699,1016.5641128063083,1028.5615234375,10439100
2023-04-28,1040.2664914338484,1049.9229736328125,1034.121457307235,1049.9229736328125,15045600
2023-05-01,1057.5308436525318,1063.3833272645147,1050.2153998788542,1059.5792236328125,10386900
2023-05-02,1059.2865673039532,1061.334947284234,1049.6300872211355,1059.5792236328125,8619300
2023-05-08,1050.5080428432304,1061.6276984023148,1046.4113896777596,1056.653076171875,12050400
2023-05-09,1060.4572342625659,1073.3325071260338,1056.3605808880268,1070.4063720703125,12322800
2023-05-10,1074.5029428703901,1077.7217340486757,1062.5055328778042,1068.943115234375,12104700
2023-05-11,1064.8466144606496,1066.3096820853114,1041.1443402723253,1048.167236328125,14277000
2023-05-12,1082.6963160378439,1104.9354114362188,1075.0881085734106,1094.6937255859375,38887200
2023-05-15,1103.7652593035282,1126.2970163233965,1097.034912109375,1097.034912109375,17549700
2023-05-16,1105.2281351584388,1116.0551343420252,1100.8388256462924,1111.9583740234375,18692100
2023-05-17,1111.3731681916843,1130.3934736858364,1109.0322388394297,1119.859130859375,17341800
2023-05-18,1141.2204458984988,1145.6097553058007,1133.0270326179104,1138.8795166015625,14697600
2023-05-19,1152.92521043147,1161.4111721900201,1139.7572833091342,1142.97607421875,13499400
2023-05-22,1140.9279352445922,1160.5335554877524,1137.416487270348,1159.363037109375,16745700
2023-05-23,1166.0932746152548,1177.7980286591862,1153.8032078565125,1161.11865234375,18732600
2023-05-24,1155.8514683706514,1164.0448818414618,1154.095744566969,1158.1925048828125,13071300
2023-05-25,1164.3374288465047,1176.9200434839436,1160.2406689154102,1169.019287109375,19010100
2023-05-26,1173.7012658605788,1184.2356078129549,1159.6554765907438,1162.874267578125,15472800
2023-05-29,1192.7216254283426,1197.9887966502943,1177.5054244499527,1177.7979736328125,14022300
2023-05-30,1177.7980813623772,1196.23318232541,1173.1162223996555,1191.2586669921875,13775400
2023-05-31,1170.7750384667618,1180.7241750424275,1163.7521437453197,1171.945556640625,46445700
2023-06-01,1167.5564920416784,1171.6531457671415,1155.2664237043975,1164.0450439453125,15285900
2023-06-02,1171.653128042767,1188.9178190293198,1169.604854791467,1186.5767822265625,13897200
2023-06-05,1210.8642966829962,1226.6658119299718,1210.5716403099798,1224.617431640625,17659800
2023-06-06,1217.8870838010782,1243.345078318865,1212.0345998276712,1242.759765625,14495400
2023-06-07,1250.9532353649402,1257.3909251619648,1215.8387585827663,1217.594482421875,19002600
2023-06-08,1229.006714603103,1233.1033679314862,1207.9380280670498,1213.7904052734375,14108100
2023-06-09,1229.0066461810338,1245.9786784438254,1222.276407410334,1243.3450927734375,19068900
2023-06-12,1254.7572834992977,1266.4620371312803,1250.6605232833172,1257.390869140625,13409700
2023-06-13,1267.0474023201427,1291.627535990902,1266.16954040333,1281.3857421875,18940500
2023-06-14,1302.1618105322123,1341.0802820242113,1302.1618105322123,1327.3271484375,28590000
2023-06-15,1311.5257556053778,1325.8642032008759,1301.2840685576693,1320.01171875,22490100
2023-06-16,1302.1618642886765,1306.843723018225,1286.0676936085501,1303.332275390625,31802700
2023-06-19,1297.479831151344,1299.2355548741468,1279.6299375825572,1286.067626953125,18713400
2023-06-20,1279.0448401976766,1283.7268062412745,1268.5104969702422,1276.9964599609375,16172100
2023-06-21,1267.925250701975,1300.6986904725484,1263.5359411647664,1294.8463134765625,17967600
2023-06-22,1297.7727196760907,1307.7217511113697,1287.8235810799206,1291.627685546875,13575900
2023-06-23,1300.991348330101,1303.3322776990212,1260.0244949891667,1270.558837890625,16215000
2023-06-26,1256.5130744867827,1269.681003397936,1254.1720379064357,1258.85400390625,12295500
2023-06-27,1272.0220556159054,1272.6072612370467,1250.0755053119733,1259.4393310546875,11615700
2023-06-28,1277.2891428816781,1287.823486328125,1268.803179714557,1287.823486328125,13607100
2023-06-29,1299.5283078698199,1302.4544428515471,1277.581759702467,1281.9710693359375,13154700
2023-06-30,1281.9710970138196,1284.3120264819183,1261.780272263933,1270.2662353515625,18810000
2023-07-03,1287.5307209222149,1298.6503761701645,1282.5562059918418,1298.0650634765625,14400900
2023-07-04,1299.2355954055001,1304.502766738225,1287.8233908512625,1291.9200439453125,11439600
2023-07-05,1286.9457579988266,1297.7727589410338,1281.3859293267371,1297.4801025390625,11293500
2023-07-06,1294.5535759761992,1298.6503360613888,1279.3373753082312,1283.7266845703125,14590200
2023-07-07,1267.047336158592,1269.0956090836146,1242.1745474273876,1255.6351318359375,22529400
2023-07-10,1254.7573380189924,1255.342543577757,1222.8616525900807,1233.981201171875,25166700
2023-07-11,1244.515655027162,1244.515655027162,1220.5208318895054,1224.3248291015625,14001600
2023-07-12,1229.2992611883687,1232.2253959498064,1216.7165387993975,1223.44677734375,11704800
2023-07-13,1221.1059976502704,1231.9329976440042,1211.742172377321,1225.7879638671875,12108900
2023-07-14,1225.7878011639655,1236.322143383104,1217.5943881621229,1228.42138671875,14931300
2023-07-18,1223.1543760764607,1237.4927167596634,1221.691201357933,1234.859130859375,11346300
2023-07-19,1249.1975885720674,1275.5334477830036,1245.9787970554703,1274.9482421875,16506300
2023-07-20,1275.24065538843,1281.9710012428493,1263.8284509475764,1265.8768310546875,13180200
2023-07-21,1267.6325546473672,1282.5562066065122,1264.706312660577,1281.6783447265625,12045000
2023-07-24,1294.5537373879629,1310.6479090759235,1294.2611881745947,1305.3807373046875,12600600
2023-07-25,1306.2586387495314,1317.3781882157236,1293.3833653065253,1311.233154296875,13578600
2023-07-26,1298.9429941352419,1301.5765799132773,1291.3348931634323,1297.7725830078125,11092800
2023-07-27,1294.846353867699,1299.5283199070623,1287.2382528195044,1292.7979736328125,15020700
2023-07-28,1274.948145820726,1301.8692085923408,1264.706352127785,1287.53076171875,19929600
2023-07-31,1311.818305028383,1329.3755426278667,1310.3551304545101,1320.596923828125,24425700
2023-08-01,1333.7648374305938,1348.3958328830795,1324.6935623831814,1343.7138671875,14523600
2023-08-02,1323.2305360732094,1350.7368040915314,1313.2813988465043,1324.693603515625,17280600
2023-08-03,1310.062581522479,1311.2329925887555,1292.7978931057226,1296.8946533203125,15649800
2023-08-04,1288.4087058052062,1296.894776224728,1282.8489848113227,1288.9940185546875,13530900
2023-08-07,1281.3857283673362,1291.6275220602772,1272.3145600986916,1287.53076171875,13463700
2023-08-08,1292.5054514834612,1307.429104687881,1292.2127951121,1303.039794921875,10680300
2023-08-09,1302.161961501049,1303.625029068148,1284.312065674546,1290.749755859375,12637800
2023-08-10,1361.5638150021489,1377.3653292961778,1352.1999904000538,1366.538330078125,34150500
2023-08-14,1363.6122124392168,1365.0752799128284,1301.2840163788883,1311.818359375,22389900
2023-08-15,1322.6452916569408,1329.6681872005367,1317.085570792182,1317.6707763671875,10514400
2023-08-16,1306.5510924577754,1309.477227191299,1291.6274409698444,1292.212646484375,13366800
2023-08-17,1300.113512423551,1302.7470982015864,1274.655516569207,1297.7725830078125,14037000
2023-08-18,1284.604681335135,1301.5766074903695,1281.9710955013004,1293.38330078125,10783500
2023-08-21,1298.9429122325446,1311.2329784217807,1290.1642935259474,1295.72412109375,12977100
2023-08-22,1312.6961800585761,1318.5485569300733,1301.8691810434746,1315.037109375,11059200
2023-08-23,1313.2814256357117,1337.5689029118014,1309.1847724168556,1335.5206298828125,11619900
2023-08-24,1331.7164844747083,1334.6427264891654,1320.0116235777546,1331.423828125,10592700
2023-08-25,1316.7927514570758,1333.7647826405898,1315.9148896227712,1320.889404296875,10474500
2023-08-28,1335.8131637011422,1358.9302295976215,1335.2279581511514,1358.6375732421875,11613000
2023-08-29,1364.7827302359754,1365.0753866179252,1348.981214506636,1350.7369384765625,10395300
2023-08-30,1354.83372575037,1364.7827570011427,1354.83372575037,1360.978759765625,10525500
2023-08-31,1364.4900701442255,1391.1184767505151,1362.734346316959,1376.19482421875,22521300
2023-09-01,1376.1949329863858,1389.655519112913,1372.976141435626,1381.1695556640625,13597500
2023-09-04,1393.4595123295735,1414.5281982421875,1391.1184757875865,1414.5281982421875,15833700
2023-09-05,1414.2355548900673,1424.1846923828125,1401.067626073586,1424.1846923828125,17273700
2023-09-06,1435.3042662761009,1466.614639626458,1435.3042662761009,1451.3984375,21854400
2023-09-07,1451.1057672319853,1455.7877332357452,1442.912353515625,1442.912353515625,16929000
2023-09-08,1458.7139770472436,1469.8336337406272,1449.0574951171875,1449.0574951171875,24135900
2023-09-11,1451.3984779522752,1459.0065792275516,1437.6452357889234,1449.35009765625,14131800
2023-09-12,1458.4213169731345,1478.6121412922448,1456.0802803941003,1474.515380859375,16180200
2023-09-13,1474.8080912863072,1488.2686770461196,1468.3704011992866,1480.953125,15881100
2023-09-14,1496.462071492022,1535.9658619639936,1492.9506234500689,1532.7470703125,21799500
2023-09-15,1545.0369882802042,1564.0572942716938,1530.4059919145107,1536.551025390625,30981900
2023-09-19,1547.0853524591078,1586.8816878799707,1540.3550063287184,1582.1998291015625,30193200
2023-09-20,1582.1997335391181,1598.5864525955712,1562.5941162109375,1562.5941162109375,28186800
2023-09-21,1560.8385292017247,1570.7876669079312,1539.7698426433212,1541.23291015625,20133600
2023-09-22,1521.6272509103253,1549.71883026768,1514.3116997323907,1537.7213134765625,21105300
2023-09-25,1550.8894337499185,1552.352608463593,1532.454332509046,1537.428955078125,13035000
2023-09-26,1539.477078856154,1540.9402534278681,1519.5789119930587,1533.9173583984375,11856300
2023-09-27,1521.3346621021287,1540.3549674160047,1489.1464283799828,1538.0140380859375,28495500
2023-09-28,1553.6352353893722,1554.974191352075,1525.9634788268497,1544.7088623046875,15302600
2023-09-29,1546.0477572156474,1549.618306308524,1500.0769376448588,1501.4158935546875,21945500
2023-10-02,1529.9802677695625,1543.8161453369069,1506.7716989469202,1507.218017578125,15600800
2023-10-03,1513.466613509807,1513.466613509807,1466.1568343791555,1468.388427734375,16131400
2023-10-04,1424.6491857058138,1425.541823040216,1386.712098993723,1387.604736328125,21044900
2023-10-05,1423.310132834452,1434.914417391898,1397.4236518986106,1429.55859375,20623300
2023-10-06,1428.2197298810627,1459.0157178066231,1409.4743459263739,1444.7335205078125,16021700
2023-10-10,1472.8513969435182,1495.1673272002383,1459.9081573946207,1480.8851318359375,13569000
2023-10-11,1493.3822058652054,1512.1275892024255,1492.0432499125468,1495.16748046875,13258800
2023-10-12,1514.8055489930175,1534.4435702527974,1510.7886810080627,1533.1046142578125,18784700
2023-10-13,1516.5906973352758,1519.2686091022008,1494.2747659442327,1501.8621826171875,17443500
2023-10-16,1481.7778986817875,1487.1337224119625,1465.710427491262,1484.455810546875,11279300
2023-10-17,1517.037109375,1520.161339962121,1488.026396780303,1502.30859375,12475300
2023-10-18,1511.234951900653,1515.2518197586287,1485.348470149254,1495.16748046875,10970500
2023-10-19,1468.3884054590405,1487.1337893585178,1466.6031308019476,1472.4052734375,12021200
2023-10-20,1451.4282338759479,1469.7272983251833,1445.1797728445015,1456.7840576171875,16130000
2023-10-23,1447.8577401283915,1457.6767506964632,1436.6997735737646,1439.377685546875,12111900
2023-10-24,1441.162919391663,1449.6429737330818,1409.4742952737292,1434.4681396484375,14842700
2023-10-25,1463.4787846617917,1467.4956523232604,1446.5186767578125,1446.5186767578125,10985000
2023-10-26,1440.7166380457477,1450.5356485900495,1417.9543863294116,1422.8638916015625,15272700
2023-10-27,1423.756591796875,1434.9145588172266,1417.9544489462921,1423.756591796875,15964300
2023-10-30,1380.017330867686,1382.2489242229055,1359.0403533286235,1363.5035400390625,19791500
2023-10-31,1352.3454734885806,1361.2718462508815,1327.7979483922534,1344.758056640625,23912700
2023-11-01,1384.480530933092,1400.5480032456617,1375.1078387507596,1400.1016845703125,23903700
2023-11-02,1435.807155718261,1450.5356717700802,1403.2258929369636,1404.1185302734375,26008400
2023-11-06,1439.8239893692648,1446.965087890625,1425.9881109841292,1446.965087890625,27409900
2023-11-07,1449.1967295820384,1451.4283229444993,1436.253488079766,1440.7166748046875,12566300
2023-11-08,1449.6430372551306,1463.9252346665112,1433.1292464982218,1435.36083984375,21234200
2023-11-09,1444.2871757977819,1483.5632176612569,1438.9313519073082,1476.422119140625,19213000
2023-11-10,1401.440460474464,1420.185842429855,1369.7518385974936,1415.72265625,40653600
2023-11-13,1415.7227671165454,1423.7565028694137,1383.1415054521356,1395.638427734375,21563800
2023-11-14,1407.2427785050015,1429.5587121952171,1398.3164050289151,1427.7734375,16928900
2023-11-15,1438.931348417999,1452.7672267681721,1426.4344260371977,1430.4512939453125,18334400
2023-11-16,1432.6827508510823,1442.9480789724453,1426.8806088694425,1438.03857421875,11386800
2023-11-17,1419.2932804572185,1451.42822265625,1415.7227313239928,1451.42822265625,17392100
2023-11-20,1451.4283247131173,1456.3378301165135,1396.5311279296875,1396.5311279296875,17403100
2023-11-21,1375.5539950501684,1379.1245440314797,1354.130701162301,1365.7349853515625,22602100
2023-11-22,1354.1308147411874,1387.1583955885333,1352.3455401007902,1376.89306640625,15166600
2023-11-24,1394.2995748532046,1406.7964980593154,1389.8363879938793,1401.440673828125,13584800
2023-11-27,1385.373065199369,1396.9773498949824,1376.4466923565897,1379.5709228515625,12264100
2023-11-28,1388.0509086798872,1390.728820400813,1361.2717914706288,1362.1644287109375,16072600
2023-11-29,1353.238077177637,1357.2549448209743,1334.9390134691002,1343.4190673828125,20460900
2023-11-30,1346.98974609375,1354.130844813929,1332.261229983381,1346.98974609375,26265900
2023-12-01,1356.8087635869565,1371.090961098398,1349.6676648312357,1365.288818359375,16299500
2023-12-04,1351.452771660143,1356.8085950617026,1321.1031057179734,1329.1368408203125,18510300
2023-12-05,1332.7076781859494,1347.4361957278572,1328.690809765429,1335.8319091796875,13751400
2023-12-06,1343.4191087124468,1365.7350407508595,1336.2780104601547,1363.05712890625,15150300
2023-12-07,1358.5941635626357,1358.5941635626357,1329.1371284788204,1335.8319091796875,15179200
2023-12-08,1328.2442049254116,1330.0294793943974,1294.7703086319284,1301.465087890625,28603200
2023-12-11,1335.3854648032368,1339.8486515171514,1326.905410046799,1334.0465087890625,14853900
2023-12-12,1339.848682136342,1340.7413194995243,1318.8717041015625,1318.8717041015625,11315400
2023-12-13,1317.979082059503,1318.4254007462825,1299.6800159015486,1311.2843017578125,14080500
2023-12-14,1276.471528532,1284.951584141129,1239.873393797866,1245.675537109375,27037000
2023-12-15,1268.4375666929095,1274.2397089754597,1254.1553703050936,1271.115478515625,28276600
2023-12-18,1244.3363313470736,1271.561767578125,1237.1952333192567,1271.561767578125,13316400
2023-12-19,1274.2397791553392,1297.0020309020722,1259.511263319218,1290.3072509765625,15536800
2023-12-20,1313.0694545975682,1330.9222004112673,1309.0525867894858,1326.0126953125,18845900
2023-12-21,1294.324081780676,1305.482048002923,1284.5050715050982,1287.1829833984375,14623200
2023-12-22,1287.1830830209774,1295.2168193227726,1280.9346214529144,1291.199951171875,11615300
2023-12-25,1298.341050106804,1298.7873687902372,1285.8441269706782,1291.199951171875,5255400
2023-12-26,1301.4652437142672,1301.4652437142672,1281.8272222041753,1288.07568359375,8090600
2023-12-27,1292.5387667756365,1301.018820839427,1287.1829431564006,1297.001953125,11590400
2023-12-28,1287.1829982152478,1297.0020086038523,1284.505086291083,1294.3240966796875,6368900
2023-12-29,1302.8040590793667,1316.6399363768865,1299.6798287218621,1308.606201171875,9857400
2024-01-04,1317.5326923378007,1338.5096694854553,1299.2336271664424,1336.278076171875,16984500
2024-01-05,1344.3116914636948,1376.0003136728324,1341.6337797277115,1365.7349853515625,16755100
2024-01-09,1386.712092321355,1387.1584109864086,1352.791873777286,1354.5771484375,21329400
2024-01-10,1351.0065075377124,1374.21507654728,1348.7749143637157,1368.8592529296875,15548600
2024-01-11,1396.0848164921701,1414.8302008568348,1390.282673712631,1400.1016845703125,23455500
2024-01-12,1419.2933163400423,1420.6322722988539,1392.067878510878,1395.638427734375,17959300
2024-01-15,1392.5142894071691,1398.7627509622012,1390.2826959946576,1396.0848388671875,1801800
2024-01-16,1392.5141934588137,1398.7626545833084,1381.3562271650733,1393.8531494140625,14560100
2024-01-17,1407.6889237523117,1436.2533153566706,1402.7794189453125,1402.7794189453125,21090500
2024-01-18,1414.8301557016791,1438.03872607912,1410.8132877517376,1422.8638916015625,17289400
2024-01-19,1445.1796247341683,1445.1796247341683,1405.010950791588,1416.615234375,17780600
2024-01-22,1432.6828097704774,1438.931270623059,1420.6322066976418,1437.14599609375,11972900
2024-01-23,1436.2535184837539,1444.2872547586785,1418.8470898880837,1425.5418701171875,15113200
2024-01-24,1420.185783169896,1425.0952877628781,1413.044685580104,1416.615234375,12037700
2024-01-25,1409.4743610976968,1422.8639212094545,1408.5817237569129,1422.4176025390625,10619200
2024-01-26,1418.400593754317,1421.5248241370357,1405.4573535973393,1413.4910888671875,10650000
2024-01-29,1446.5187217408525,1477.7610267460545,1443.3944912403324,1467.9420166015625,21146100
2024-01-30,1454.998805173531,1467.0494087746617,1448.750344047019,1452.7672119140625,13115300
2024-01-31,1451.8745426097155,1495.61376953125,1449.1966307573766,1495.61376953125,18665400
2024-02-01,1450.5355895272357,1473.7441589596715,1445.1797658120581,1467.9420166015625,15869200
2024-02-02,1472.8515960973339,1475.083189424754,1457.6767614708763,1459.4620361328125,13272600
2024-02-05,1490.7042793566231,1512.1275743892932,1477.3147199612044,1502.7548828125,16288700
2024-02-06,1492.043279303805,1518.8223988844895,1485.794818068312,1509.44970703125,22708100
2024-02-07,1493.3823002400156,1548.7258164473565,1492.9359815609243,1526.856201171875,24095300
2024-02-08,1545.155217893396,1554.5279098563542,1522.8392846482573,1547.8331298828125,24169500
2024-02-09,1545.6013867574457,1546.0477053790908,1514.8054018639243,1520.6075439453125,28664000
2024-02-13,1538.0140305586233,1538.906667836951,1498.7379903122046,1534.4434814453125,19632900
2024-02-14,1527.3024197161005,1530.4266502649061,1497.845388827362,1508.1107177734375,12313800
2024-02-15,1517.483347666461,1538.0140047231248,1511.6812054547952,1536.675048828125,16827800
2024-02-16,1535.3362396100886,1570.1490962058986,1531.7656902156464,1563.900634765625,20611600
2024-02-19,1560.3300708455777,1565.2395762172314,1549.1721040918194,1556.759521484375,9545700
2024-02-20,1556.7595287471397,1568.363814225186,1554.0816167137443,1560.330078125,10797400
2024-02-21,1542.9235877226472,1563.007927163642,1542.4772690684028,1559.4373779296875,11266400
2024-02-22,1570.5954094982437,1615.6735954486055,1567.024860116037,1606.3009033203125,25472200
2024-02-26,1611.2104129737831,1612.995687669599,1593.357666015625,1593.357666015625,20068100
2024-02-27,1580.4143178753538,1593.3575585470244,1576.3974500806976,1585.7701416015625,18153400
2024-02-28,1596.035496450465,1600.498682961792,1576.8437944517598,1583.53857421875,11529700
2024-02-29,1602.2839725378788,1606.300840435606,1584.4312263257575,1590.6796875,18224500
2024-03-01,1588.8944858159098,1620.5831117970697,1583.538661706418,1611.65673828125,20334000
2024-03-04,1614.7808726179026,1626.8314761449017,1603.1765877400512,1609.425048828125,19137800
2024-03-05,1595.5890713846284,1613.4418162392815,1587.5553362000344,1605.4080810546875,16517500
2024-03-06,1610.3177193270353,1633.972608219589,1604.0692581101343,1625.4925537109375,18383100
2024-03-07,1613.8881698020684,1621.9219051605965,1560.7762527095779,1564.3468017578125,24155200
2024-03-08,1552.2963123008144,1589.7870800504602,1541.5846643723442,1575.5048828125,22034400
2024-03-11,1546.9404146852355,1549.618326539855,1516.590746999547,1539.79931640625,17818400
2024-03-12,1529.5339876302082,1540.6919536911232,1512.1275605751812,1539.79931640625,14322600
2024-03-13,1564.346886837121,1570.5953480113635,1533.997218276515,1546.494140625,14207000
2024-03-14,1561.2227227197934,1577.2901949947827,1551.4037118850779,1563.900634765625,14315500
2024-03-15,1578.1828568767532,1611.6567579700102,1573.719670064319,1591.1260986328125,27177000
2024-03-18,1621.9220521203224,1639.3284803076347,1606.7472172903579,1633.97265625,18526200
2024-03-19,1630.848395482665,1663.8759765625,1621.9220222178446,1663.8759765625,21567200
2024-03-21,1689.7622622535343,1701.3665461464534,1669.2316061352926,1687.0843505859375,23704800
2024-03-22,1712.5246028379013,1749.1227309152293,1702.259274230846,1715.2025146484375,22409100
2024-03-25,1713.8637573177223,1713.8637573177223,1677.265625,1677.265625,15033000
2024-03-26,1671.9097417303856,1694.2256752825797,1663.8760056515957,1678.158203125,13975400
2024-03-27,1688.4235651721694,1704.9373563197692,1683.0677410161911,1694.2257080078125,18653000
2024-03-28,1704.250648115735,1719.2881538344031,1696.0483722691886,1698.3267822265625,27686700
2024-03-29,1720.6551009209138,1734.3255598795015,1711.0857796499022,1725.6676025390625,6387800
2024-04-01,1736.1482139408056,1742.983443129549,1667.7959220533724,1686.4788818359375,19552600
2024-04-02,1700.6051767347692,1701.5165407094394,1673.2642574946603,1680.0994873046875,11703600
2024-04-03,1673.2641976547554,1682.377837075533,1653.6698729000836,1667.34033203125,14291700
2024-04-04,1687.8460238030837,1713.8198961996213,1682.3778401406546,1684.65625,15277300
2024-04-05,1676.9097316807408,1681.4665516037862,1657.3154060116453,1672.80859375,12255900
2024-04-08,1696.0483722691886,1703.79496612426,1681.0108665505204,1698.3267822265625,10967000
2024-04-09,1708.8073876137382,1720.6551188345268,1699.6937482131316,1718.376708984375,10779800
2024-04-10,1709.71875,1712.4528418176974,1692.4028351545844,1709.71875,7606300
2024-04-11,1698.7824653588827,1708.35178718628,1689.6688255232664,1706.9847412109375,10524900
2024-04-12,1722.4778844194884,1722.4778844194884,1696.9596935391996,1712.452880859375,11031700
2024-04-15,1685.111837998257,1695.5925227667697,1657.7709212108325,1695.1368408203125,11874600
2024-04-16,1687.8460508200324,1696.5040084241307,1638.6323970704202,1652.3028564453125,14566800
2024-04-17,1674.17552858253,1675.0868925066359,1618.5823292120704,1630.8857421875,11587300
2024-04-18,1613.1142150143953,1642.733543821157,1602.6335294366183,1627.2403564453125,11606700
2024-04-19,1624.5062524875232,1626.3289804005528,1563.9005493792931,1592.15283203125,14719600
2024-04-22,1614.0255452175695,1624.050548604014,1601.2664499984583,1616.303955078125,11040600
2024-04-23,1626.7847689733724,1628.1518149977196,1601.266576518888,1608.101806640625,7281600
2024-04-24,1629.5186963013412,1633.1641519977647,1614.9368735156468,1630.8857421875,10259300
2024-04-25,1619.0380555247932,1629.0630589645752,1588.9630452054473,1591.241455078125,10643000
2024-04-26,1591.241391689428,1604.0004864681518,1570.28002169581,1595.342529296875,10209700
2024-04-30,1644.100689414321,1657.7711496921563,1627.2404550716576,1651.3916015625,13717800
2024-05-01,1624.5061687336101,1638.1766273765297,1612.2027559549826,1629.06298828125,8257100
2024-05-02,1618.5823664469995,1632.7085075956077,1611.7471368589631,1624.9619140625,6737000
2024-05-07,1633.1641880462364,1634.9869159346808,1606.7346336637918,1616.303955078125,9936100
2024-05-08,1604.0004799107144,1608.5572994559152,1581.2163821847098,1594.8868408203125,15307800
2024-05-09,1610.3800009022589,1610.3800009022589,1587.1402216023112,1593.0640869140625,8269300
2024-05-10,1622.2278278415636,1622.2278278415636,1578.0266763526222,1582.58349609375,13551700
2024-05-13,1691.9470508201791,1691.9470508201791,1600.35498046875,1600.35498046875,25708000
2024-05-14,1598.5323666706938,1601.7221404924426,1577.1153138675231,1591.241455078125,19200000
2024-05-15,1593.0641195149599,1628.6073121128338,1590.3300277766618,1595.342529296875,13296100
2024-05-16,1583.039056069606,1592.6083767885068,1546.128819010988,1557.065185546875,14321200
2024-05-17,1549.318590368504,1576.2038247307808,1538.8379057865993,1573.9254150390625,15316100
2024-05-20,1573.9256063515184,1617.6710777498236,1573.469924357786,1613.1142578125,13404600
2024-05-21,1610.835773399176,1614.0255472078873,1585.773264902159,1590.7857666015625,8458600
2024-05-22,1590.3299780245181,1590.3299780245181,1571.6470183972958,1574.8367919921875,8295300
2024-05-23,1573.4699134925802,1587.5960552007382,1561.1664997467649,1578.0267333984375,7241000
2024-05-24,1549.7744817854762,1582.5835857809348,1547.0403897858546,1580.30517578125,7569300
2024-05-27,1593.9755338914756,1598.5323535995703,1576.6596190007165,1590.330078125,5633700
2024-05-28,1587.5960381378645,1594.8869499088764,1580.7608083525406,1593.9755859375,5917100
2024-05-29,1593.9755911991515,1604.0005949173851,1581.2164955577632,1585.7733154296875,7498500
2024-05-30,1565.7231855858133,1581.2163719391071,1549.7743172809521,1577.115234375,9447300
2024-05-31,1590.3300313526508,1612.658447265625,1578.4823004600523,1612.658447265625,22006200
2024-06-03,1622.227838862486,1636.3539801559514,1573.014185323961,1609.0130615234375,19263200
2024-06-04,1585.7731322534942,1592.1526793372727,1563.4447174602697,1573.0140380859375,16423900
2024-06-05,1541.572205358272,1545.2176613567544,1516.509695368705,1520.1551513671875,16014700
2024-06-06,1531.5470931047764,1541.1164144243837,1526.990273428773,1529.724365234375,9986500
2024-06-07,1521.9778728799663,1526.990374856517,1515.1426429119424,1519.699462890625,9361200
2024-06-10,1531.0914286629097,1560.710756895972,1530.1800647172772,1556.609619140625,10029900
2024-06-11,1564.3562126785027,1575.292580026095,1552.0527994124616,1556.609619140625,8946600
2024-06-12,1549.3187075755634,1561.1664388687884,1542.027796010502,1556.609619140625,8311900
2024-06-13,1562.077864409413,1563.9005923725513,1532.0028530176332,1535.192626953125,9617700
2024-06-14,1517.421049558459,1551.597199323289,1510.5858196054928,1545.2176513671875,18972600
2024-06-17,1531.091431221461,1531.091431221461,1489.6243716258798,1496.915283203125,12170700
2024-06-18,1520.1550553190493,1530.635740652484,1511.9527798407091,1521.977783203125,8416500
2024-06-19,1531.0913216649317,1535.192459133677,1523.8004106093842,1532.002685546875,5820200
2024-06-20,1524.711912741631,1524.711912741631,1502.3834956094315,1516.053955078125,8975100
2024-06-21,1525.6232308629046,1535.1925522034426,1512.8641357421875,1512.8641357421875,13350100
2024-06-24,1531.0914127295616,1549.774373420607,1527.9016389530418,1538.38232421875,10667800
2024-06-25,1553.4197664646745,1578.482273697164,1549.7743108672214,1576.6595458984375,10631900
2024-06-26,1577.5709979553578,1579.8494078310878,1558.432354999227,1565.7232666015625,9953000
2024-06-27,1565.723317318659,1566.6346812984718,1552.0528576214645,1560.7108154296875,14845400
2024-06-28,1569.8244304213413,1578.4823880927506,1556.1539709401684,1567.5460205078125,13791500
2024-07-01,1589.4186721190713,1607.6459504690606,1585.3175344903236,1604.4561767578125,14646900
2024-07-02,1608.5574729545658,1641.8222592224647,1562.533590583911,1581.216552734375,31216200
2024-07-03,1581.2164761288466,1586.2289779263733,1561.6221509203335,1584.40625,19428100
2024-07-04,1610.835755144265,1636.8096272922774,1605.3675715341572,1632.2528076171875,12077300
2024-07-05,1609.4688105773046,1615.3926765279004,1573.4699328775291,1579.393798828125,21057100
2024-07-08,1565.7232767980238,1566.634640754251,1545.6732697610294,1549.3187255859375,18178100
2024-07-09,1540.2051053872503,1555.6982928378911,1520.6107800820278,1550.685791015625,19110400
2024-07-10,1544.761823115458,1553.8754621898854,1537.470911855916,1552.052734375,14860500
2024-07-11,1567.5459440500797,1580.7607209039904,1562.989124445283,1570.7357177734375,18014600
2024-07-12,1545.217633058432,1569.3687786060866,1543.3949050925712,1552.508544921875,20529700
2024-07-16,1553.4198063198771,1567.545947122434,1548.8629867061493,1553.87548828125,16113800
2024-07-17,1565.7233627781723,1577.57109485973,1554.7869947028883,1563.900634765625,33232100
2024-07-18,1521.9779628261074,1538.838197743642,1517.421142578125,1517.421142578125,62354800
2024-07-19,1518.7881821930032,1520.6109102844441,1516.9654541015625,1516.9654541015625,55327000
2024-07-22,1512.4084747332718,1527.9016618802832,1501.4721073353812,1522.88916015625,25829400
2024-07-23,1534.2812487603373,1542.9392065050497,1523.344881082806,1525.623291015625,19990800
2024-07-24,1506.4845635724214,1517.8766126012508,1482.7891015924558,1485.523193359375,78841300
2024-07-25,1467.2958152602523,1486.4344563288644,1444.51171875,1444.51171875,35754600
2024-07-26,1449.068724388791,1477.776689683286,1440.4107666015625,1440.4107666015625,34059200
2024-07-29,1466.8402570962537,1487.801627654324,1458.6379816604872,1478.68798828125,24222600
2024-07-30,1478.6880414818202,1500.1050947790914,1472.7641756761918,1490.991455078125,19774700
2024-07-31,1468.2073761153092,1508.307391353716,1462.7391922191628,1501.0164794921875,36506300
2024-08-01,1465.0175211588542,1483.2447998046875,1417.6265966796875,1435.398193359375,39400600
2024-08-02,1391.6526445947716,1409.8799221926074,1367.5015017776389,1387.0958251953125,33654300
2024-08-05,1295.959441443705,1308.7185358039103,1129.1798508781649,1140.5718994140625,49034000
2024-08-06,1304.6174836831408,1360.6663661466498,1281.3777031494906,1308.262939453125,41128100
2024-08-07,1280.9219811145304,1355.6538220618029,1264.9731126196855,1296.870849609375,43767700
2024-08-08,1275.9094667501759,1343.8060776593816,1270.4412833212466,1295.95947265625,33043800
2024-08-09,1328.3128644916374,1346.0844602772886,1280.0105785101232,1294.13671875,29498300
2024-08-13,1303.2504407791553,1332.8697689786813,1302.7947588068548,1325.578857421875,21473800
2024-08-14,1347.9073198388185,1379.8050589830773,1345.1732279121677,1371.602783203125,21558200
2024-08-15,1376.1595329928468,1426.7402310598025,1375.2481690637123,1409.42431640625,21463300
2024-08-16,1444.967509761001,1453.6254670884875,1426.2845492122149,1443.6004638671875,24351700
2024-08-19,1443.6004934210528,1459.5493625087222,1423.5504865679825,1428.56298828125,19410600
2024-08-20,1454.5368754455799,1471.8527906294557,1427.1959567341967,1438.13232421875,16105600
2024-08-21,1412.614169346691,1429.9300849709407,1400.3107556136715,1423.550537109375,13666700
2024-08-22,1414.8925016349262,1428.5629605879208,1413.069773774527,1418.082275390625,12387300
2024-08-23,1428.1073206912429,1438.13232421875,1419.905045077828,1438.13232421875,12451200
2024-08-26,1408.0572294909143,1414.8924587602876,1380.7163124134208,1398.0322265625,18041100
2024-08-27,1407.6015338396735,1425.3731297670763,1400.7663046368264,1422.6390380859375,12392500
2024-08-28,1419.4494067864262,1437.2210044957906,1417.1709968236871,1432.6641845703125,11243400
2024-08-29,1435.3981755462087,1444.056132795535,1430.3856739808093,1442.6890869140625,11402900
2024-08-30,1433.1198302684563,1453.1698374327843,1429.018692439389,1447.2459716796875,22971300
2024-09-02,1470.4857944654382,1483.2448902959409,1455.4482886652029,1467.2960205078125,13237300
2024-09-03,1467.2959489546004,1483.2448179649764,1461.372083322175,1462.283447265625,11256600
2024-09-04,1425.828897034888,1435.8539004656225,1390.2857030531939,1394.3868408203125,26491400
2024-09-05,1377.0709144808,1426.7402492519473,1369.3243209843827,1402.1334228515625,17535000
2024-09-06,1385.27316898527,1413.981132684636,1385.27316898527,1392.1083984375,15379600
2024-09-09,1345.1731592864687,1378.4379426970079,1336.9708839249658,1375.2481689453125,15104100
2024-09-10,1376.1596072004813,1382.5391550484305,1353.831189732659,1354.7425537109375,16114700
2024-09-11,1331.9583573409182,1340.1606325486284,1297.7822106421263,1313.7310791015625,17349400
2024-09-12,1344.2618371013978,1368.412981971355,1340.1606992932918,1361.1220703125,22186700
2024-09-13,1361.1221583822498,1365.223296455715,1339.7051039985988,1341.52783203125,16136200
2024-09-17,1344.717533192736,1360.666402613863,1313.7311583174035,1327.8572998046875,18645900
2024-09-18,1351.0970667815743,1363.400480205892,1346.0845650161116,1361.1220703125,12664600
2024-09-19,1412.614050921708,1429.9299650942967,1401.2220021239523,1406.690185546875,19787500
2024-09-20,1444.5118359971038,1447.7016097674446,1415.348190096847,1418.5379638671875,22960800
2024-09-24,1444.5117715350486,1447.701545163044,1416.2594908299468,1422.6390380859375,14631400
2024-09-25,1417.6265966796875,1442.6891048177083,1417.1709147135416,1435.398193359375,13006400
2024-09-26,1453.62550415417,1471.852783203125,1438.5879989387818,1471.852783203125,22246800
2024-09-27,1493.2649074087458,1515.1425416507068,1464.870531052158,1509.5567626953125,21904600
2024-09-30,1398.7723076916848,1426.2357240490257,1398.7723076916848,1403.4271240234375,29194200
2024-10-01,1424.37372942379,1444.8549203043935,1423.4427662019446,1435.5452880859375,17733500
2024-10-02,1419.718913314562,1448.578773191776,1418.7879500927163,1435.5452880859375,15780100
2024-10-03,1471.852836338237,1481.6279500520584,1455.095498543115,1456.491943359375,15176200
2024-10-04,1456.4919674076546,1467.198044509085,1451.3716696634922,1460.2158203125,12929700
2024-10-07,1503.5055980134696,1506.2984876692221,1487.213741688246,1491.403076171875,18280500
2024-10-08,1480.6970270188526,1488.6102145257123,1454.1645747899704,1457.888427734375,14894300
2024-10-09,1470.921895751167,1482.0934544530749,1444.3894438341367,1445.785888671875,13295300
2024-10-10,1469.9908755155805,1477.9040626225358,1465.3360595703125,1465.3360595703125,14295700
2024-10-11,1475.5765561849378,1485.3516690177084,1449.9750701943474,1450.4405517578125,14151300
2024-10-15,1461.6122268844435,1471.8528221046531,1438.8036284394316,1440.2000732421875,16622400
2024-10-16,1422.511809844871,1453.699077927203,1416.4605488736725,1427.1666259765625,14541900
2024-10-17,1433.683380623982,1448.5787923707246,1429.028564453125,1429.028564453125,12555500
2024-10-18,1435.5452950136068,1453.233596314034,1424.8392179107168,1427.1666259765625,11771300
2024-10-21,1427.1664273272338,1444.3892446172233,1420.1842041015625,1420.1842041015625,12349300
2024-10-22,1397.3757107115186,1425.3046056624485,1397.3757107115186,1408.081787109375,17230300
2024-10-23,1415.0640008489652,1454.1644535040023,1415.0640008489652,1439.26904296875,15286000
2024-10-24,1414.1331917799687,1441.1311263169134,1405.2890408109695,1430.425048828125,15156500
2024-10-25,1430.4249521673842,1440.6655473342187,1411.3402066291926,1415.529541015625,9334900
2024-10-28,1428.0975789336578,1478.3695927944254,1418.3224651273974,1472.7838134765625,13558500
2024-10-29,1470.9217772820984,1475.576593032991,1459.2847379048665,1474.6456298828125,10112200
2024-10-30,1457.888284190521,1477.9039917959465,1455.5608763294251,1468.5943603515625,19372700
2024-10-31,1479.765918282253,1479.765918282253,1442.9928740720304,1449.97509765625,18586100
2024-11-01,1419.7188049476604,1435.0796969356186,1411.805618165985,1418.787841796875,11651900
2024-11-05,1418.787915554399,1436.9416979384612,1410.8747283613461,1411.3402099609375,12315900
2024-11-06,1406.6854136995605,1442.5274973709259,1295.4353098364913,1320.1058349609375,50754600
2024-11-07,1314.9854278564453,1341.5178771972655,1311.7270568847655,1321.9676513671875,36938800
2024-11-08,1314.5201116031035,1317.778482984556,1279.6089896589701,1286.125732421875,32359200
2024-11-11,1274.4885587509061,1289.3839692257159,1269.3682614001902,1284.263671875,21347800
2024-11-12,1285.194659311331,1313.12355447927,1277.2814723470817,1287.987548828125,23084700
2024-11-13,1266.575313513414,1272.6265737396816,1230.7332337116745,1233.526123046875,35152500
2024-11-14,1247.4905851252363,1257.2656979191281,1231.19873046875,1231.19873046875,26768300
2024-11-15,1247.4907004370143,1266.1099646226414,1243.766847599889,1258.19677734375,23484100
2024-11-18,1255.8694290570202,1271.6958043675977,1245.6288332678228,1267.5064697265625,15740400
2024-11-19,1281.470932734487,1298.6937531163164,1278.2125613108976,1298.228271484375,16379400
2024-11-20,1291.2459889010397,1294.5043601780071,1266.5754635182875,1270.29931640625,16851200
2024-11-21,1266.109928058807,1271.2302255619861,1250.283553958072,1252.6109619140625,16086800
2024-11-22,1269.8338227494266,1274.4886388152236,1262.3861170441514,1268.4373779296875,13419700
2024-11-25,1286.5911360689063,1286.5911360689063,1264.7135009765625,1264.7135009765625,37222300
2024-11-26,1265.6444003884271,1269.368252982435,1224.2165402800895,1240.973876953125,26074400
2024-11-27,1216.303381843493,1227.940421470775,1197.218636854751,1203.2698974609375,25162300
2024-11-28,1206.5282774610278,1220.0272435283,1200.0115352216549,1209.3211669921875,16712000
2024-11-29,1210.252053692412,1216.7687955199865,1192.5637544461383,1202.3388671875,15859700
2024-12-02,1200.942576887421,1214.4415438369306,1199.0806504116265,1212.1141357421875,19779900
2024-12-03,1220.4927636016187,1233.5262484913385,1215.8379475695758,1229.3369140625,18299100
2024-12-04,1226.078454712765,1227.9403809917517,1200.9424499464442,1201.8734130859375,20201500
2024-12-05,1211.183090917322,1211.6485725049151,1191.6328642384105,1194.8912353515625,16376800
2024-12-06,1201.8735386670169,1208.8557629427742,1194.4258327728758,1197.6842041015625,13641500
2024-12-09,1208.8557524226262,1212.1141237229567,1199.5461201359674,1210.252197265625,16151800
2024-12-10,1238.181027905394,1247.0251781047184,1223.7510986328125,1223.7510986328125,16938500
2024-12-11,1233.0608050305862,1235.8536947362047,1212.1141322384472,1216.303466796875,11876200
2024-12-12,1222.3547192382812,1225.1476089242788,1206.9938259652945,1210.252197265625,18267100
2024-12-13,1200.9425564571657,1211.6486335108534,1198.1496667909862,1204.200927734375,16401500
2024-12-16,1205.5972134784588,1214.4413629209648,1197.684027135164,1198.614990234375,13340000
2024-12-17,1201.4079775778662,1215.8379067932533,1194.8912353515625,1194.8912353515625,19015100
2024-12-18,1191.6328093611892,1210.2520720074579,1146.9465790101447,1158.5836181640625,70954200
2024-12-19,1130.6547271728516,1152.5323608398437,1129.7237640380858,1135.7750244140625,45054900
2024-12-20,1147.877756336735,1163.2386508862533,1136.2407150113422,1144.619384765625,53318800
2024-12-23,1158.1182080518017,1191.1674012880067,1146.4811681798985,1188.37451171875,34534600
2024-12-24,1355.4824948189353,1391.7900616444426,1328.019078886821,1333.6048583984375,158482300
2024-12-25,1333.139326973001,1344.7763671875,1310.796209761163,1344.7763671875,52600200
2024-12-26,1349.8966634114583,1404.8234931640625,1346.638292154948,1396.44482421875,71143400
2024-12-27,1408.081867958034,1438.8036541680274,1394.5829012900065,1425.3046875,55925900
2024-12-30,1423.908266665182,1438.803678411925,1417.3915240259823,1429.028564453125,28320300
2025-01-06,1429.0284919920018,1485.8172463968958,1409.4782650657269,1469.525390625,72558800
2025-01-07,1469.5254523831413,1507.6949446528333,1463.008709800511,1493.2650146484375,53412100
2025-01-08,1493.2649264929248,1506.2984108887483,1483.024331610492,1484.4207763671875,37117900
2025-01-09,1473.7147573932098,1475.5766838081097,1441.5965267361878,1446.2513427734375,44153900
2025-01-10,1444.854930794079,1457.8884159945412,1422.977294921875,1422.977294921875,28385100
2025-01-14,1412.2712569891237,1419.2534813974416,1375.96369006587,1376.8946533203125,38451300
2025-01-15,1402.9616158710473,1416.4605829779684,1363.395677799037,1370.8433837890625,38326800
2025-01-16,1370.3778331043957,1370.8433147053142,1343.379900251116,1355.482421875,30366000
2025-01-17,1348.5001007080077,1367.1193634033202,1336.8630615234374,1359.2061767578125,24279300
2025-01-20,1362.9301619433197,1388.5316506410256,1357.8098642037787,1379.6875,18511300
2025-01-21,1401.0996296925216,1420.64985708358,1370.843325396836,1375.963623046875,24543300
2025-01-22,1391.78996315323,1401.0995950137867,1373.1706994321166,1384.8077392578125,18177000
2025-01-23,1382.480233857746,1388.531494140625,1372.2396395328738,1388.531494140625,19358600
2025-01-24,1384.3423593558516,1391.3245837641696,1360.6027963675704,1376.8946533203125,18990900
2025-01-27,1387.1352503123433,1402.9616256514773,1384.3423605466137,1391.3245849609375,15342800
2025-01-28,1385.2732329431017,1397.3757544674702,1375.4981194041886,1386.669677734375,12381100
2025-01-29,1395.9793564439947,1395.9793564439947,1375.49816548583,1379.6875,19058200
2025-01-30,1380.618371755591,1387.6005954832826,1368.0503690457456,1375.0325927734375,14481000
2025-01-31,1369.912334814965,1379.2219667199258,1357.3443317432682,1376.4290771484375,21052000
2025-02-03,1290.7804603687875,1299.6246106562044,1273.5576413880285,1277.281494140625,54082800
2025-02-04,1303.3485211751713,1309.8652637810471,1289.8495543487143,1290.780517578125,23744300
2025-02-05,1303.3485026041667,1445.3203930664063,1303.3485026041667,1396.44482421875,80313800
2025-02-06,1336.863183254666,1363.395635011461,1329.8809591081408,1340.5870361328125,51037200
2025-02-07,1329.4154262204142,1342.9143923830163,1316.3819416496258,1337.32861328125,19658100
2025-02-10,1325.6915833077126,1331.7428440461256,1320.105804164562,1324.7606201171875,15059500
2025-02-12,1324.7606892381978,1326.6226157163962,1295.9008288261218,1307.0723876953125,23581400
2025-02-13,1334.0702575087712,1341.9834446607772,1321.967735982174,1335.001220703125,22104000
2025-02-14,1374.1016758065032,1394.582866096302,1363.3955990641082,1368.0504150390625,37236700
2025-02-17,1354.5513860295328,1358.2752386371742,1321.0367125607609,1325.6915283203125,16952300
2025-02-18,1321.967666652888,1333.6047059720156,1310.7961089065257,1319.6402587890625,13599600
2025-02-19,1306.1413429725562,1310.7961588776616,1284.263708218561,1289.8494873046875,25517800
2025-02-20,1266.1099938826383,1278.677997498385,1249.3526557283092,1272.1612548828125,23769600
2025-02-21,1266.1099835824275,1293.1079170558764,1258.6622777966486,1284.729248046875,18289900
2025-02-25,1276.3504788567361,1302.8829286360337,1276.3504788567361,1292.642333984375,16450700
2025-02-26,1292.6424183673823,1305.6759033203125,1282.4018230472232,1305.6759033203125,12610500
2025-02-27,1294.0389378324467,1312.658203125,1289.8496031416223,1312.658203125,16823600
2025-02-28,1302.4175665226244,1308.0033459358735,1287.9876363717303,1296.831787109375,26051300
2025-03-03,1309.3998161815543,1321.502338478291,1307.0724080475663,1314.985595703125,16372900
2025-03-04,1298.6936408173426,1298.6936408173426,1274.0231164577299,1285.66015625,23308300
2025-03-05,1294.969753564228,1320.5712404247718,1287.5220482957063,1313.12353515625,25432900
2025-03-06,1336.8632381563802,1361.999246116145,1335.9322748986112,1339.6561279296875,24897500
2025-03-07,1318.7094072705795,1332.2083740234375,1310.7962198637315,1332.2083740234375,19812500
2025-03-10,1332.6738726333238,1344.776394704042,1326.6226115979648,1344.3109130859375,13249900
2025-03-11,1344.3108273841594,1354.5514223296068,1334.5357140271417,1349.8966064453125,20781500
2025-03-12,1328.9499230147726,1350.8275574742102,1328.0189598462857,1348.03466796875,18480700
2025-03-13,1345.2417636459334,1351.2930241744446,1327.5534636395164,1331.7427978515625,16241300
2025-03-14,1331.7428244965652,1358.7407566254715,1331.7428244965652,1349.8966064453125,18140400
2025-03-17,1349.8966413461742,1378.7565005749545,1349.8966413461742,1374.1016845703125,14024800
2025-03-18,1395.5138475018528,1416.9260012660573,1393.1864394840043,1413.2021484375,19261600
2025-03-19,1410.4092742507114,1423.4427592932923,1405.7544581640755,1410.874755859375,18181500
2025-03-21,1390.3935206166443,1419.2533794309168,1388.0661126477514,1399.2376708984375,21187900
2025-03-24,1400.63419832121,1411.8057572310502,1396.44486373002,1397.84130859375,12395000
2025-03-25,1409.4782659615664,1420.6498242122525,1395.5138181482089,1399.2376708984375,13674100
2025-03-26,1396.4447205448341,1398.306646838894,1377.8254576042364,1389.927978515625,19642700
2025-03-27,1349.8966426639765,1365.7230170952093,1342.4489370492788,1355.482421875,27870900
2025-03-28,1327.8389146054265,1338.8009731251411,1316.4002448457243,1320.213134765625,23546600
2025-03-31,1281.1311277932962,1290.1867421638588,1263.973121617493,1279.7012939453125,21374300
2025-04-01,1292.0931875235972,1294.4762439373258,1277.7948490412261,1282.0843505859375,17648700
2025-04-02,1278.2714858100662,1297.3359375,1261.590090581374,1297.3359375,20889500
2025-04-03,1239.1893815079682,1274.9352290514673,1227.2740989934687,1267.3094482421875,39244100
2025-04-04,1210.1159648546266,1222.031246115503,1173.4168985711267,1198.20068359375,43216200
2025-04-07,1112.4107216229577,1175.8000215269224,1101.9252735185426,1148.6331787109375,44335700
2025-04-08,1177.2298395745108,1237.7594710020262,1176.753228303428,1223.937744140625,31565700
2025-04-09,1185.8088866794833,1211.5458962778323,1166.7444351251509,1185.332275390625,33414800
2025-04-10,1303.5317595994247,1303.5317595994247,1248.2448549875296,1285.4205322265625,31411600
2025-04-11,1210.5926555444985,1254.9175047435688,1199.6305960651587,1253.4876708984375,27173000
2025-04-14,1262.5432121505246,1281.607662315123,1254.4408208305701,1257.777099609375,16202100
2025-04-15,1324.9794177130007,1331.6519759316993,1302.1020752488912,1303.0552978515625,26928700
2025-04-16,1307.8212127516817,1323.5493833131998,1280.6543726908778,1293.0462646484375,22025600
2025-04-17,1293.9995640093614,1329.2687970615502,1290.1866739496652,1317.353515625,23270800
2025-04-18,1317.35363835184,1334.9882565208045,1316.8770270499758,1329.2689208984375,16325000
2025-04-21,1326.8857651779247,1329.745432775291,1312.1108159248658,1315.9237060546875,10795700
2025-04-22,1315.9236580984934,1330.6986068131089,1310.6809343610491,1321.1663818359375,13890900
2025-04-23,1348.8098394093397,1362.6315656789054,1334.5115018890995,1352.1461181640625,25838700
2025-04-24,1355.4824955875108,1391.7049532755034,1349.2865488777227,1360.7252197265625,30509400
2025-04-25,1371.6872801460597,1379.7896720023778,1361.201831861413,1370.2574462890625,21836500
2025-04-28,1380.2662601188424,1406.4798803904366,1375.9767586198543,1383.6025390625,20017500
2025-04-30,1390.7516838646068,1405.526633213408,1372.640455630592,1385.0323486328125,26172900
2025-05-01,1374.5469501586497,1397.424291908863,1365.4913357158568,1396.4710693359375,10378000
2025-05-02,1425.0677235235744,1446.0386197894732,1411.7226077180023,1414.582275390625,30253500
2025-05-07,1415.0588591985088,1424.591084588866,1389.7984619140625,1389.7984619140625,17868500
2025-05-08,1389.7984601375715,1392.6581277510234,1373.593676994678,1375.5001220703125,16219100
2025-05-09,1404.096730080101,1416.0120112247048,1395.0411164102022,1413.15234375,19309000
2025-05-12,1416.0120365756609,1422.2079828817812,1407.9096452522726,1418.8717041015625,11517900
2025-05-13,1443.1790032242475,1446.0386709981397,1422.208106215705,1433.170166015625,17122800
2025-05-14,1436.9829778987958,1437.459589168414,1374.546901578815,1392.1815185546875,30348800
2025-05-15,1377.4066377374088,1377.8832490307434,1336.4180665106207,1337.847900390625,21581300
2025-05-16,1329.7455085765248,1342.1374022048365,1318.3068375350063,1340.23095703125,17737100
2025-05-19,1341.1840582400835,1356.9122294987626,1338.3243907385056,1344.9969482421875,11147700
2025-05-20,1351.6695317994022,1359.2953119505978,1345.9501966860057,1355.482421875,20456500
2025-05-21,1384.0791735733696,1398.3775121433425,1370.2574462890625,1370.2574462890625,22287700
2025-05-22,1351.6694819042625,1355.4823718391124,1343.5670907927065,1348.809814453125,15332200
2025-05-23,1355.4823969187853,1357.3888419214838,1343.5671156519184,1352.1461181640625,12287100
2025-05-26,1351.6695788804213,1358.3421367451342,1337.8478518749446,1340.70751953125,11639900
2025-05-27,1339.277637687013,1346.9034178304269,1331.1752462846362,1345.9501953125,9480700
2025-05-28,1369.7808343633906,1379.313060072252,1357.8655522273139,1363.1082763671875,15201000
2025-05-29,1378.359866545162,1426.4976073892358,1372.6405309993315,1426.02099609375,24271300
2025-05-30,1382.1726827595473,1409.8161364147384,1380.742848949796,1399.3306884765625,47301300
2025-06-02,1395.994381027912,1396.4709922880784,1363.108204076418,1369.78076171875,14847300
2025-06-03,1354.0525639396321,1366.444456464247,1340.2308376621772,1356.9122314453125,12936700
2025-06-04,1358.3420894316982,1363.5848132856452,1347.8566417238046,1355.482421875,16239100
2025-06-05,1332.6051254713466,1336.8946269481858,1312.5874519127642,1319.260009765625,23765000
2025-06-06,1327.8389660975392,1347.3800276948111,1324.979298546719,1336.41796875,16167400
2025-06-09,1340.230932094029,1347.380101361956,1332.6051515415736,1334.5115966796875,10920200
2025-06-10,1342.6139885166713,1344.5204336547852,1333.081762826102,1334.5115966796875,13586500
2025-06-11,1337.8478767543556,1353.0994378716123,1337.8478767543556,1346.4268798828125,13509400
2025-06-12,1346.4268295903669,1353.0993873299296,1332.6051028441293,1334.9881591796875,14085000
2025-06-13,1334.9882319313162,1340.2309561552522,1324.0261721903594,1328.315673828125,23350200
2025-06-16,1349.7630884563437,1380.7428203594732,1347.8566434161512,1367.397705078125,29464400
2025-06-17,1368.3509275982212,1375.0234852388953,1357.8654798771622,1367.397705078125,14979600
2025-06-18,1367.397682411542,1381.6960199759708,1365.014626150804,1378.3597412109375,15861500
2025-06-19,1377.4065656505318,1377.4065656505318,1357.8655036464932,1363.5848388671875,10122500
2025-06-20,1363.5847889585666,1375.0234589812878,1352.622730186792,1356.9122314453125,42031100
2025-06-23,1353.576073246355,1353.576073246355,1333.5583989236975,1340.23095703125,10516200
2025-06-24,1344.9969201396696,1345.9501426202787,1323.5494143259612,1324.979248046875,11014400
2025-06-25,1336.4179182562837,1336.4179182562837,1312.5873562331687,1327.3623046875,11327500
2025-06-26,1315.923754838584,1323.0729240970334,1299.7189711860988,1315.4471435546875,17960100
2025-06-27,1334.511502270628,1358.8186760619858,1329.7453897625187,1354.5291748046875,21309000
2025-06-30,1356.9123764065441,1357.388987708408,1329.2689208984375,1329.2689208984375,18535600
2025-07-01,1329.2688965893065,1338.3245111591152,1324.0261723646802,1330.69873046875,13683000
2025-07-02,1333.5582317898402,1355.0057373046875,1330.6985643878606,1355.0057373046875,18316300
2025-07-03,1355.4824255804804,1390.751658876175,1348.3332566691909,1381.696044921875,23859700
2025-07-04,1390.7516826753888,1393.6113502888406,1367.3977304988657,1375.5001220703125,10246400
2025-07-07,1372.64042721519,1372.64042721519,1349.7630867616035,1355.482421875,8548600
2025-07-08,1357.8655039433906,1369.7807856557756,1352.6227799899414,1365.9678955078125,15416200
2025-07-09,1393.1346952759036,1413.6289791954603,1388.3685827364718,1411.7225341796875,21595400
2025-07-10,1411.7225590542375,1418.8717279893535,1403.1435563320983,1415.058837890625,19468700
2025-07-11,1428.880616205113,1447.945067388637,1411.7226101399415,1438.412841796875,20734500
2025-07-14,1438.4127946369908,1453.1877438198094,1435.5531270532194,1450.8046875,11014000
2025-07-15,1461.7667225528983,1477.018282749081,1444.6087173321926,1454.6175537109375,16436800
2025-07-16,1454.6176494579347,1454.6176494579347,1428.4040286452916,1432.2169189453125,13892800
2025-07-17,1417.9184337855982,1427.4506585505433,1413.1523214031256,1424.1143798828125,10665800
2025-07-18,1430.7870098798965,1431.7402324047998,1417.44189453125,1417.44189453125,11220800
2025-07-22,1417.4418942023303,1431.2636208102213,1411.7225590542375,1415.058837890625,10910700
2025-07-23,1487.0271129261364,1587.1154762961648,1482.2610003847064,1572.817138671875,77162500
2025-07-24,1572.8172119658343,1596.171164507145,1568.5277104786546,1573.2938232421875,33826400
2025-07-25,1557.5655988237872,1559.9486551255372,1538.9777596701374,1545.1737060546875,20782400
2025-07-28,1562.3316439823018,1582.3493160528499,1549.939751748153,1580.44287109375,22897900
2025-07-29,1563.2848602125694,1567.5743613533966,1537.5478533676064,1547.080078125,15205600
2025-07-30,1526.109275930668,1528.4923322641014,1507.0448252632018,1515.147216796875,20788200
2025-07-31,1515.6238749925312,1516.5770975554194,1492.2699222017657,1495.606201171875,26164300
2025-08-01,1500.372265996552,1514.1939927163423,1495.1295420683557,1503.23193359375,17818400
2025-08-04,1470.8223641005666,1477.018310546875,1451.757913496541,1477.018310546875,18456500
2025-08-05,1463.1966078805062,1486.5505602538433,1458.907106424179,1475.5885009765625,16202700
2025-08-06,1481.7844742408727,1507.521483442869,1478.4481952702436,1497.9892578125,17890200
2025-08-07,1493.6997290678835,1498.465841796243,1460.8135512422025,1473.2054443359375,30969000
2025-08-08,1490.840091765873,1538.0246087367238,1484.1675338103992,1531.35205078125,26288800
2025-08-12,1544.220487197168,1579.0131092852523,1535.1648732290364,1571.3873291015625,24678800
2025-08-13,1573.770458360658,1588.5454081514456,1564.7148439727562,1567.097900390625,19057900
2025-08-14,1567.0978243739412,1571.3873257180305,1539.4543712675884,1547.5567626953125,13617600
2025-08-15,1564.7148678658755,1569.0043694835401,1553.7528081762882,1560.9019775390625,11352700
2025-08-18,1566.1446553756155,1585.2091064453125,1558.5188749477365,1585.2091064453125,15708300
2025-08-19,1585.2091313859814,1598.554247344733,1579.9664072593291,1590.928466796875,15231700
2025-08-20,1599.5074968738527,1628.5807857026089,1598.5542742893035,1622.8614501953125,24898100
2025-08-21,1596.6477532628126,1601.4138659591194,1582.8260264435226,1591.405029296875,14766200
2025-08-22,1596.647803083355,1605.2268062044,1586.6389661088028,1600.460693359375,8463900
2025-08-25,1619.525195139759,1636.2065906164783,1604.2736335610446,1616.66552734375,11138700
2025-08-26,1603.320310742539,1609.5162572465974,1578.0599134567617,1589.02197265625,35103500
2025-08-27,1589.4985093662292,1590.9283431077881,1576.1533944450134,1581.3961181640625,12340200
2025-08-28,1581.3962893266737,1595.218016991072,1577.5833989364949,1585.685791015625,11708000
2025-08-29,1572.8171865484164,1583.3026344587392,1557.5656259515833,1565.19140625,18007200
2025-09-01,1565.1914574478542,1593.7881345023218,1562.3317897424074,1590.928466796875,10794700
2025-09-02,1589.0219974283757,1598.5542229678379,1578.0599380579938,1592.3582763671875,11176000
2025-09-03,1582.8260003794794,1589.975169306216,1570.434107573136,1578.5364990234375,16337000
2025-09-04,1579.48979640947,1597.1244139312414,1575.2002948501204,1595.694580078125,9832800
2025-09-05,1625.2443338609348,1649.074895941007,1602.3669942640652,1613.8056640625,19763600
2025-09-08,1620.4782461191153,1623.3379136122667,1605.7032974044998,1614.7589111328125,11091800
2025-09-09,1620.478393374908,1642.4025128146861,1616.6655030375553,1618.0953369140625,14976000
2025-09-10,1611.89941259707,1613.8058577923357,1588.06884765625,1588.06884765625,14623100
2025-09-11,1588.0687728091393,1588.0687728091393,1561.8551526097087,1573.2938232421875,10486500
2025-09-12,1588.068748046283,1588.068748046283,1566.6212409448174,1572.340576171875,13243500
2025-09-16,1585.2090573526161,1596.6477276401877,1575.200220850991,1583.3026123046875,10277900
2025-09-17,1578.0599122861818,1583.3026362472654,1558.5188502494154,1579.48974609375,11618100
2025-09-18,1596.6478245432784,1597.1244358341867,1563.2850341796875,1563.2850341796875,12649200
2025-09-19,1572.8172840186235,1602.367184506246,1552.79960949475,1554.7060546875,41036300
2025-09-22,1558.5187786973604,1587.592064783152,1558.5187786973604,1583.7791748046875,9481700
2025-09-24,1589.0220194350195,1593.7881322707574,1564.2382326891823,1567.097900390625,13827600
2025-09-25,1588.5453115440275,1588.5453115440275,1570.4340838696583,1582.349365234375,11868300
2025-09-26,1580.9195299923058,1590.4517550751657,1569.004248638731,1572.817138671875,18272700
2025-09-29,1568.434740890932,1570.382502133889,1523.1492919921875,1523.1492919921875,20529500
2025-09-30,1510.488842885063,1514.8713056787333,1491.01123046875,1491.01123046875,19750800
2025-10-01,1480.2984928051603,1483.2201345672759,1467.6380451693267,1472.0205078125,17746200
2025-10-02,1455.9515070304706,1472.9944176478841,1439.8824770197664,1464.2294921875,17641100
2025-10-03,1454.9775512334986,1484.680908203125,1454.0036706771175,1484.680908203125,12100700
2025-10-06,1584.5036772433282,1584.99061752521,1543.6006935652583,1547.4962158203125,29066400
2025-10-07,1549.9310100939995,1562.104517870421,1548.4701891608288,1555.287353515625,16808600
2025-10-08,1555.2873571869125,1584.5037759192903,1547.4963121916117,1554.3134765625,20593300
2025-10-09,1548.4701529358317,1552.3656753331545,1513.4104513599261,1532.401123046875,17460300
2025-10-10,1519.2536765444247,1524.123079353862,1500.7499458685631,1515.358154296875,16689100
2025-10-14,1480.2985092603863,1510.9757481036113,1478.8376883630897,1500.2630615234375,15979400
2025-10-15,1513.4104385894982,1519.7406624317323,1497.3414088361349,1503.1846923828125,11397700
2025-10-16,1503.1846778684749,1513.4104239764238,1498.8022152507826,1507.0802001953125,10337300
2025-10-17,1480.2984709637562,1489.0633961207784,1474.4551875257414,1477.86376953125,14571700
2025-10-20,1504.6455565626247,1524.1231689453125,1502.6977953243559,1524.1231689453125,11377600
2025-10-21,1527.0447337962962,1531.9141366464119,1507.0801821108216,1511.9495849609375,10917200
2025-10-22,1548.4701063368054,1583.0428665726272,1539.7051812065972,1577.6865234375,21202900
2025-10-23,1565.0261634310384,1568.4347456164826,1552.3657153136746,1554.3134765625,11768500
2025-10-24,1554.3133598894638,1559.6697029216643,1545.0614946520266,1552.8525390625,10586600
2025-10-27,1587.425332779204,1587.425332779204,1562.591378186646,1576.712646484375,12614200
2025-10-28,1585.9645949834721,1586.4515352951037,1553.8265344157996,1554.8004150390625,10455900
2025-10-29,1557.2350415108444,1563.5652652568233,1537.757429984755,1542.139892578125,8781000
2025-10-30,1544.574554376372,1553.3394793381547,1528.9924655554248,1552.8525390625,41396000
2025-10-31,1547.4961981357671,1548.4700786884014,1514.8711996225209,1519.253662109375,15680900
2025-11-04,1537.270466316271,1557.7219581076183,1510.0018105944746,1548.4700927734375,16481300
2025-11-05,1552.3655972233344,1553.3394777736628,1502.2107488814263,1520.2275390625,16691600
2025-11-06,1538.244343840318,1540.1921049594573,1513.410389571291,1516.33203125,15774100
2025-11-07,1524.6100368367386,1549.443991445066,1513.4104102486692,1543.6007080078125,15210000
2025-11-10,1465.690285804491,1491.9850616960002,1463.7425246273422,1471.5335693359375,28707200
2025-11-11,1470.5596437069248,1487.1156132056121,1463.2555395163276,1483.70703125,15642500
2025-11-12,1498.3152858033927,1522.1753602279512,1494.9067037427415,1504.1585693359375,14337400
2025-11-13,1504.1586162530575,1524.1231689453125,1504.1586162530575,1524.1231689453125,9914900
2025-11-14,1519.2536747359861,1523.149196978899,1499.7760635214222,1515.8450927734375,10980200
2025-11-17,1498.8022036869902,1503.671606557968,1475.4290699062963,1477.3768310546875,11882000
2025-11-18,1472.5073980420298,1479.324561921854,1452.5428466796875,1452.5428466796875,13890500
2025-11-19,1468.6119203233436,1481.272367912338,1461.3078159450777,1473.4813232421875,11830200
2025-11-20,1479.8115433928517,1486.1417671717616,1464.2294540909197,1474.4552001953125,14241000
2025-11-21,1467.6380686247003,1511.4626957568248,1466.6641880217642,1498.3153076171875,47530100
2025-11-25,1498.3152966890634,1516.3320877119738,1494.906714603648,1501.2369384765625,11967800
2025-11-26,1517.7929267251568,1537.7574791780703,1507.0802400431057,1528.9925537109375,14425500
2025-11-27,1525.0969544730638,1529.9663572651234,1511.9495669345029,1516.8189697265625,10112700
2025-11-28,1525.097024000328,1537.757471836857,1519.2537403834685,1530.9403076171875,10215700
2025-12-01,1529.966440286543,1529.966440286543,1490.0373352249592,1494.90673828125,11433600
2025-12-02,1494.9066887279548,1497.8283304648824,1474.4551965694616,1475.4290771484375,8895300
2025-12-03,1470.5597161311107,1478.3507609847854,1462.768671277436,1464.2294921875,10492800
2025-12-04,1474.942140998902,1511.462662813005,1471.0466186720644,1507.0802001953125,12850700
2025-12-05,1479.811521630538,1489.5503273010254,1468.6118951094777,1480.2984619140625,12458400
2025-12-08,1490.0373590261593,1490.0373590261593,1472.5075077434985,1488.5765380859375,10528700
2025-12-09,1487.115607790087,1488.089488345287,1477.376802238089,1485.1678466796875,9104800
2025-12-10,1538.7313396292843,1562.5914141994851,1527.0447724928592,1534.348876953125,23848000
2025-12-11,1545.5485166593362,1550.4179196733858,1515.8451582736338,1530.9403076171875,10846400
2025-12-12,1542.62689453125,1564.0522680664062,1535.8097302246094,1558.208984375,15940500
2025-12-15,1560.6436512743549,1568.9216363201158,1555.2873080094507,1567.4608154296875,10523400
2025-12-16,1577.6865280584582,1582.0689906363984,1543.6007080078125,1543.6007080078125,12485100
2025-12-17,1537.757431791767,1545.0615361226335,1526.557805151105,1541.6529541015625,8402300
2025-12-18,1543.1137984863597,1545.5484999670894,1493.9328285756237,1502.69775390625,13318100
2025-12-19,1495.8805394990368,1521.2014340478486,1495.8805394990368,1516.33203125,24504100
2025-12-22,1531.9141519307789,1552.8525843951857,1531.427211640909,1540.6790771484375,9871300
2025-12-23,1537.7575013143633,1542.6269044217552,1514.384366398882,1523.1492919921875,8761800
2025-12-24,1527.0447301456388,1527.5316704294862,1512.9234619140625,1512.9234619140625,6954300
2025-12-25,1519.2536639097068,1524.123066678648,1512.923440310083,1518.7667236328125,5019400
2025-12-26,1514.384330197303,1517.7929122909948,1498.8022406261412,1500.2630615234375,11317000
2025-12-29,1499.776119402985,1503.6716417910447,1491.4981343283582,1500.75,11842800
2025-12-30,1492.9589734077454,1496.8544958432517,1483.22016731898,1495.880615234375,10606400
2026-01-05,1509.0279234664583,1533.861877676458,1505.132401237439,1517.305908203125,17380400
2026-01-06,1523.6362268039115,1547.4963019440177,1520.714584950021,1524.610107421875,13100100
2026-01-07,1493.9328686587182,1498.3153314416154,1481.2724206192377,1491.985107421875,21548300
2026-01-08,1490.0372512632216,1490.0372512632216,1478.3506845866473,1484.680908203125,15188100
2026-01-09,1519.2537403834685,1542.1399345495015,1516.3320985750388,1530.9403076171875,20042200
2026-01-13,1548.470165513184,1564.5391955326604,1545.548523691461,1561.6175537109375,20598000
2026-01-14,1568.434739272482,1599.5989191276321,1558.6959330677475,1588.3992919921875,16260500
2026-01-15,1574.7648914690672,1614.2070547989974,1563.565264844519,1607.8768310546875,16787100
2026-01-16,1585.9645740085696,1604.9552459110364,1581.095170956655,1592.78173828125,9759100
2026-01-19,1577.6864982281422,1584.9906023866058,1553.8264246438277,1584.503662109375,9548300
2026-01-20,1584.5036801715667,1593.7555455444185,1573.3040536675883,1579.63427734375,8617300
2026-01-21,1558.208957037325,1565.5130615234375,1550.4179122521384,1565.5130615234375,10923700
2026-01-22,1593.2686658094683,1606.9029942454906,1586.4515015914571,1596.1903076171875,12992000
2026-01-23,1597.1641495204208,1602.0335524153002,1565.5130307037052,1573.791015625,11985300
2026-01-26,1510.0018528684825,1531.4272258211472,1504.1585693359375,1504.1585693359375,21701100
2026-01-27,1510.9757646719615,1510.9757646719615,1495.3936749299369,1495.880615234375,11652900
2026-01-28,1490.0373413085938,1490.5242816162108,1460.8209228515625,1460.8209228515625,22410700
2026-01-29,1466.1772692333427,1494.419807132889,1458.3862242955367,1492.4720458984375,15788300
2026-01-30,1498.8021883164188,1520.7145010111033,1495.880546623794,1514.38427734375,15810200
2026-02-02,1553.3396006256503,1553.3396006256503,1507.5672111401295,1520.714599609375,14746500
2026-02-03,1521.201479913013,1538.731330513803,1514.8712560849497,1536.7835693359375,14097900
2026-02-04,1548.4701330850291,1579.634311864099,1536.783566042878,1570.3824462890625,14398000
2026-02-05,1602.0335894017803,1617.6156790251412,1581.5820967711193,1596.67724609375,17169200
2026-02-06,1597.1641190621306,1647.805908203125,1588.8861342986988,1647.805908203125,21363600
2026-02-09,1674.1007711707998,1677.0224130053039,1588.399277358682,1592.2947998046875,23686900
2026-02-10,1578.6604672203737,1629.3022588893803,1577.6865866113544,1625.8936767578125,19984000
2026-02-12,1563.0783473179993,1585.9645411883876,1558.6958846619675,1568.921630859375,24942400
2026-02-13,1558.208980715178,1576.2257720546972,1549.9309955051285,1559.182861328125,21236200
2026-02-16,1558.2089008759242,1561.1305425650667,1514.8712158203125,1514.8712158203125,22176600
2026-02-17,1538.7313579473098,1552.3656864354505,1529.4794921875,1529.4794921875,13335400
2026-02-18,1546.522358807267,1551.878701989534,1532.888030706951,1541.166015625,11565500
2026-02-19,1538.7313178005454,1555.2872876756146,1531.4272134438972,1540.192138671875,13364600
2026-02-20,1531.9141716750041,1532.40111197115,1502.2108136101042,1502.69775390625,19002400
2026-02-24,1515.3582016060434,1516.819022494481,1498.3152912409369,1502.69775390625,16072700
2026-02-25,1511.462659176219,1516.3320620730497,1503.184674251607,1508.0540771484375,15032800
2026-02-26,1516.818957136351,1540.6790306193948,1510.4887335592168,1520.2275390625,14910400
2026-02-27,1533.8619040780807,1543.600709818259,1519.2536954678133,1543.11376953125,16616700
2026-03-02,1511.4626428686413,1513.4104040063587,1487.1156286471748,1512.4365234375,26680300
2026-03-03,1504.6454581984092,1506.5932193093456,1451.568967925391,1452.055908203125,34432100
2026-03-04,1441.3432464021027,1446.6995895475159,1406.2835458139434,1412.61376953125,34646000
2026-03-05,1438.4216756284384,1443.2910787280607,1394.110107421875,1394.110107421875,39460400
2026-03-06,1394.110117441326,1423.8134765625,1394.110117441326,1423.8134765625,17523800
2026-03-09,1376.5801760583008,1426.2480847806025,1372.6846538055713,1416.0223388671875,34420500
2026-03-10,1426.7351019280866,1438.4216693158935,1416.996295771581,1428.1959228515625,22955900
2026-03-11,1446.212714241098,1457.8992816289049,1428.1959228515625,1428.1959228515625,17715300
2026-03-12,1420.4048213938988,1421.8656422592337,1396.5447472600965,1410.666015625,19333700
2026-03-13,1328.3731543111521,1348.8246471561185,1315.7127063595062,1332.2686767578125,63381600
2026-03-16,1319.6081924296614,1338.1119235412211,1303.0522224877393,1309.3824462890625,28599800
2026-03-17,1304.0261121314968,1312.3040971599642,1297.2089479904062,1306.94775390625,18735100
2026-03-18,1302.0783400978742,1313.277966807766,1301.5913998061396,1309.869384765625,17885200
2026-03-19,1292.8265092559675,1293.313449560772,1260.6884491388698,1267.9925537109375,49387200
2026-03-23,1253.3842881817684,1255.8189895962628,1225.1417517736322,1250.462646484375,27437400
2026-03-24,1273.835842884948,1275.7836041126009,1251.4365887669405,1266.53173828125,19876100
2026-03-25,1287.4701217581692,1299.1566886727667,1271.4010922505975,1279.6790771484375,20453000
2026-03-26,1275.7835332697089,1286.9831597068094,1272.3749513105913,1285.5223388671875,16891900
2026-03-27,1284.061567164179,1316.686567164179,1281.1399253731342,1305.0,31133700
2026-03-30,1262.5,1272.0,1251.0,1270.5,85290900
2026-03-31,1266.0,1285.5,1254.5,1257.5,23578800
2026-04-01,1282.5,1286.0,1265.5,1286.0,20216100
2026-04-02,1291.5,1294.0,1265.0,1273.0,19242900
2026-04-03,1259.5,1280.0,1259.0,1269.0,13387200
2026-04-06,1269.0,1272.5,1258.0,1262.0,11777800
2026-04-07,1260.0,1267.0,1246.0,1252.0,18059000
2026-04-08,1270.0,1289.5,1268.5,1283.5,21655500
2026-04-09,1290.0,1294.5,1271.0,1276.0,17295500
2026-04-10,1271.0,1276.0,1263.0,1269.5,15644900
2026-04-13,1258.0,1266.5,1250.0,1254.0,13321900
2026-04-14,1269.0,1281.5,1257.5,1269.0,17087000
2026-04-15,1267.5,1285.0,1262.5,1285.0,18743300
2026-04-16,1291.0,1303.5,1282.0,1301.5,17158800
2026-04-17,1297.0,1313.0,1293.5,1300.5,14245900
2026-04-20,1337.0,1341.0,1320.0,1341.0,23093600
2026-04-21,1341.0,1355.0,1331.0,1342.0,15629400
2026-04-22,1326.5,1330.0,1314.0,1322.5,12012300
2026-04-23,1320.5,1326.5,1300.5,1312.0,14495400
2026-04-24,1301.0,1310.0,1295.5,1296.5,14795400
2026-04-27,1302.0,1315.0,1292.0,1292.5,14123700
2026-04-28,1293.0,1298.0,1281.5,1293.5,16084400
2026-04-30,1278.0,1281.5,1260.5,1266.5,19163800
2026-05-01,1261.0,1268.5,1254.0,1262.5,14005300
2026-05-07,1272.5,1274.5,1240.0,1259.5,26977200
2026-05-08,1277.0,1286.0,1263.0,1269.0,19030100
2026-05-11,1250.0,1261.0,1238.0,1251.0,19386500
2026-05-12,1240.0,1257.0,1240.0,1255.5,14711200
2026-05-13,1263.5,1278.0,1251.5,1272.0,23030100
2026-05-14,1272.0,1383.0,1258.5,1320.0,49888000
2026-05-15,1366.0,1430.0,1362.5,1430.0,54232300
2026-05-18,1370.0,1376.5,1323.5,1342.5,30120600
2026-05-19,1359.5,1362.0,1328.5,1342.5,17970500
2026-05-20,1354.5,1355.0,1328.5,1343.0,17496100
