Date,Open,High,Low,Close,Volume
2020-01-06,452.8483620168682,453.1581267303707,446.96321056799644,450.757568359375,56430300
2020-01-07,449.9058544953581,452.4612483470274,449.59608973489713,452.3063659667969,41756400
2020-01-08,444.56264703793494,445.8790761598545,441.85237124834845,444.4852294921875,67480800
2020-01-09,453.77765734442346,453.93253971771173,448.0473403770091,449.1314697265625,41613400
2020-01-10,449.67349066485315,450.44785519251315,447.35039708187315,447.7375793457031,27565200
2020-01-14,451.2996006602122,451.2996006602122,446.42111398436657,448.3570251464844,37523000
2020-01-15,445.0272618860316,448.51190193466573,444.64007965840557,448.27960205078125,31181300
2020-01-16,446.0339107298002,447.5052220490474,445.64672851562506,445.646728515625,31002600
2020-01-17,447.8150475155504,451.22227072780197,446.9632653442202,451.1448059082031,48892100
2020-01-20,452.77096354705134,453.5453280999748,451.4545343543891,451.5319519042969,25029800
2020-01-21,451.0673883520696,451.29968828393555,448.5119945746136,451.1448059082031,28130800
2020-01-22,445.2595333872792,450.6800842285157,445.2595333872792,450.6800842285156,33064100
2020-01-23,447.66010679868197,448.27963622087157,445.9565426780378,446.6534423828125,32175700
2020-01-24,445.9565409690609,446.2662584155097,443.6334474351296,444.4852294921875,29327300
2020-01-27,437.51600435531356,440.30369804404995,435.9672751363567,438.67755126953125,40560200
2020-01-28,435.347737932787,439.06467813627535,434.2636087110176,438.5226135253906,41075100
2020-01-29,436.9738920971712,441.2328969855714,436.3544099297322,439.83905029296875,33814500
2020-01-30,436.74149911409984,438.599992483795,435.1153528632038,437.9030456542969,40500500
2020-01-31,440.76832197502375,444.4852624522455,439.68419267341375,440.22625732421875,44500900
2020-02-03,433.6441022797478,439.1420710996978,433.2569200455694,437.4385070800781,39729700
2020-02-04,433.8764339965165,439.99393265069347,433.72155163879177,439.83905029296875,36642400
2020-02-05,438.9871845357186,444.020552989762,438.83230220751943,441.852294921875,45390100
2020-02-06,450.2928773005335,451.4544238455908,448.51184871746904,449.8282775878906,67561700
2020-02-07,449.05399133106187,449.5185911245153,446.73089783687834,448.66680908203125,35610700
2020-02-10,444.25293119760147,448.97653582828883,444.175466388115,446.8857421875,32089800
2020-02-12,443.71079058917854,444.0205552471517,439.684086352782,443.3236083984375,56821400
2020-02-13,441.54261577869767,443.24622700956684,440.7682513340712,443.16876220703125,30531700
2020-02-14,441.1554335563844,443.16876220703125,439.91642208690917,443.16876220703125,30853100
2020-02-17,439.2195758179705,441.77496934307356,438.4452112792447,440.9231872558594,27017000
2020-02-18,439.06471447293745,441.31039064811364,436.4318560098663,438.1354675292969,36448300
2020-02-19,437.28368778455797,437.8257524432579,433.79904717451126,434.1087646484375,45982400
2020-02-20,434.6508006187597,438.98727033867453,434.5733830712537,435.8123474121094,39223900
2020-02-21,437.12876685701485,441.0780069613226,436.74158460116274,438.5226135253906,39992900
2020-02-25,422.4158639733372,432.56002071974126,422.2609816099306,430.77899169921875,73048800
2020-02-26,425.51333792931626,427.6041317540001,422.4158796004404,427.2169494628906,78583000
2020-02-27,422.4157884316968,425.9778458357304,420.7121772658078,421.7188415527344,92127600
2020-02-28,410.41317953101964,411.8844909667969,404.99262810325143,411.8844909667969,134141600
2020-03-02,404.605417559758,410.5680331659611,400.19153082459707,407.6254577636719,89172100
2020-03-03,411.5747222436717,412.34908672578587,402.7469482421875,402.7469482421875,70014100
2020-03-04,391.828480404071,396.55208547193627,390.744374710327,393.68695068359375,91622400
2020-03-05,394.8484651690793,395.2356474302045,389.7376545958814,391.7510070800781,75649700
2020-03-06,380.98740558193686,383.2330583275162,376.1089177680323,377.4253234863281,102643900
2020-03-09,356.2077349357744,359.9246757606717,330.88600171699443,334.83526611328125,195016700
2020-03-10,334.8352228159583,347.2250554724728,319.11563208569765,340.48809814453125,144788500
2020-03-11,339.94598692129426,350.012724575,337.46801127692197,342.73370361328125,100784300
2020-03-12,333.7510449024885,334.5254092758122,321.3612149293103,323.9940490722656,136822000
2020-03-13,298.67240187323523,318.4186969386328,296.42672588198286,307.5001525878906,239816200
2020-03-16,308.19709234394804,319.03819609474016,298.5175354235979,305.48681640625,163249300
2020-03-17,298.130375882866,307.73249235378586,294.5682939381788,303.705810546875,169340500
2020-03-18,307.6550147314979,315.70842465504325,298.1303405761719,298.1303405761719,137598800
2020-03-19,303.78320976267077,307.96479732409176,296.58162875218994,296.96881103515625,141131100
2020-03-23,294.2584562451721,309.9006257403685,294.2584562451721,307.7323913574219,107968800
2020-03-24,319.0381836610088,327.4787522402575,316.1730254715554,325.9300231933594,106662300
2020-03-25,338.31985149757355,348.4640313590381,334.8352111839831,347.4573669433594,119887000
2020-03-26,340.4106932715406,344.74713989018267,337.85527583454103,340.1009521484375,94636200
2020-03-27,344.7470796838113,348.4640197753906,337.2357346937391,348.4640197753906,123393700
2020-03-30,334.5254144241929,341.21591785129317,329.1889278522779,339.3840026855469,103657000
2020-03-31,335.48121877014637,337.3927877494885,320.5868628717238,320.985107421875,110203300
2020-04-01,318.5957089444292,327.27743715178013,314.6132625826238,318.4364013671875,84636400
2020-04-02,312.06446805014485,312.940611057395,308.4802665443304,311.8255310058594,84664000
2020-04-03,311.5069187420067,315.8876091698856,305.6925332263061,308.0820007324219,65025200
2020-04-06,309.0378125205439,324.0117998992862,305.3739573045346,321.3037414550781,74786100
2020-04-07,336.11839938976595,338.42821291281433,320.9851065262457,331.0208740234375,87395500
2020-04-08,330.46334091792255,330.86158548984264,318.59565753608723,324.17108154296875,95292600
2020-04-09,328.31288549288945,329.1890042408178,320.26833903694336,324.9676208496094,62302900
2020-04-10,326.5605557580509,340.5787698422196,324.96757743727994,339.30438232421875,93740200
2020-04-13,335.0830292138419,343.7647569706003,334.44582324487067,335.16265869140625,64474200
2020-04-14,333.4103787840955,342.01245228723553,331.73774662878463,340.8177185058594,64006000
2020-04-15,335.3219430315123,338.5078997348996,329.02968340370654,332.135986328125,79252000
2020-04-16,326.1623397677614,326.4809305984578,321.22409681773945,325.20654296875,66641100
2020-04-17,330.1447794504426,334.0475717405834,327.1181301577429,328.8703918457031,71414900
2020-04-20,329.74651198013527,336.03877147779247,328.4721244637555,333.4900207519531,49237200
2020-04-21,330.54299820514143,333.2510564615827,329.268610700075,331.73773193359375,59984500
2020-04-22,328.1535894114798,329.2686695626582,325.2065692983643,326.48095703125,63939700
2020-04-23,325.84369296824036,333.41033935546875,325.2861408800984,333.41033935546875,78661800
2020-04-24,330.3837637713422,333.80868246838236,326.79956179274166,329.74658203125,122603500
2020-04-27,329.8261480347277,339.4636712066583,327.9145790163335,337.3131408691406,86017900
2020-04-28,342.41069326894575,342.7292840792344,336.19808739409467,338.5875549316406,53297600
2020-04-30,346.5524892087407,351.49070814091283,345.915283203125,345.915283203125,84877900
2020-05-01,340.8974212278803,341.0567288110369,327.75534774596434,330.5430603027344,87270900
2020-05-07,326.1623768888131,328.71115243830894,324.96764290753543,327.51641845703125,56678800
2020-05-08,329.26862330217546,335.08300892066273,327.99423574833435,333.8882751464844,49774700
2020-05-11,335.32196391494307,339.623000870995,334.684782257351,337.5521240234375,48674300
2020-05-12,334.5254538556655,335.16263547357465,329.98545583057034,332.135986328125,50033800
2020-05-13,328.1536199396307,335.0034333725714,327.75537525523794,332.93255615234375,47473500
2020-05-14,330.0651356258071,330.8616248644345,323.45428466796875,323.45428466796875,70466000
2020-05-15,326.56058502477714,326.7995220715385,320.98516040240287,321.7019958496094,65662000
2020-05-18,325.7641338749392,327.1181754500012,323.53397348805197,324.48974609375,58388400
2020-05-19,333.64932880935334,338.7468549469967,331.97669658891294,337.63177490234375,80303600
2020-05-20,334.2865124689173,338.9857936837836,333.64930655239215,336.9149169921875,56332300
2020-05-21,340.9770095913919,341.4549079422363,335.9591133679056,336.43701171875,40174400
2020-05-22,336.4370446479609,337.47249522728976,327.19776475270237,328.23321533203125,65766200
2020-05-25,332.93245777383834,335.16261762467525,332.1359686404081,334.2864990234375,32828700
2020-05-26,336.91494567991975,341.85318864906105,336.43704727856374,341.6142272949219,65637200
2020-05-27,349.81807607409405,357.46435316082585,347.10999327337765,354.0394592285156,113881000
2020-05-28,364.07522292656193,372.6772966759086,356.030677040329,364.1548767089844,144319200
2020-05-29,356.2696343565391,361.52646830561304,353.800537109375,353.800537109375,92317400
2020-06-01,354.43767870590943,354.67661573283067,347.906457824965,348.0657653808594,61324700
2020-06-02,351.6499927253809,355.4731312813931,350.8535035006349,352.8447265625,67417300
2020-06-03,360.8096146568938,362.4025930880501,351.88892571965,354.1191101074219,71496800
2020-06-04,364.79204087473977,365.98677463306313,355.31382458675836,359.136962890625,84199700
2020-06-05,361.685744022383,368.7744929124476,360.0927656512709,368.4559020996094,77153700
2020-06-08,381.1997312894925,387.25305399637114,379.12885453359706,384.86358642578125,123141100
2020-06-09,387.4123775837563,389.64256213264406,378.88995694553586,381.1201171875,82708500
2020-06-10,378.33234059022686,378.5712776088845,372.9162241740188,373.55340576171875,69646300
2020-06-11,360.8096813886778,361.765478346915,353.9598680064479,355.15460205078125,116487700
2020-06-12,337.39283329301827,351.01280360808755,336.2777532634576,350.0570068359375,111078000
2020-06-15,347.508205821084,353.4818744357502,341.77349853515625,341.77349853515625,61218000
2020-06-16,353.1632719127047,360.17239077202976,350.45521375868054,358.42010498046875,84853900
2020-06-17,355.63245895815896,357.2254374977252,351.4907050325174,355.9510498046875,53191700
2020-06-18,351.8092324881908,353.16324932514334,348.22503166762385,352.36676025390625,46483100
2020-06-19,354.35805881084445,354.5173663819715,348.7029803327532,349.8180847167969,58436600
2020-06-22,349.65878417968753,351.012825640738,348.0658056640625,348.46405029296875,34469700
2020-06-23,350.2959438755142,352.5261282415571,346.47280540075724,350.0570068359375,44869400
2020-06-24,348.0658056640625,351.09245512098073,347.1896626190841,348.46405029296875,39195500
2020-06-25,343.20724004149304,344.5612815960914,338.1893670933692,339.86199951171875,65237900
2020-06-26,343.2868698310542,347.9861515868464,342.49038057390555,344.3222961425781,46410500
2020-06-29,336.1184485079974,338.26897910984576,334.60512386188134,336.5166931152344,54000000
2020-06-30,342.3310628535465,342.5700242077625,335.24231353640795,335.79986572265625,57934900
2020-07-01,337.153893400106,337.7910993910596,330.9412869065785,332.6935729980469,62189200
2020-07-02,332.2156544868356,339.145096032487,331.5784485344247,335.401611328125,60094900
2020-07-03,336.9149279119844,338.6672138555717,332.7731743945533,336.1184387207031,42247500
2020-07-06,336.11846891465046,342.5700368049656,334.5254903889886,341.9328308105469,44984200
2020-07-07,342.09214315067175,343.1275694840044,335.95916601868186,338.98583984375,46083300
2020-07-08,336.1184548257789,339.22475795922986,334.6847839355469,334.6847839355469,45760400
2020-07-09,333.01212928294063,334.12720926774205,330.702315534369,332.135986328125,56072100
2020-07-10,328.7110772723105,330.06509422398193,325.7640577362805,326.560546875,65546300
2020-07-13,333.7289985600128,336.75564801272816,332.85285551625105,336.1981201171875,57462100
2020-07-14,331.8970439102198,340.3398095916022,331.8970439102198,338.1096496582031,52289600
2020-07-15,339.62300194225287,341.2956341823607,336.43704503039885,338.1893310546875,48275200
2020-07-16,343.92402258101606,346.63210527303943,338.58755959121004,341.4549255371094,71616800
2020-07-17,343.764737541761,343.764737541761,338.0300056797463,338.5079040527344,40785600
2020-07-20,338.5078745440018,338.587528317043,334.9236735194183,337.3131408691406,40273100
2020-07-21,334.5254927385987,334.68480031505317,329.34831249383467,331.419189453125,82575500
2020-07-22,332.21565802965125,335.48126868818235,329.90584415646845,329.9854736328125,69613800
2020-07-27,325.0472838720575,331.3395443970591,322.8170992775382,331.18023681640625,63235900
2020-07-28,329.90588641958664,331.7378021347758,326.7995586227246,327.51641845703125,41638800
2020-07-29,329.1093157117185,330.383678864398,327.4366836901779,328.3924560546875,45310800
2020-07-30,329.50759074128706,329.66687399664045,322.1798804012346,322.578125,59169900
2020-07-31,319.94972367869264,320.90549614145806,312.8609503018441,313.1795654296875,96430700
2020-08-03,318.59568810732424,321.14446333495164,318.11778971377885,320.66656494140625,48074500
2020-08-04,322.9763969025694,328.47216796875,322.73745984587936,328.47216796875,64484500
2020-08-05,321.78163528255925,328.9500380487549,321.78163528255925,327.91461181640625,47600400
2020-08-06,328.1535897706968,331.1006098870383,327.35710047513686,328.790771484375,39291400
2020-08-07,329.50758106672595,330.78194429982216,328.1535397479105,329.826171875,30894200
2020-08-11,335.32192375715385,342.4903259277344,334.6050884014797,342.4903259277344,87005000
2020-08-12,345.43741214065915,351.3314279799716,345.27810456111393,349.9773864746094,77583900
2020-08-13,355.15453761932093,355.47312844529307,349.1012146981622,351.0924377441406,63378700
2020-08-14,349.65877556609234,349.89771261478074,345.27808475603877,346.8710632324219,47190300
2020-08-17,344.0832766924652,347.4285404941866,342.96819686086377,344.2425842285156,36313300
2020-08-18,340.8973959427689,341.85319275696634,335.72021586419885,340.33984375,49279800
2020-08-19,336.9149741724918,341.7735637678062,335.7998940129748,340.4991760253906,40001100
2020-08-20,339.30444726996063,342.5700583139907,338.58761174978935,339.86199951171875,39909000
2020-08-21,342.4904156742062,344.8798836905379,338.82655985444586,339.0655212402344,47250900
2020-08-24,340.7381270802916,341.77357779778947,339.384109797768,339.623046875,24371000
2020-08-25,346.7914773141244,352.84480157039707,346.71182351333255,349.6588439941406,66572000
2020-08-26,348.06579354026104,350.6145687992516,346.5524688645139,350.45526123046875,36435800
2020-08-27,348.8622508293412,348.8622508293412,342.8885821507566,344.003662109375,38515700
2020-08-28,350.93316650390625,357.9422621430395,347.18965732648473,350.93316650390625,103375900
2020-08-31,357.3050611654539,357.9422428047969,351.88892000335255,352.44647216796875,59409200
2020-09-01,350.8535293091033,352.3668540860552,348.38440766937975,351.809326171875,40162100
2020-09-02,353.6412071176127,353.88014415641,350.2959427329207,351.2517395019531,32444800
2020-09-03,355.2341914025444,355.87137305448874,350.4552560921963,351.0924377441406,47307200
2020-09-04,348.86231222573065,354.27842972473024,348.86231222573065,353.9598388671875,46868000
2020-09-07,356.8271546707829,357.46433629564086,351.5703211914809,353.1632995605469,44785200
2020-09-08,354.3580760305768,354.3580760305768,349.7384479264788,353.0040588378906,46860200
2020-09-09,347.0303354906766,347.26927251505197,342.6496451263812,344.003662109375,73268500
2020-09-10,346.0745247780202,348.38433837890625,344.2426095134703,348.38433837890625,49668500
2020-09-11,345.19838372977085,350.6941538598013,344.8797929394785,349.4994201660156,48296000
2020-09-14,351.25177985041944,355.9510618396411,350.853535202063,355.7917785644531,49211800
2020-09-15,358.10158743820045,358.10158743820045,353.7208963702011,356.428955078125,50478700
2020-09-16,353.7208557450885,353.95979278040403,350.29593762839824,351.888916015625,47748300
2020-09-17,353.6412418007761,355.07491278800967,351.6500185924384,351.809326171875,36507800
2020-09-18,351.8093043719257,353.6412198873117,350.1366721191823,351.5703430175781,51377800
2020-09-23,347.2693071899179,351.5703442065737,344.0833502432214,350.3756103515625,57954400
2020-09-24,348.06574281190683,348.62329491446457,346.4727645839347,347.3489074707031,52802400
2020-09-25,350.6942109588218,351.17210937553006,349.1012324410767,350.77386474609375,50046800
2020-09-28,352.2075631624395,354.8359680175781,350.45527705439815,354.8359680175781,80738900
2020-09-29,357.94990441647553,360.0805636706987,356.88458729367306,357.37628173828125,61883100
2020-09-30,353.9345086330906,353.9345086330906,340.8227878223542,340.9866943359375,92362300
2020-10-02,346.55918632386965,348.6078928226022,342.95346788782524,344.1007385253906,69756000
2020-10-05,348.444017120992,353.3609127999789,348.3620638579506,351.3941345214844,43543900
2020-10-06,354.50818462047346,356.3929846334894,353.44284221468746,355.3276672363281,46719600
2020-10-07,352.29558624558854,356.3929994957318,351.1483155372736,355.5735168457031,34074100
2020-10-08,356.47492344605934,357.70414732001126,354.9998648007665,355.9012756347656,40365500
2020-10-09,355.9012721813086,356.0651786996946,352.2955538544289,352.86920166015625,34306800
2020-10-12,350.7385058019481,350.9843405455572,347.4605758411823,350.0009765625,39958000
2020-10-13,352.7053078901603,353.1970024544668,348.4440133529609,350.4107666015625,29520500
2020-10-14,345.98555206789115,347.2967041768216,342.8715032876226,346.886962890625,54583600
2020-10-15,343.8548901975022,346.3133378990926,343.36319565545944,344.18267822265625,39734100
2020-10-16,347.0508659144477,347.3786539383801,343.8548889160156,343.8548889160156,32565800
2020-10-19,345.00221207174883,346.6411774497619,343.8549413088651,345.248046875,32964900
2020-10-20,344.67435947201244,345.3299354970377,340.9866880618453,342.2159118652344,41601400
2020-10-21,346.3952735660849,349.0995558970498,344.9201900148678,348.1981201171875,42344700
2020-10-22,345.6577216485987,347.70642797655063,345.4118868926933,345.98553466796875,28375800
2020-10-23,349.9190274309889,350.98434467733034,346.0674496783,348.9356384277344,40219500
2020-10-26,347.70643187249266,348.52591441285546,345.4118907629258,346.9689025878906,24380200
2020-10-27,344.920202837975,344.920202837975,342.0520138918145,343.69097900390625,40268800
2020-10-28,340.16718427579104,340.49497226782654,336.06977185379554,337.5448303222656,54278500
2020-10-29,331.8904516089903,339.18384171669766,331.7265450862276,337.2990417480469,40403800
2020-10-30,337.87265732505136,339.1018811935761,335.9059041371365,336.1517639160156,44587500
2020-11-02,339.3477931395425,346.5592309400345,339.26583986731765,345.57586669921875,61739000
2020-11-04,352.7872296733202,354.42619473568175,345.4118868926933,345.98553466796875,60155000
2020-11-05,343.36320412006125,345.9036051427221,340.0033205100018,345.6577453613281,55166500
2020-11-06,345.7396676364632,350.24682146322317,344.1826558616704,349.755126953125,47723600
2020-11-09,349.91904285466563,351.88579593924374,348.2800777827468,350.738525390625,40208200
2020-11-10,368.76720206914524,372.3729208209849,359.2611980807486,365.4073181152344,161581400
2020-11-11,372.8645866576883,379.5843540470568,372.6187518787264,376.14251708984375,113993800
2020-11-12,374.3395355810182,376.14240679349706,366.39057161909284,369.5865478515625,78844200
2020-11-13,365.48916492442754,369.34074236093534,362.70292965542706,365.161376953125,69539900
2020-11-16,372.6187501721866,381.4691522950231,372.53679691003316,377.8634338378906,117857700
2020-11-17,388.02498233653506,393.67940685565975,383.9275696402675,392.85992431640625,136841500
2020-11-18,391.8765575125119,391.9584857589619,381.0593780671567,383.6817321777344,90817900
2020-11-19,380.89550446857334,383.1900707657481,374.3396436342872,377.8634338378906,78454800
2020-11-20,374.50350754874415,381.0593676371248,373.76597829052565,380.32183837890625,71090000
2020-11-24,391.79462035173,392.2043616353004,385.56654783973545,386.3040771484375,62856200
2020-11-25,393.35161205073996,394.82667059248143,386.22210407887155,387.615234375,76747100
2020-11-26,382.45253751686334,387.2055265697192,380.5677125410849,386.2221374511719,52491700
2020-11-27,384.00953233560796,384.6651083796771,378.2731544198223,379.666259765625,99405900
2020-11-30,379.9940784409385,379.9940784409385,367.12819206382386,367.5379333496094,93854400
2020-12-01,368.275452948539,372.45481895503957,364.7516879871769,368.6032409667969,55427800
2020-12-02,372.04503513850364,374.50348250726023,368.35736408536866,372.6186828613281,66073200
2020-12-03,375.89664795308994,376.14248270958194,368.19349213471054,369.5046691894531,63844600
2020-12-04,367.8657332418609,369.1769104003906,365.89898000837826,369.1769104003906,36656400
2020-12-07,370.3241690912262,370.73391037701174,366.5545442602748,367.5379333496094,43143000
2020-12-08,367.128226171046,367.78380228575827,364.09613037109375,364.09613037109375,37188100
2020-12-09,362.21127424574973,366.2267335965235,362.0473677381174,364.5877685546875,38591300
2020-12-10,364.75163982663327,366.30865146424287,362.0473327636719,362.0473327636719,45683200
2020-12-11,363.0307879982363,367.7018487727693,361.47377607626663,366.96429443359375,61160000
2020-12-14,366.7184310032554,370.8977968946258,366.226736485102,368.8490905761719,52224100
2020-12-15,367.8656589771451,368.02956546710595,364.34189452055904,365.161376953125,49457600
2020-12-16,367.2101223770789,369.25882867799027,366.0628518502929,366.636474609375,35264200
2020-12-17,369.58660452335744,371.06166300802886,364.99749755859375,364.99749755859375,34164000
2020-12-18,365.07949447678163,367.53794225103604,364.7517064419392,366.96429443359375,47702200
2020-12-21,374.3396225339812,379.58433091268245,372.0450813747666,375.2410583496094,84102900
2020-12-22,374.01177581347105,375.07711797696794,367.94761083703435,368.9309997558594,53376700
2020-12-23,368.76720547305155,368.931112012268,363.440568060663,365.57122802734375,64437800
2020-12-24,369.75053961325585,372.70065681069104,369.42272658365374,370.81585693359375,49776400
2020-12-25,368.7671114251156,372.20894780186484,368.6851581764082,371.38946533203125,22782100
2020-12-28,371.9631424004431,374.6674499511719,371.3895195929241,374.6674499511719,43702600
2020-12-29,376.3883577771525,378.0273230189579,374.6674642801568,376.9620056152344,49096200
2020-12-30,375.159065891379,376.2244081107567,372.7825717229523,373.7659606933594,37152100
2021-01-04,373.84786616726683,374.09370087414254,367.12810074833703,369.5865478515625,44803800
2021-01-05,369.3408508300781,370.5700748399293,367.94772028212947,369.3408508300781,33068600
2021-01-06,370.4060916744375,383.4358584816149,370.07830367467994,380.1579284667969,92477300
2021-01-07,393.26970078974847,396.3017964598548,389.336194252671,393.3516540527344,126359600
2021-01-08,395.8101080694965,399.49777988380856,392.286342783715,398.5963439941406,84504900
2021-01-12,401.46450267125783,407.03699910565456,398.678266958371,405.0702209472656,84818100
2021-01-13,402.93953839883176,406.9549974791443,401.7922429399252,406.21746826171875,47771400
2021-01-14,403.4312988997835,416.05135172632623,403.4312988997835,410.64276123046875,95815700
2021-01-15,416.5429998682728,419.2473074813103,408.0203857421875,408.0203857421875,65837400
2021-01-18,402.0381821306646,406.9550778966117,400.3172636108581,402.5298767089844,51026600
2021-01-19,403.3492870867033,408.26618197191164,402.85759259645835,405.3160400390625,43789700
2021-01-20,408.18433940133565,408.92186883237395,398.10468714838726,401.3006896972656,58949200
2021-01-21,402.3659309308553,405.64386112173804,397.44903564453125,397.44903564453125,53932700
2021-01-22,395.31839455791226,395.892042371668,392.8599467994568,395.8100891113281,51621500
2021-01-25,394.8267127519823,395.3184073212731,390.8112529519189,393.3516540527344,45496700
2021-01-26,392.45020377380547,393.5155461362739,390.72928534875933,391.0570983886719,38726400
2021-01-27,393.3516272697967,393.67941529079695,389.5000492493308,391.4668273925781,34140900
2021-01-28,385.15680170167593,391.71266215617254,383.5997898454576,391.4668273925781,62211900
2021-01-29,393.1877897929078,393.4336496082945,384.50129317237867,384.5832214355469,66051200
2021-02-01,384.3373006613961,391.30290205931055,384.2553474079316,389.5000305175781,49070500
2021-02-02,390.7293241807223,393.6794667727643,388.59868926128337,392.5321960449219,44892700
2021-02-03,399.087957359222,409.167581597085,397.4489924419357,408.1022644042969,86332300
2021-02-04,409.74132194059143,414.16652321582467,407.85652186311495,410.4788513183594,60129900
2021-02-05,416.29710101137067,418.91945495819766,412.85526458223785,413.8386535644531,80238100
2021-02-08,417.1166656055602,425.80316162109375,416.95275907338475,425.80316162109375,85957600
2021-02-09,428.09768036525963,431.2936321225205,421.21400732044094,423.6724548339844,77493700
2021-02-10,421.3779892665992,428.5074983357621,417.7722455942807,423.9183654785156,61836700
2021-02-12,425.22955583370714,433.7521451577158,422.8530362047262,433.1784973144531,81873000
2021-02-15,440.8816581859923,446.4541301075696,440.2260820806157,443.7498474121094,79995400
2021-02-16,447.4374405387955,466.12163134905506,446.78186454878045,460.38525390625,135288600
2021-02-17,463.82712936801386,466.6953183305369,458.0088231937941,463.9090576171875,86031100
2021-02-18,462.35209196941906,466.28559843785285,452.02658122037593,453.5836181640625,85243500
2021-02-19,449.15835624709723,456.28786428632384,448.42085197788066,450.71539306640625,52579200
2021-02-22,461.3686976974045,467.02314756951165,459.72973251908337,461.6145324707031,74122300
2021-02-24,469.31767408402567,469.5635088496076,458.9102355249219,459.3199768066406,70055300
2021-02-25,468.0883993134318,468.4981405505729,463.0075979694341,465.5479736328125,63112500
2021-02-26,461.4505810253189,466.28554783756164,456.5336859690353,457.271240234375,90800100
2021-03-01,458.99218789426436,462.35209659126747,456.53374007476157,460.5492248535156,63212100
2021-03-02,462.84374782296425,464.31880645281433,455.96012421124817,460.13946533203125,59461700
2021-03-03,463.00760491576716,463.82708740234375,458.582379481357,463.82708740234375,54299900
2021-03-04,466.5313696045981,467.0230891068891,458.418522997835,463.82708740234375,65770100
2021-03-05,464.6466250799399,465.05636637189747,459.64780132495594,463.0076599121094,64588500
2021-03-08,469.80932870637076,485.1336621597999,468.33427014244194,476.1193542480469,118940800
2021-03-09,484.31423057796275,488.65747847986506,480.62655877153156,484.88787841796875,112420800
2021-03-10,479.3973616715316,484.88790556079283,478.1681376672456,484.7239990234375,72105300
2021-03-11,489.2310699711037,491.4436828035676,485.543398589412,486.198974609375,81559000
2021-03-12,487.3462299654966,487.83789943560953,480.21672254541863,487.2642517089844,76516600
2021-03-15,491.6895766224399,509.63626617605905,491.6895766224399,507.3416748046875,146755700
2021-03-16,503.98176275490744,506.93187989584305,500.29409132011546,503.572021484375,86007100
2021-03-17,501.19541367453337,506.9317904498277,500.4579095280515,504.2275085449219,55688600
2021-03-18,507.99724350160295,531.926093512078,507.2596892131351,530.2052001953125,173417000
2021-03-19,532.6636050357242,540.3667602539062,528.0745232146203,540.3667602539062,193843000
2021-03-22,535.5318061383873,541.1042770557362,532.8275239302723,535.859619140625,91409700
2021-03-23,533.9748239010221,535.5318607946996,517.175431175251,518.4866333007812,108869700
2021-03-24,502.0969331904266,506.52210863986545,491.8534020335191,495.3771667480469,146128600
2021-03-25,501.5233748392101,509.6362729685094,498.65518560401847,507.66949462890625,84101400
2021-03-26,519.7977938932303,521.8465003566415,512.8321919176324,516.35595703125,83705000
2021-03-29,522.9938239004002,523.8952347855193,499.8844037560947,506.8500061035156,135241400
2021-03-30,502.4172691273723,515.7157808931788,498.4862432410134,514.7957763671875,98862500
2021-03-31,504.3407075291717,507.6862511943735,490.9585328683645,494.8895568847656,114950100
2021-04-01,501.7479699110627,505.1771320100946,495.55869323837925,497.7332763671875,79224700
2021-04-02,499.3224221531349,502.1661548596834,490.95856248557817,495.5586853027344,55416500
2021-04-05,496.64605054348226,513.3737723607027,495.9769518805846,510.69732666015625,85224300
2021-04-06,506.43183189570703,507.2682180755513,493.6351335538819,500.158935546875,72603100
2021-04-07,498.9042557248318,503.16980396274795,495.5587116797365,499.32244873046875,44471300
2021-04-08,496.5623057892072,496.8132113427231,483.01284436098075,486.7765808105469,91087500
2021-04-09,485.7730187034418,491.37681557597136,484.9366326343763,487.27850341796875,53585000
2021-04-12,490.2895745374579,493.384213522433,484.93668272296264,487.6967468261719,45666800
2021-04-13,490.1222427511256,494.72236618991604,489.8713371369826,490.5404357910156,45622200
2021-04-14,485.1038784298429,489.5367140057049,482.84562602736224,488.2821350097656,39712100
2021-04-15,497.64967154913546,502.41708197376596,493.4677415361175,494.8059387207031,47366700
2021-04-16,492.7987151643099,496.14425966501943,489.53678885653494,493.7187194824219,32469800
2021-04-19,492.2131639293105,494.8059401251608,489.6203877334602,493.3841247558594,27715700
2021-04-20,491.8785425520096,493.21679066268047,487.9475695398374,489.2857666015625,42668900
2021-04-21,477.660135646875,479.24928983729905,472.72548772469895,477.8274230957031,68816800
2021-04-22,483.84941480513373,484.5185135527209,476.4892264837504,477.07470703125,44539500
2021-04-23,475.06730731179186,478.6637573510159,474.98368912093224,478.58013916015625,34401700
2021-04-26,481.7584061135371,483.5984657911234,478.1619559999116,478.8310546875,31989800
2021-04-27,479.0819572091403,484.6021362061211,477.4091849765323,481.423828125,42088700
2021-04-28,486.35845744180824,491.6276790151367,485.43845326433586,488.1985168457031,47554800
2021-04-30,492.21320614930255,493.30049783924665,483.34753415566,483.43115234375,50189700
2021-05-06,496.89699444240546,507.9373019021187,496.39518316881106,503.6717529296875,102315400
2021-05-07,509.1917979069246,509.8608965120052,503.67167060382064,504.5916748046875,49183400
2021-05-10,504.59180170193184,509.4428316199162,502.24993047072877,508.439208984375,36562500
2021-05-11,507.3517851893186,507.5190726182357,497.31515204176367,499.7406921386719,52450400
2021-05-12,498.48608400543014,499.1551826332307,491.878613814636,498.4024658203125,48116900
2021-05-13,494.8897315871621,509.10829718360503,493.21695916405116,501.1626281738281,69134800
2021-05-14,508.5228478077311,510.19562033341447,504.2572982868252,508.2719421386719,55716800
2021-05-17,510.27915191380345,513.6246963972218,504.59173650178377,512.2864990234375,52685000
2021-05-18,522.7413314197424,528.0105538306618,518.3084951390947,524.0795288085938,88863200
2021-05-19,521.82133898672,536.9599078700136,520.5667597627246,530.6033935546875,95968400
2021-05-20,530.2688417422885,530.9379404810669,524.8323315351515,528.512451171875,46640200
2021-05-21,520.1485611137534,520.3994667460718,514.4610945200916,518.9776000976562,56832400
2021-05-24,519.3958131743152,530.7706447018658,519.2285257300064,527.090576171875,49404200
2021-05-25,526.9232756266662,529.4324340820312,524.6650228070457,529.4324340820312,44909000
2021-05-26,523.4941719474416,524.5814638577735,520.5668200855667,522.9923095703125,49019600
2021-05-27,522.3232277978962,525.4178672196226,515.883043282188,518.0576782226562,85566300
2021-05-28,525.2504950344762,528.4287521513262,521.821332285841,528.0105590820312,61655700
2021-05-31,524.5813773972914,526.5886734280735,518.5593872070312,518.5593872070312,46106600
2021-06-01,521.0686314137306,523.1595970293556,516.9703183875197,522.9923095703125,32356600
2021-06-02,526.9233051908969,533.0289142317291,524.3305283944632,530.0179443359375,59813700
2021-06-03,526.5886794612728,531.5233779769438,525.6686751510766,530.3524169921875,39953700
2021-06-04,533.6143203585998,535.2870925227332,529.181484333437,532.276123046875,41078500
2021-06-07,529.8505289778232,530.5196275654795,525.2504059953795,526.0867919921875,32878000
2021-06-08,527.3413966079198,530.7705589418558,525.8359119503126,530.43603515625,39531600
2021-06-09,527.1741292531937,527.5923222878304,520.6503281226525,521.9049072265625,42894100
2021-06-10,516.1338750524864,521.9049599328663,513.8756732765598,520.4830932617188,40421100
2021-06-11,515.4647784050127,517.8903186801588,507.93730299119926,510.8646545410156,80042700
2021-06-14,508.5228206578817,510.111974892023,504.173602113515,505.76275634765625,45644200
2021-06-15,504.3408649126946,509.77737506515314,502.8353800033444,509.19189453125,36399800
2021-06-16,508.02097223628414,512.9556199337416,507.18458607919376,510.8646545410156,34391700
2021-06-17,524.0795584220355,527.6760598245924,516.1338897354805,516.8866577148438,51805400
2021-06-18,504.3408615093409,507.18459491255993,502.41718352432133,504.00628662109375,69093600
2021-06-21,491.54403816663927,493.88590864134727,486.77662799197986,490.2894592285156,72678100
2021-06-22,501.83168998213716,508.69006662168493,500.40982331739593,506.2645263671875,64003100
2021-06-23,503.5044769947223,505.51182423289026,500.5771253842879,502.6680908203125,46547100
2021-06-24,503.33716656177523,507.1845734177193,503.0026427366661,504.759033203125,38360900
2021-06-25,508.5228271876821,509.77740653107276,506.51547981867134,508.439208984375,32558200
2021-06-28,512.9555686520438,514.6283407989926,509.86092997039765,510.9482727050781,26678400
2021-06-29,504.42450118590733,505.7627497469196,501.99901181419744,503.169921875,54562300
2021-06-30,506.18097531590854,506.68278665287147,501.9153747558594,501.9153747558594,37819000
2021-07-01,504.9262731664072,505.26079696006406,500.4934372710629,501.7480163574219,33209100
2021-07-02,503.50440999380095,508.3554389500634,502.0825434767187,507.76995849609375,32681300
2021-07-05,503.33725071046115,504.3409244515013,501.2462850203637,502.58453369140625,30517900
2021-07-06,503.8391300866649,507.18467530357776,502.16635747820845,505.0100402832031,23693200
2021-07-07,497.0641704860421,497.48236346996924,494.3041070019124,494.97320556640625,56445100
2021-07-08,493.4677663744462,495.4751133013133,490.70770263671875,490.70770263671875,46478100
2021-07-09,484.2675800860213,492.54782337754216,482.2602329096044,490.7913818359375,66968800
2021-07-12,500.15885894817,500.5770519740464,495.3914482433884,496.060546875,40334400
2021-07-13,501.83174412115864,503.5881348059968,499.5734910628205,503.5045166015625,38173300
2021-07-14,496.9806289700637,500.7443664059796,495.47514420548856,499.15521240234375,35367000
2021-07-15,495.14049494379196,496.81326688616963,492.213144044631,493.1331481933594,47239500
2021-07-16,491.62766365500914,496.22778649654776,490.2057972941984,493.1331481933594,40327200
2021-07-19,486.02385545582143,487.6966273569586,483.0128864533534,485.0202331542969,48558200
2021-07-20,477.5764387985138,477.91101364107146,472.0563112389881,475.40185546875,65947300
2021-07-21,481.7584076729422,485.0203339778108,477.57647705078125,477.57647705078125,45444800
2021-07-26,485.2712303025648,487.61310119628905,483.43117065429686,485.10394287109375,38760800
2021-07-27,488.4494177252554,493.96954483476236,487.86393732298654,492.5477294921875,38257000
2021-07-28,488.3657507165324,492.54768024467893,488.28208149660276,491.0421447753906,31474900
2021-07-29,491.9623245559757,492.7987106735313,487.61310653489534,489.03497314453125,32641300
2021-07-30,488.6167762770721,489.8713554436262,483.849365234375,483.849365234375,39134500
2021-08-02,487.61304293325173,492.29678416105776,485.1038849078662,491.5440673828125,36384700
2021-08-03,487.6130805111763,488.44946658409424,482.42747664929396,485.2712097167969,42297800
2021-08-04,486.3584921745492,487.2784964177227,484.2675270319243,484.434814453125,29908700
2021-08-05,485.9402372803434,486.77662323091204,483.849272403922,485.0202331542969,22368300
2021-08-06,485.27121591947207,489.28585891100204,484.9366410664465,488.61676025390625,31179600
2021-08-10,495.14054263765325,501.4134380257992,494.2205384003065,496.060546875,50700900
2021-08-11,504.17348335461713,515.0465016298947,504.17348335461713,512.3700561523438,82981400
2021-08-12,520.5667404452175,520.7339768297103,512.5374030802292,513.6246948242188,46213500
2021-08-13,516.1338979714626,516.8866659628378,510.36286388377886,510.61376953125,32363500
2021-08-16,506.0136562609241,506.51546756655637,500.40985845287,502.5008239746094,36919800
2021-08-17,504.50815305203884,506.1809254089428,500.24255291255696,500.8280334472656,27048400
2021-08-18,500.57711472356704,504.4244706243313,498.0679562537747,503.0862731933594,27500300
2021-08-19,500.91159741252653,501.6643141855501,494.6387023925781,494.6387023925781,39295100
2021-08-20,494.30420080089226,497.06426480877064,490.2895576031639,492.96600341796875,41411000
2021-08-23,491.9622654711143,498.1514913683226,490.54039903224503,496.1441955566406,33382000
2021-08-24,495.2241317552797,495.89328139656783,492.71497374730035,494.6387023925781,37395800
2021-08-25,496.72966807820984,498.0678652647145,493.63502965434844,494.05322265625,25738800
2021-08-26,498.98785467695956,499.4897168937542,495.30778699854346,498.3187561035156,33895100
2021-08-27,494.8895873892001,496.8132649054754,493.7186266146247,494.97320556640625,28240000
2021-08-30,495.97697223019236,498.0679375431359,493.30052641983315,493.7187194824219,44440800
2021-08-31,492.4640352174515,499.3224101903241,490.8749325480565,497.1478271484375,51793400
2021-09-01,498.56976125540183,508.1045837402343,498.3188556213713,508.1045837402344,53877000
2021-09-02,504.34086316913215,506.3482104073001,500.9953184714928,502.6680908203125,43177400
2021-09-03,502.6681129004016,509.1082969360396,501.8317266892528,509.0246276855469,52661600
2021-09-06,514.4610397268157,517.3883909063188,513.2064606498857,513.959228515625,46409900
2021-09-07,518.5594085731575,520.6503739303073,513.5410917159979,517.806640625,48253300
2021-09-08,519.8140030437587,532.2761773577145,518.1412307089437,529.683349609375,90725400
2021-09-09,526.4215355037106,528.7634068354419,521.905029254041,521.9886474609375,48757400
2021-09-10,520.483062780554,532.1088500562604,520.3994445896609,528.846923828125,70695400
2021-09-13,524.9159253335157,532.2761642648234,523.912302796482,531.8579711914062,47909800
2021-09-14,535.203514599631,540.8909301757812,533.4470730657735,540.8909301757812,71777200
2021-09-15,537.7126295670482,538.0471533686272,533.7816047935722,534.868896484375,58767100
2021-09-16,538.4653725749828,538.7162782005989,528.7633140254707,530.268798828125,51610000
2021-09-17,533.3633890766259,537.04345703125,531.3560421566835,537.04345703125,74389700
2021-09-21,522.7413252879509,530.8542808662114,522.7413252879509,529.0142211914062,64698300
2021-09-22,538.5490953492542,542.7310263550755,535.2035505445972,536.541748046875,87119400
2021-09-24,553.269432592226,559.040517388055,549.672982393633,558.9568481445312,126972400
2021-09-27,569.5789229230184,571.0844076636846,563.3060272961128,565.815185546875,91668900
2021-09-28,573.0917527213749,576.1863914298419,568.0734362370353,576.0191040039062,111200200
2021-09-29,578.9196245646302,578.9196245646302,567.9145520257377,572.7772827148438,100025400
2021-09-30,569.9621072348251,575.8485802160008,560.9191725807711,561.2604370117188,73491400
2021-10-01,552.7292660613894,558.4450539211393,543.9422029117704,545.9896850585938,79201000
2021-10-04,549.9992480730605,552.814496669954,536.6054296379646,539.3353881835938,57165000
2021-10-05,538.4823803896703,543.0038474169205,533.4490167499379,541.46826171875,57537200
2021-10-06,552.4733684728656,565.9525323505542,548.8050101808132,563.0519409179688,89135300
2021-10-07,560.4071808576635,561.6015019131036,552.0466731214434,555.2031860351562,56028500
2021-10-08,558.1037767276769,558.1890667781984,552.4732275133065,555.2031860351562,54450500
2021-10-11,559.4688296854538,568.5118156467443,558.3597984828377,566.293701171875,58449300
2021-10-12,562.198689655529,566.0376791903543,562.0280574845001,563.9049072265625,46831600
2021-10-13,563.9049522288634,564.7580610824623,556.6535269732728,559.1275634765625,44441800
2021-10-14,551.1936269923356,555.288591275402,548.6343003502359,553.6676635742188,52904700
2021-10-15,557.421358648678,560.5778198242188,552.8145499049501,560.5778198242188,43883500
2021-10-18,564.246175197253,566.0376828305081,561.3455844799913,563.39306640625,36916300
2021-10-19,560.8337349797089,562.9665069379986,556.8241132841987,559.0421752929688,33052000
2021-10-20,563.0518589249576,573.5450877000869,562.5400144265157,566.4642944335938,60324300
2021-10-21,566.8055377796965,567.9145688649234,558.1891071983425,558.6156616210938,42554800
2021-10-22,560.4926382363973,562.1988563132204,555.8005385251337,556.8242797851562,40639500
2021-10-25,554.3500160523544,556.0562334314442,548.6341774184791,548.8048095703125,42580700
2021-10-26,549.5727136086998,551.1082990745481,545.9896461419671,546.1602783203125,40587200
2021-10-27,545.1365727330706,545.989681610587,540.5297639666278,545.2218627929688,42612600
2021-10-28,537.5438234196898,538.6529064934556,532.1692484999231,534.9844970703125,126100600
2021-10-29,535.3258473346511,536.690800778885,527.1360225299754,531.060302734375,52369900
2021-11-01,538.7382359284925,546.074951171875,535.8376450259653,546.074951171875,46975000
2021-11-02,542.8331330862828,547.3545994294699,542.3212886208768,546.1602783203125,39294200
2021-11-04,554.5207282793216,557.3359769474292,551.3642152582672,552.0466918945312,51306000
2021-11-05,543.5156268305988,544.4540778062099,541.2122745941715,543.2597045898438,39993400
2021-11-08,544.5393084432977,547.3545569236679,542.9184330489638,544.2833862304688,27340100
2021-11-09,550.2552519298736,550.6818063887339,537.4586181640625,537.4586181640625,36074800
2021-11-10,538.7382815406436,541.3828983577234,536.6055092463417,537.4586181640625,24093100
2021-11-11,541.8094500921334,545.0513056188796,539.0795432248631,541.5535278320312,31090400
2021-11-12,545.1364710432529,548.548905916763,543.7715179216983,548.2076416015625,37675500
2021-11-15,555.5444954023717,557.4213452926105,549.2314690632865,550.4258422851562,50489100
2021-11-16,556.1417038562214,559.4687972713065,550.8524183467648,553.1558227539062,65176600
2021-11-17,554.4355839292845,555.2886929662154,544.3688556377846,544.79541015625,46740400
2021-11-18,542.8332152127597,543.0038474169205,534.0462034296814,541.46826171875,48060000
2021-11-19,541.724102324882,543.7715843268753,538.5675892674881,543.6009521484375,45025500
2021-11-22,537.6292690758426,538.3117458198482,533.1930921353488,536.8614501953125,53744600
2021-11-24,544.2834068322408,547.3545776416873,538.9941219318576,540.8709716796875,52944200
2021-11-25,537.7145228454734,543.6862850742784,537.6292327843443,541.6388549804688,33108000
2021-11-26,538.5675476370723,539.079444132817,530.7189366622898,531.4867553710938,55158800
2021-11-29,517.0692540472508,524.5766535958799,515.2777462870196,520.481689453125,67605900
2021-11-30,522.9556721793163,529.0980656922483,513.0596313476562,513.0596313476562,95601800
2021-12-01,513.6568456619184,522.0173545018145,513.5715556001377,521.1642456054688,54822900
2021-12-02,515.8749960497908,524.5767178139513,514.8512548887769,523.8088989257812,41272100
2021-12-03,522.3585629735506,532.5105795931911,521.3348218915445,531.657470703125,43612000
2021-12-06,527.562492577278,531.230849932632,524.6619018853453,531.1455078125,44002000
2021-12-07,534.1313477070702,541.809326171875,531.5720215521353,541.809326171875,54219500
2021-12-08,546.8427537177096,549.0608158222539,540.3591475124032,541.2975463867188,45486200
2021-12-09,538.1410559114909,540.188537993594,536.6054703847298,537.6292114257812,30998400
2021-12-10,539.1648365854267,539.9326554400642,534.3021053352069,534.8992919921875,42086100
2021-12-13,536.0081804943253,539.9325117172828,533.7047766131841,535.7522583007812,34364300
2021-12-14,534.0461824931796,538.1410948843119,533.7049180982368,537.4586181640625,28318500
2021-12-15,538.4822992130843,544.2834287925585,538.4822992130843,543.6009521484375,34160300
2021-12-16,545.9895411336511,549.9991622402754,545.5629868046404,549.6578979492188,40282200
2021-12-17,548.9755424426671,550.7670501915503,542.6625161539353,543.515625,55781600
2021-12-20,535.7523443766694,536.7760853849459,525.0884840188535,526.7094116210938,50195000
2021-12-21,532.5957863407679,535.0698225628016,529.9511700231121,531.4867553710938,34587900
2021-12-22,533.7901798283327,534.0461020511729,529.8658481561478,531.913330078125,26432200
2021-12-23,533.1930166435708,536.9467163085938,531.9986434584371,536.9467163085938,31028000
2021-12-24,536.5201570038092,537.6291880543907,531.7427163764606,532.5958251953125,27494400
2021-12-27,532.3398606006544,534.3020003139432,529.0980577609217,529.4392700195312,33100200
2021-12-28,532.339884375,533.1929931640625,530.4630346251369,533.1929931640625,31890200
2021-12-29,534.0460983255332,536.434792504757,531.9133263673641,533.704833984375,45572500
2021-12-30,533.7048004707133,535.3257278849878,531.3161064414861,533.107666015625,26699600
2022-01-04,540.9563025869296,551.790795428498,537.5438671766487,551.7055053710938,68510200
2022-01-05,559.639364907002,567.0614217762492,555.3738209671621,566.2083129882812,75523400
2022-01-06,569.0235802836008,571.0710622698945,559.9806476616684,565.6111450195312,58236800
2022-01-07,570.72985365891,592.2282083362219,570.3032992092396,585.0620727539062,117726300
2022-01-11,591.801656500881,598.37060546875,577.7253595995768,598.37060546875,108618200
2022-01-12,598.8824053677646,604.0010584050959,593.9343845122705,600.588623046875,71469200
2022-01-13,599.7355748897168,609.4610374725397,597.2615381768262,609.2904052734375,73486600
2022-01-14,606.5602804961284,606.8162026900081,598.4557479156597,603.830322265625,80653800
2022-01-17,605.8778867521783,618.0773323107065,605.8778867521783,610.3993530273438,69099500
2022-01-18,614.2383265390284,619.1863470888894,589.0716173266654,600.5032958984375,102817100
2022-01-19,591.7161714798126,599.6501240185287,586.938783603909,589.2421875,70985400
2022-01-20,585.2325828378556,592.8252712856133,580.5404848704967,583.7822875976562,64345700
2022-01-21,578.3224879254526,579.0902546190454,566.2083323090101,575.592529296875,63789400
2022-01-24,574.0569991941926,588.3892182891889,573.5451026128072,585.0620727539062,52327400
2022-01-25,576.5309636966916,578.407813623852,570.047357115192,574.6541137695312,67486400
2022-01-26,580.1992999021069,586.5976161871748,579.0902688266214,581.905517578125,46212300
2022-01-27,590.4365683164109,596.4936719218985,575.0806102112285,581.8201904296875,75455300
2022-01-28,590.3512736276019,598.3705169584867,586.5975741813095,597.68798828125,71677700
2022-01-31,588.7304482040665,592.1428839034255,584.4649035798677,589.5835571289062,55231400
2022-02-01,589.4982052028934,598.3705579180253,588.3891741309097,595.9818115234375,54511800
2022-02-02,602.8919656322868,613.3851928710938,602.2094890444082,613.3851928710938,73382700
2022-02-03,610.0581067971451,614.7502053874646,604.512899372222,613.6411743164062,57881500
2022-02-04,618.5039486137316,620.7220109119407,613.9824818860685,619.1011352539062,67810200
2022-02-07,621.4897236598835,634.0304326843786,616.8829155873339,631.556396484375,90208700
2022-02-08,634.1158011595934,644.0118951139422,632.2389512656969,641.1965942382812,78397400
2022-02-09,649.2157425594951,657.1496433227098,636.8456659929869,641.8790283203125,90537800
2022-02-10,635.9926111136834,644.3530669491395,628.1439997309503,636.5044555664062,65995500
2022-02-14,632.7507927806367,643.1587303145217,629.9355442194914,642.9880981445312,66118100
2022-02-15,641.5377567430089,643.6705285406919,624.0490280020094,626.26708984375,66230900
2022-02-16,641.3671879766054,642.3056389021147,631.0445922834069,636.24853515625,47588000
2022-02-17,636.1632045948656,636.5897589694002,628.9970702748336,630.2767333984375,48859700
2022-02-18,622.4281023708968,624.8168484467667,617.0535278394377,619.6128540039062,56156900
2022-02-21,615.5181394409342,632.0684747596486,615.1768750153282,630.5328369140625,50013300
2022-02-22,621.0632524882278,624.9022423731138,614.8355682000059,622.7694702148438,53881400
2022-02-24,631.3005200614118,631.556442290754,609.2049810314106,616.541748046875,72817900
2022-02-25,606.6456577382827,610.2287251765058,601.015160385096,603.4891967773438,70515400
2022-02-28,591.4603848931819,608.0960083007812,591.2044626392995,608.0960083007812,92849700
2022-03-01,605.4513936118574,610.9966014331715,597.4321491654879,597.8587036132812,67850800
2022-03-02,580.1140134927549,589.2422885307584,578.4930858624961,581.3936767578125,93778400
2022-03-03,598.4558083260284,607.3281604533673,595.4699276002393,605.1100463867188,85444400
2022-03-04,599.991418660583,603.6597761480084,592.3134393321733,593.5078125,73654500
2022-03-07,583.2703871291159,587.1093760061356,573.5449278128184,579.1754760742188,82862400
2022-03-08,567.3173650546365,573.9716034338326,558.9569090361784,560.236572265625,101462700
2022-03-09,563.5635805467265,583.0145003606749,563.1370262011509,575.677734375,87059000
2022-03-10,594.1902280206104,602.2094708777405,593.4224093388934,597.3467407226562,87326500
2022-03-11,592.9106068675344,602.8066479672564,591.6309436872447,600.5032958984375,92875900
2022-03-14,605.7072955691277,624.0491362096013,605.7072955691277,617.3948974609375,83657200
2022-03-15,622.9401237530616,629.167808254741,618.6745792903176,626.7791137695312,72112400
2022-03-16,625.0729134686543,633.2627382383506,622.7695089804159,631.3005981445312,76945100
2022-03-17,639.8315796278455,650.9219936747282,639.7462895784128,647.5948486328125,96446900
2022-03-18,641.7937394046368,649.3010864257812,641.7937394046368,649.3010864257812,95122900
2022-03-22,655.1875583022388,685.8994750976562,655.0169261283385,685.8994750976562,158288300
2022-03-23,695.2836886301927,706.6300255276551,687.6909993007349,688.1175537109375,104541300
2022-03-24,675.32096956589,682.6577371863796,673.6147518033995,681.5487060546875,60079600
2022-03-25,682.487124245609,684.1933420562231,675.918175260818,678.3922119140625,46748400
2022-03-28,685.6435974132991,687.1791829389008,666.4486481691956,672.42041015625,65447000
2022-03-29,673.9560315244516,679.4159493165544,667.8136370257448,678.904052734375,55281400
2022-03-30,677.7744432312066,684.8128489272901,668.0422867724844,674.1248779296875,56884600
2022-03-31,663.6975454256545,673.9510451106648,660.3955781421405,660.65625,52989300
2022-04-01,653.878491098822,673.169003370329,652.8357506719333,669.6932373046875,46839500
2022-04-04,664.7403404560606,668.650577752861,661.9597166600273,667.6947631835938,28206000
2022-04-05,666.8256637129515,667.6076791656025,651.8798607536907,654.2260131835938,39349300
2022-04-06,656.1377403743954,662.4810560909559,653.6178417118011,655.268798828125,45860600
2022-04-07,651.7060893529714,653.3570993270565,639.2802371898368,644.8414306640625,45157100
2022-04-08,647.3614059619541,650.0551033495517,639.6278055353994,643.7987670898438,42055300
2022-04-11,646.4925068013704,660.0479736328125,646.1449089704174,660.0479736328125,42154600
2022-04-12,659.7004486692464,668.9112080705768,653.7047306389568,658.0494384765625,41790900
2022-04-13,654.2260709074874,654.4867427480374,642.1477629475329,648.838623046875,45438700
2022-04-14,648.8386008612807,653.4439800067926,646.3186494048421,651.1847534179688,26359200
2022-04-15,649.0993639553834,658.6577213898,648.5780202188093,653.5309448242188,27757700
2022-04-18,647.3614807854894,654.7474842575386,645.1022538790215,653.5309448242188,27945800
2022-04-19,662.1334422640787,662.6547859648546,653.2702280990167,656.3115234375,29534700
2022-04-20,661.2645477495257,672.9083862304688,660.9169499003092,672.9083862304688,52703900
2022-04-21,675.1675931611624,682.5535964325522,670.475287515533,672.9952392578125,45032200
2022-04-22,669.1718347649861,670.8228448462279,661.3513611851725,664.6533813476562,31917900
2022-04-25,651.6193607946434,656.2247409059084,650.9241650498577,652.6620483398438,32625800
2022-04-26,647.9696719851058,654.0522623426831,644.4939060664902,646.666259765625,36963900
2022-04-27,637.8030782364311,642.4953836776314,634.5879839923482,640.1492309570312,39781300
2022-04-28,640.236089596624,656.1377085140341,639.0196033125046,655.4425659179688,44233800
2022-05-02,653.3571897740086,658.9183840180934,649.5338256394627,657.0936279296875,37565000
2022-05-06,668.2159587475946,678.5563829647111,665.869806282638,677.33984375,52418900
2022-05-09,676.9922756435103,677.687471245809,661.6989270405495,662.9154663085938,37098700
2022-05-10,659.1790825679055,660.3956220334145,648.0566405934875,651.8800048828125,35883800
2022-05-11,648.2304451679606,648.7517889228697,633.11083984375,633.11083984375,50488000
2022-05-12,638.6720820652542,642.0609755518319,633.1108345580465,633.8060302734375,36581000
2022-05-13,632.5894352552531,635.1093869122836,627.375786063589,635.0224609375,37995700
2022-05-16,643.0166890827879,644.7545720262549,630.5039106754342,633.3714599609375,45358300
2022-05-17,641.2787554240944,642.4083686408172,623.2047848486047,623.1178588867188,64714400
2022-05-18,630.5039196921592,632.5025275345108,624.24758343499,631.720458984375,49620400
2022-05-19,618.6863050587439,623.552355906613,615.38433819512,621.7276000976562,50240300
2022-05-20,629.4613090057567,630.9384672799572,619.6422266100404,630.6777954101562,50183400
2022-05-23,631.1122597209024,638.4982631599619,630.3302441195343,637.7162475585938,41923600
2022-05-24,645.0152624454273,651.706122577755,641.713295364896,642.1477661132812,59699600
2022-05-25,638.6720235125989,646.2318254185159,637.0210133938879,637.28173828125,46595200
2022-05-26,642.4084288930359,646.318665573343,642.147757054878,643.7987670898438,33229900
2022-05-27,647.7959795362038,648.4042492791161,639.1065633117074,641.9740600585938,40306900
2022-05-30,639.5409957766449,643.7988306857474,636.4997002804245,641.53955078125,43336200
2022-05-31,636.9342081677702,641.1920433248965,631.2860876314938,634.0667114257812,100463200
2022-06-01,638.6720530848705,650.1420924005304,638.6720530848705,647.8828125,53036500
2022-06-02,645.1021793166128,648.9254900268811,641.3656885044248,643.7987670898438,30561500
2022-06-03,645.3628669980027,647.274548918057,640.0622919907621,642.7560424804688,32809200
2022-06-06,641.7133881790563,642.8430016810433,638.6720925004827,641.9740600585938,25535400
2022-06-07,648.5779290296438,657.35421658928,647.9696593985057,651.1847534179688,52639400
2022-06-08,643.8856137054134,645.6234966034039,639.6277793909463,645.1890258789062,57573700
2022-06-09,644.5807728592714,656.3114827228428,643.9725032221128,649.88134765625,59545200
2022-06-10,649.0993944820941,651.8800182918924,645.1022842177508,647.3615112304688,43670500
2022-06-13,636.9341498779214,640.670587898931,634.5011241690768,639.4541015625,52619200
2022-06-14,636.4997359392107,643.4512688914479,634.5011808226401,636.5866088867188,47886900
2022-06-15,637.0209139757912,648.1434062346539,636.7602421650935,643.1904296875,51603300
2022-06-16,642.3215802749528,652.5750795731672,641.5395116948933,649.3599853515625,51490200
2022-06-17,642.4952758831905,644.2331586385835,631.8072545087452,635.2830200195312,86086200
2022-06-20,635.9783284442277,642.4084639590242,630.0694835982225,635.0224609375,43319600
2022-06-21,640.0622032488942,655.0080056844469,637.8898497854701,652.748779296875,52056000
2022-06-22,656.9197779565166,656.9197779565166,649.6206480981631,651.010986328125,34175900
2022-06-23,650.837212691539,658.3970146878094,649.8813982130606,652.140625,36452700
2022-06-24,642.8429191199906,643.4511887847822,637.542397118195,639.8885498046875,45705700
2022-06-27,645.62351568976,649.1861545215704,637.629243515477,639.3671264648438,31136400
2022-06-28,642.0608959978174,645.4497360285169,640.1492140893308,643.7118530273438,38790800
2022-06-29,642.4084064566991,649.099266260962,640.3229787882905,644.2332153320312,44668500
2022-06-30,639.1934258158108,639.8886215312018,630.5909357157076,633.8060302734375,62759200
2022-07-01,632.3286836492409,638.1506017861622,629.9825312017084,632.58935546875,44471300
2022-07-04,634.3272605788388,638.5850949121836,633.0238483995673,638.4981689453125,32123600
2022-07-05,642.4085017269977,645.9711940390124,640.3230737493164,645.6235961914062,37793800
2022-07-06,634.3272541744608,636.8472055766679,615.3843413008298,616.9484252929688,83592500
2022-07-07,619.5553045467813,621.5538594381229,611.3003600962982,620.16357421875,64099000
2022-07-08,620.9455342956791,632.7631697485791,619.9028469922857,629.6349487304688,59638800
2022-07-11,638.1506947057726,642.756074307596,633.6321880444431,642.582275390625,54241900
2022-07-12,640.4098244253479,641.2787658424786,631.3728124727982,633.545166015625,43971900
2022-07-13,633.5452854974794,636.934178877799,630.8515878107531,635.8045654296875,34560200
2022-07-14,627.7233751013802,628.4185177100056,623.4655404400797,624.5951538085938,53741600
2022-07-15,616.9484346110798,618.4256456955131,605.3045978702262,608.9541625976562,76339700
2022-07-19,616.5141354718414,623.3787961086873,614.0811093217162,623.2918701171875,54941500
2022-07-20,632.763196776499,633.9796830277446,626.0723367687214,632.0680541992188,55964000
2022-07-21,625.7248243284345,635.0225100464611,625.1166076378233,631.2860717773438,47759500
2022-07-22,629.1136560410207,635.8045163050068,627.0281751933431,635.7175903320312,40466400
2022-07-25,630.8515904938471,640.8444187179232,630.5909186256335,639.2803344726562,29868600
2022-07-26,641.1919702594432,648.3172483106274,640.8443724362717,642.6691284179688,33257300
2022-07-27,642.6691630870623,648.6648811263344,640.8444070069279,647.8828125,34181800
2022-07-28,649.7075643000975,649.7075643000975,642.8429052975902,646.9269409179688,36189600
2022-07-29,645.1022207890303,649.8813992610945,641.8871264824451,647.7090454101562,40329300
2022-08-01,647.7959845712252,651.2717510880393,644.9284878020512,650.8372802734375,38763900
2022-08-02,645.6235062776173,645.7103792094276,637.3685623884687,639.1064453125,38805400
2022-08-03,635.2831080585231,636.0651766212198,624.0737945544093,627.549560546875,60670600
2022-08-04,622.1621488574455,623.5524341209459,614.5154738362266,616.2533569335938,65333600
2022-08-05,607.3901398286564,615.1237407919409,605.6522567390178,614.6892700195312,56516600
2022-08-08,619.5553995270388,627.6365463049763,619.120928699881,627.2890014648438,48150200
2022-08-09,617.4698432801608,620.0766679262116,614.4285478597683,616.2533569335938,49061700
2022-08-10,621.1192982644,622.50963631737,618.3386751944337,619.9896850585938,31977500
2022-08-12,625.0296396364153,632.5025687082413,623.6393543856481,631.807373046875,58136400
2022-08-15,629.8957572914153,632.2418570717715,626.5937369386488,631.1122436523438,25928400
2022-08-16,633.4583804266739,634.2404490243097,629.2005456812923,630.2432861328125,25387300
2022-08-17,634.1534840275204,638.8457892526376,632.415601060585,638.063720703125,46207400
2022-08-18,637.7162768858404,637.7162768858404,631.1122887444456,632.155029296875,30475400
2022-08-19,635.5437775191207,635.5437775191207,628.7659919960322,632.58935546875,34318100
2022-08-22,632.8500280689587,636.4127197265625,632.2417584653703,636.4127197265625,34903600
2022-08-23,632.8501106021623,633.1107824559884,627.636461381709,628.3316040039062,44046400
2022-08-24,629.9826329365196,635.1094093706724,629.3743632354531,632.6763305664062,39200900
2022-08-25,632.3287700557559,637.2817474471448,632.3287700557559,635.6307373046875,33973600
2022-08-26,635.19630498834,637.5424578985037,633.9797655427777,636.0652465820312,23703600
2022-08-29,626.6806179924586,631.8942669723692,624.0737935025032,630.0694580078125,43554400
2022-08-30,632.5894258077562,634.3273088456897,631.1122146183166,632.85009765625,43773600
2022-08-31,627.0281597110504,632.5894064768875,626.5936889648438,626.5936889648438,95064300
2022-09-01,627.3758105152222,629.5481644297486,621.8145632796409,621.9014892578125,55326400
2022-09-02,622.5097616597335,623.9869198992277,618.860196460311,623.465576171875,41140000
2022-09-05,625.985473397614,629.3743134021151,623.9868655329315,624.0737915039062,36462600
2022-09-06,624.7689752593909,627.810270688331,622.4228224641548,624.1607055664062,31860600
2022-09-07,624.160622205991,630.851481863251,616.9484189020775,618.2518310546875,66128100
2022-09-08,623.0310977613804,631.2860425713288,622.5097540404087,631.1122436523438,68042300
2022-09-09,626.5936699492224,633.6321276457577,625.7247284831794,632.4155883789062,61415800
2022-09-12,634.3273219636103,634.9355916466624,628.418530119639,630.2432861328125,35524500
2022-09-13,631.2860876758484,632.2419022445827,628.7661357604761,632.155029296875,32929200
2022-09-14,624.0738224349567,632.1549681212692,623.4655527519046,630.2432861328125,52678600
2022-09-15,628.76611328125,630.5039964611717,626.1592885113675,628.76611328125,33660400
2022-09-16,629.982588329674,636.8472474031066,628.4185042348101,635.4569091796875,72999000
2022-09-20,639.3672166907062,640.7575550679877,635.6307784294867,637.6293334960938,43877600
2022-09-21,638.5850958467332,645.1021567526286,635.978271484375,635.978271484375,62311300
2022-09-22,633.8928484175233,635.1093877782967,627.4626598579766,628.67919921875,57336900
2022-09-26,622.162100739092,622.3358996425837,596.7021259389479,597.1365966796875,120818000
2022-09-27,599.7433688345774,609.8230679265301,598.9613003550403,601.8287963867188,54682300
2022-09-28,596.0938531648899,596.3545250007691,585.5796825085887,593.6608276367188,79398600
2022-09-29,596.1522143688233,601.5798471347224,588.5890892611591,595.5293579101562,73837000
2022-09-30,589.2118726671029,593.2158795806107,576.3100726124663,579.6912231445312,74146500
2022-10-03,570.793520939203,576.5770874023438,562.8744620588482,576.5770874023438,84339200
2022-10-04,588.32220282197,595.7963178665333,588.1442360644693,594.5506591796875,66711200
2022-10-05,597.8428315361601,601.3129387911284,590.1017394938038,592.0592651367188,65206300
2022-10-06,592.4151103170307,597.5758199463577,592.0592311437327,594.105712890625,46631400
2022-10-07,584.7631020139748,585.2079917668298,577.0220094527343,580.7590942382812,73774300
2022-10-11,573.1958303709953,579.4242854106818,572.03912815376,578.4454956054688,68439000
2022-10-12,578.4456042054875,579.6913171704279,574.5306071730703,575.064453125,46701200
2022-10-13,575.7761598173471,576.4880266992877,572.1280864325839,574.7974243164062,48947100
2022-10-14,586.2757405829121,590.7246381307933,583.1615122993953,586.5426635742188,64104200
2022-10-17,595.4404091582209,605.9397956366143,594.3726629739477,600.8680419921875,99461500
2022-10-18,609.4099388123467,612.7910897042333,604.5161520639299,606.7406005859375,67082000
2022-10-19,606.7405876706532,612.7910766601562,605.1389413226407,612.7910766601562,56380500
2022-10-20,612.079273231306,617.8628393525491,610.9225165607975,616.6171264648438,43652500
2022-10-21,612.1682561878966,621.2440173592246,611.2784767457631,618.6636352539062,40312100
2022-10-24,627.2944784081533,629.6968936551111,622.3117354800978,627.5614013671875,52455000
2022-10-25,633.5230002239932,638.6837104316676,631.2095952609143,631.8323974609375,52191300
2022-10-26,633.078048724878,637.5269457644064,631.2095336914062,631.2095336914062,43590800
2022-10-27,631.2986014638193,631.8324474797669,614.8376795088078,614.9266357421875,44516600
2022-10-28,620.1762318004261,621.9557905717329,611.7233276367188,611.7233276367188,54071200
2022-10-31,617.8629031339614,623.2905363310568,615.9943336095126,622.4007568359375,39451900
2022-11-01,627.6504297335675,629.2520218411245,623.9133452773839,625.7818603515625,34022800
2022-11-02,624.6251058642332,629.4299360940099,623.3793930467883,624.8920288085938,45086600
2022-11-04,622.5786403666895,630.7646214890046,622.0447401562944,624.6251220703125,42728700
2022-11-07,629.9638300350384,630.8536094559919,625.7818558949921,626.2267456054688,36451800
2022-11-08,629.3410936978912,635.3026278176917,627.2056552647184,632.455322265625,42531800
2022-11-09,631.7434216420585,634.0568265333908,628.5402372836246,630.4087524414062,33052600
2022-11-10,629.3410000908395,632.9001179245871,628.5402311629433,632.3662719726562,28718200
2022-11-11,636.1924074084728,637.4381205587008,628.2733473273867,632.455322265625,47598200
2022-11-14,632.4552060562382,632.8111395502848,624.8920809242724,625.7818603515625,58137600
2022-11-15,631.8323145759354,643.0435673230969,630.2307225571475,642.8656005859375,78242000
2022-11-16,640.3743168591801,642.2428320856031,634.9466293257732,640.1963500976562,56304000
2022-11-17,637.0820906254271,640.8191752029519,636.9041238726253,638.5947265625,32014000
2022-11-18,639.7514080575819,644.1113489733162,634.5906982421875,634.5906982421875,45237300
2022-11-21,636.1922933893846,640.7301467659546,635.8363598937285,640.374267578125,32552200
2022-11-22,641.9758278375415,656.7461439413047,641.7978610985442,654.4327392578125,66408200
2022-11-24,660.2163618253703,673.0292078211236,659.4155385852001,668.40234375,93865900
2022-11-25,662.8857541276764,675.0757446289062,661.2841618249076,675.0757446289062,57929400
2022-11-28,681.215142854237,683.0837123323678,662.7077406760833,669.0252075195312,68521500
2022-11-29,672.1395058786666,680.1475219726562,666.0889613836065,680.1475219726562,70568800
2022-11-30,678.2789209997238,680.5033698120723,670.0929385087151,671.8724975585938,62908700
2022-12-01,680.6813049316406,681.0372384482009,665.2881307274322,665.5550537109375,48337400
2022-12-02,661.9959105537113,664.398325929383,653.5430057818561,657.2800903320312,48342100
2022-12-05,655.7675000760986,660.3053538623121,653.2761283050827,660.12744140625,47593900
2022-12-06,660.2163118554818,668.580259901309,659.8603783739393,665.9998779296875,47070700
2022-12-07,665.6439876374234,674.7197489273777,663.1526160284509,672.4953002929688,58745700
2022-12-08,667.3345840340726,668.4912864514995,655.144594770818,665.0211791992188,57632200
2022-12-09,665.1101505477275,675.9654708898046,665.0211943242973,671.6055297851562,51350500
2022-12-12,669.7370826944925,675.9655395867876,667.9575235824083,672.2284545898438,37306300
2022-12-13,674.1858358410799,677.5669865671123,671.9613874281872,674.4527587890625,37350300
2022-12-14,669.4701138994336,674.096923828125,668.3133571094302,674.096923828125,32785500
2022-12-15,673.652037866795,679.3466483911102,673.2071481167027,677.7450561523438,38373800
2022-12-16,678.011922542443,688.6892756533476,675.5205510114638,677.3001098632812,72437200
2022-12-19,681.9269975307781,694.739789126183,681.5710640248661,687.0877075195312,68307800
2022-12-20,687.0876181447943,753.1982123352167,685.3970156733648,728.1954345703125,199202400
2022-12-21,765.2103513328557,794.1281843774113,755.3338208469239,756.7574462890625,308652800
2022-12-22,760.7614063791601,773.6632080078125,753.4652042517363,773.6632080078125,115352000
2022-12-23,778.5570446260788,799.02197265625,778.023198661467,799.02197265625,148857700
2022-12-26,787.4549031853966,793.1495140389104,781.3154025560717,783.9847412109375,78358000
2022-12-27,789.0564200093885,800.801519828438,786.6540045883374,798.843994140625,81729200
2022-12-28,800.8015973189415,811.3009851777786,796.3526995560585,798.5771484375,93949400
2022-12-29,800.6235290584041,800.712539587079,776.154594464273,784.340576171875,128383100
2022-12-30,775.7986495718025,797.2423105314961,769.7481064474036,791.0138549804688,68897500
2023-01-04,795.462800351186,826.6050800069931,795.0179106418174,824.1137084960938,166037700
2023-01-05,830.253144602757,831.0539677937826,807.0299237569174,811.4788208007812,124692600
2023-01-06,812.2796343649821,818.8639693271706,795.9076717144669,802.9369506835938,105351000
2023-01-10,796.3526017354536,799.5557860081301,785.9421713875141,794.8399658203125,75200400
2023-01-11,800.8015031856587,808.3646284935234,796.8864518913978,807.9197387695312,68018000
2023-01-12,802.2251791661273,848.4937133789062,802.2251791661273,848.4937133789062,171853100
2023-01-13,849.739398740918,886.0423904643045,844.4007218901897,869.4035034179688,231075600
2023-01-16,882.7501682704991,882.8391787999587,843.1549828509683,844.4006958007812,122906900
2023-01-17,847.9597720780525,861.8403090584038,832.1217095471839,845.8242797851562,108631000
2023-01-18,842.4431346203382,845.9132960428552,802.758994653045,839.1509399414062,198566500
2023-01-19,838.4390613276021,851.607784699721,823.5797354861386,823.9356689453125,120951800
2023-01-20,823.9357218286227,837.1044460459602,813.7922149771492,834.2571411132812,84961300
2023-01-23,830.9650822360892,847.0700691812135,826.7831077976831,833.54541015625,80147000
2023-01-24,838.1722470223672,855.8788799087098,835.5029086560538,854.4552001953125,82106200
2023-01-25,852.764661879278,859.8828976067917,850.54021321443,856.1458129882812,65694700
2023-01-26,860.4166986160919,864.4207060036539,843.8668231372995,847.0700073242188,78271200
2023-01-27,854.1882548888037,871.8058767843199,847.5149091474849,870.2042846679688,114387300
2023-01-30,866.6451491998166,872.8736050975566,861.6624062047549,871.9838256835938,77061300
2023-01-31,873.6744412276778,874.2082871608286,846.6251249196218,847.69287109375,89877000
2023-02-01,852.4086536976558,860.2387014504328,843.9557495117188,843.9557495117188,64647800
2023-02-02,842.6211689446124,843.0660586853434,828.473653466233,832.4776611328125,60544800
2023-02-03,827.4949475906199,845.2905378613859,820.0207779537656,826.1602783203125,78013100
2023-02-06,822.6011526445614,828.117796438952,797.4204035062994,808.8095703125,116233300
2023-02-07,818.5971009438621,841.9982898158004,809.2544166396115,834.7020874023438,99958900
2023-02-08,833.7232583288272,843.3328645323122,830.3421076304668,839.328857421875,52986000
2023-02-09,835.5918602524881,848.8495957882449,834.4351578283884,840.7526245117188,48720800
2023-02-10,848.5826997858643,865.1325763682709,846.2692405563064,852.2307739257812,78842100
2023-02-13,858.6371818369529,874.6532121717355,851.6969128867795,859.7938842773438,90220200
2023-02-14,863.0860702407607,870.4712288462036,862.552224291578,865.3994750976562,49113900
2023-02-15,871.9838497899323,879.546975017702,865.3994602214489,872.9625854492188,73508800
2023-02-16,875.4540603170834,877.5005422787374,864.8656626825092,867.446044921875,64977200
2023-02-17,870.6491476791957,876.1657908510427,868.602665909527,872.8735961914062,62328100
2023-02-20,874.7421867199691,889.3345919427112,873.0516382894682,888.266845703125,79208900
2023-02-21,887.9999019166542,888.26682489334,873.8523867661934,874.8311767578125,70425800
2023-02-22,879.7249745280612,880.3478310198147,863.6199335056541,867.7129516601562,70234500
2023-02-24,866.6451788691346,873.051601730554,848.8495899806513,856.8576049804688,105041900
2023-02-27,862.641132646434,870.1153013672226,859.3489379882812,859.3489379882812,47870000
2023-02-28,864.8656967235042,867.8909688261226,855.1670781955501,858.7261962890625,85523600
2023-03-01,856.5906547549769,856.857577718246,842.1762173523571,850.0952758789062,73251300
2023-03-02,851.9638646967355,860.4167698817162,838.350249313017,841.4644775390625,86822300
2023-03-03,846.6251074473064,855.0780118306478,844.3117027076272,854.188232421875,71122400
2023-03-06,861.3064784503536,871.7169085245934,860.6836219948676,865.3104858398438,70743400
2023-03-07,868.4247143031866,874.7421264648438,862.7301042895435,874.7421264648438,73008300
2023-03-08,876.4327419226577,879.0131240027181,868.1578040533797,872.78466796875,55543200
2023-03-09,872.7846230553129,886.8431265183974,870.8270975409488,884.0847778320312,81430000
2023-03-10,867.9798262353271,869.8483412985568,829.8972778320312,829.8972778320312,164550100
2023-03-13,808.2756048875136,823.4018542421971,790.1240839387641,801.068359375,187300300
2023-03-14,740.4744335564978,762.2740290335777,731.9325186624163,732.2884521484375,255560800
2023-03-15,769.9261339000808,774.8199207903953,753.9991146053901,766.5449829101562,166396300
2023-03-16,718.0520067494275,748.1265409041331,716.2724478727251,745.2792358398438,173635300
2023-03-17,754.2659426337117,760.2274749567283,740.6523298594211,748.2154541015625,132450300
2023-03-20,746.5249905459843,763.786734338952,731.576706006868,734.4240112304688,129859100
2023-03-22,758.0920992399516,770.7269784221832,752.7534224847407,757.0243530273438,106231000
2023-03-23,740.7413480376274,751.2407340611604,736.7373407509375,746.702880859375,81795500
2023-03-24,738.5169677734375,743.7666884241155,735.0468060812498,738.5169677734375,74099700
2023-03-27,738.5168574877853,739.139713891809,726.5048363117791,734.601806640625,75936300
2023-03-28,747.9486173803984,755.6897098029932,742.5209842159127,747.058837890625,95826000
2023-03-29,740.3854794767442,751.8636564281879,740.2965232523696,750.973876953125,82038200
2023-03-30,757.3226853108479,762.7645249657761,750.1575742889568,750.5203857421875,100018900
2023-03-31,764.1249663295276,775.7342129067628,758.683126806706,769.0226440429688,78738800
2023-04-03,766.4830944482821,782.9900191654078,766.392419263461,780.9039916992188,73830100
2023-04-04,778.1831174887212,783.4435517336268,775.8250089725681,783.2621459960938,67236300
2023-04-05,770.0203125870894,773.5575305121939,760.4970931734682,762.7645263671875,74099600
2023-04-06,760.3157319354766,761.8575976688774,753.5134319562902,756.1436767578125,56471600
2023-04-07,765.0320615040911,772.4692544419735,762.4925470601773,766.8460083007812,52929700
2023-04-10,772.37841796875,778.5458805175408,770.0203095993338,772.37841796875,44318900
2023-04-11,772.469101274846,779.3620755926072,764.7598289175268,773.7388305664062,71525300
2023-04-12,778.0016491932713,780.2690823369667,770.7458631334465,775.3714599609375,55472600
2023-04-13,769.2039701890689,771.8342146851861,764.2156174502104,771.5621337890625,53717400
2023-04-14,775.3714185351471,776.5504726354244,768.2063080409788,769.11328125,55313900
2023-04-17,780.6319409774366,789.9737550227871,777.1854534621067,788.8853759765625,74068700
2023-04-18,798.1364793675309,801.4015610038596,791.8783416477697,796.4132080078125,70931700
2023-04-19,794.9621447576619,806.9342041015625,794.690063822922,806.9342041015625,64072000
2023-04-20,805.9364591005616,811.2876237590357,797.8644298761733,803.941162109375,70240700
2023-04-21,794.599245843684,795.7783553599206,785.4388381193736,786.07373046875,58721900
2023-04-24,788.613289369029,788.8853702893092,776.8226363939889,777.276123046875,49031800
2023-04-25,781.9017061943038,786.5273035131952,777.3668394251517,779.1807861328125,52543900
2023-04-26,767.934294204069,770.2017274246094,759.4087231519346,764.7598876953125,63978400
2023-04-27,770.0203261055766,780.0877075195312,767.7528928720501,780.0877075195312,51950800
2023-04-28,784.80399195161,801.1295114875109,754.7831976146061,773.5575561523438,151613400
2023-05-01,781.3575645294251,788.4319458007812,777.3668595264745,788.4319458007812,58748900
2023-05-02,785.1667528256547,786.708618420592,774.6458299216307,782.3551025390625,57437300
2023-05-08,777.366729288022,779.8155680678653,768.2969970347152,769.3853759765625,66943700
2023-05-09,773.5575711545384,782.8086547851562,765.9389730804617,782.8086547851562,72539200
2023-05-10,784.6225783267638,789.7923371992522,780.269117565763,782.7179565429688,52244700
2023-05-11,778.1830235435642,789.7922696998032,777.0039694278274,789.2481079101562,40269900
2023-05-12,789.0667587570164,789.0667587570164,780.1784316263771,787.706298828125,51950500
2023-05-15,790.9713860496443,802.5806884765625,790.8807108633195,802.5806884765625,62246900
2023-05-16,825.3456985616239,826.4340775872224,814.9155056677132,824.8922119140625,127413200
2023-05-17,826.4340262475506,845.5711394429018,825.8898090899307,842.8502197265625,104381900
2023-05-18,861.5339080777026,865.2524762414994,854.7316087361814,857.724609375,106653900
2023-05-19,854.2781216244747,857.8152840656891,838.224684116222,840.6735229492188,76905900
2023-05-22,845.299116811045,851.3758490012024,835.7758971474012,837.58984375,69830900
2023-05-23,846.2967328367935,848.3828156355685,831.3316739393923,835.5037841796875,78716100
2023-05-24,838.2246360047944,847.2943679343913,838.0432302947523,843.5757446289062,61232300
2023-05-25,837.1362172166764,837.6803789636256,827.7036743164062,827.7036743164062,69831100
2023-05-26,827.7037794215372,830.6061049407267,820.90147993465,822.1712646484375,75421300
2023-05-29,835.7758166872222,843.1222775776004,831.2409506172969,841.671142578125,73027800
2023-05-30,852.5547921059893,852.5547921059893,842.2152756758466,847.0222778320312,67756900
2023-05-31,847.1130844975286,859.5386301060424,844.1200836001988,845.7526245117188,177354000
2023-06-01,843.4851510251234,876.4990005844929,840.2200693576059,874.2315673828125,117416800
2023-06-02,877.950218156766,879.5827591438697,868.6990787534966,879.1292724609375,73751300
2023-06-05,893.4592872110186,896.0895316634578,880.3081756633262,884.4802856445312,79045100
2023-06-06,875.2292980591727,879.6734896948128,865.4339967792891,879.1292724609375,65653200
2023-06-07,883.3920004742574,891.3733544994933,867.7013733442668,868.4269409179688,85821100
2023-06-08,879.5826815559774,885.6594136426935,867.792028839792,870.33154296875,67768700
2023-06-09,878.5850035680177,882.1221660496872,870.8757308972002,877.8594360351562,80734700
2023-06-12,879.7640778445304,880.0361587559178,868.4269118929257,871.601318359375,48591800
2023-06-13,875.2292816792069,880.6711217725491,870.7850901267401,873.5967407226562,58619900
2023-06-14,885.4779317424013,896.2709350585938,885.2058508514997,896.2709350585938,90042300
2023-06-15,896.9965071416495,914.6824847849884,888.470936801447,897.8128051757812,113103100
2023-06-16,902.4384034347104,909.2407029580877,880.8524506853112,894.09423828125,109953600
2023-06-19,903.3454515843824,906.7012640322021,892.7338523768489,898.7199096679688,69061600
2023-06-20,898.8105348914952,898.8105348914952,885.4780163902709,891.5547485351562,61920600
2023-06-21,893.3686405188,903.1639404296875,889.6500723813693,903.1639404296875,63116700
2023-06-22,911.5081344183714,940.5312789968667,911.0546477843324,937.3568725585938,115655900
2023-06-23,942.3451959390555,944.1591424182453,908.787186074046,922.3917846679688,87694400
2023-06-26,912.415104676051,917.8569442665643,902.9825605762594,912.8685913085938,55736900
2023-06-27,920.1243652883089,926.0196914335766,912.4150926368051,923.7522583007812,50357700
2023-06-28,927.8337181578291,941.8918047965841,924.6593114974651,937.8104248046875,79383400
2023-06-29,945.0661423080022,976.8102065889811,945.0661423080022,967.2869873046875,100320700
2023-06-30,965.4730880522392,971.8219012193276,958.2173015755666,965.9265747070312,76969600
2023-07-03,971.3684784315084,984.9730789697649,964.1126914777717,984.5195922851562,69519100
2023-07-04,992.6823395077545,1011.2752933313351,984.9730659711479,1007.6473999023438,101992200
2023-07-05,1002.6589708537081,1010.368243809164,990.8683180983049,994.042724609375,91462900
2023-07-06,991.3217385264121,994.949631439592,973.63576057466,975.44970703125,73080600
2023-07-07,966.3800539995198,973.6358404209145,955.4963743674275,959.124267578125,78028500
2023-07-10,965.0195986309665,973.1823583938224,951.4149990262066,959.5777587890625,63652700
2023-07-11,967.7405249882107,967.7405249882107,950.5080320409043,954.1359252929688,53971900
2023-07-12,969.5545089315063,983.1591091503769,956.4033953865983,970.0079956054688,73234200
2023-07-13,970.0079885364253,973.1823952310278,957.7638484286723,963.2056884765625,49817600
2023-07-14,965.0195986309665,966.8335452449345,953.6824322936666,959.5777587890625,49009600
2023-07-18,960.0311698878352,990.8682598984033,957.7637367988227,982.2520141601562,82743900
2023-07-19,993.1357731269801,994.0427464357718,975.9032802599365,984.0660400390625,72496200
2023-07-20,979.9846545877466,988.147414320546,969.1009749440141,971.368408203125,63233100
2023-07-21,978.6241653889708,979.0776520272419,965.0195662408387,974.5427856445312,50783100
2023-07-24,947.3335739382085,962.7521194211664,942.3452209878398,955.0428466796875,78785400
2023-07-25,955.0428887375263,973.1823548104138,955.0428887375263,971.368408203125,52318700
2023-07-26,967.7404922249722,973.1823319188333,962.2986525311111,969.1009521484375,29293300
2023-07-27,967.286979781355,980.4380920240457,965.4730332651218,978.6241455078125,47301200
2023-07-28,999.0311951973069,1033.0426975303972,976.8103470063546,1030.32177734375,206503500
2023-07-31,1043.9263463311586,1054.8100267446894,1021.2520121363028,1039.3914794921875,139212000
2023-08-01,1032.1355743273527,1036.670440646893,1020.3449218965482,1027.6007080078125,80307700
2023-08-02,1032.589137949842,1042.1123579309342,1016.2636179822556,1023.06591796875,105827100
2023-08-03,1032.1355573180094,1036.670423562816,1016.7170120856665,1019.8914184570312,90227000
2023-08-04,1026.6937181731926,1038.0308837890625,1022.6123385514793,1038.0308837890625,63712800
2023-08-07,1033.9495254604103,1037.1239318982273,1025.7867660488807,1028.05419921875,52261500
2023-08-08,1033.9496117094125,1039.8449384428432,1023.9729049297601,1024.4263916015625,66540900
2023-08-09,1017.6240207619863,1017.6240207619863,983.6125227418664,993.1357421875,85837100
2023-08-10,1001.298439763988,1019.891390864678,996.7635736418684,1017.1704711914062,63626600
2023-08-14,1020.34489399678,1020.34489399678,1004.0193756928315,1006.7402954101562,48459100
2023-08-15,1013.5425782937107,1017.6239578036182,1010.368172008227,1017.1704711914062,37893100
2023-08-16,994.0426556399287,999.0310083826474,986.7868698323381,987.2403564453125,78125100
2023-08-17,979.5311189326944,997.2170974689792,967.7404665751712,996.7636108398438,70059200
2023-08-18,986.7869853529008,995.4032320080962,983.6125786904604,992.6823120117188,51165900
2023-08-21,988.1474362945905,998.5776295184435,986.7869763088706,991.7753295898438,46141300
2023-08-22,1001.2984430383252,1024.8797469504598,999.4844965835457,1023.519287109375,69199800
2023-08-23,1011.274972244952,1023.9725952148438,1007.64707996784,1023.9725952148438,51530400
2023-08-24,1024.8797398800393,1035.7634185336328,1021.7053336060746,1034.8564453125,63889900
2023-08-25,1023.0658735014299,1033.9495530067643,1019.8914669790407,1030.775146484375,48057400
2023-08-28,1035.3099431261155,1049.8215148212691,1034.856456510642,1048.007568359375,63497300
2023-08-29,1053.902894360531,1062.065653439055,1043.4727022046395,1048.007568359375,64768500
2023-08-30,1053.9030041320932,1062.5192507235345,1053.9030041320932,1058.891357421875,72339700
2023-08-31,1053.4494811460906,1062.5192140875122,1050.7285612636642,1055.263427734375,66260500
2023-09-01,1051.6354697220222,1077.484207011438,1049.3680366264596,1072.9493408203125,78309500
2023-09-04,1082.0191175477305,1101.51904296875,1081.1121442723343,1101.51904296875,77548900
2023-09-05,1120.112022948216,1121.9259695440837,1091.542364063302,1104.239990234375,73109400
2023-09-06,1109.681822043318,1124.1933947059197,1107.867875460493,1115.5771484375,65998600
2023-09-07,1116.0304944662782,1122.3793067062327,1109.6816822263238,1113.7630615234375,63063500
2023-09-08,1100.6120467988571,1116.030592159863,1093.809747374884,1099.2515869140625,90522800
2023-09-11,1120.111960399,1146.8676711939559,1119.2049871517133,1146.4141845703125,96502100
2023-09-12,1158.65844272503,1159.1119293953725,1140.0654892409884,1158.2049560546875,82600800
2023-09-13,1166.367594030289,1205.3674435973983,1162.739701047302,1194.4837646484375,116364300
2023-09-14,1208.0883864922794,1211.7162795448087,1191.762867755897,1196.751220703125,91116200
2023-09-15,1206.2743015857893,1213.9835734380295,1160.9256436314363,1171.3558349609375,165549000
2023-09-19,1172.7164739347395,1202.64659275906,1172.7164739347395,1201.2861328125,91966300
2023-09-20,1206.7278781571267,1208.541824610576,1177.251248288576,1179.97216796875,91293500
2023-09-21,1200.8325865865659,1218.9720516407435,1195.3907470703125,1195.3907470703125,120236200
2023-09-22,1188.1348380784536,1212.1696267876744,1170.902348060522,1207.1812744140625,109309300
2023-09-25,1195.8442907785404,1197.2047507225434,1174.983904970496,1176.7978515625,83148100
2023-09-26,1179.0652768666507,1196.2977693747018,1170.902517257574,1188.135009765625,81313100
2023-09-27,1179.0651831296411,1190.8558349609375,1173.623343822889,1190.8558349609375,75980600
2023-09-28,1202.3728351923771,1211.5864201363802,1185.788382293172,1195.462646484375,79431900
2023-09-29,1187.6310118065137,1192.6984831524685,1167.3611264226943,1168.7431640625,84404400
2023-10-02,1171.0467431678535,1205.1370102781686,1171.0467431678535,1186.7098388671875,79629800
2023-10-03,1183.0244048713237,1186.2491598690258,1167.3613091681987,1174.732177734375,62827400
2023-10-04,1142.4846534397016,1153.0802772417633,1106.55166837184,1111.619140625,128957900
2023-10-05,1125.9002196292954,1158.1477709280068,1112.5405198055435,1156.3050537109375,97438100
2023-10-06,1142.4845909629742,1152.1588556445154,1130.0462506581352,1141.563232421875,65604600
2023-10-10,1155.383470517113,1165.5184132409474,1150.3159991551959,1160.91162109375,58576100
2023-10-11,1159.0689647113084,1161.3723609050908,1150.3160591749352,1154.9228515625,49166400
2023-10-12,1162.754422753365,1173.810724712985,1158.14763027019,1163.67578125,57538100
2023-10-13,1163.6757942708334,1166.9005490451389,1139.7204730902777,1140.18115234375,52746600
2023-10-16,1134.652973204357,1147.5519919821572,1125.4393883630712,1139.259765625,51663300
2023-10-17,1152.6196864958733,1159.9905557940083,1131.4284372637348,1142.4847412109375,45872900
2023-10-18,1147.091388451925,1165.9792386232218,1143.8666335446303,1157.68701171875,75425200
2023-10-19,1142.9452561219468,1155.3835962732135,1134.6530293544358,1141.1025390625,55708500
2023-10-20,1139.2599676587804,1148.4735541339828,1128.6643432122976,1137.8779296875,52632000
2023-10-23,1134.192293118008,1143.4058779524353,1127.2821044921875,1127.2821044921875,46169000
2023-10-24,1125.4395285464766,1127.7429250437065,1091.8099396869216,1119.911376953125,72420500
2023-10-25,1131.8889537652653,1148.9340865651493,1128.6641989112334,1141.1025390625,49728200
2023-10-26,1139.7204063343993,1143.8665193728025,1126.360708766211,1130.046142578125,45601100
2023-10-27,1128.664281730302,1161.3725119355477,1127.7429231329713,1155.8443603515625,65303700
2023-10-30,1145.2486570280741,1155.8442801622841,1129.5855619601118,1133.27099609375,68026700
2023-10-31,1160.9117807465693,1172.8894419764943,1120.3720042760542,1158.147705078125,143312800
2023-11-01,1174.7320615668823,1192.237872680428,1160.4510051321477,1190.8558349609375,90556400
2023-11-02,1202.3729817834114,1208.8224920305254,1182.1030924353386,1192.238037109375,70901400
2023-11-06,1195.92339138348,1196.8447499284598,1165.0578801266647,1169.6646728515625,84459900
2023-11-07,1173.8106391059027,1182.102864970858,1159.068904234871,1160.91162109375,57875400
2023-11-08,1163.2151235260578,1163.6758027828998,1095.0345935134415,1112.5404052734375,126172000
2023-11-09,1105.6302722392638,1130.967632644747,1076.6074775929833,1126.36083984375,109230400
2023-11-10,1121.293376697312,1148.0127751559987,1119.45065956223,1146.6307373046875,54498000
2023-11-13,1153.5407997368816,1166.4398182642908,1148.934007405664,1154.462158203125,58960300
2023-11-14,1182.1030554845697,1184.8671312183606,1173.3501489942319,1183.0244140625,70706100
2023-11-15,1201.912168374035,1201.912168374035,1153.5408469178167,1159.9903564453125,159360000
2023-11-16,1159.990375373937,1184.8670553859276,1159.990375373937,1164.59716796875,84402000
2023-11-17,1151.237469443792,1164.59716796875,1141.5632049946846,1164.59716796875,69386000
2023-11-20,1162.7544234224995,1183.484989608717,1162.7544234224995,1175.6534423828125,74423400
2023-11-21,1177.4963017072337,1180.7210568371047,1155.383695102403,1156.3050537109375,66199700
2023-11-22,1152.1588419065404,1166.9005783883513,1148.9340870511442,1165.057861328125,47858000
2023-11-24,1166.900606599263,1171.9680786373963,1157.687021075384,1165.979248046875,44424000
2023-11-27,1171.046683101131,1192.6986083984375,1166.9005697463276,1192.6986083984375,80061300
2023-11-28,1192.698603572402,1198.6874339495519,1180.720942818102,1188.552490234375,72795900
2023-11-29,1178.8781719778372,1185.327681320428,1154.9228515625,1154.9228515625,83541500
2023-11-30,1160.9118467536107,1165.979319100551,1152.1589399725317,1156.3050537109375,109446300
2023-12-01,1165.5184147813052,1172.8892822265625,1160.9116226280194,1172.8892822265625,61386700
2023-12-04,1169.664687129079,1171.9680835196443,1145.7093646671995,1146.1700439453125,67696400
2023-12-05,1144.3272372877072,1152.1587844028002,1130.0461807837141,1139.259765625,56808700
2023-12-06,1142.4846097204081,1146.6307232234255,1132.3496656019206,1146.1700439453125,54043100
2023-12-07,1133.2709411913129,1155.383544921875,1125.9000732811255,1155.383544921875,68933600
2023-12-08,1159.529742912347,1186.2491410406412,1155.8443086877548,1158.147705078125,110786400
2023-12-11,1165.0578245306704,1182.102956799407,1160.4510320256063,1179.799560546875,66297800
2023-12-12,1163.6756963820685,1169.664526173425,1159.068904234871,1160.91162109375,68181000
2023-12-13,1153.080168238226,1171.968017578125,1152.6194889860333,1171.968017578125,53445300
2023-12-14,1147.0914121595165,1154.001601389393,1125.9001651878948,1130.5069580078125,101036800
2023-12-15,1124.97878317637,1137.8778028032898,1106.09093300838,1109.7763671875,88425800
2023-12-18,1097.7986594062077,1108.8549614732444,1077.5287722833066,1104.2481689453125,79172300
2023-12-19,1103.7875982743276,1107.0123533611056,1079.8322747725474,1091.8099365234375,86084300
2023-12-20,1075.2253109580593,1106.5514982524671,1072.4612356085527,1094.1131591796875,67595800
2023-12-21,1084.4388480943187,1093.1917529854793,1078.4500184319456,1088.5849609375,44567600
2023-12-22,1093.1919913040963,1120.8327496177271,1093.1919913040963,1120.3720703125,65889400
2023-12-25,1124.057372440063,1130.0462027030635,1110.2369949100623,1112.0797119140625,29668000
2023-12-26,1107.4728207685266,1110.6975752383187,1101.9446702488835,1108.8548583984375,33587000
2023-12-27,1108.8549058842432,1115.304415100022,1108.3942266545448,1114.383056640625,47138300
2023-12-28,1110.2368960283484,1115.3043673380212,1105.1694247186754,1108.8548583984375,67936400
2023-12-29,1110.2371212041826,1118.5293486654587,1108.3944039905657,1116.2259521484375,46796400
2024-01-04,1116.686523836097,1128.6641845703125,1105.1695423608896,1128.6641845703125,64417600
2024-01-05,1135.5743284483215,1159.0689697265625,1135.5743284483215,1159.0689697265625,67823400
2024-01-09,1170.5861166075329,1170.5861166075329,1153.5409822846368,1160.451171875,54293500
2024-01-10,1154.0014328729537,1167.821809314546,1152.1587160140748,1160.91162109375,54849300
2024-01-11,1172.8895071180048,1186.2492069241407,1167.3613554740864,1180.2603759765625,82084400
2024-01-12,1179.3388806706114,1183.4849939229691,1165.9791824130148,1167.8218994140625,71206800
2024-01-15,1177.03552722187,1182.5636784260432,1173.8107723527692,1181.181640625,14075100
2024-01-16,1177.035597299685,1192.6986933107178,1173.8108422385899,1183.485107421875,49091500
2024-01-17,1192.2380089756139,1200.530236240514,1186.2491781731862,1191.316650390625,80529100
2024-01-18,1194.5413302450202,1200.0694814069718,1188.0918205560768,1196.8447265625,50038500
2024-01-19,1202.8336610867766,1202.8336610867766,1190.3953198959139,1192.238037109375,60287900
2024-01-22,1197.7660946160645,1205.136962890625,1192.2379434101442,1205.136962890625,55593300
2024-01-23,1205.1369162903993,1223.1034070149121,1197.3053690515092,1211.58642578125,93799300
2024-01-24,1212.5077786307804,1275.6208354972002,1210.2043823947797,1275.16015625,166119500
2024-01-25,1282.5310100063245,1286.6771231852242,1265.9465572907257,1274.699462890625,91672900
2024-01-26,1255.8116350394412,1259.0363897882585,1235.541748046875,1235.541748046875,93031600
2024-01-29,1261.8004948130824,1268.2500044616343,1253.5082681220874,1260.41845703125,58941000
2024-01-30,1260.4183297235973,1260.8790089376776,1253.9688207264737,1256.272216796875,42962300
2024-01-31,1262.261202466958,1285.295166015625,1257.6544097572244,1285.295166015625,83406100
2024-02-01,1269.631903080566,1288.9804299054513,1269.631903080566,1279.766845703125,67598100
2024-02-02,1275.1602593783673,1282.5311279296875,1267.3287115425899,1282.5311279296875,59659100
2024-02-05,1299.1155075678498,1327.2169423060195,1294.048035729819,1323.9921875,99904400
2024-02-06,1301.418945268888,1316.1606819940575,1289.4412841796875,1289.4412841796875,97220200
2024-02-07,1293.58740234375,1293.58740234375,1293.58740234375,1293.58740234375,50674700
2024-02-08,1294.5086846324061,1294.9693638796064,1273.7781185083995,1275.16015625,63266500
2024-02-09,1280.6883638280124,1285.2951565036526,1265.0252687308353,1277.0029296875,56641300
2024-02-13,1294.0480208425647,1300.497530380406,1284.834435788506,1299.576171875,62452600
2024-02-14,1299.5762517101973,1307.4077994872528,1294.5087796191615,1298.1942138671875,55120800
2024-02-15,1307.868459848257,1309.250497671274,1292.666043795072,1293.58740234375,60150000
2024-02-16,1304.6436772657335,1330.4417160817225,1300.9582431491635,1328.5989990234375,96849200
2024-02-19,1335.9699637742592,1380.1951763681657,1335.509284476406,1379.7344970703125,89089400
2024-02-20,1386.6446490119486,1406.9145375689338,1364.9927225988051,1370.5208740234375,80527900
2024-02-21,1366.8353455975596,1370.9814588804643,1356.7004020171262,1359.4644775390625,50298700
2024-02-22,1375.5882943582214,1378.352369966443,1366.8353882655201,1372.82421875,63324400
2024-02-26,1382.0377765315593,1405.9930979914398,1379.2737009784962,1395.858154296875,81583200
2024-02-27,1397.7008673546563,1428.1056983518242,1389.869319976598,1415.6673583984375,98299000
2024-02-28,1419.352967873598,1429.9485921063447,1392.17288832003,1401.386474609375,78955100
2024-02-29,1402.3076925512728,1420.73486328125,1394.9368242592818,1420.73486328125,86174200
2024-03-01,1404.6109206021422,1448.3754458422875,1402.3075245368714,1446.993408203125,95139500
2024-03-04,1451.1397235936006,1452.0610821482633,1435.9373074416676,1445.611572265625,66349200
2024-03-05,1447.9148899249212,1470.9488525390625,1442.3867388975273,1470.9488525390625,84960500
2024-03-06,1466.802697936101,1482.9264713116547,1461.2745470644822,1481.54443359375,91680600
2024-03-07,1488.9152973244663,1514.7133346543458,1474.634240945426,1489.3759765625,115109000
2024-03-08,1489.3760474335913,1516.0954445109649,1480.6231414944518,1503.6571044921875,132212500
2024-03-11,1496.746816401579,1497.668174860429,1424.4201773818659,1444.6900634765625,125706100
2024-03-12,1413.82470703125,1428.5664439569587,1389.8693845269734,1413.82470703125,95421000
2024-03-13,1446.9936247872045,1453.4431347353168,1401.38637586841,1410.1392822265625,70811000
2024-03-14,1401.84700361553,1410.1392303868342,1386.6445878681384,1400.4649658203125,67340500
2024-03-15,1384.801678217301,1414.7458262825455,1382.958961413286,1386.1837158203125,108961200
2024-03-18,1403.2289344133364,1415.206594391914,1389.8692367449232,1412.9031982421875,66555300
2024-03-19,1409.6783960720131,1430.8696399345336,1362.689116202946,1407.375,120416400
2024-03-21,1422.5774654709858,1450.218219333764,1407.835730077504,1448.836181640625,114661500
2024-03-22,1457.5891869172324,1477.8590744723392,1449.2969601901432,1476.016357421875,87299300
2024-03-25,1471.4094456857008,1471.870124911025,1454.364314348703,1456.20703125,65873500
2024-03-26,1462.1959263214628,1462.1959263214628,1439.1619640290642,1442.38671875,59954700
2024-03-27,1446.532865119997,1466.3420731455258,1443.3081103251436,1447.4542236328125,85351800
2024-03-28,1438.5856168566775,1465.1915156758957,1432.984375,1432.984375,69498500
2024-03-29,1446.0538864824848,1457.2563697864164,1443.253265656502,1446.9874267578125,29338800
2024-04-01,1453.522196792041,1459.5902085320208,1390.0414585891774,1395.6427001953125,82315700
2024-04-02,1409.6457771921525,1426.916271813381,1392.3752825709241,1395.1759033203125,67769500
2024-04-03,1390.508323934606,1413.8468322248816,1382.5732311159127,1410.1126708984375,52643600
2024-04-04,1425.9827178304931,1457.723086017882,1415.2470050612292,1446.0538330078125,76582900
2024-04-05,1413.3800092438953,1424.11572265625,1408.712307760263,1424.11572265625,53495200
2024-04-08,1431.5840007036297,1444.653564453125,1425.9827590967034,1444.653564453125,44993200
2024-04-09,1446.5206449887671,1452.1218865956937,1429.7169201679876,1444.653564453125,47275500
2024-04-10,1432.984306414922,1438.5855480035145,1428.7833752234776,1433.9178466796875,35143800
2024-04-11,1430.18375875,1459.59027859375,1429.71698859375,1458.65673828125,54463800
2024-04-12,1460.990530887727,1461.4573010253905,1436.7184837292086,1446.9874267578125,50804800
2024-04-15,1423.6490061062855,1439.9859619140625,1415.2471431194285,1439.9859619140625,42520500
2024-04-16,1434.3846651464553,1449.3213098860213,1406.8452264078803,1409.1790771484375,60652500
2024-04-17,1418.9811950376884,1418.9811950376884,1380.7060443820667,1393.308837890625,50614200
2024-04-18,1385.3738335324654,1422.2486761365976,1384.9070633729193,1416.1806640625,49230800
2024-04-19,1419.4480006103515,1424.5824721679687,1382.5731594238282,1400.3104248046875,64517700
2024-04-22,1425.516030295546,1450.7216182575496,1420.3815586736564,1443.2532958984375,73855500
2024-04-23,1457.256366267163,1467.058539134431,1444.6535725806757,1451.1883544921875,48408400
2024-04-24,1461.4573936899756,1467.5254058643511,1449.7881395084842,1465.6583251953125,45715700
2024-04-25,1460.0570714706535,1467.5253940868715,1446.9875068922715,1448.3878173828125,35517800
2024-04-26,1446.987560229217,1463.3245165543856,1423.6490511932618,1449.3214111328125,61190400
2024-04-30,1440.452754886213,1474.5269775390625,1437.185363672926,1474.5269775390625,57840300
2024-05-01,1463.7911411696514,1467.5253022440638,1445.587105931891,1459.5902099609375,45797000
2024-05-02,1453.5221783847883,1455.389258896522,1440.4526148026514,1450.7215576171875,31113300
2024-05-07,1463.7910218890315,1463.7910218890315,1440.4525170757497,1455.38916015625,43814000
2024-05-08,1456.3227605174081,1461.457231788463,1442.786427166445,1447.9208984375,35760700
2024-05-09,1464.2580034878113,1487.1297415085007,1460.9906123419985,1478.2611083984375,69999200
2024-05-10,1481.5283970949565,1505.3336737968602,1477.7942360436775,1487.129638671875,73830500
2024-05-13,1493.1976853012852,1509.0678701403738,1483.8622824547626,1494.1312255859375,64361200
2024-05-14,1493.6644785502958,1505.800502438517,1485.2626158584503,1498.7989501953125,42670200
2024-05-15,1509.5345931378447,1517.469685309565,1484.7957763671875,1484.7957763671875,70435500
2024-05-16,1447.454191080729,1456.789593796503,1402.177487909226,1421.3150634765625,159290800
2024-05-17,1426.449484656622,1473.1264965891032,1421.781783463374,1450.2547607421875,107747200
2024-05-20,1449.78788928168,1468.4586927495702,1448.3875790215882,1459.123291015625,56938900
2024-05-21,1451.6552352905273,1455.3893966674805,1433.4511985778809,1448.8546142578125,49373200
2024-05-22,1460.0569332480084,1461.9240137253078,1446.0538296682641,1450.2547607421875,47238500
2024-05-23,1455.3892787522236,1460.5237502295406,1442.3197149917803,1459.5902099609375,48875800
2024-05-24,1440.4526687320974,1468.9256476020448,1439.5191284412795,1466.591796875,43700300
2024-05-27,1466.5917413850057,1484.7957763671875,1462.8575803630197,1484.7957763671875,42011200
2024-05-28,1488.996759363123,1519.8035888671875,1483.395517635111,1519.8035888671875,68773800
2024-05-29,1521.6706623503837,1554.3445722781528,1521.2038922085585,1528.2054443359375,86664600
2024-05-30,1513.268765192304,1538.0075821433195,1505.8004430938843,1521.203857421875,57651000
2024-05-31,1517.4697547608896,1552.9442860933495,1515.135904015333,1547.809814453125,98476700
2024-06-03,1572.5485886267898,1588.4187732552582,1570.2147379461326,1583.2843017578125,73945300
2024-06-04,1579.083557437073,1608.9568496853653,1567.414302652584,1571.615234375,87423800
2024-06-05,1550.6103652331863,1555.278066513238,1530.0724796009586,1533.806640625,65780900
2024-06-06,1533.806796975585,1560.8794671595729,1523.537853112693,1540.808349609375,61462800
2024-06-07,1526.3383205983966,1538.9411140712273,1498.3321128809948,1514.6690673828125,69190100
2024-06-10,1531.0060014635117,1541.7417142786521,1522.1373691379608,1539.8746337890625,49724900
2024-06-11,1542.2085521750575,1550.1436446045298,1524.0045166015625,1524.0045166015625,43479400
2024-06-12,1506.7341270128593,1513.7356796476772,1498.3322638510774,1510.93505859375,39735800
2024-06-13,1515.1358973622732,1516.0694376563965,1488.996769126818,1492.26416015625,44414200
2024-06-14,1470.7926410122843,1496.4649974882207,1464.257859363864,1473.59326171875,85053900
2024-06-17,1458.1899829789172,1469.3924668430318,1433.451164445664,1441.85302734375,55565500
2024-06-18,1449.7881200808313,1457.2564426569077,1436.7185555726976,1441.85302734375,34458900
2024-06-19,1456.3229218501194,1472.1931075369475,1448.854599173965,1465.6583251953125,35779700
2024-06-20,1460.9906155784129,1469.859248708122,1438.585647671779,1444.1868896484375,32887900
2024-06-21,1466.1250873903498,1472.1930995317298,1441.3862686601083,1444.1868896484375,58191500
2024-06-24,1446.5207671394603,1485.2626915255767,1443.2533759261732,1474.5269775390625,47993500
2024-06-25,1496.4651904400987,1537.0741959199142,1491.7974886608094,1532.406494140625,70543800
2024-06-26,1531.0061342548804,1550.610481095949,1525.4048923002895,1542.2086181640625,57890200
2024-06-27,1548.7433360389991,1563.2132104866207,1545.4759450346974,1553.8778076171875,58242800
2024-06-28,1568.3475929908907,1622.4929265584333,1564.613432055198,1614.091064453125,123467800
2024-07-01,1626.2271808779124,1632.761962890625,1606.6228348397747,1632.761962890625,69798600
2024-07-02,1652.3663272783942,1697.1762615774694,1647.6986257889073,1690.6414794921875,110642900
2024-07-03,1685.0403137037583,1692.9754065937761,1671.9707489437292,1681.30615234375,62474100
2024-07-04,1686.4405753035226,1709.77908312671,1667.7697690449727,1706.044921875,69165000
2024-07-05,1715.8471179713306,1726.5828317127182,1688.3076783738582,1695.7760009765625,55089300
2024-07-08,1700.9104800446553,1706.511722020653,1672.4375,1672.4375,46190200
2024-07-09,1671.9706134294067,1671.9706134294067,1643.4976353670968,1649.098876953125,65744800
2024-07-10,1675.7048491665723,1684.573482073025,1657.0340430477247,1673.8377685546875,61432500
2024-07-11,1694.8423712934766,1696.7094518457138,1671.03709425245,1672.9041748046875,46967900
2024-07-12,1644.4313931710378,1646.7652441406249,1628.0944363839285,1633.6956787109375,61952300
2024-07-16,1643.0310587542206,1667.303108485817,1637.8965866956135,1658.9012451171875,42048400
2024-07-17,1679.4388776703743,1680.3724179025423,1648.6320500088277,1652.3662109375,37687900
2024-07-18,1639.296670884683,1675.7047404544453,1637.429590393926,1657.033935546875,52442000
2024-07-19,1669.1700547799555,1670.5703652285965,1644.4312368539663,1656.5672607421875,37630600
2024-07-22,1661.7017272355288,1664.9691182722277,1627.6275064242384,1630.8948974609375,38158300
2024-07-23,1645.8316192885723,1661.2350348973423,1637.4297562292434,1651.432861328125,38657200
2024-07-24,1642.5640585500485,1648.6320701332115,1627.16064453125,1627.16064453125,38133600
2024-07-25,1594.4867601445897,1612.6907951696596,1561.8128511252332,1563.679931640625,65008600
2024-07-26,1573.482177734375,1600.5548464702379,1562.7464642701536,1573.482177734375,53587800
2024-07-29,1590.2857783363404,1598.6876403880146,1576.2826749168835,1592.61962890625,43301100
2024-07-30,1564.6135218313002,1577.2163157123996,1558.0787398188784,1568.814453125,45226000
2024-07-31,1587.0186593191963,1644.8981633649553,1577.6832554408481,1633.6956787109375,122531400
2024-08-01,1626.2271448719573,1636.9628579408595,1580.9504419291961,1610.82373046875,110242400
2024-08-02,1461.4573143629411,1501.132776426451,1409.6458286094162,1415.2470703125,167127800
2024-08-05,1153.855732982487,1258.8790096495823,1120.2482844490164,1162.724365234375,217917100
2024-08-06,1353.6334487845575,1359.2346906415971,1188.863584156644,1230.4061279296875,195791600
2024-08-07,1222.9378439776146,1385.3738629486872,1217.3366019441296,1337.7633056640625,180522900
2024-08-08,1288.285633493676,1348.0322135977306,1285.9517827083614,1300.888427734375,104202000
2024-08-09,1329.3613385102801,1331.2284190418957,1293.8868084095843,1316.758544921875,85154400
2024-08-13,1318.625657575844,1343.8312453666742,1312.5576457002737,1342.897705078125,74626800
2024-08-14,1381.6395429084478,1387.7075544144645,1348.0320945674314,1360.6348876953125,69070500
2024-08-15,1378.839035958032,1423.1822006215434,1369.5036328709768,1403.111083984375,80672800
2024-08-16,1470.3259725380312,1470.3259725380312,1436.2517515871498,1449.7880859375,74276100
2024-08-19,1451.6550239189799,1466.5916672519083,1433.9177599611273,1440.9193115234375,53622900
2024-08-20,1456.3228753440737,1456.7896454964277,1432.0508274216727,1441.38623046875,37981600
2024-08-21,1418.98130816198,1436.7185745140046,1416.6474573261871,1435.7850341796875,32992000
2024-08-22,1434.3847582854569,1435.7850688207177,1402.177615974459,1412.913330078125,42850000
2024-08-23,1421.7819671330687,1427.3832092885502,1408.7124021036118,1423.6490478515625,38568400
2024-08-26,1412.4464907615948,1422.248664028612,1389.107982982983,1398.91015625,47185600
2024-08-27,1395.642598571473,1415.7137128653103,1391.4416676727628,1404.51123046875,29317100
2024-08-28,1392.842121964537,1409.1790771484375,1387.2408801871998,1409.1790771484375,35413900
2024-08-29,1416.6473154619705,1421.7817867865444,1405.911602692407,1411.9796142578125,41281700
2024-08-30,1418.981262526587,1430.1837461781129,1411.5129400922367,1426.4495849609375,44526700
2024-09-02,1448.854549261382,1458.1899522849733,1436.7185253307132,1445.587158203125,35940300
2024-09-03,1455.3893445976978,1492.73095703125,1450.2548728880843,1492.73095703125,52222400
2024-09-04,1446.0538914138865,1452.1219032242095,1404.9781191593927,1408.7122802734375,73244900
2024-09-05,1380.7060361982235,1412.9131749736384,1362.9687713653861,1386.7740478515625,70183600
2024-09-06,1390.9748897152165,1402.1773720484935,1369.5034652431025,1378.8388671875,41174300
2024-09-09,1316.2918033718815,1353.1666446720158,1313.0244123706038,1347.0986328125,59335300
2024-09-10,1346.6317524179296,1376.9718092315052,1346.1649823131054,1349.432373046875,46372100
2024-09-11,1333.5622023280155,1352.2330067008265,1320.0258691577278,1332.628662109375,56256200
2024-09-12,1360.6350898350486,1374.1714252056202,1346.6319842792848,1362.035400390625,45593000
2024-09-13,1355.5006790844677,1365.30285341669,1347.0988153711342,1354.567138671875,52635600
2024-09-17,1358.7679475618972,1367.1698105148735,1299.0213665629542,1324.6937255859375,62329300
2024-09-18,1341.4974940062832,1345.231655437059,1318.62575524278,1323.29345703125,44240600
2024-09-19,1362.9688176758489,1367.6365191062457,1347.0986328125,1347.0986328125,52452100
2024-09-20,1384.4402541599454,1403.111060015103,1375.5716213787455,1383.5067138671875,93077100
2024-09-24,1400.3104661809655,1401.2440064917528,1378.8390390328573,1383.9735107421875,48397800
2024-09-25,1368.5701407818449,1373.2378424898322,1345.6984024127078,1348.4990234375,47229600
2024-09-26,1356.9007893001315,1383.0399169921875,1349.8992372397593,1383.0399169921875,63504400
2024-09-27,1399.1826970674185,1399.1826970674185,1366.4227357176892,1377.8175048828125,64741600
2024-09-30,1422.446756683759,1422.446756683759,1370.2207409176663,1380.191162109375,98282300
2024-10-01,1388.7372954466248,1426.2450719732174,1376.3929639315436,1404.8798828125,53945200
2024-10-02,1384.4643098397091,1416.7494857893319,1372.119977858971,1376.8677978515625,56423600
2024-10-03,1396.808671871629,1397.7582358905765,1367.8469692937333,1375.4434814453125,46963700
2024-10-04,1381.615636052312,1410.5773383888038,1377.3425980026657,1405.354736328125,49705300
2024-10-07,1456.6311626770696,1471.8241865381083,1445.2363947812908,1453.782470703125,70929500
2024-10-08,1452.8329516471701,1462.3285918540143,1419.1234289128731,1428.144287109375,48802100
2024-10-09,1442.3877562053833,1443.8121022450857,1418.6486555436752,1425.7703857421875,31514600
2024-10-10,1449.9841603867073,1453.7824162095933,1437.639828962328,1448.559814453125,39215000
2024-10-11,1461.853838183216,1480.3703369455238,1458.5303640463917,1473.723388671875,50210400
2024-10-15,1514.5545703155776,1518.3528262912907,1496.0380724339766,1506.4832763671875,67380200
2024-10-16,1497.4624306732753,1514.0798007029407,1489.865918659714,1509.8067626953125,43088800
2024-10-17,1519.3023709888923,1545.415380490264,1511.7058591339478,1538.7684326171875,61903700
2024-10-18,1549.688362511405,1576.2761530446892,1542.5666329042756,1561.0831298828125,61953500
2024-10-21,1559.1840844529797,1559.6588664518997,1530.2223825188653,1531.646728515625,41261300
2024-10-22,1522.6258468987469,1530.2223587635362,1499.361529312829,1511.2310791015625,41483300
2024-10-23,1509.331987002433,1512.1806790194241,1485.118104858009,1487.966796875,31281200
2024-10-24,1471.8241672698682,1496.9876127102887,1464.227655438798,1486.067626953125,37136200
2024-10-25,1462.3286080783823,1477.046850562288,1455.681659859844,1470.39990234375,39535300
2024-10-28,1439.0642673624309,1499.8363644334936,1439.0642673624309,1483.218994140625,44982600
2024-10-29,1488.4414849242785,1536.3944641834019,1487.9667029514158,1527.848388671875,49491400
2024-10-30,1536.3946391574584,1546.83984375,1525.4746525379833,1546.83984375,116677200
2024-10-31,1534.0205370089304,1555.3857255466592,1530.6970632363948,1546.3648681640625,42719700
2024-11-01,1528.7980108075728,1562.982314154823,1526.8988828438366,1538.7684326171875,45471600
2024-11-05,1547.7894044172153,1549.2137504949,1532.5963795885802,1541.1424560546875,28419300
2024-11-06,1554.4362763794265,1628.97705078125,1550.6380203589515,1628.97705078125,89785000
2024-11-07,1704.942089449975,1718.2359848842825,1648.9178158339635,1677.8795166015625,105778900
2024-11-08,1694.022197262864,1694.4969792688232,1671.2326609768165,1679.303955078125,38968300
2024-11-11,1694.49692442359,1703.0430002542496,1663.1613130445041,1674.081298828125,44870100
2024-11-12,1708.7404329649669,1722.9838930897097,1701.1439208984375,1701.1439208984375,68350700
2024-11-13,1713.9629802298039,1717.2864541526872,1682.152586967921,1695.9212646484375,51781400
2024-11-14,1699.244746190157,1726.307319683546,1695.4464902612604,1707.3160400390625,54966700
2024-11-15,1737.7021448235764,1745.2986569320947,1710.6395704369797,1732.0047607421875,94700800
2024-11-18,1738.176949463902,1744.3491156324435,1717.7613229064182,1719.1856689453125,47560000
2024-11-19,1720.1351921261569,1750.521240234375,1718.7108461210842,1750.521240234375,59335500
2024-11-20,1742.4499189065941,1743.399482895099,1720.1351651767277,1724.408203125,42730200
2024-11-21,1725.3576789256083,1732.0046265053986,1707.315964066177,1714.9124755859375,38328400
2024-11-22,1725.3577119675729,1737.7020434235874,1718.710764260488,1732.9542236328125,35842900
2024-11-25,1739.601314883112,1750.521301302957,1729.1561104815214,1733.9039306640625,53835900
2024-11-26,1732.0046909828643,1736.752510859462,1687.8499661305052,1703.9925537109375,44950100
2024-11-27,1694.971689077524,1706.841238720924,1660.312604118796,1678.8291015625,47675000
2024-11-28,1652.2413807384435,1689.2743772032707,1649.3926887026876,1679.303955078125,34111600
2024-11-29,1684.5265007019043,1705.4169082641602,1675.5056428909302,1701.61865234375,39570400
2024-12-02,1713.4882539153393,1734.853444113785,1704.4673958315511,1734.378662109375,58921200
2024-12-03,1737.7020636747402,1753.3698691668894,1734.8533717670766,1747.6724853515625,60177400
2024-12-04,1756.6933748866973,1765.2394507645245,1718.236033436475,1718.7108154296875,53782100
2024-12-05,1744.8238413685722,1745.7734053638749,1712.0638835306318,1727.731689453125,43638700
2024-12-06,1709.2151044185205,1720.135089807861,1704.4672846840244,1718.2359619140625,35967200
2024-12-09,1720.6099052723607,1729.6307629434907,1691.6482043282067,1722.509033203125,43808400
2024-12-10,1732.0046265053986,1735.3281002952938,1714.4376936159524,1714.9124755859375,31932900
2024-12-11,1726.307387361309,1749.5717058378502,1722.5091312835063,1749.096923828125,51405300
2024-12-12,1758.592579865565,1774.7351683416528,1757.1682338235573,1758.1177978515625,56473100
2024-12-13,1756.6934099323719,1765.2394859806916,1740.5508218411014,1756.2186279296875,47770900
2024-12-16,1765.2395822158346,1773.7856587300587,1751.9456854159305,1763.3404541015625,36621800
2024-12-17,1760.491617168194,1762.8655271158318,1725.3577499431544,1729.156005859375,56169900
2024-12-18,1719.6603708243535,1748.1472902747846,1718.7108068426724,1721.084716796875,34653300
2024-12-19,1709.2151407910876,1755.2689931957364,1697.3455912022605,1741.97509765625,46831000
2024-12-20,1723.4587156550735,1727.7317537930612,1679.3039882291996,1683.5770263671875,70783300
2024-12-23,1684.5265458170572,1709.2152099609375,1679.303943786621,1709.2152099609375,35341700
2024-12-24,1716.811767578125,1723.9334978086758,1708.2656913014641,1716.811767578125,29502900
2024-12-25,1710.6395559692382,1713.9630299886066,1697.820441894531,1709.2152099609375,25367400
2024-12-26,1709.2151964125485,1719.660400390625,1702.5682484264996,1719.660400390625,32981700
2024-12-27,1728.2063784319575,1746.7228753437287,1724.4081226551841,1740.075927734375,64716400
2024-12-30,1751.9456996070473,1771.8865449684286,1746.2483152180814,1752.895263671875,45651400
2025-01-06,1766.1890956216353,1775.2099539057242,1742.4499948740327,1763.815185546875,46536300
2025-01-07,1778.53324441957,1836.4566442645214,1773.7854247601479,1821.7384033203125,84675200
2025-01-08,1829.3351091521056,1849.7507358568917,1809.8690464801005,1822.21337890625,65845300
2025-01-09,1809.8689546070323,1834.557618206079,1807.969826637875,1820.7889404296875,49890200
2025-01-10,1814.1420653463192,1820.3142314937943,1795.6255669038942,1807.4951171875,45911300
2025-01-14,1813.6672147303123,1818.8898166575461,1750.9959916035057,1765.7142333984375,65248800
2025-01-15,1785.180376382926,1799.4238368327897,1777.1090821280031,1797.0499267578125,40942600
2025-01-16,1809.8689268404844,1830.2845521957154,1781.382007740162,1794.6759033203125,59215400
2025-01-17,1785.6551231619187,1786.1299051675453,1736.2777945767446,1773.310791015625,59166500
2025-01-20,1803.222086142448,1819.8394566045295,1789.9281897727828,1818.889892578125,49254900
2025-01-21,1827.4358376034606,1834.0827853110338,1790.8776252118093,1821.263671875,46188100
2025-01-22,1838.355887752426,1839.3054517440337,1809.8689680041962,1810.34375,43590100
2025-01-23,1808.9194754574019,1816.0412056757382,1789.928194875172,1810.818603515625,37769800
2025-01-24,1810.818603515625,1826.0116279814088,1791.827322933395,1810.818603515625,56820700
2025-01-27,1829.8098107039586,1864.4688963763483,1821.2637347847394,1824.1124267578125,79569500
2025-01-28,1829.8097905906877,1882.0358095229594,1824.5871886974605,1870.166259765625,71707300
2025-01-29,1875.3888616588522,1881.0862455423728,1863.0445299112243,1870.166259765625,49892200
2025-01-30,1877.76278889249,1891.0566847430564,1855.9228171379882,1865.41845703125,52933400
2025-01-31,1869.2167622004913,1880.1367483652389,1853.0741739569514,1878.71240234375,41602800
2025-02-03,1847.8515091338509,1852.5993290442668,1822.2132816176052,1828.8602294921875,66155400
2025-02-04,1842.1541452223637,1855.4480411157208,1834.5576332833023,1843.5784912109375,54245400
2025-02-05,1851.649726511901,1871.5905697204907,1823.162807642487,1832.658447265625,68815300
2025-02-06,1842.1541475183824,1845.002839499081,1807.495061753217,1816.0411376953125,53281200
2025-02-07,1820.3142053433453,1825.0620253885809,1797.9994511307377,1814.6168212890625,33481300
2025-02-10,1822.213419371547,1831.709059910221,1802.747356267265,1804.646484375,29342500
2025-02-12,1804.1715840545503,1810.34375,1788.9785601888277,1810.34375,32614900
2025-02-13,1826.4862892787316,1845.9523505889547,1825.5367253123793,1844.05322265625,45145800
2025-02-14,1832.6585469443417,1848.8011351816754,1827.9107268745377,1845.4776611328125,41041200
2025-02-17,1853.5489182692309,1882.5106201171875,1851.649790279201,1882.5106201171875,46516600
2025-02-18,1898.1783396553922,1929.9887320408127,1892.4809559445705,1920.018310546875,63751800
2025-02-19,1920.0185182757737,1936.1611072029193,1902.9263652940904,1910.048095703125,56609400
2025-02-20,1890.581825664409,1902.4513750470333,1861.1453431955006,1873.014892578125,55078800
2025-02-21,1861.1454709941652,1872.0654571760188,1843.1037546937116,1851.175048828125,43123200
2025-02-25,1826.9610331388676,1866.8427188934584,1819.3645215665647,1861.6201171875,44022100
2025-02-26,1851.6498851776123,1856.3977053960164,1811.7681953430176,1823.1629638671875,50120300
2025-02-27,1819.839370692154,1843.5784702315768,1812.2428588395387,1842.62890625,45479200
2025-02-28,1831.7088035467232,1834.0827133491425,1792.7766827870469,1807.0201416015625,95721700
2025-03-03,1836.4566646318483,1854.9731615089531,1823.6375514092372,1850.225341796875,41941900
2025-03-04,1835.9820853286649,1840.255123541222,1807.0203818880007,1834.5577392578125,43511100
2025-03-05,1813.6672974424448,1835.032488119123,1807.9699132619974,1830.28466796875,40720700
2025-03-06,1837.4063534271875,1862.0950176076044,1836.9315714237177,1855.9228515625,46161900
2025-03-07,1826.0115251518814,1836.9315108717185,1819.3645773224155,1825.5367431640625,44683300
2025-03-10,1834.082950369517,1840.2551166534424,1821.2638357798257,1823.1629638671875,33199000
2025-03-11,1785.1802049285195,1800.3732279491878,1735.8028801113478,1797.5245361328125,73519900
2025-03-12,1806.0706563208387,1844.5279967945476,1804.646310377368,1832.658447265625,52283100
2025-03-13,1853.5489329170925,1868.7419569573965,1846.9019848994594,1858.2967529296875,46852300
2025-03-14,1870.6410811847818,1905.3001672067335,1852.599365173355,1899.602783203125,68846600
2025-03-17,1918.1192284194121,1936.6357259214806,1915.2705364960168,1927.6148681640625,51530100
2025-03-18,1948.030620375703,2010.22706475036,1948.030620375703,1999.7818603515625,91991900
2025-03-19,2003.5799225150647,2012.1259980139441,1988.3868994059458,1999.306884765625,66743300
2025-03-21,2017.8235269085524,2126.5486063584485,2015.4496168768953,2113.7294921875,139494500
2025-03-24,2089.040811046012,2112.779911171535,2071.473876953125,2071.473876953125,60516100
2025-03-25,2089.0409239946844,2091.4148341355876,2042.0375032048041,2054.3818359375,45627000
2025-03-26,2070.9990502375595,2070.9990502375595,2032.5417088645097,2050.108642578125,46705600
2025-03-27,2050.108745512788,2071.9487182533135,2037.289631078132,2068.625244140625,52488100
2025-03-28,2080.7112075194154,2085.0621370890426,2035.2681653477553,2038.6522216796875,49747500
2025-03-31,1948.7328873022109,1978.7059557747332,1929.878860359818,1944.3819580078125,65815900
2025-04-01,1975.3219779577992,1981.6066538543855,1912.9586555993665,1927.9451904296875,56666500
2025-04-02,1925.0445799413515,1926.0114531608097,1877.6677921878977,1898.45556640625,52741900
2025-04-03,1746.1730186977168,1803.7019747400834,1726.3521178763972,1762.60986328125,133112300
2025-04-04,1639.333481205342,1658.6709448586048,1546.9970922610128,1613.2279052734375,171845900
2025-04-07,1274.8223068864797,1481.733170499454,1266.6038847336279,1445.9588623046875,172141100
2025-04-08,1622.4132701473443,1632.082002388985,1568.268369594155,1603.0758056640625,120997000
2025-04-09,1546.9970392117834,1569.7185582252066,1500.58712803543,1517.9908447265625,126803200
2025-04-10,1756.8086289941464,1756.8086289941464,1653.8366317526072,1654.320068359375,132780800
2025-04-11,1552.3150142624445,1607.4267899167323,1541.679408434424,1590.0230712890625,98801700
2025-04-14,1596.3076784079483,1647.5519588171676,1587.1223828628995,1592.440185546875,64482000
2025-04-15,1618.5457454871678,1645.1347586298782,1605.49295721711,1628.2144775390625,59414100
2025-04-16,1643.6844819936625,1652.386341015982,1578.420539326267,1587.6058349609375,63594600
2025-04-17,1592.4402289254324,1624.3470458984375,1579.8708767845517,1624.3470458984375,52230000
2025-04-18,1633.5322877606097,1641.7507100429211,1616.612006591145,1629.664794921875,50013500
2025-04-21,1618.5457929829288,1620.962976066834,1587.6058495089421,1598.241455078125,33138500
2025-04-22,1590.506409027791,1604.0426337854744,1576.486747671619,1578.9039306640625,42565500
2025-04-23,1642.717552445023,1651.9028477647569,1623.3800886140045,1631.5985107421875,60413200
2025-04-24,1649.9691913747663,1673.6575858597832,1644.1679519090478,1664.4722900390625,52714600
2025-04-25,1685.743446723872,1686.710319936791,1659.1544333686059,1677.5250244140625,48539900
2025-04-28,1692.0281059316803,1724.4183582452297,1692.0281059316803,1713.29931640625,47288400
2025-04-30,1740.3718030912116,1759.7092675700028,1723.4515216722693,1743.755859375,64480100
2025-05-01,1759.7091986488144,1762.1263816139915,1701.696807484568,1722.968017578125,62432800
2025-05-02,1698.7962889922437,1730.7031060308004,1665.4391620882982,1679.9422607421875,69709700
2025-05-07,1692.028160062527,1701.2134557885806,1668.3397658216516,1692.5115966796875,51813300
2025-05-08,1685.7433474275456,1708.948303170741,1683.8096011156126,1705.080810546875,38483300
2025-05-09,1728.2859250368301,1752.4577561562264,1724.4184320577267,1751.0074462890625,49684000
2025-05-12,1772.761993283777,1781.463851990924,1753.9079660849584,1778.563232421875,43552500
2025-05-13,1877.6677950677833,1884.9193442248422,1843.827232334842,1844.3106689453125,69781000
2025-05-14,1880.0849227787596,1911.508301534383,1858.8137125441838,1880.568359375,61625800
2025-05-15,1880.5682828438714,1883.4689023032706,1853.4958345561447,1866.065185546875,52970600
2025-05-16,1890.237183181457,1927.9452395211383,1874.767211349793,1882.502197265625,84511500
2025-05-19,1877.1843853631156,1917.3096246072923,1857.363484049727,1904.2568359375,48631200
2025-05-20,1911.5083695906994,1931.8127073556993,1906.6740034561758,1909.0911865234375,52344600
2025-05-21,1926.011445114213,1956.9513880076142,1904.740234375,1904.740234375,70675700
2025-05-22,1903.7733159945374,1904.740189187018,1870.8996274501928,1880.568359375,40459500
2025-05-23,1885.4027943261342,1894.5880899908,1871.8665691361005,1878.1512451171875,37328900
2025-05-26,1878.151145837496,1893.1376800771259,1869.9327238351184,1890.237060546875,31307200
2025-05-27,1880.5684787285227,1911.5084228515625,1873.3169293246851,1911.5084228515625,29503000
2025-05-28,1938.5807193206151,1942.448212027489,1896.0382995450007,1897.9720458984375,50253600
2025-05-29,1916.3427264358634,1938.580810546875,1908.6077406581203,1938.580810546875,52129100
2025-05-30,1920.2101210060016,1968.5537796416008,1914.8923185560857,1958.401611328125,63359000
2025-06-02,1933.2629319694172,1936.6469881144,1912.4751585073805,1924.07763671875,42770900
2025-06-03,1926.49495828616,1927.9452681669275,1903.2900001938801,1911.5084228515625,36477700
2025-06-04,1917.3096391600332,1929.8789913078294,1911.991836328273,1914.8924560546875,28544200
2025-06-05,1899.9058230351743,1900.3892596313663,1879.6014859951038,1888.3033447265625,35749700
2025-06-06,1900.389228840234,1910.057960607419,1890.7204970730488,1897.9720458984375,25747500
2025-06-09,1915.3758238976613,1920.6936265384675,1908.6077114457262,1917.3095703125,23923200
2025-06-10,1917.3095171222797,1921.6604464349628,1893.1376876073746,1899.42236328125,40052300
2025-06-11,1899.905838293532,1911.02488009525,1884.435867091142,1891.2039794921875,29812800
2025-06-12,1899.9058762354373,1905.7071155521867,1887.8199609922092,1898.45556640625,35979800
2025-06-13,1892.6543440119983,1897.0052735384627,1857.363471186232,1870.416259765625,51362300
2025-06-16,1881.05179578368,1891.2039643037153,1871.383063859837,1888.3033447265625,30342200
2025-06-17,1886.3695907495035,1894.104576257446,1874.2836758933431,1886.85302734375,30085800
2025-06-18,1876.7008360723705,1890.237060546875,1870.4161604234935,1890.237060546875,29617800
2025-06-19,1896.0383993587382,1898.939019041592,1882.5021741720873,1885.88623046875,19702800
2025-06-20,1886.853057650862,1909.5745779454023,1882.5021282327587,1892.654296875,46602400
2025-06-23,1892.654328313062,1894.104638143187,1858.3303290001047,1875.2506103515625,34019700
2025-06-24,1902.8064573957276,1911.5083161947937,1885.8861763975442,1906.6739501953125,29758600
2025-06-25,1911.5083624686902,1912.9586723036437,1878.6346728764113,1899.9058837890625,27512900
2025-06-26,1878.6345297603284,1911.9916534230827,1878.6345297603284,1911.0247802734375,30161700
2025-06-27,1912.4751281738281,1937.1303939819336,1900.3892135620117,1918.2763671875,55914400
2025-06-30,1933.7464148386282,1937.130471064596,1900.389289182662,1917.3095703125,45138300
2025-07-01,1905.70718400838,1909.0912403980449,1882.5022259078214,1903.7734375,37538500
2025-07-02,1903.7733381613014,1917.792999615511,1895.071479327654,1908.124267578125,36491900
2025-07-03,1914.4089277427322,1920.693603515625,1898.9389566094576,1920.693603515625,27346100
2025-07-04,1937.1305532453077,1955.5011449656276,1934.713370124213,1948.7330322265625,49668300
2025-07-07,1942.448367667598,1952.6005368365923,1899.9059444832403,1903.7734375,43315200
2025-07-08,1891.2039943243199,1913.4420781021622,1891.2039943243199,1901.839599609375,37110400
2025-07-09,1914.4088897782183,1918.2763824848407,1898.9389189517276,1913.4420166015625,27102200
2025-07-10,1910.5414047647337,1916.3426438480274,1898.4554900078717,1907.1573486328125,36128100
2025-07-11,1914.4090325342465,1961.302385098848,1912.475286036737,1940.998046875,61999500
2025-07-14,1922.1439435970829,1937.6139149741216,1912.9586480919659,1926.494873046875,32652500
2025-07-15,1938.097259498579,1967.5868910349755,1926.4947815170458,1932.2960205078125,36573700
2025-07-16,1923.1108254679568,1926.011445114213,1902.8064879441624,1904.740234375,36454200
2025-07-17,1906.6738662661678,1914.408851524854,1900.8726273221532,1906.1904296875,24463800
2025-07-18,1915.375747680664,1917.7929306030273,1901.8395233154297,1902.806396484375,27493000
2025-07-22,1915.3758685913085,1942.931755645752,1910.5415024414062,1933.7464599609375,36368500
2025-07-23,1976.772201345305,2047.8373795301325,1972.4212720686828,2028.0164794921875,93269300
2025-07-24,2072.009298930211,2106.8167346565233,2065.7246230351825,2099.565185546875,69111100
2025-07-25,2082.1613540897006,2094.7307051940265,2071.0423127281815,2085.54541015625,38320900
2025-07-28,2078.777321023065,2084.5785600584777,2031.4005355671902,2035.75146484375,39535800
2025-07-29,2028.4999470822395,2029.9502568632802,1998.5268782740654,2002.8778076171875,28810600
2025-07-30,2011.0962369853996,2022.6987152757001,1995.6262659316658,2019.798095703125,23567400
2025-07-31,2014.9636765484333,2043.0029983430134,2008.195564391121,2040.5858154296875,32029400
2025-08-01,2011.0962660143396,2068.6252217008073,2002.3944071710082,2056.539306640625,43624900
2025-08-04,1977.2557067125672,1981.606636140541,1954.0507497633732,1979.189453125,62389500
2025-08-05,1982.090095062515,2000.9441227960367,1962.7526307204419,1991.275390625,44850300
2025-08-06,1997.0765987244754,2015.9306261634138,1991.7587961134927,2008.6790771484375,31012900
2025-08-07,2009.6459416063162,2051.704925710177,2006.7453220129464,2045.9036865234375,38214000
2025-08-08,2057.506233123973,2081.67806387026,2045.9037543657548,2058.95654296875,45279500
2025-08-12,2092.7970113168817,2162.8953173092464,2086.995772200272,2149.842529296875,88935600
2025-08-13,2165.796144334532,2174.0145672036588,2125.1874666282597,2150.326171875,55468500
2025-08-14,2133.4056848626924,2179.332161196696,2128.087882339808,2165.3125,54772200
2025-08-15,2194.8021226865258,2295.84037018465,2193.8352495047257,2295.35693359375,94870900
2025-08-18,2274.569137701855,2278.4366303908278,2236.861083984375,2236.861083984375,53442600
2025-08-19,2237.344536452553,2238.311409631659,2173.5309066315203,2177.8818359375,52086400
2025-08-20,2185.1333923070015,2208.338348685483,2154.6768870602446,2187.067138671875,36596800
2025-08-21,2184.166603316804,2197.702828392694,2169.6635050212076,2179.815673828125,24823600
2025-08-22,2203.9874037930354,2215.1064453125,2188.033996395542,2215.1064453125,30815700
2025-08-25,2245.079459585632,2246.5297693140465,2202.5370408854737,2212.689208984375,32120800
2025-08-26,2202.537078857422,2216.0733032226562,2188.517417907715,2196.73583984375,33503900
2025-08-27,2194.8021012047816,2199.636467066466,2172.5640182410325,2174.981201171875,26618400
2025-08-28,2160.9613897119625,2193.3516387300165,2156.610460739388,2192.384765625,26882400
2025-08-29,2181.749320967,2193.83523566325,2167.2462233315005,2184.16650390625,25541900
2025-09-01,2176.4314346160922,2202.537009353824,2162.4117741087916,2175.947998046875,27735200
2025-09-02,2175.464630126953,2198.186149597168,2164.8290252685547,2196.73583984375,25311000
2025-09-03,2190.934687251477,2192.3849970621022,2119.386069927289,2127.6044921875,50342200
2025-09-04,2141.6242271143283,2182.232903204081,2138.723607393632,2173.047607421875,31065900
2025-09-05,2185.133627844666,2204.471093577805,2180.2992614113814,2193.35205078125,34350300
2025-09-08,2197.2194660781797,2210.272254985575,2172.564198141989,2209.788818359375,37394500
2025-09-09,2214.1394950394083,2226.2254093136407,2176.4314425038024,2185.13330078125,36120900
2025-09-10,2212.205990815942,2250.880920725312,2208.8219344488725,2247.013427734375,46644900
2025-09-11,2228.642508095611,2230.5762543065402,2199.1528783789445,2207.854736328125,37082200
2025-09-12,2221.8744656424064,2222.357902210214,2207.8548051759944,2213.172607421875,35844500
2025-09-16,2209.3052443175616,2221.874595816961,2197.7027660104236,2214.623046875,26719700
2025-09-17,2201.086929110431,2216.5569009381343,2186.100393902343,2203.987548828125,26076700
2025-09-18,2216.0732725713465,2223.8082578159238,2197.7026826154756,2206.404541015625,24929300
2025-09-19,2218.9739900304294,2281.3373113188663,2216.5568070347535,2263.93359375,78267400
2025-09-22,2288.1055219786335,2297.7742543765994,2263.4502543638205,2290.522705078125,43209500
2025-09-24,2287.138733336614,2296.8074660922116,2271.185324289878,2283.271240234375,40358600
2025-09-25,2291.4895170768805,2318.5619670676624,2277.4698554745114,2294.39013671875,46495600
2025-09-26,2296.3239502921733,2325.330147559022,2288.588964354347,2315.177978515625,55120900
2025-09-29,2305.856285209967,2307.3281083707393,2279.3634683160653,2283.288330078125,45169400
2025-09-30,2296.0441509046054,2358.8419396472955,2275.4386264734103,2349.02978515625,54766700
2025-10-01,2313.706139367855,2321.5558633351757,2267.5890110598443,2274.45751953125,54241900
2025-10-02,2256.7956679885087,2275.9293703910203,2230.79345703125,2230.79345703125,41692800
2025-10-03,2220.0001295644693,2272.495160252513,2218.52830627415,2269.551513671875,31228900
2025-10-06,2220.490695248408,2286.722742057629,2193.507268770577,2272.4951171875,77496300
2025-10-07,2286.232089967231,2286.232089967231,2246.0022549077216,2250.417724609375,42592800
2025-10-08,2264.1547295727523,2315.6685424882753,2263.6641218306995,2301.44091796875,48121900
2025-10-09,2316.6496724791446,2323.518180614407,2292.1192862817798,2315.66845703125,34517300
2025-10-10,2296.044244478255,2297.516067711895,2236.1900996435656,2242.077392578125,46565100
2025-10-14,2204.300493532289,2236.189995441837,2191.054085046784,2198.90380859375,42023500
2025-10-15,2216.565705158262,2253.8518923189586,2215.5844897066645,2247.964599609375,25457000
2025-10-16,2263.6641484425927,2278.8729886250203,2242.5680152863224,2257.77685546875,29182800
2025-10-17,2208.7159622585386,2214.6032549167135,2188.6010456764416,2190.5634765625,37741100
2025-10-20,2234.227586000504,2281.325927734375,2213.1314537655408,2281.325927734375,51875600
2025-10-21,2295.5536814184384,2309.290698533146,2252.870806812026,2264.15478515625,48586400
2025-10-22,2246.983541923657,2250.9084040056196,2235.2089556777687,2237.17138671875,34928900
2025-10-23,2227.359130373577,2228.83095358748,2208.2254285928348,2219.018798828125,30349200
2025-10-24,2227.3591579618255,2228.3403734499148,2192.035400390625,2192.035400390625,44301600
2025-10-27,2217.5469334304885,2244.0397507767816,2215.0938947873133,2230.302734375,40823800
2025-10-28,2229.812241523429,2240.1150043555504,2216.0752244139335,2230.79345703125,32770100
2025-10-29,2227.3591028642977,2254.3425281192617,2213.622086370862,2237.661865234375,36995800
2025-10-30,2252.3801142308957,2282.307186103709,2250.4176832884164,2278.38232421875,55985500
2025-10-31,2293.59129418631,2294.081901949772,2258.267535217023,2286.232177734375,36432100
2025-11-04,2274.948170630846,2306.837674855777,2259.7393301543407,2288.194580078125,38663200
2025-11-05,2271.5137272163797,2272.4949426493026,2195.9601388813207,2250.908203125,59683300
2025-11-06,2269.060906013194,2286.232177734375,2263.1736128516463,2286.232177734375,36200800
2025-11-07,2260.720430978613,2289.1756794588127,2246.9834144709307,2271.023193359375,29925800
2025-11-10,2286.232177734375,2295.0631174766963,2276.910630228591,2286.232177734375,27249200
2025-11-11,2305.8564882198334,2313.70621243505,2274.948199122419,2277.891845703125,26998400
2025-11-12,2305.856460571289,2354.917236328125,2301.440990753174,2354.917236328125,52034100
2025-11-13,2384.3537169164542,2419.6774756855866,2383.3725013950893,2403.97802734375,46970400
2025-11-14,2378.957017354603,2419.6774612482786,2374.5415475348073,2404.959228515625,47106100
2025-11-17,2377.975787065507,2406.9216445932284,2360.3139078960503,2380.91943359375,47421600
2025-11-18,2355.8982596781716,2358.351298265925,2300.9501953125,2300.9501953125,47038000
2025-11-19,2307.8187750400643,2328.4242998172076,2277.891703339927,2296.044189453125,39660400
2025-11-20,2353.44523961075,2366.2010403674476,2335.7833616399375,2341.670654296875,40564800
2025-11-21,2300.9503544901404,2348.048698633222,2292.1194149633125,2340.198974609375,45799100
2025-11-25,2354.917192429022,2363.748131900631,2315.668572555205,2332.83984375,39826000
2025-11-26,2351.9734077282133,2401.0341796875,2334.802137542463,2401.0341796875,55272600
2025-11-27,2403.9780414968295,2425.0741753303732,2367.182459229021,2369.635498046875,44687300
2025-11-28,2362.2763816435263,2385.8255542954244,2356.879696244133,2377.975830078125,27307200
2025-12-01,2403.9778417849802,2451.5667908978667,2400.543587725287,2416.733642578125,56069700
2025-12-02,2453.038605080989,2495.721476809398,2430.9612576352597,2476.09716796875,69184100
2025-12-03,2468.2476003546462,2469.2288158586634,2421.639863913841,2423.602294921875,42305600
2025-12-04,2414.2805943635067,2467.7568359375,2408.883909434021,2467.7568359375,37772900
2025-12-05,2462.8509167989596,2486.4000889117783,2436.358098172039,2481.984619140625,44245400
2025-12-08,2460.8884416587453,2472.17241976045,2446.1702093521735,2451.56689453125,40711700
2025-12-09,2462.360322297051,2467.2663998469557,2435.867503527567,2439.3017578125,34952000
2025-12-10,2403.978013296761,2430.470832218807,2395.147073656079,2421.639892578125,42944300
2025-12-11,2434.395503807733,2446.660696793463,2392.69384765625,2392.69384765625,30768100
2025-12-12,2411.3369324780692,2456.9634502238396,2411.3369324780692,2452.057373046875,59922700
2025-12-15,2465.7945217821543,2509.94921875,2465.303914038067,2509.94921875,46689500
2025-12-16,2524.176779890619,2527.611034012919,2430.470703125,2430.470703125,58571300
2025-12-17,2404.9590707471466,2420.1679102398357,2376.994430389622,2407.412109375,46437700
2025-12-18,2388.2783916751364,2410.3557391741874,2379.938060397717,2383.372314453125,33803100
2025-12-19,2379.447525563253,2423.602221913911,2372.0884095048095,2403.4873046875,53054900
2025-12-22,2452.057430192416,2468.738092982841,2436.357982860252,2448.132568359375,45345800
2025-12-23,2453.0386043116305,2479.531421238196,2444.6982730569707,2467.7568359375,32584600
2025-12-24,2464.8131864671504,2472.662909990931,2429.980038330373,2434.3955078125,27185600
2025-12-25,2443.226519066651,2443.226519066651,2424.0928174113096,2437.829833984375,12797100
2025-12-26,2442.2452892793826,2450.585620721277,2431.451919178108,2438.81103515625,18440000
2025-12-29,2439.3017294524834,2464.8133324153814,2427.036535720321,2449.6044921875,41254600
2025-12-30,2441.7546964018784,2459.9071825917254,2435.3767958486887,2446.170166015625,24209200
2026-01-05,2471.191149542608,2508.9679449594796,2469.2287186118615,2497.193359375,48107000
2026-01-06,2541.348131510417,2577.1624970703124,2540.366916015625,2575.690673828125,53516300
2026-01-07,2607.0894091629084,2608.0706245972938,2549.6883062513425,2569.80322265625,48037400
2026-01-08,2542.329403363065,2568.8222223097277,2529.5736016480055,2555.085205078125,36985100
2026-01-09,2568.3315582621917,2628.185703459515,2564.8973040295587,2592.371337890625,52749500
2026-01-13,2690.4928360259596,2730.7226705544294,2668.9060955472683,2729.741455078125,68055700
2026-01-14,2747.4032831763325,2825.409912109375,2731.7038358438963,2825.409912109375,61539800
2026-01-15,2825.900651568826,2920.587947706462,2813.635457768614,2908.32275390625,72532500
2026-01-16,2924.0220739052047,2958.3646150416753,2909.3038419895747,2933.834228515625,59690800
2026-01-19,2915.681783157488,2919.11603731904,2869.0740481078565,2897.529296875,46016800
2026-01-20,2908.813302735041,2909.303910477111,2866.130429174921,2878.88623046875,38085700
2026-01-21,2819.0319642719187,2825.900472364471,2774.8772693912238,2778.3115234375,60186900
2026-01-22,2828.3537153567268,2841.600124778172,2764.57470703125,2764.57470703125,41165400
2026-01-23,2770.952593926336,2814.6166840218466,2762.6122621103395,2782.236572265625,37452100
2026-01-26,2687.5492010430976,2735.6287595867675,2678.71826171875,2678.71826171875,52322600
2026-01-27,2682.643139961156,2719.438720703125,2661.0563992592006,2719.438720703125,37732900
2026-01-28,2693.4364519708806,2716.495015403054,2676.7557890625,2698.342529296875,30463300
2026-01-29,2719.438649259128,2737.1005275512675,2674.7933457984423,2724.3447265625,38157400
2026-01-30,2732.6851455598703,2758.196748355043,2705.211111780453,2751.81884765625,37132200
2026-02-02,2800.879634623625,2801.3702423718514,2692.455322265625,2692.455322265625,47757300
2026-02-03,2769.48058902049,2828.353515625,2757.215395977884,2828.353515625,47872000
2026-02-04,2829.8253587075137,2896.5480093289116,2808.7292265257483,2894.094970703125,51396400
2026-02-05,2892.1325632722287,2892.623171001367,2800.3889179233047,2825.409912109375,65223800
2026-02-06,2760.1590345183326,2896.057373046875,2750.3468801119398,2896.057373046875,51896100
2026-02-09,2992.7072574360736,2992.7072574360736,2897.0387467475434,2901.94482421875,65327300
2026-02-10,2943.646485662492,2999.5757688900794,2937.2685849435566,2977.0078125,67748200
2026-02-12,2970.1393059283832,3029.0122356791935,2951.4962115072935,3027.0498046875,49949500
2026-02-13,2958.364673656422,2987.8011380709136,2936.7779330857943,2946.590087890625,50999100
2026-02-16,2943.646540063552,2944.6277555769066,2851.4122818082274,2856.318359375,45947500
2026-02-17,2856.318242418358,2890.6607839795543,2822.46630859375,2822.46630859375,34987900
2026-02-18,2887.226434081121,2913.719250978382,2870.5457715902535,2896.057373046875,33765000
2026-02-19,2905.378953228206,2952.477294921875,2899.491660516497,2952.477294921875,34207100
2026-02-20,2923.531419039583,2924.0220267621944,2871.0363927201947,2886.73583984375,35869200
2026-02-24,2852.883945581325,2857.790022873812,2826.881735931143,2833.750244140625,40737100
2026-02-25,2833.750327705537,2834.7315431929696,2756.2343041983563,2777.821044921875,51226600
2026-02-26,2825.900480769231,2873.4894298377403,2822.956834435096,2870.05517578125,40451100
2026-02-27,2879.3767121096384,2912.738037109375,2858.280580124511,2912.738037109375,55827300
2026-03-02,2769.480626532372,2811.182283442071,2734.6474778195643,2767.027587890625,71277500
2026-03-03,2755.7437665399775,2792.5393482545046,2719.9294003378377,2722.873046875,62903500
2026-03-04,2641.431951928531,2688.5302928247306,2549.688308724475,2594.82421875,79335300
2026-03-05,2693.4364221213723,2735.6286866573355,2661.0563121286564,2683.624267578125,56480400
2026-03-06,2645.3568807755028,2707.6640625,2642.903842124932,2707.6640625,38919200
2026-03-09,2530.5546791634906,2626.223186809261,2523.686170922256,2614.939208984375,67658800
2026-03-10,2664.000029065428,2701.286217317541,2641.922680758256,2670.3779296875,52005900
2026-03-11,2686.568027063641,2711.098414454653,2634.072998046875,2634.072998046875,38213800
2026-03-12,2626.713953105866,2628.185776389265,2557.047651024986,2604.14599609375,42805800
2026-03-13,2543.3106057040663,2610.0332604833397,2542.3293901926063,2606.1083984375,40555600
2026-03-16,2575.1999376394033,2593.352423387671,2552.6319823848,2584.521484375,37108500
2026-03-17,2619.845242658982,2644.3756288262007,2586.9745251949084,2609.54248046875,26731700
2026-03-18,2644.3757057818507,2684.6055402668435,2633.091727816548,2679.699462890625,37616500
2026-03-19,2639.469539503153,2665.4717487213065,2619.8452306592635,2635.544677734375,39731200
2026-03-23,2503.080739194409,2529.5735576805905,2473.644274209763,2516.3271484375,55478800
2026-03-24,2565.387954347646,2594.824419687263,2547.7260751438753,2589.427734375,33656700
2026-03-25,2666.943718423821,2681.661950865453,2643.3945465172087,2667.434326171875,39608800
2026-03-26,2687.549257732943,2688.5304732341233,2628.1857199115325,2649.7724609375,27929800
2026-03-27,2630.1480662983427,2672.3403314917127,2626.2232044198895,2664.0,44413200
2026-03-30,2599.0,2632.0,2572.0,2621.0,48044300
2026-03-31,2575.0,2683.0,2573.0,2600.0,42510300
2026-04-01,2710.0,2813.5,2691.0,2808.0,54819500
2026-04-02,2841.0,2844.0,2732.0,2760.0,46325800
2026-04-03,2781.0,2790.0,2753.0,2761.5,22632900
2026-04-06,2778.5,2815.5,2770.0,2792.0,27808200
2026-04-07,2800.0,2827.0,2787.5,2811.0,25886900
2026-04-08,2930.0,2932.5,2865.0,2885.0,57129700
2026-04-09,2896.0,2903.0,2830.5,2842.5,35140500
2026-04-10,2851.0,2882.5,2842.0,2842.0,33552100
2026-04-13,2847.5,2891.5,2829.0,2860.0,30503200
2026-04-14,2889.5,2889.5,2825.0,2850.0,38689000
2026-04-15,2866.0,2919.0,2865.0,2913.5,48273800
2026-04-16,2935.0,2966.5,2932.0,2946.5,42419100
2026-04-17,2920.0,2926.0,2847.0,2870.0,40793100
2026-04-20,2885.0,2894.5,2866.0,2870.5,24113800
2026-04-21,2879.5,2880.5,2830.5,2830.5,30217100
2026-04-22,2820.0,2824.0,2772.0,2794.0,38846200
2026-04-23,2794.0,2807.5,2728.0,2752.0,35144800
2026-04-24,2782.5,2783.0,2740.0,2755.5,22067000
2026-04-27,2745.0,2796.5,2715.0,2788.0,29320200
2026-04-28,2821.0,2886.0,2796.5,2875.0,45635600
2026-04-30,2868.0,2868.0,2785.0,2817.0,39443000
2026-05-01,2800.0,2813.0,2754.0,2798.0,28643100
2026-05-07,2850.0,2891.5,2817.5,2863.0,53805900
2026-05-08,2816.5,2827.5,2788.0,2806.5,37166700
2026-05-11,2810.0,2856.5,2801.5,2856.5,29713600
2026-05-12,2885.5,2899.0,2846.0,2886.0,28562100
2026-05-13,2875.5,2939.0,2863.0,2926.5,34802100
2026-05-14,2920.5,2923.5,2875.0,2877.0,34334700
2026-05-15,2910.5,2951.5,2877.5,2929.0,47220900
2026-05-18,2979.0,3063.0,2973.0,2995.0,66978500
2026-05-19,3030.0,3110.0,3026.0,3108.0,55685600
2026-05-20,3162.0,3170.0,3024.0,3030.0,51809100
