Date,Open,High,Low,Close,Volume
2020-01-06,88.72912862597315,89.01877807115712,87.8119074290444,88.40729522705078,123142500
2020-01-07,88.6647671849964,89.80727614141935,88.40730167477335,89.59808349609375,103895000
2020-01-08,88.50385838292556,89.01878943153105,87.9728322861661,88.6647720336914,117272500
2020-01-09,90.09691466859827,90.72448638991641,89.51761580631654,90.54747772216797,89472500
2020-01-10,90.78886328954141,90.86932625262953,89.46935172259778,89.74291229248047,95312500
2020-01-14,89.63025588947566,90.16127575022969,89.32451141533558,89.85553741455078,93875000
2020-01-15,90.19346547900933,90.3382902027566,89.74290240000077,89.95209503173828,89485000
2020-01-16,90.30611508423611,90.49921882709995,89.66245435674317,90.48312377929688,84925000
2020-01-17,91.2394215850892,91.62561675223814,90.86931532554583,91.09459686279297,95865000
2020-01-20,91.722165185968,91.91526276232719,91.41642684519415,91.64170837402344,58900000
2020-01-21,91.36815960358383,91.81872885767834,91.07851013254526,91.33597564697266,49692500
2020-01-22,91.33595982246113,91.5451524349589,90.94976468696173,91.49687957763672,76562500
2020-01-23,91.07849586730846,91.48078605424615,90.77275753508182,91.04631805419922,71677500
2020-01-24,91.15896554813871,91.25551127151917,90.57966665400973,90.86931610107422,68360000
2020-01-27,89.87162277888224,90.43483270783155,89.67852521335207,90.00035858154297,86825000
2020-01-28,89.5819819180288,90.0164560858174,89.24405961145818,89.726806640625,91220000
2020-01-29,89.6946182137439,90.17736518579781,89.29232804728882,90.16127014160156,68917500
2020-01-30,90.57965741659442,90.59574632269654,89.14750537352887,90.00035858154297,102472500
2020-01-31,90.4348430423328,90.5796677676456,89.59807864479903,89.67853546142578,139767500
2020-02-03,89.30842919417343,89.98427381999208,89.05096369789085,89.67853546142578,85722500
2020-02-04,89.14751021616675,90.22564499894224,89.08314231133981,89.4693374633789,106395000
2020-02-05,90.49921802911757,90.90150828217675,90.30611428795643,90.70840454101562,70000000
2020-02-06,92.26927390360841,92.55892331792303,91.73824793121132,92.10836029052734,153592500
2020-02-07,93.49225172831979,93.58880359825257,91.48080047651891,91.73826599121094,117520000
2020-02-10,90.82104797562388,91.88309402920677,90.78886401782292,91.23943328857422,70875000
2020-02-12,90.67620662816647,91.11068077121585,90.145186767858,90.77275848388672,113037500
2020-02-13,90.11301451653988,90.27392815850605,89.32452293859689,89.59808349609375,106087500
2020-02-14,89.66245279240454,90.37048142183247,89.08315385084438,90.06474304199219,105147500
2020-02-17,89.48542915569048,89.79116748447015,88.74521669330115,89.54979705810547,65117500
2020-02-18,89.80726440251807,90.08081878579608,88.98658897576172,89.4532470703125,75782500
2020-02-19,89.21188304920368,90.38656983493864,89.1636101838259,89.77509307861328,84820000
2020-02-20,90.09692960364276,90.46703590734924,89.22798116617771,89.34062194824219,62572500
2020-02-21,89.6302703995992,90.82104612161534,89.6302703995992,90.48312377929688,77902500
2020-02-25,88.24638911658266,89.17969930068024,87.20043201557095,88.00501251220703,170815000
2020-02-26,87.36134845993716,88.31075365522986,87.23261263893255,88.0854721069336,125242500
2020-02-27,87.92454431316882,88.21419374555536,85.78436366104754,86.42802429199219,141147500
2020-02-28,83.30627372763148,83.67638005665115,81.1982704048193,81.40746307373047,255405000
2020-03-02,80.08792249669722,83.19360289528778,80.07182745342095,81.53616333007812,220742500
2020-03-03,81.53617301889827,81.90628539670685,79.10634296458745,79.1385269165039,281532500
2020-03-04,78.43050388210874,81.23044037184277,78.10867047886785,80.61895751953125,333995000
2020-03-05,81.74537154387187,82.01893208569801,80.97297505744886,81.87410736083984,207740000
2020-03-06,81.06952191156972,81.16606762986935,79.07415984107408,80.23275756835938,188897500
2020-03-09,77.83511637595993,79.29945265029335,76.78916540198584,79.17072296142578,215272500
2020-03-10,77.73857353286976,78.83280355198765,75.1960960947834,77.93167114257812,255332500
2020-03-11,74.82598332189868,78.99371038042032,74.66506968411802,78.10867309570312,303752500
2020-03-12,76.14548724631173,77.41672572952841,74.24667704411652,77.25580596923828,253950000
2020-03-13,71.8329404068103,77.41673060184617,69.29046941882459,75.85584259033203,383177500
2020-03-16,74.24668988428697,76.22595723968975,72.63752883386562,73.10418701171875,248762500
2020-03-17,71.86511774656618,75.43745652104998,71.6398362271773,74.31104278564453,352785000
2020-03-18,74.32712836293221,76.22593842482263,72.49268620040165,72.5731430053711,354927500
2020-03-19,72.975448294814,80.26495173905418,72.5731580481205,77.7868423461914,373347500
2020-03-23,74.5685243117006,82.21203940264299,73.8122166436573,80.45805358886719,498485000
2020-03-24,79.84656250899515,80.82815164469469,77.77074960361307,78.44659423828125,311360000
2020-03-25,77.88339650560034,80.98907779248137,77.33628150846943,80.55460357666016,272545000
2020-03-26,78.94543043191258,84.32002770683755,78.91324647955241,83.2740707397461,307897500
2020-03-27,85.9291898061875,86.89468383789062,83.83727584006179,86.89468383789062,305370000
2020-03-30,87.9266098936228,89.48268936468732,86.04293375785205,88.94215393066406,284965000
2020-03-31,87.76281845177911,87.89385337425291,84.20840479701803,84.37220001220703,269795000
2020-04-01,83.53684021543987,84.355828845003,80.60485942199087,81.44023132324219,167840000
2020-04-02,80.98158514579691,83.1600976764877,80.50657653808594,80.50657653808594,149420000
2020-04-03,81.04710922388922,83.17647828475758,81.04710922388922,81.99713897705078,130200000
2020-04-06,85.1748114636991,87.45159869346762,84.58513869228543,86.68174743652344,168252500
2020-04-07,85.9446508885384,86.97657184805959,83.83165916466655,84.99462127685547,194067500
2020-04-08,85.14204588052519,87.77918991748969,84.81444922249723,87.04209899902344,170507500
2020-04-09,84.51962931700228,84.68343080211315,83.16011135671476,84.12651824951172,149585000
2020-04-10,82.76698168626555,84.53599997107621,82.45576828359115,83.94632720947266,137765000
2020-04-13,83.37303771812854,84.22478032001499,83.37303771812854,83.94632720947266,78722500
2020-04-14,84.61790129556078,84.6670386117247,83.60235718838815,83.86443328857422,141397500
2020-04-15,83.04544147694246,84.7980765006055,82.9144003077329,84.71617889404297,145065000
2020-04-16,83.89718798321245,86.64898997571643,83.61872863063017,85.92827606201172,147557500
2020-04-17,85.8300162043382,85.89553054999477,83.89720241874427,84.12651824951172,163035000
2020-04-20,82.4885164799274,83.52044366141583,82.2264404296875,82.2264404296875,121610000
2020-04-21,82.40663020797972,83.79890824459751,81.9643756408644,83.14371490478516,146102500
2020-04-22,85.4041284302872,85.43688872341164,83.89719243688492,84.33944702148438,149607500
2020-04-23,83.86442841360358,84.76531456510122,83.56959203698446,84.55237579345703,136087500
2020-04-24,83.2747431266068,84.01183395721436,82.63593315620884,83.3730239868164,138465000
2020-04-27,83.35665886213182,83.70063257515388,82.57043055448693,82.61956787109375,125882500
2020-04-28,82.22645684146488,82.86526695090215,82.12817595986408,82.61956787109375,137890000
2020-04-30,82.19368426069079,82.83249427463412,80.03155517578125,80.03155517578125,241262500
2020-05-01,80.19535676742743,81.39107929243596,79.40912851461579,79.76948547363281,125960000
2020-05-07,77.6073509146154,79.49102068900758,77.49269302610398,78.81945037841797,183407500
2020-05-08,80.26089084362789,80.58848756613658,79.36000454301983,80.17899322509766,118155000
2020-05-11,80.1626049948949,80.22812558502224,79.14706084147086,79.26171875,129687500
2020-05-12,80.0970875832965,80.85055559572066,79.93328611425615,80.27725982666016,108820000
2020-05-13,79.70396733560197,80.1134616203612,79.31085007294286,79.4255142211914,135850000
2020-05-14,78.26254424939727,79.09791607387959,77.67287149055959,77.68925476074219,157510000
2020-05-15,78.32806264166372,78.60652199149521,77.1651004267117,77.19786071777344,145867500
2020-05-18,79.57292787954945,80.52295131689705,79.52378431927546,80.1462173461914,157042500
2020-05-19,80.16260093412764,80.67037610931118,79.31085205078125,79.31085205078125,158825000
2020-05-20,79.29447074121366,80.65399472624085,79.22895015794776,80.50657653808594,131477500
2020-05-21,80.0643223197734,80.35915869735793,79.1470528952452,79.22895050048828,98350000
2020-05-22,79.60568950168236,80.17898527129826,78.90135880509439,79.2780990600586,84295000
2020-05-25,79.93328101223136,79.98242457400028,79.47464942496647,79.80224609375,74127500
2020-05-26,80.40829276208024,80.42466978311246,79.94966119253966,80.08069610595703,118222500
2020-05-27,79.60569501661493,80.44106694643511,79.57294096889314,80.39192962646484,171447500
2020-05-28,80.65398006628078,80.99795369332477,80.03154713516383,80.70311737060547,197960000
2020-05-29,80.67038089766973,81.60402744575147,79.96605016864142,80.0643310546875,234710000
2020-06-01,79.9169022159065,80.58847256022561,79.78586105194833,80.21173858642578,145275000
2020-06-02,79.94966921151382,81.11263152142944,79.94966921151382,80.85055541992188,137235000
2020-06-03,80.86693829908187,81.19453501178808,80.04794964151016,80.39192962646484,154375000
2020-06-04,80.44105845976388,82.25921408749652,80.44105845976388,81.89885711669922,178060000
2020-06-05,82.55405270204575,82.7997455309977,81.73506410876509,82.25921630859375,157775000
2020-06-08,83.20924255136408,83.20924255136408,82.27559602433361,82.9471664428711,135617500
2020-06-09,83.78253781729873,83.91357274654274,82.9144056364597,83.48770141601562,156410000
2020-06-10,82.6031903459733,83.06182196054671,82.29197692871094,82.29197692871094,137827500
2020-06-11,82.50489378272849,82.91438800315869,82.01350196788944,82.3902359008789,142405000
2020-06-12,81.89885224408884,82.01351013735965,80.8669249562651,81.58763885498047,170252500
2020-06-15,80.35916408301824,82.21007382942952,80.35916408301824,81.04711151123047,97070000
2020-06-16,81.58764283755642,82.83250270314241,81.52212225295008,82.53766632080078,140370000
2020-06-17,82.48854185631568,82.5868165001472,82.0135269165039,82.0135269165039,93457500
2020-06-18,81.63676519400018,82.40661630110219,81.16175041521869,81.70228576660156,102332500
2020-06-19,81.76781338933074,81.96437513910321,81.32556507330949,81.5057373046875,185182500
2020-06-22,81.32556631346526,82.04627399512775,80.86692847205565,81.76781463623047,84400000
2020-06-23,82.22646059881328,83.0782095331128,81.3091910737859,82.4066390991211,123055000
2020-06-24,81.93161897052765,82.37387355719125,81.83333809069562,82.19369506835938,95202500
2020-06-25,82.0626661011532,82.22646759190357,81.57127412567804,81.60403442382812,107825000
2020-06-26,81.73504950592911,82.94714890833328,81.57124806750559,82.5867919921875,125850000
2020-06-29,82.27560304736767,82.52130215372213,81.53851197669212,82.0135269165039,118915000
2020-06-30,82.75061282786106,82.96355162353281,82.16094000808543,82.4066390991211,135747500
2020-07-01,81.7350559547169,82.22644781198566,80.4082923165434,80.62123107910156,134265000
2020-07-02,80.26087994507206,81.26004700127304,79.83500863751091,81.03073120117188,137100000
2020-07-03,81.27640867185094,81.52210769605831,80.89967475021584,81.16175079345703,68085000
2020-07-06,81.78420296855526,82.61956860017875,81.52212686369425,82.5540542602539,76137500
2020-07-07,81.58764089572864,81.80057341805103,81.03072843660335,81.3419418334961,111462500
2020-07-08,81.60402654979987,82.79974919915557,81.44023132324219,81.44023132324219,122670000
2020-07-09,81.89886389356154,83.01268894238497,81.76782271210587,82.4066390991211,126870000
2020-07-10,82.50489378272849,82.83249040874983,82.01350196788944,82.3902359008789,112727500
2020-07-13,83.24200070520445,83.32389831542969,82.48853269371278,83.32389831542969,102645000
2020-07-14,83.37305007546865,84.30669667026139,83.32390650579322,84.25755310058594,131442500
2020-07-15,84.76531126776263,85.12566821369863,84.29029642964453,84.53599548339844,115535000
2020-07-16,83.68424658885681,84.22477575879633,83.50406811608148,83.6678695678711,106235000
2020-07-17,83.66786517332109,84.63426557038166,83.60234459604662,83.81527709960938,60477500
2020-07-20,84.19203916677685,84.45411529557262,83.8152988737694,84.1592788696289,64627500
2020-07-21,84.0282222462711,84.06098253740144,83.3238916079351,83.55320739746094,103935000
2020-07-22,83.78252597106267,84.01184175110656,82.78335900225453,82.79973602294922,106965000
2020-07-27,83.5204540119176,83.74976980324786,82.81612336803941,83.61872863769531,142697500
2020-07-28,82.71783401323762,83.88079612054376,82.61955314914945,83.389404296875,93012500
2020-07-29,82.71785496028548,83.5368436232586,82.22646301217912,82.93079376220703,98147500
2020-07-30,83.61873686140858,83.89719624140022,82.71785062898815,82.9471664428711,109780000
2020-07-31,82.39024313215245,82.58679862566228,79.96603788424297,80.04793548583984,145322500
2020-08-03,82.09540431337724,82.1936851813872,81.34193640379311,81.83332824707031,110130000
2020-08-04,83.04544976032113,83.63512258380736,82.94716887361095,83.47132110595703,134675000
2020-08-05,82.5868017292358,82.9799189794151,81.89885435190541,82.21006774902344,107522500
2020-08-06,81.89885435190541,82.40662949830644,81.75143616413652,82.21006774902344,115342500
2020-08-07,82.88164182234577,82.88164182234577,81.86609773237922,82.128173828125,103140000
2020-08-11,83.76614395328208,84.51961188422058,82.43938656367004,84.50323486328125,145162500
2020-08-12,84.14287370001566,87.84470508534928,83.78252302193938,87.40245056152344,190097500
2020-08-13,86.32138851637656,87.02571912108012,85.87913397981481,86.48518371582031,157247500
2020-08-14,86.32140071347048,86.84555292381609,86.22311983088548,86.63261413574219,98275000
2020-08-17,86.15760100236037,86.53434126910462,85.48603057861328,85.48603057861328,76020000
2020-08-18,85.48602084631035,86.05931656858445,85.10928687084338,85.86275482177734,87065000
2020-08-19,85.86274893824897,85.91189249577663,85.25669921475503,85.45325469970703,71082500
2020-08-20,85.9774127962077,86.23948885809368,85.27308220831671,85.28945922851562,82827500
2020-08-21,85.69896972969435,85.81362763800513,84.43772648988853,84.65066528320312,79247500
2020-08-24,84.89635513830044,84.91273215982625,84.25753882783353,84.35581970214844,56257500
2020-08-25,85.46963541457102,85.46963541457102,84.6834072498688,84.9291000366211,85277500
2020-08-26,84.486864259506,85.15843463998377,84.35582308849231,85.10929107666016,63147500
2020-08-27,85.10928233904363,85.10928233904363,83.78252498486783,84.14287567138672,69537500
2020-08-28,84.15927092172237,84.58514224765125,82.34111521623667,83.25838470458984,129235000
2020-08-31,81.07986542969128,81.62040086511483,78.9996337890625,78.9996337890625,355650000
2020-09-01,79.03239189714691,79.60568135974052,77.57459333650614,78.50823974609375,232097500
2020-09-02,78.29529966497314,78.70479391661881,77.9185657032655,78.377197265625,150105000
2020-09-03,79.44190686916153,79.44190686916153,78.29532139663002,78.72119903564453,126920000
2020-09-04,77.88581323246495,78.26254723199379,77.39442133083547,77.6728744506836,141955000
2020-09-07,77.4927141564167,78.55739573267554,77.4927141564167,77.65650939941406,129545000
2020-09-08,77.6728594700453,78.27891540527344,77.36164611699347,78.27891540527344,146655000
2020-09-09,77.47631375430868,77.72201281287258,76.73922282700357,77.32889556884766,177480000
2020-09-10,77.09958345546053,77.45994042562998,76.5426709781018,77.24700164794922,165960000
2020-09-11,76.82112531441439,78.04960808864242,76.70646742202402,77.6401138305664,161980000
2020-09-14,77.24700520191999,77.39442340119108,75.21591070622799,75.69092559814453,237742500
2020-09-15,75.18315293117932,75.199529953225,73.87276622559705,74.03656768798828,270957500
2020-09-16,74.3641661988734,76.01852039532129,73.43051970956539,75.36332702636719,234527500
2020-09-17,75.36333234286724,76.05128605363939,75.2322974088648,75.44523620605469,139907500
2020-09-18,74.34777248953527,75.34693942513208,73.38136584262531,73.80724334716797,240670000
2020-09-23,72.46409661179196,73.62705864387868,72.28391816347713,73.36498260498047,271800000
2020-09-24,72.87359429730324,74.34776974344389,72.85721102937187,74.11845397949219,145270000
2020-09-25,74.20035492382512,74.56071185395265,73.80724395312801,74.00379943847656,148655000
2020-09-28,74.46243628144285,75.33056837953099,73.87276353508462,75.21590423583984,186365000
2020-09-29,74.6800980141394,75.8019772858871,72.40286264478596,74.69684600830078,523275000
2020-09-30,72.33587376795896,74.11077766237187,72.00098419189453,72.00098419189453,760062500
2020-10-02,73.03913731552802,73.7256580832438,71.2307437953813,73.173095703125,539485000
2020-10-05,74.3452113698248,75.23266339501468,73.64194255954213,74.546142578125,295430000
2020-10-06,74.5796260222211,74.89776760806359,74.12752605024237,74.41217803955078,256355000
2020-10-07,74.98149814823425,77.39269831208229,74.78056693040966,76.87361907958984,322467500
2020-10-08,76.89034739754717,77.81129529401224,75.14893316488404,77.39268493652344,300040000
2020-10-09,76.90711287241395,77.32572332506697,76.42152321433916,76.84013366699219,179197500
2020-10-12,76.50522339131649,76.65592336912223,75.51730273403153,75.58428192138672,162722500
2020-10-13,75.58429228861385,75.85220268729464,74.76381948717989,75.3331298828125,181777500
2020-10-14,75.01497920683128,75.28288959591868,74.81404801188762,75.11544799804688,181210000
2020-10-15,74.88102033740408,75.29963068117313,74.59636198214791,75.28288269042969,153880000
2020-10-16,75.0149750298162,75.41684378481402,74.79729585471375,75.14893341064453,131770000
2020-10-19,75.36660495017398,75.6010321127414,74.57962183204522,74.68008422851562,130930000
2020-10-20,74.51264685913887,74.76381563950171,73.67542610791259,73.82612609863281,182060000
2020-10-21,74.71359092446454,75.31639099121094,74.46242848831255,75.31639099121094,143777500
2020-10-22,75.18243025220013,75.21591346314727,74.02706146240234,74.02706146240234,131585000
2020-10-23,74.41217459356974,74.64660175845202,73.96007464252746,74.1442642211914,105317500
2020-10-26,74.34520105696487,74.7470634178206,74.16101148011971,74.68008422851562,93490000
2020-10-27,74.57963475578904,75.3498764038086,74.11078673689562,75.3498764038086,110332500
2020-10-28,74.51264411990776,74.66334410508796,73.82612338463956,73.96007537841797,148285000
2020-10-29,73.6754322209634,74.56288424690159,73.59171141639172,74.07730102539062,131997500
2020-10-30,73.67542414189285,74.16101369764317,73.52472415519404,73.54146575927734,154547500
2020-11-02,74.56287167042416,75.6847507024195,74.47915087997362,75.58428192138672,166557500
2020-11-04,75.21590693855016,76.1870860464549,75.08195494391789,75.66800689697266,171657500
2020-11-05,75.70149502047902,76.6224365234375,75.63451583072168,76.6224365234375,133367500
2020-11-06,75.1824398514798,77.56014415655449,75.08197104334718,76.84013366699219,217337500
2020-11-09,81.37785839072482,81.98065838269116,80.25598559594461,80.57412719726562,280510000
2020-11-10,81.10994570820317,82.1146144623435,80.2057521332107,81.47832489013672,317517500
2020-11-11,82.38251570005905,83.82253628310173,82.19832612955543,82.66716766357422,270987500
2020-11-12,82.8848515013375,85.04488249770262,82.71740991188523,84.34161376953125,249465000
2020-11-13,84.07372037973448,84.34163080947766,82.9183578491211,82.9183578491211,221837500
2020-11-16,82.38250938901089,83.18624040896631,82.11459904902574,83.1360092163086,241887500
2020-11-17,83.13602598663361,83.33695718528303,82.31554681195973,82.65043640136719,199705000
2020-11-18,81.99740524498876,82.75089883707025,81.31088446082302,82.2988052368164,236030000
2020-11-19,82.3825218174524,83.67184251923067,82.3825218174524,83.26997375488281,306872500
2020-11-20,83.32019930491342,84.1574199853335,82.98531614273489,83.43741607666016,281907500
2020-11-24,83.77231419634727,83.97325179451596,82.31555174080836,82.4327621459961,314900000
2020-11-25,83.3704410706225,83.55463065155074,82.91834111402244,83.2867202758789,177412500
2020-11-26,82.98532931502086,84.05697093406268,82.49973971030258,83.73882293701172,178025000
2020-11-27,83.92301784747022,84.99465953431125,83.5546450097988,84.40860748291016,359680000
2020-11-30,84.40860379818511,84.59279340272447,82.44951012260407,82.54997253417969,286717500
2020-12-01,83.65509529451863,83.93975366926823,82.14810178624316,82.616943359375,162947500
2020-12-02,82.78438759250334,84.07370834720652,82.66717719548375,83.65509796142578,255350000
2020-12-03,84.22440875174021,85.09511912490282,84.0904567491316,84.8941879272461,192150000
2020-12-04,84.39185183601664,86.2002452848309,84.30812465332743,85.58070373535156,193275000
2020-12-07,85.84862482389113,86.56863524994144,84.79372478776122,84.84395599365234,199505000
2020-12-08,84.96117051176707,85.93234332875855,84.89419131404685,85.39652252197266,154372500
2020-12-09,85.43000227901845,86.56862295913764,85.39651268401646,86.06629180908203,163070000
2020-12-10,86.40117916560281,87.40584790182317,86.16675837673097,86.38443756103516,210002500
2020-12-11,86.41792907845084,87.37236024720727,86.1332706945741,87.137939453125,191255000
2020-12-14,87.94167096453737,89.85053330936654,87.85795016454246,89.31471252441406,226187500
2020-12-15,89.04680711131779,89.6830967243372,88.61144870701948,88.74540710449219,182517500
2020-12-16,89.41518013573389,89.88402171950206,88.34353219249769,88.37702178955078,158527500
2020-12-17,88.10911744441728,89.34820707042616,88.05888623913582,89.09703826904297,154135000
2020-12-18,89.08028828316557,89.88401942950019,88.71190911245445,89.51564025878906,192802500
2020-12-21,89.51564644191592,89.71658403299448,88.87936323263052,89.2979736328125,142705000
2020-12-22,89.29795633378882,89.59934988704435,88.29328773548633,88.5444564819336,142742500
2020-12-23,88.5444793906045,89.11378982735812,88.20958977119268,88.4272689819336,122657500
2020-12-24,88.84588088967325,88.97983290717696,88.22633284781763,88.4105224609375,93497500
2020-12-25,88.20958217094197,88.6449341674251,87.80771338477568,88.31005096435547,63315000
2020-12-28,88.4105030241887,88.56120300292969,87.94166148476648,88.56120300292969,95595000
2020-12-29,88.39377772616452,89.64960898482857,88.15935691321198,89.61611938476562,141405000
2020-12-30,89.16400638815796,89.29796476891335,88.59469604492188,88.59469604492188,102855000
2021-01-04,89.23098871576892,91.42450298411835,89.18075112747577,90.87194061279297,171397500
2021-01-05,90.77147136775791,91.35752971999325,89.63285064697266,89.63285064697266,206757500
2021-01-06,90.68775293372923,92.36219446233389,90.41984254465198,91.85986328125,209887500
2021-01-07,92.26172902074156,93.66826021133397,92.24498741534221,92.94824981689453,231642500
2021-01-08,92.44591753474596,94.7064174864462,92.44591753474596,94.32129669189453,218060000
2021-01-12,91.92684173583984,92.69708329980439,91.70916255037596,91.92684173583984,312380000
2021-01-13,91.49148139048572,92.41242292643749,91.3910189897377,92.11102294921875,215532500
2021-01-14,91.79288745561762,93.11569784475527,91.50823545130301,92.59661865234375,245167500
2021-01-15,92.31196324479534,93.2496464126627,92.09428405761719,92.09428405761719,238690000
2021-01-18,92.09428482404039,92.29521602061449,91.44125364455883,91.67567443847656,138160000
2021-01-19,91.39103014094762,91.82638216811294,91.02265092662365,91.08963012695312,185207500
2021-01-20,90.78821145652186,91.34077377697145,90.55379069102891,90.82170104980469,171237500
2021-01-21,90.82171354157364,92.1277759218077,90.72124474790652,91.42450714111328,188195000
2021-01-22,90.6375198471908,91.03938222870677,90.30263027093591,90.4030990600586,175240000
2021-01-25,90.82169354142685,91.97705567047795,90.7547143603985,91.7593765258789,176560000
2021-01-26,90.28589971240616,91.19009982664112,90.20217889904853,90.43659973144531,262835000
2021-01-27,90.5872956001607,90.97242282144038,89.98450193911012,90.23566436767578,260180000
2021-01-28,87.67375720373242,89.9342506541871,87.67375720373242,88.9295883178711,864587500
2021-01-29,88.9295828682356,89.41517240227576,87.50630386027173,87.67375183105469,215067500
2021-02-01,87.67375796037645,88.47748911386309,87.57328917088283,88.27655792236328,158315000
2021-02-02,88.4775001892245,89.06355223257901,88.34354178646448,88.4272689819336,153125000
2021-02-03,88.91284375123298,89.44866453624138,88.54447095371947,89.19750213623047,151472500
2021-02-04,90.30262558478631,91.12309829717157,89.98448401697182,90.0179672241211,184512500
2021-02-05,90.78822318892334,91.92684395773405,90.5538023931366,91.72590637207031,201822500
2021-02-08,92.4291755183998,93.76872749077042,92.16126512392567,93.3166275024414,242265000
2021-02-09,93.60128699600673,95.15851817838573,93.3333765983656,94.72315979003906,219660000
2021-02-10,94.48873285896924,95.04129522372128,93.70174332244193,94.35477447509766,167175000
2021-02-12,94.40500367170986,94.6394244351616,93.80220377284151,93.9529037475586,184552500
2021-02-15,94.28780626662008,95.77805822865227,94.22082707141945,95.44316864013672,162990000
2021-02-16,95.91201547685783,97.56971551754887,95.77806346661855,96.93342590332031,177695000
2021-02-17,97.11759947095808,97.28504105298221,96.1129372038395,96.53154754638672,161687500
2021-02-18,96.98365881831748,97.38552763109529,95.32596513589318,95.3929443359375,173390000
2021-02-19,94.13710481225783,95.91200874515442,93.50081524268805,95.5771255493164,162480000
2021-02-22,95.84502850404071,96.09619088143724,94.12034951931345,94.38825988769531,148890000
2021-02-24,95.32595713472439,95.56037792771535,93.38360520888679,93.56779479980469,185637500
2021-02-25,93.76872255020038,93.86919133814246,92.68033303703348,93.29988098144531,138462500
2021-02-26,93.0487186725783,93.26639786783869,92.29521867935986,92.36219787597656,170275000
2021-03-01,93.76872448912802,94.32129325300436,93.04871412937322,94.17059326171875,136025000
2021-03-02,93.80221710903487,93.86919630453995,92.47940674150367,93.08220672607422,150445000
2021-03-03,92.96499859165162,93.13244019700439,91.80963618474672,92.5296401977539,159942500
2021-03-04,89.18075183390307,91.29055170928021,89.18075183390307,91.1565933227539,213880000
2021-03-05,90.41985333410967,92.47941589355469,90.41985333410967,92.47941589355469,159937500
2021-03-08,92.93150331951881,93.35011369483196,92.06079297236897,92.46266174316406,135185000
2021-03-09,93.24963379711981,93.50080254738279,92.52962352635173,93.3668441772461,136310000
2021-03-10,92.81430151105685,94.99107438654636,92.81430151105685,94.6896743774414,149245000
2021-03-11,94.80689400998627,95.39295247917087,93.90270028215369,94.20409393310547,150845000
2021-03-12,94.43849601483565,94.87384796142578,93.60127532813493,94.87384796142578,158592500
2021-03-15,94.75664933068336,95.3761909271986,94.5389701366421,95.30921173095703,104697500
2021-03-16,96.24690932673727,96.61528854923928,95.3929468597869,96.43109893798828,155567500
2021-03-17,96.44783477131253,97.41901397705078,95.96225155593127,97.41901397705078,134702500
2021-03-18,98.12227213044555,98.92600969425052,97.82087214089059,98.0385513305664,159722500
2021-03-19,97.45249371956368,98.97623518437828,97.20132494693459,98.32320404052734,263900000
2021-03-22,98.12226376356399,98.95948446594078,97.48598062874832,98.69157409667969,152667500
2021-03-23,99.12693712375854,100.46648903337271,99.11018913192673,99.31112670898438,168205000
2021-03-24,98.62459780377596,99.12692892992263,96.74921889784767,97.60318756103516,163130000
2021-03-25,98.18925316421826,99.72974273829234,97.9883219632478,99.49531555175781,128392500
2021-03-26,100.63393479014641,101.06929317096204,99.96416200137348,100.21532440185547,170650000
2021-03-29,100.36602218360031,100.86835974846063,99.69624940959899,100.2990493774414,228190000
2021-03-30,99.53274873330244,101.38887721731747,99.31137382348416,100.63961029052734,149727500
2021-03-31,99.1410924606483,100.4693289683103,96.79113006591797,96.79113006591797,215422500
2021-04-01,98.2385717083026,98.8345801285946,96.8592511130925,97.48931121826172,121767500
2021-04-02,98.42588457796694,98.86863441513711,96.89330547743988,97.13170623779297,71242500
2021-04-05,97.47229326957445,98.20452148054211,96.9273688284016,97.86395263671875,77277500
2021-04-06,98.42588943060089,98.8686392895997,96.28027598570569,96.5186767578125,131542500
2021-04-07,97.14874027554724,97.89800729522169,96.65490637547708,97.09765625,116122500
2021-04-08,97.09764295651668,97.16575931187667,94.7306548231891,94.7476806640625,148565000
2021-04-09,96.02483281437499,97.79581907295336,95.71831571208516,96.99546813964844,164812500
2021-04-12,97.60851216764323,98.25560461492725,97.21685282995216,97.45525360107422,83235000
2021-04-13,98.01718896408792,98.05124713992564,96.04186023703086,96.10997009277344,112592500
2021-04-14,96.24622584746332,96.68896924752656,95.8034759514657,96.29730987548828,104842500
2021-04-15,97.52336981575002,98.66428964609152,96.8933097078888,97.26793670654297,146792500
2021-04-16,97.91503001378803,98.30668935433111,97.45525431073295,97.60851287841797,100127500
2021-04-19,97.28497516297968,97.43823373895516,96.05890655517578,96.05890655517578,114610000
2021-04-20,95.70129137587732,96.19512521465646,95.12231533977531,95.462890625,139710000
2021-04-21,94.59442901611328,95.13934690689577,94.11762748566203,94.59442901611328,128190000
2021-04-22,94.91798893548716,95.53101675819578,94.5603812523225,95.20747375488281,117785000
2021-04-23,94.6795725281686,95.53100755628499,94.42414591729394,95.49695587158203,100540000
2021-04-26,95.02013829800276,95.27557137916415,94.5092786316131,94.62847900390625,110700000
2021-04-27,94.7647134771503,95.42883170541505,93.96436253748087,93.99842071533203,151927500
2021-04-28,95.70129919279843,97.64257003242976,95.66724101190076,96.36541748046875,232160000
2021-04-30,95.8034693222604,96.04187659372698,93.79408857308492,93.82814025878906,201775000
2021-05-06,95.10528323808346,95.97375054235208,94.16870607334798,95.05419921875,177897500
2021-05-07,96.48462125827142,96.94439697265625,96.0929619080771,96.94439697265625,124252500
2021-05-10,96.65490468951621,97.25091312621866,96.22918716155758,97.1998291015625,85155000
2021-05-11,98.59618064704009,99.0559498541613,97.43822846807188,97.60851287841797,194062500
2021-05-12,96.96141434025321,97.40416417285627,94.62848428609138,95.2926025390625,179555000
2021-05-13,97.31902466878736,98.0001687822187,96.50164133917593,97.02953338623047,183077500
2021-05-14,98.10234202523263,99.20920363089805,97.42119142487425,98.9367446899414,154772500
2021-05-17,98.93675262497516,98.93675262497516,96.68896455781993,97.09765625,87865000
2021-05-18,98.06828944444612,99.27732565797055,97.72771412482312,98.66429138183594,118775000
2021-05-19,98.30668782545163,98.88566390593142,98.00017069484859,98.61320495605469,104802500
2021-05-20,98.44291235726175,98.91971385588958,97.33604431152344,97.33604431152344,92660000
2021-05-21,98.01720359350503,98.57914733886719,97.52336971405109,98.57914733886719,104490000
2021-05-24,98.73240775626476,99.6179009890125,98.44292295690907,99.44761657714844,85345000
2021-05-25,99.77115503296422,100.02658813510912,99.17515312253764,99.6519546508789,93760000
2021-05-26,98.4258861540772,99.99252995509423,98.35776979404741,99.6519546508789,130592500
2021-05-27,98.5280687967196,99.7541373943488,98.05126722916785,99.61790466308594,211332500
2021-05-28,100.46934672476138,101.42295642204134,100.36717216921669,101.15049743652344,162540000
2021-05-31,100.40120760434327,100.8098992379814,99.6519471879287,99.83926391601562,106980000
2021-06-01,99.65195196200183,99.7711523408708,97.74473940416482,97.91502380371094,118505000
2021-06-02,96.58678388568923,97.5403868829449,95.42883182107886,97.33604431152344,148397500
2021-06-03,98.86864286870542,99.83927833081154,98.44292533283662,99.49870300292969,98527500
2021-06-04,98.85160616926193,99.17515563964844,98.35777229041265,99.17515563964844,73085000
2021-06-07,99.49868689957607,100.46932220458984,99.3113701747606,100.46932220458984,89775000
2021-06-08,100.43527113079931,100.72476240669681,99.17515097717533,99.19217681884766,90240000
2021-06-09,98.90268987948909,99.05594193899448,97.82987999141791,98.7323989868164,127150000
2021-06-10,98.69835482738196,98.76647119412628,97.77880336413656,97.89801025390625,110755000
2021-06-11,98.18749025922922,99.32841661054142,98.0342316895286,99.22624206542969,129835000
2021-06-14,99.20920872756982,99.54978404524537,98.1534310891161,98.69834899902344,70137500
2021-06-15,98.37480940370675,98.76646875892834,98.15343446521312,98.56212615966797,74037500
2021-06-16,98.4429239348013,98.76646691893052,98.13640679365403,98.47698211669922,77637500
2021-06-17,98.08531358688693,98.47697942002065,97.84691281606383,98.05126190185547,77512500
2021-06-18,98.13639979637634,98.2896583560224,96.9784476781469,97.13170623779297,163270000
2021-06-21,96.74005849995802,96.96142694911283,95.65021611425315,96.17810821533203,133692500
2021-06-22,98.08532450276162,99.49870993841337,97.82989786099647,99.34545135498047,172337500
2021-06-23,98.45994208498897,99.39651927823681,97.40416451237867,97.69364929199219,137095000
2021-06-24,98.45995444075223,98.86864614694849,98.13641144130031,98.39183807373047,122610000
2021-06-25,99.03892488301463,99.1240670889369,98.1193734688127,98.66429138183594,115595000
2021-06-28,98.91972309345365,99.61789956561462,98.83458088873817,99.14109802246094,80820000
2021-06-29,99.00487308783332,99.26030621801092,98.03423758665333,98.54509735107422,123300000
2021-06-30,99.03892303740012,99.26029796541978,98.52806331545257,98.57914733886719,113142500
2021-07-01,98.61319627111928,98.90268753383035,97.84690351209962,98.0853042602539,97897500
2021-07-02,98.15343235236865,99.10704195494657,97.94908975750695,98.10234832763672,109192500
2021-07-05,97.74474135193113,98.05125847396889,97.1998234674048,97.47228240966797,74347500
2021-07-06,97.23387627445287,97.84691052560991,97.13170822988246,97.40416717529297,52637500
2021-07-07,97.06358586377603,97.33604479232825,96.22917674112242,96.58678436279297,104772500
2021-07-08,96.80815478417566,97.5744475666015,96.34838561065354,96.85924530029297,121027500
2021-07-09,96.43353554907773,97.31902878028876,95.78644309243622,97.04656982421875,174887500
2021-07-12,98.42588606797061,98.63022865194758,97.77879364012097,98.15342712402344,124752500
2021-07-13,99.61789899921185,99.72007354184977,98.81754798838261,99.17515563964844,111460000
2021-07-14,99.10704549954293,99.65196343595264,98.86864471435547,98.86864471435547,79150000
2021-07-15,99.58383706252275,99.58383706252275,97.91502523797878,98.22154235839844,109120000
2021-07-16,97.59148084619994,98.25559909873662,97.1146728347906,97.91502380371094,80100000
2021-07-19,97.57444803519967,97.96610734900194,96.99547198524556,97.35307312011719,85997500
2021-07-20,96.50164933474996,97.82989248346892,96.50164933474996,97.59149169921875,92062500
2021-07-21,97.52337706505097,97.89801058748694,96.68896780942562,96.77411651611328,116817500
2021-07-26,97.30198928491478,97.33604746391025,96.22917938232422,96.22917938232422,124802500
2021-07-27,96.21215273706375,96.79112878328341,95.9226679619206,96.67192840576172,98015000
2021-07-28,96.3313563339836,96.84221603985429,96.2802723121766,96.348388671875,75110000
2021-07-29,96.41651355675062,96.68897254205802,95.97377014160156,95.97377014160156,76775000
2021-07-30,95.76940361724341,96.0929465515421,95.34368615298739,95.44585418701172,140092500
2021-08-02,96.48461762010517,97.54039524151135,95.83752517656355,97.48931121826172,102857500
2021-08-03,96.58678032210085,96.87626507960624,95.82048758762633,96.04186248779297,79302500
2021-08-04,96.00781096275375,96.41649611883263,95.83752006777637,96.22917938232422,73417500
2021-08-05,95.56506701213459,95.88861648453384,95.4628989647949,95.61615753173828,58482500
2021-08-06,95.75238616441838,96.10998733095398,95.47992720478165,95.66724395751953,87137500
2021-08-10,97.23387428026798,98.23856783885137,96.79113093903133,97.13170623779297,204920000
2021-08-11,97.33605152788996,97.8809694227022,97.1487347835607,97.55742645263672,113877500
2021-08-12,98.22153371639823,98.69833519690707,97.16575622558594,97.16575622558594,109252500
2021-08-13,98.28966480434096,99.49870102312703,97.62554650094957,99.22624206542969,145310000
2021-08-16,99.3794987713018,99.3794987713018,98.28966296095194,98.35777282714844,120790000
2021-08-17,97.42118947797847,97.65959023455957,97.13170470096813,97.35307312011719,122295000
2021-08-18,97.0636013318616,97.38714433109813,96.74005833262508,96.77411651611328,113317500
2021-08-19,96.58679765011608,96.9103406423021,96.2291899792499,96.31433868408203,83965000
2021-08-20,96.46758598837162,97.2849627909814,96.41649547225431,96.85924530029297,125217500
2021-08-23,97.91503116002937,99.29435828534166,97.47228779038626,99.03892517089844,161130000
2021-08-24,99.03891794642531,99.49869362132404,98.81754302978516,98.81754302978516,129707500
2021-08-25,98.4599418923973,99.43057726298345,98.4599418923973,98.81754302978516,100460000
2021-08-26,99.03891312067532,99.41354657736073,98.71537017822266,98.71537017822266,108482500
2021-08-27,99.14108696166187,100.04360592363608,98.91971205735256,99.87332153320312,135570000
2021-08-30,100.09469834085989,100.84396531187781,99.82223939574438,100.74179077148438,129527500
2021-08-31,100.4693323552325,100.50339053554293,99.72007187620419,99.9925308227539,195732500
2021-09-01,99.99252740830148,101.49104831518802,99.95846922915405,101.4399642944336,168390000
2021-09-02,101.86568126050737,103.63666759137007,101.76350672359604,103.50043487548828,186562500
2021-09-03,102.41060507148381,106.12286234742085,102.24032066268934,105.81634521484375,272545000
2021-09-06,107.2808107576124,109.83511577565079,107.2808107576124,109.69888305664062,217252500
2021-09-07,110.2097557896504,110.92495811904647,109.76700592255706,110.48220825195312,155335000
2021-09-08,109.9372996197756,110.78873474816139,109.3242652879883,110.44816589355469,190795000
2021-09-09,109.46047979718436,110.82278097247352,109.2561437151978,110.1756820678711,131047500
2021-09-10,110.17567578893686,111.7082612758281,110.00539139969698,111.67420959472656,211737500
2021-09-13,111.4358172304176,111.46986891407951,109.93728331195123,110.51626586914062,149715000
2021-09-14,110.78872821351376,111.36771082243789,110.55032743097685,111.09524536132812,196842500
2021-09-15,110.27786960855988,110.99307192145284,110.20975324658899,110.24380493164062,155590000
2021-09-16,110.24380380474102,110.82278637964151,110.03946771278466,110.31192016601562,130217500
2021-09-17,110.41408603893818,112.15102073758764,110.3459826708714,111.87855529785156,232452500
2021-09-21,110.68654680601861,111.0271155994443,109.8691635131836,109.8691635131836,175340000
2021-09-22,109.01772241366196,109.7669893073483,108.33657836914062,108.33657836914062,145395000
2021-09-24,108.57500471354523,110.58439863214498,108.43877847088945,110.44816589355469,138670000
2021-09-27,110.2438163309771,110.41410075757813,108.98369598388672,108.98369598388672,125970000
2021-09-28,108.26848909951241,109.46049302807214,107.85979739833893,109.25615692138672,146817500
2021-09-29,108.45915761185168,109.08288546952286,107.31565874253684,108.1126480102539,155497500
2021-09-30,106.96913823615243,107.80077309185208,106.76122456529278,106.89983367919922,163857500
2021-10-01,105.72169367648272,108.63241927969096,105.68704139439131,107.35031127929688,151162500
2021-10-04,107.62752549565232,108.5284650237917,107.14240675328773,107.5582275390625,122177500
2021-10-05,107.45426855371677,108.42451262840108,106.55332904349142,107.38496398925781,169455000
2021-10-06,107.38495796976821,108.9096252561645,107.0384417761445,108.45915222167969,130225000
2021-10-07,109.39474565410792,109.70660957226936,107.73147583007812,107.73147583007812,117737500
2021-10-08,108.70172299068417,109.3600965175124,108.14729309082031,108.14729309082031,124105000
2021-10-11,107.41961558856437,108.38985965708032,107.0730993777196,108.1126480102539,176567500
2021-10-12,107.59287064468973,108.21659850384106,106.86519254851117,107.35031127929688,110817500
2021-10-13,107.35030863189206,108.45915519448344,107.31565635065523,107.83543395996094,106035000
2021-10-14,107.45425501458585,108.45914463563749,107.2463479566521,107.5235595703125,81870000
2021-10-15,108.1126395959412,109.32543632563649,108.07798731662899,108.90962219238281,97880000
2021-10-18,108.8056732268955,108.8056732268955,107.76613120930054,108.14729309082031,83192500
2021-10-19,108.45916243913067,108.6670761404395,107.76613659584307,107.80078887939453,57682500
2021-10-20,108.49380691381789,109.29079615964375,108.1819429935484,108.73636627197266,99902500
2021-10-21,109.9491632646913,110.71150018503448,108.84031677246094,108.84031677246094,126877500
2021-10-22,108.18194596502526,108.56311445787921,107.87008203618967,108.1126480102539,103742500
2021-10-25,107.66216841992178,108.35520079955477,107.41960906982422,107.41960906982422,94260000
2021-10-26,111.16198052496809,113.8647923754887,110.78080543044395,113.20640563964844,232910000
2021-10-27,112.9984903860887,112.9984903860887,111.43917097691933,112.30545806884766,119137500
2021-10-28,112.13221624202217,112.37477559829097,111.0926742553711,111.0926742553711,136797500
2021-10-29,110.39965040656283,111.26593766559927,110.33034583962056,110.46894836425781,165510000
2021-11-01,110.81543864498855,112.02824845478645,110.57287932672726,111.85498046875,163227500
2021-11-02,111.85500138020969,112.09756074381781,111.30057808932055,111.61244201660156,135820000
2021-11-04,112.61733529994886,113.345013370987,111.88965722891074,112.92919921875,194787500
2021-11-05,112.54803922019538,112.6519894614653,111.82036109431674,112.1322250366211,140575000
2021-11-08,112.13222194799981,112.20152651310234,111.68174888408055,111.7164077758789,95930000
2021-11-09,112.44408156639213,112.68664092569502,111.36988067626953,111.36988067626953,93377500
2021-11-10,111.88965434705759,112.40941871934328,111.50848587628548,111.75104522705078,96740000
2021-11-11,113.13711310069817,113.69153637747536,110.78080426052489,111.30057525634766,142280000
2021-11-12,111.99360886536905,114.3152654496389,111.54313581734766,114.07269287109375,165505000
2021-11-15,114.07269431943396,114.66177650024802,113.7954892837815,114.10735321044922,121060000
2021-11-16,114.34991824985501,114.80039132595715,113.76084925829375,113.86479949951172,109110000
2021-11-17,113.58757409845852,113.76084211426688,112.13221793882305,112.34011840820312,112925000
2021-11-18,111.9243054129652,111.95896430388419,110.8154588364468,111.404541015625,130562500
2021-11-19,110.7114983488694,110.88475313193952,109.91450916270637,110.33032989501953,145227500
2021-11-22,110.57291209186923,111.71641768979624,110.53825980624286,111.19664001464844,137385000
2021-11-24,111.23127877288086,111.92431122380893,110.46894836425781,110.46894836425781,152840000
2021-11-25,111.05802153675829,112.40942751635079,110.9540712978648,111.92430877685547,99755000
2021-11-26,110.57290541127836,110.6768622618766,109.39475420815417,109.53336334228516,135152500
2021-11-29,109.53336530279375,110.22639115811107,108.97894197484092,109.77592468261719,196480000
2021-11-30,109.67195445207646,110.36498683210323,108.28589630126953,108.28589630126953,358780000
2021-12-01,107.76613403326628,108.49381214280186,107.21171072812095,107.5928726196289,216555000
2021-12-02,106.06821959607552,107.07310943171119,105.82566020848235,106.65729522705078,159915000
2021-12-03,106.65727461252577,107.21169785108013,105.9295899811442,107.0037841796875,165285000
2021-12-06,107.00378939156852,107.31565330460123,106.5533229667694,106.72657775878906,131110000
2021-12-07,106.72658427036367,109.67196217912715,106.4147203383036,109.15219116210938,172125000
2021-12-08,109.63729241074277,109.87985173938222,108.0086750547022,108.04332733154297,145052500
2021-12-09,107.93938419442459,108.42450952249347,107.38496091312891,107.83543395996094,106817500
2021-12-10,107.83542580544835,108.14728309450354,106.93448638916016,106.93448638916016,123442500
2021-12-13,107.83543267254753,108.2512468239316,107.59286670678559,107.73147583007812,92152500
2021-12-14,108.90962098526535,110.19172225937469,108.8749687063372,109.67195129394531,159450000
2021-12-15,109.77591552878515,110.53824588884035,109.67195868499482,110.43429565429688,121397500
2021-12-16,110.50359824044455,111.16198500280602,110.1917343052455,111.05802154541016,147765000
2021-12-17,111.57779129434203,112.82524694701002,111.47382784429081,111.82035064697266,183842500
2021-12-20,111.75104755865667,111.85499779158401,110.05312545862701,110.29568481445312,122785000
2021-12-21,110.39962583151666,111.36986311574361,109.81055036213067,111.02335357666016,115512500
2021-12-22,111.5431356084928,111.88965842112724,110.12243173217273,110.43429565429688,119850000
2021-12-23,111.43918082458109,111.92429952397121,110.57289365610067,110.85010528564453,97582500
2021-12-24,110.15708090951118,110.3303357016997,108.14728830834302,108.45915222167969,144575000
2021-12-27,107.76612519741302,108.52845552717184,106.5533218383789,106.5533218383789,149525000
2021-12-28,106.83053274155667,108.25124316099826,106.41471199499608,108.21659088134766,156497500
2021-12-29,108.21659174141753,108.9789286812963,107.31565229108138,108.28589630126953,574755000
2021-12-30,108.28590393066406,110.01847839355469,108.07799684570637,109.15219116210938,149275000
2022-01-04,109.8105693504201,110.78080680241914,109.18684149742245,110.64220428466797,96260000
2022-01-05,111.30056951023296,113.37966660468008,110.98870560699054,113.1717529296875,162127500
2022-01-06,114.1766523992716,115.04293957495881,113.72617936673615,114.453857421875,185880000
2022-01-07,115.38944774468848,116.32503946919188,113.7608368629172,114.17665100097656,144705000
2022-01-11,114.03804498970034,115.18155042364089,113.83013130575839,114.59246826171875,89245000
2022-01-12,114.17664822871942,115.11223993050625,113.69152954301353,114.73107147216797,125592500
2022-01-13,115.25084085245167,115.32014541321603,113.65687561035156,113.65687561035156,95725000
2022-01-14,113.31037225427326,113.62223618561094,112.16686676653708,113.37967681884766,132522500
2022-01-17,113.93410380682339,114.31527231508,113.5529352985668,113.76084899902344,74720000
2022-01-18,113.76082725690307,113.76082725690307,112.16684896170104,112.30545806884766,92280000
2022-01-19,112.790584581509,113.10244848506495,111.4391787389308,111.54312896728516,121845000
2022-01-20,112.44408528530039,114.00340494560078,112.09756246162578,112.61734008789062,155175000
2022-01-21,112.47872644211455,113.58757299636201,111.61243924545288,113.03314971923828,129712500
2022-01-24,113.31036204634923,114.00339441116493,112.54802512320265,113.1717529296875,126160000
2022-01-25,113.65687732657359,114.07269147894517,112.79059013167823,113.79548645019531,136842500
2022-01-26,112.9638485613653,113.34501705434164,111.54313804476786,111.57779693603516,113505000
2022-01-27,111.1619725037622,111.78568708553561,110.3649833093963,110.50358581542969,183192500
2022-01-28,110.85011113528331,112.47872871864104,110.85011113528331,112.27082824707031,124777500
2022-01-31,112.79059148229767,113.5529284528522,112.02826773023688,113.20640563964844,134255000
2022-02-01,113.03315367225281,114.59247332447535,112.75594863324328,114.38455963134766,98705000
2022-02-02,113.58758097272897,114.31527231508,113.34502159811014,113.76084899902344,107197500
2022-02-03,115.35480022037925,116.70620606122384,114.76571808397682,115.66666412353516,177755000
2022-02-04,116.25573928714405,117.5031949667857,116.15178905333846,116.49829864501953,109425000
2022-02-07,116.01317741419804,117.05271938519846,115.66666783002901,116.04783630371094,96965000
2022-02-08,116.67153787841283,116.7755013168447,115.73595946196906,116.39433288574219,151710000
2022-02-09,115.35480745250125,115.59736681255268,114.07269287109375,114.07269287109375,160922500
2022-02-10,114.83502535271161,114.83502535271161,113.76083771975976,114.24595642089844,137262500
2022-02-14,113.83012847337959,114.59246541037109,113.0331458658399,114.28060150146484,103245000
2022-02-15,114.76572328260964,115.56270591155561,113.55292650345132,113.83013153076172,102425000
2022-02-16,115.25083896310592,115.66666632087527,114.66177003400574,115.14688873291016,94127500
2022-02-17,115.66667945134137,115.80527536783805,113.51827751445958,113.9341049194336,125197500
2022-02-18,113.65687282749637,115.14688780121405,113.62222715720917,114.21129608154297,93175000
2022-02-21,114.31525486833334,115.49340588745639,113.96873208712509,115.38944244384766,79822500
2022-02-22,114.34990917332163,115.00828267960128,113.691535667042,114.69641876220703,105100000
2022-02-24,114.00337799621416,115.18152888121514,113.44895482788964,114.62710571289062,148825000
2022-02-25,114.55783051217189,114.86969445040398,112.8252560149923,112.96385192871094,157637500
2022-02-28,113.8647938473181,114.83503129984256,113.37967512105588,114.10735321044922,389807500
2022-03-01,115.2855080563078,116.25574553999421,114.8003893144646,115.35481262207031,98467500
2022-03-02,115.52807271542889,116.87947876342137,115.14690419553462,116.11714172363281,127322500
2022-03-03,117.05272930615169,117.74576175172193,116.32505118662544,117.2606430053711,106197500
2022-03-04,117.50318385509591,118.71598052978514,116.94876062973907,118.71598052978516,173572500
2022-03-07,117.46854707109644,117.71110642437976,115.90922750106547,117.01807403564453,171505000
2022-03-08,116.42898876847717,117.95366262666343,116.22108831035578,116.60225677490234,195267500
2022-03-09,114.34992117837844,117.78042462986754,114.34992117837844,116.87947845458984,162700000
2022-03-10,115.83991941223712,118.36947631835938,115.77061485362505,118.36947631835938,161972500
2022-03-11,118.05762258240593,118.95856870347029,117.91901345324308,118.57740020751953,163205000
2022-03-14,120.30997862813075,121.45347093514177,119.68625074485401,119.9288101196289,119740000
2022-03-15,120.587173554146,122.7702209623541,120.587173554146,122.31974792480469,117777500
2022-03-16,122.00787298002906,123.1167194195332,121.55741320169392,121.79997253417969,139665000
2022-03-17,119.37437142797663,121.5920644079942,119.37437142797663,120.69113159179688,175865000
2022-03-18,121.2802007804481,122.21579248697356,120.62182730629738,120.79508209228516,204930000
2022-03-22,122.25046517616559,124.50281754729279,122.14651492529676,123.98303985595703,170975000
2022-03-23,126.47794452626417,126.72050391034178,125.33443895690252,126.65119934082031,145307500
2022-03-24,126.51257383265158,126.9284011959776,125.81955466409491,126.4779281616211,118415000
2022-03-25,126.16608017685303,126.47794412947371,123.77513201909103,124.71072387695312,151060000
2022-03-28,125.75026221637997,126.6165494790139,125.3690937058619,126.06212615966797,114927500
2022-03-29,126.72048499672918,127.20560369247822,124.98791067277227,127.13629913330078,164427500
2022-03-30,126.99541962216641,127.48860357810317,124.35335119685814,126.04427337646484,180957500
2022-03-31,124.95220877446644,126.43176042613983,124.24765460965642,124.88175201416016,174967500
2022-04-01,124.70561732203278,127.38290703291659,124.5294687014491,127.20677185058594,157680000
2022-04-04,128.79202270507812,129.4261201481941,128.0874684973655,128.79202270507812,112990000
2022-04-05,127.69997130275979,128.82725273299275,126.71360341086962,127.41814422607422,158385000
2022-04-06,128.36924720796003,128.36924720796003,126.96015261398661,127.6999282836914,106577500
2022-04-07,128.15791425855383,128.15791425855383,126.43175726977537,127.31244659423828,151127500
2022-04-08,128.96813605086953,132.49089305444093,128.86245764100286,132.45565795898438,296395000
2022-04-11,131.64543783258105,132.10340004879433,129.49655370833355,130.3772430419922,148585000
2022-04-12,131.22270131976336,132.5965744317829,130.72951747834628,132.27952575683594,148402500
2022-04-13,131.43406523197348,132.1738409583553,130.09541384262693,131.75111389160156,165755000
2022-04-14,132.45565782241465,133.82954434052223,131.82156048736547,132.9136199951172,93750000
2022-04-15,131.39883508560368,132.70225142949118,131.29315667449845,132.13861083984375,87277500
2022-04-18,130.34201651975002,132.03293836471326,130.34201651975002,131.78634643554688,76072500
2022-04-19,133.4420486907382,133.7238622834763,132.03294041229015,133.125,93655000
2022-04-20,132.8079796707002,133.75912594603417,132.38525247219246,133.58297729492188,102767500
2022-04-21,133.82954832795255,134.53408899833087,132.94885905172774,133.01930236816406,115132500
2022-04-22,133.01928750655432,133.26589283953697,131.61019288497718,132.87838745117188,85815000
2022-04-25,132.73748863828104,134.00568334473783,132.17384803966155,133.47726440429688,128502500
2022-04-26,132.10337819159025,133.65338632460137,131.96246469633908,132.56134033203125,134182500
2022-04-27,132.56135136076807,133.40680552611337,131.53974859257846,132.13861083984375,363775000
2022-04-28,130.5533900517787,135.94320440716206,130.5533900517787,135.52047729492188,188510000
2022-05-02,133.9704487895249,135.9079759534678,133.9352271312041,135.13296508789062,119542500
2022-05-06,134.4284243781965,136.5068518208702,134.3227459544472,135.90798950195312,211655000
2022-05-09,136.04888398589492,136.71821647742365,133.054545638091,135.34432983398438,218982500
2022-05-10,135.52046163204224,136.85909957246417,135.27386972521447,135.66136169433594,151737500
2022-05-11,136.26024330287512,136.96479739811497,135.2738756324903,135.30909729003906,121490000
2022-05-12,135.13295114823748,135.5204565410529,132.56134033203125,132.56134033203125,219977500
2022-05-13,132.38522813147893,133.86477977334928,131.89203081260257,133.23068237304688,149827500
2022-05-16,133.33633697161656,135.16817208540598,133.301115317116,134.0761260986328,124345000
2022-05-17,132.84320133796948,134.4989019029866,132.8079796707002,133.58297729492188,81527500
2022-05-18,134.9215992574328,137.28185359005528,134.78068574301454,136.89434814453125,200072500
2022-05-19,135.80228463733823,136.89434418511533,135.02728720695794,136.78866577148438,128337500
2022-05-20,136.75343718192647,137.45799132891233,136.04888303494062,136.85911560058594,146350000
2022-05-23,137.17614875358512,137.91593791514555,136.85910009527382,137.7750244140625,112057500
2022-05-24,138.2682303034406,138.93754938306188,137.77504640916666,138.1625518798828,104025000
2022-05-25,138.79664000961316,140.1352780792755,138.09208587711848,139.60687255859375,143720000
2022-05-26,140.06481020488815,141.5795967661308,139.88867504530785,141.50914001464844,135400000
2022-05-27,142.2136932040707,142.8477905252051,140.24095792787577,140.7693634033203,154412500
2022-05-30,141.12165707890784,141.61484093262573,139.2193649817799,140.5227813720703,444827500
2022-05-31,140.73414074555092,141.26254621723567,137.7750244140625,137.7750244140625,426567500
2022-06-01,138.79663943205614,140.2057342529297,138.47959074566543,140.2057342529297,129492500
2022-06-02,139.64210036376494,139.85347064429163,137.95117843431026,138.79664611816406,108592500
2022-06-03,138.5852861906948,139.14892687595332,136.89436413491924,137.63414001464844,121072500
2022-06-06,138.23302090788508,138.5852913098388,137.28187469670473,138.3386993408203,87590000
2022-06-07,138.79664490215808,138.79664490215808,137.59890686617285,138.19776916503906,107560000
2022-06-08,138.3386862505479,139.21937561035156,137.66936717486826,139.21937561035156,136560000
2022-06-09,139.6420991403519,139.95914783923774,137.91595556505874,138.19776916503906,137185000
2022-06-10,137.38750326078696,139.60684361463262,137.07045463880903,138.8318328857422,160090000
2022-06-13,137.42272491289583,139.07842476525286,137.42272491289583,138.8318328857422,100040000
2022-06-14,136.85912016716728,137.70458785941156,135.6966172083661,136.36593627929688,146855000
2022-06-15,135.45001135152177,137.17615478176523,134.71023559570312,134.71023559570312,142950000
2022-06-16,134.04092416629697,137.0704978563491,134.04092416629697,136.1545867919922,111355000
2022-06-17,135.16818448133563,135.97841699165735,133.5477194606922,134.2522735595703,186347500
2022-06-20,133.16021096727195,135.48523003324053,132.98407580617234,134.88636779785156,115810000
2022-06-21,135.06253051757812,135.73184964162743,134.2522978605961,135.06253051757812,120625000
2022-06-22,135.62616451778842,138.72619489804885,135.52048609243127,138.5852813720703,164762500
2022-06-23,139.14890430335362,140.83982608482947,138.9375340413247,140.41709899902344,137592500
2022-06-24,140.8750873588851,140.8750873588851,137.21141609909805,139.11370849609375,146457500
2022-06-27,137.387540363136,138.40914324742727,135.8022968251415,136.96481323242188,163825000
2022-06-28,137.98640867641845,140.66371197657514,137.56368152732932,139.74778747558594,171825000
2022-06-29,139.81823874805193,140.0296090334207,137.4227626002187,138.1625518798828,438362500
2022-06-30,137.21139089087504,138.69094241343726,137.17615579467014,137.24661254882812,159695000
2022-07-01,138.58527258878863,138.76140776597194,136.01366137480503,136.85911560058594,119077500
2022-07-04,136.6829883351863,137.88072642291658,136.401174723031,137.8455047607422,84617500
2022-07-05,137.88073798530934,138.02165152233042,137.0000485363094,137.28187561035156,115725000
2022-07-06,135.45001789758496,135.97842341802732,134.3931934184479,134.7806854248047,141005000
2022-07-07,135.5556989550033,136.2954747609868,134.92160156751672,135.52047729492188,112585000
2022-07-08,134.99205709957226,136.57730055388728,134.7806868262461,134.92160034179688,154242500
2022-07-11,136.33069854536072,137.9159418825193,136.2250066973825,137.88070678710938,101155000
2022-07-12,139.1489252557995,139.60688750669422,137.5989167489493,137.95118713378906,119600000
2022-07-13,138.16256343268591,139.0080177683493,136.7886900585421,137.5989227294922,101770000
2022-07-14,137.03526937531376,137.66936678764912,136.54207204707825,137.5636749267578,98722500
2022-07-15,138.58527364353543,139.0432358582996,137.03526525897183,137.91595458984375,88825000
2022-07-19,137.49320801837533,138.303440554729,136.47161865234375,136.47161865234375,110290000
2022-07-20,136.61251519965808,137.28184764503303,136.22500977091508,137.24661254882812,106247500
2022-07-21,136.50686298781807,137.91597146492956,136.2602710200617,137.5989227294922,111935000
2022-07-22,137.281868027292,138.4443710478662,137.21141126267332,137.95118713378906,93022500
2022-07-25,136.5773103126815,137.77504840393954,136.5068535498718,136.92958068847656,90325000
2022-07-26,136.68296275343786,137.00001140668175,136.2602356951963,136.43637084960938,86747500
2022-07-27,136.92958228655309,137.24663100377023,136.15458476310843,136.61253356933594,90357500
2022-07-28,136.85911560058594,136.92957235910978,136.04888303494062,136.85911560058594,112150000
2022-07-29,136.26025807764006,136.47162836060647,134.1113739013672,134.1113739013672,148452500
2022-08-01,133.86478749244912,134.14661454805815,132.87841967432487,133.90000915527344,111500000
2022-08-02,132.94888793678194,133.68866386435727,131.85682815922684,131.99774169921875,118255000
2022-08-03,132.63183919092754,133.08978803851903,131.25795233338863,131.99774169921875,87270000
2022-08-04,132.77273929266465,132.98410960265252,131.50455774750188,131.99774169921875,100507500
2022-08-05,131.50453195353765,133.4772673734629,131.46929685632347,133.30113220214844,80695000
2022-08-08,132.63181850162312,134.675010759768,132.27953470659625,133.5477294921875,96970000
2022-08-09,134.46361949520008,134.46361949520008,131.0465545654297,131.0465545654297,138142500
2022-08-10,131.39884493546387,132.80795323433722,130.79998264330695,131.89202880859375,93010000
2022-08-12,132.38522306853602,133.08976376348056,130.20110391180037,130.2715606689453,205285000
2022-08-15,130.0249915826616,131.36364332710346,129.77839960845586,130.94090270996094,109580000
2022-08-16,130.23635191912913,130.87044935803578,129.84884643554688,129.84884643554688,78947500
2022-08-17,129.46133307049993,131.8568091520347,129.42611140970658,131.43408203125,134912500
2022-08-18,132.70228416200263,132.7375192665633,131.08181874684172,131.68069458007812,108530000
2022-08-19,131.32837426377816,132.56134725423445,131.32837426377816,132.4908905029297,88225000
2022-08-22,132.77270775811772,133.5124969482422,131.78634008895392,133.5124969482422,111060000
2022-08-23,133.6886360766403,133.86477124589237,132.70225493997498,133.61817932128906,105385000
2022-08-24,133.08976630164435,133.44205009408742,132.6318175288473,133.2659149169922,96917500
2022-08-25,133.33636079367966,133.93523653318877,132.87841201210236,133.23068237304688,84987500
2022-08-26,132.63185119628906,133.51254074357317,131.96251853986928,132.63185119628906,124967500
2022-08-29,132.59659668073,132.63183178288736,131.15226657212176,132.20909118652344,118482500
2022-08-30,132.73748695037048,134.71023573957882,132.42043827778792,134.2522735595703,215505000
2022-08-31,132.66704191613508,133.90000161939957,132.59658515619813,132.77272033691406,229340000
2022-09-01,131.61020689600355,132.42043941327287,131.29315822070234,131.82156372070312,117922500
2022-09-02,132.91363129960516,133.26591509251222,131.75112837864353,132.80795288085938,117307500
2022-09-05,132.8431916550636,132.91364842272188,131.78636701669822,132.032958984375,76442500
2022-09-06,130.76474814021108,131.46930229285582,130.72952647979258,131.2931671142578,97787500
2022-09-07,133.08980008533246,133.33639208351153,131.64546976531676,132.63185119628906,144592500
2022-09-08,135.97844034139922,138.62050858719005,135.59094828681663,138.37391662597656,265460000
2022-09-09,139.04323745141613,139.3955078125,137.56367237070745,139.3955078125,184492500
2022-09-12,139.36028317780952,140.48756443512576,139.21936966108183,139.57164001464844,91075000
2022-09-13,138.4443717867625,139.18414766182653,137.7398175750689,138.6909637451172,115910000
2022-09-14,138.12729395508256,138.16252904928157,136.40115061035957,136.57728576660156,145632500
2022-09-15,135.69660102583978,136.40115511231278,135.37955235883953,136.0841064453125,102585000
2022-09-16,135.73181049457435,135.97840238695883,134.815899671182,135.4499969482422,147482500
2022-09-20,137.1057085797792,138.40913846501158,136.75343822273152,137.91595458984375,139160000
2022-09-21,138.65573842462814,138.65573842462814,136.1193487047314,136.33071899414062,131285000
2022-09-22,135.97842942089514,136.50684840291729,135.16819683651332,136.2250213623047,105552500
2022-09-26,137.31708360164146,138.16255130132294,136.50685100183387,136.96481323242188,176015000
2022-09-27,135.8023078419081,137.49322994019147,135.45003744411108,136.54208374023438,109817500
2022-09-28,134.07614734303635,135.6613773735002,133.54772837404667,135.52047729492188,177265000
2022-09-29,136.0214572797993,140.60203675481526,135.77095843950502,140.42311096191406,175430000
2022-09-30,140.5662527115482,141.46089538644586,139.70740338829822,139.7789764404297,197240000
2022-10-03,138.88434869053248,139.242200338482,136.7371978493394,137.3097686767578,117497500
2022-10-04,139.2421946622399,142.06926897975683,138.27597887076584,141.99769592285156,160012500
2022-10-05,142.5702642108718,143.82275855669837,141.96190006349568,142.3555450439453,157757500
2022-10-06,142.9280958800852,143.53645994251215,142.3197454688209,142.67759704589844,145330000
2022-10-07,141.17462624518805,142.42712061311843,140.99570042850723,141.99769592285156,119272500
2022-10-11,141.49671325247618,143.60807087707508,141.3535671234131,143.14285278320312,180235000
2022-10-12,142.39132175485304,143.7869620488435,141.38931274414062,141.38931274414062,178680000
2022-10-13,140.1368268041327,140.92411671941622,139.38533024017866,139.95790100097656,144867500
2022-10-14,141.0672316670771,143.32173473035556,141.0672316670771,142.033447265625,142942500
2022-10-17,142.74918533234876,143.07125724656998,141.56826408098024,142.10504150390625,115937500
2022-10-18,143.6796112060547,143.7153909045854,142.31975059211447,143.6796112060547,124867500
2022-10-19,143.93010542087393,144.86052771554708,143.28596165872992,144.00167846679688,123582500
2022-10-20,144.18060337950791,146.64981201860707,143.8585315003939,146.47088623046875,190500000
2022-10-21,146.9003247720228,147.72339439638054,144.3237631461267,144.3595428466797,118910000
2022-10-24,144.35955908846526,145.43312769097201,142.85655212402344,142.85655212402344,102820000
2022-10-25,144.0732553330337,146.14883296301275,143.28597903473502,145.75518798828125,99430000
2022-10-26,146.1130266899035,147.6517993049482,146.04145364831695,146.93609619140625,109160000
2022-10-27,146.07727056107035,146.29198974053617,144.43113113866175,144.93212890625,135180000
2022-10-28,145.18261507537358,146.90032740717186,144.64582399930228,146.29197692871094,346885000
2022-10-31,145.4331148419524,147.18662053701803,145.4331148419524,146.50668334960938,123802500
2022-11-01,146.64982941734723,147.72339792470947,144.89633737392725,145.36154174804688,114905000
2022-11-02,144.9321195717409,145.28997119663745,144.10904991354732,145.00369262695312,132590000
2022-11-04,145.50467703106727,146.0772477691412,143.25017377751723,143.32174682617188,175952500
2022-11-07,144.10904988262638,144.3237690482169,142.92811494862516,143.28598022460938,104652500
2022-11-08,144.0374768583351,145.1110453841892,143.0712610897171,145.00369262695312,168927500
2022-11-09,143.28597760233495,143.5364764653573,140.10105178576725,140.20840454101562,168785000
2022-11-10,139.20641620892584,141.03148139731599,139.20641620892584,140.6736297607422,116187500
2022-11-11,141.35352700454013,141.604025833721,138.52645318817036,138.63381958007812,202182500
2022-11-14,137.56025688684664,137.70340299538543,135.2699737548828,135.2699737548828,223300000
2022-11-15,135.77097054767898,136.55826048805102,134.48269653320312,134.48269653320312,137135000
2022-11-16,133.55225798034374,134.8763253224552,133.0870399651074,134.26797485351562,171822500
2022-11-17,135.94991437058147,136.20041324125444,134.55426025390625,134.55426025390625,139815000
2022-11-18,135.09105752487932,138.13283746563567,134.9121317020993,137.66763305664062,150092500
2022-11-21,138.27598702150084,138.52648590985265,137.05927228472092,137.5244903564453,91800000
2022-11-22,138.84855183161264,140.27998568962343,138.8127721281866,139.74319458007812,132630000
2022-11-24,140.27998099373002,140.74519902968504,138.77697412801558,138.9201202392578,191240000
2022-11-25,139.564230037825,139.564230037825,138.59801449942378,139.063232421875,101210000
2022-11-28,139.8147394485103,139.8147394485103,138.56224531365368,138.812744140625,84580000
2022-11-29,138.27595974952663,138.4191058435425,136.9518925077872,137.38131713867188,118767500
2022-11-30,137.95391041510365,137.95391041510365,136.701416015625,136.701416015625,185190000
2022-12-01,136.77297003639526,137.34554077519655,136.3435317439219,136.6656036376953,107975000
2022-12-02,134.48268670581427,134.48268670581427,132.97967998867915,133.2301788330078,210677500
2022-12-05,134.12483935946773,134.19641241756355,131.94190886662227,132.87234497070312,162205000
2022-12-06,134.19639835474356,134.5184702568415,133.44490180023627,133.8385467529297,120687500
2022-12-07,133.69540401997847,133.69540401997847,132.87233439413978,133.12283325195312,111290000
2022-12-08,133.48071089569567,134.08907513415235,132.29978942871094,132.29978942871094,139517500
2022-12-09,134.23219891094,135.59205978121716,133.766994486533,134.30377197265625,167037500
2022-12-12,133.65960817512416,134.12482618145606,133.33753627091957,133.48068237304688,85800000
2022-12-13,133.69539694948674,134.5542462305225,133.5522508522597,134.3753204345703,89007500
2022-12-14,134.41111039013796,134.87631471763308,133.83853966685234,134.51846313476562,81437500
2022-12-15,134.51848180486638,135.0910526076203,134.26798293185934,134.94790649414062,91560000
2022-12-16,134.44690187994547,134.69740074015587,133.15861422676977,133.5164794921875,234357500
2022-12-19,133.5164748976986,134.84054220627107,133.5164748976986,134.41111755371094,101347500
2022-12-20,133.65961536047305,134.76897723485183,132.04926940404386,133.3733367919922,180212500
2022-12-21,133.73119093303256,134.73320006949058,133.44491235916217,133.5880584716797,164797500
2022-12-22,134.5542615056953,135.80676952187704,134.01748405690148,135.52047729492188,124632500
2022-12-23,136.05722857072462,136.4866531342994,135.62780400714982,136.16458129882812,102652500
2022-12-26,135.80676861669096,136.164620246835,135.09105170523821,135.30577087402344,50442500
2022-12-27,136.1646036506495,136.27197004753828,135.44888682643065,135.48468017578125,43727500
2022-12-28,136.48668280387116,136.70140195791473,135.4846873873286,135.9499053955078,59540000
2022-12-29,135.6636280934655,135.69940779748816,134.41113368519433,135.1984100341797,71935000
2022-12-30,134.84054312793887,136.16461044556164,134.62582397460938,134.62582397460938,74032500
2023-01-04,134.62582397460938,135.80675884117613,134.59004427463628,134.62582397460938,149722500
2023-01-05,135.44889737565984,136.23618730873372,133.9816839147629,134.66162109375,150515000
2023-01-06,134.66160318285122,135.01945474965322,133.83853365827687,133.8743133544922,143885000
2023-01-10,133.3017658869863,134.62583329628933,132.26397705078125,132.26397705078125,223885000
2023-01-11,132.7649726508282,133.91011422708044,132.65761989404342,133.3733367919922,116355000
2023-01-12,132.47868114150754,134.05324724225582,132.29975534728936,133.98167419433594,108240000
2023-01-13,133.51647485083177,134.23217805445952,133.3017556990453,133.8385467529297,108687500
2023-01-16,134.1248274306523,134.94789704880458,133.26597811221677,133.3017578125,118755000
2023-01-17,133.73117319369044,134.30374391664478,132.97967667940586,133.94589233398438,110382500
2023-01-18,134.37533819882074,134.9121293088036,133.05127075233867,134.59005737304688,142922500
2023-01-19,134.05327308223227,134.66163728123743,133.73120113009205,134.30377197265625,117455000
2023-01-20,134.91210577864848,136.37931908538314,134.59003389906465,136.02145385742188,115222500
2023-01-23,135.8067556409314,137.3813217747526,135.52046344323847,137.0592498779297,122190000
2023-01-24,137.30975266092096,139.49268295182546,136.9876807548668,139.3853302001953,140235000
2023-01-25,139.38532680093226,139.95789754760233,138.99168185300346,139.52847290039062,97432500
2023-01-26,140.27997632124064,140.42312242771493,139.81475830078125,139.81475830078125,99240000
2023-01-27,138.88434395071545,139.49269446170103,137.9181281528282,138.7769775390625,99805000
2023-01-30,138.4191098206755,139.3137524572356,138.1328176244179,139.13482666015625,104652500
2023-01-31,140.27997846985485,140.60205038877302,139.27796936035156,139.27796936035156,114077500
2023-02-01,139.52845034432622,140.065227653775,139.02743907721504,139.063232421875,109852500
2023-02-02,138.02547498541745,138.52647271439818,137.4529042021303,137.5602569580078,116472500
2023-02-03,137.41711512504588,137.66761397244554,136.55825218313038,137.0592498779297,141257500
2023-02-06,137.38134672402614,137.98971092902457,137.16664118792798,137.7392120361328,116927500
2023-02-07,137.98967196463167,138.49066960894757,137.7749528379983,138.02545166015625,105780000
2023-02-08,137.4529092127211,139.02747551136758,137.4529092127211,138.56227111816406,105985000
2023-02-09,138.56226009568087,139.13483085429263,137.34554552723546,137.48867797851562,139375000
2023-02-10,136.41510951251405,137.88232293465438,135.30576134648337,137.48867797851562,166637500
2023-02-13,137.48866873347993,138.52645742966922,137.2381698966291,138.1328125,81170000
2023-02-14,138.16863632862203,139.27798466477867,137.95391714202762,138.70541381835938,83267500
2023-02-15,139.778973867753,140.2083985214743,138.92011090914679,138.99168395996094,87792500
2023-02-16,138.09705521127722,139.60004847627172,137.91812939180144,139.17062377929688,83230000
2023-02-17,138.1328176244179,139.34953215618617,137.8823187782741,139.13482666015625,69102500
2023-02-20,139.95792324338927,142.35555941927927,139.77899741179786,142.14085388183594,124452500
2023-02-21,142.140833942329,142.82075746746315,141.74718897734883,141.8903350830078,93487500
2023-02-22,141.89032190457235,142.14082074062782,140.78096016549617,141.35353088378906,105985000
2023-02-24,140.99568869911667,142.713400968453,140.9598953480593,142.42710876464844,139812500
2023-02-27,142.7849645880902,142.89231733184417,141.7471758945928,141.9261016845703,93310000
2023-02-28,141.49668415149273,142.31975374757917,141.24618530273438,141.24618530273438,120227500
2023-03-01,141.24618487779472,141.74718257380414,140.45889498340082,140.4946746826172,97510000
2023-03-02,140.63782921317332,141.92611688081064,140.06525843324167,140.20840454101562,134865000
2023-03-03,141.1746040407777,143.21438806267733,140.85253216094287,142.67759704589844,168602500
2023-03-06,142.67760545259415,142.96389765205487,142.10503470483616,142.39132690429688,101190000
2023-03-07,141.6040311833218,143.8943140801634,141.46088508947847,142.89231872558594,144562500
2023-03-08,143.17860202222906,144.10903801198106,143.17860202222906,143.71539306640625,109642500
2023-03-09,144.21637300969437,145.1825885795901,144.03744723404589,144.07322692871094,119150000
2023-03-10,143.67961922476587,143.96589778247807,142.64183044433594,142.64183044433594,160855000
2023-03-13,142.92810642547138,143.21439862918643,141.24618750771813,141.8545379638672,119870000
2023-03-14,141.7113989986036,141.85454510767,138.4906934515961,140.60205078125,186532500
2023-03-15,141.71138964976362,142.57025259633753,140.70939425473026,141.24618530273438,136897500
2023-03-16,139.45691836489422,143.75119270944387,139.38534530566304,143.39334106445312,195332500
2023-03-17,143.21438260068678,143.93009937870804,142.85651738609508,143.35752868652344,143542500
2023-03-20,143.357563546281,143.85856131737313,142.67762629879988,142.85655212402344,104967500
2023-03-22,143.42911800256522,146.04147293524656,143.10704609847224,144.71739196777344,177355000
2023-03-23,143.57224343318245,143.82274227398787,142.71339416503906,142.71339416503906,126080000
2023-03-24,142.0692406125131,142.71338434487836,141.92609452728482,142.033447265625,97772500
2023-03-27,142.78498338459994,143.5722596943722,142.6418372733088,142.92811584472656,95135000
2023-03-28,143.35753547135582,143.78696009802755,142.78496475207257,143.0712432861328,91010000
2023-03-29,143.67964161357762,144.8247833251953,142.85655821038426,144.8247833251953,162587500
2023-03-30,145.29697409872256,145.66021099132968,143.9166489649369,144.42518615722656,105225000
2023-03-31,143.66238788469337,144.8610946348875,143.55341958253027,143.91665649414062,176227500
2023-04-03,143.44444740877478,144.025634765625,142.42735914183723,144.025634765625,112565000
2023-04-04,143.989296061366,145.22432086927938,143.77135947306294,144.861083984375,162355000
2023-04-05,145.2969708020174,145.2969708020174,143.22649007661659,143.4807586669922,111275000
2023-04-06,143.00854186727315,143.69871135759345,142.17308593489517,143.08119201660156,126662500
2023-04-07,143.5897306303633,143.5897306303633,142.64530639291934,142.71795654296875,72535000
2023-04-10,143.1175262690327,143.73503176313116,142.24573831998853,142.68162536621094,61135000
2023-04-11,143.48076395230072,144.2799017552608,143.37179565429688,143.37179565429688,91572500
2023-04-12,144.67947693624885,145.11536400378245,144.17092585809291,144.60682678222656,103060000
2023-04-13,145.15168298437777,145.40595159661297,144.24357683879492,144.57049560546875,95372500
2023-04-14,144.64314654751308,144.8974151611328,144.09827731455644,144.8974151611328,97515000
2023-04-17,144.4251661770324,144.75208487779162,144.06192933467653,144.2072296142578,71072500
2023-04-18,145.29697747878086,147.18583984879697,145.1153590282523,147.11318969726562,125712500
2023-04-19,147.11318969726562,147.62172690138544,146.20508358802326,147.11318969726562,84030000
2023-04-20,145.29697426454032,146.4593489501287,144.97005551818114,146.16876220703125,92060000
2023-04-21,145.7691963839105,147.00422124546034,145.5875779335707,145.7328643798828,79557500
2023-04-24,146.60465391915682,147.4037917371751,146.20508501014766,146.7499542236328,104877500
2023-04-25,147.8396858235262,148.82044214047292,147.51276705121063,148.31190490722656,128082500
2023-04-26,147.87597132816327,149.0383458494365,147.83965318663482,148.3481903076172,121245000
2023-04-27,148.56616291606582,149.0747001130021,147.91232541811937,148.89308166503906,90170000
2023-04-28,149.80118348031922,150.70928955078125,149.47426474068894,150.70928955078125,128635000
2023-05-01,151.21783688900808,151.94432456548859,150.70929967245172,151.83534240722656,87687500
2023-05-02,152.59813985259873,153.36095949214527,152.01695251464844,152.01695251464844,115200000
2023-05-08,151.43577654432514,152.38021469976368,150.99988947229207,151.7626953125,114640000
2023-05-09,151.61742184338217,153.6515709247986,151.61742184338217,153.17935180664062,110565000
2023-05-10,153.4699207945058,153.76052137853844,152.01694558753974,152.19857788085938,104432500
2023-05-11,152.2349121165778,152.8524314946188,151.72637489736755,152.16226196289062,92537500
2023-05-12,152.92507755795438,154.30540285296237,146.71363451531965,149.2200164794922,329805000
2023-05-15,152.8524314585276,157.42928028693905,152.12594377842737,152.5255126953125,390832500
2023-05-16,154.37804300257466,155.4314494451174,151.1451873779297,151.1451873779297,294782500
2023-05-17,151.43576355185948,152.1985831832213,150.60030762855746,151.3631134033203,180447500
2023-05-18,151.65371848525209,152.30755598485416,150.78193053358282,150.92723083496094,163110000
2023-05-19,150.74561751519474,150.85458581663593,149.36529231834015,149.8011932373047,136475000
2023-05-22,148.9293981580203,152.81609109898216,148.74777971207425,152.70712280273438,155712500
2023-05-23,153.17932471148302,153.4699253040546,150.20073792061862,151.39944458007812,198815000
2023-05-24,149.83749999653713,150.63663776396362,149.51058126046254,150.05545043945312,152897500
2023-05-25,148.9657151267891,150.34604024694414,148.92939698052672,149.6195526123047,134072500
2023-05-26,149.14733718472056,149.61954233669675,148.1302490234375,148.1302490234375,164505000
2023-05-29,148.5661643861143,149.00205143685855,147.62172627680235,147.8033447265625,142117500
2023-05-30,146.93156718098427,147.47642251749323,145.8418426513672,145.8418426513672,166245000
2023-05-31,145.29697780482735,145.8055150100883,143.480765582267,143.66238403320312,309405000
2023-06-01,145.15168071081115,145.7328680806168,144.20725643110194,144.97006225585938,166262500
2023-06-02,145.29697889207222,146.93157267592795,144.82475983082506,146.7499542236328,151012500
2023-06-05,147.58540121474093,148.166588540703,146.9678818865694,147.62171936035156,157757500
2023-06-06,146.85892897167776,150.3097351431955,146.6409785053944,150.01913452148438,149990000
2023-06-07,150.34604475155544,151.435769307865,148.56616454278972,149.1836700439453,225967500
2023-06-08,148.96572312690955,149.87382925482842,147.14951087107178,147.40379333496094,179130000
2023-06-09,148.74777247031216,151.29047215956336,147.76701628203247,150.1280975341797,272557500
2023-06-12,150.92722983165055,151.03621198525937,149.36528624371763,149.58323669433594,140807500
2023-06-13,148.5661896516323,150.5276886418583,148.45720747796287,149.29266357421875,206260000
2023-06-14,148.63879920997155,149.65588746044347,148.27556231404546,148.89308166503906,223335000
2023-06-15,148.92939819109884,150.1644230230451,148.23924255371094,148.23924255371094,216467500
2023-06-16,148.1302725896954,148.74779198478055,147.14951627274868,148.31190490722656,266042500
2023-06-19,149.29263589728254,149.29263589728254,147.8033424615132,148.566162109375,148082500
2023-06-20,148.02130661555108,148.2029250793421,147.18585059683207,147.54908752441406,176835000
2023-06-21,148.02128322888572,149.83749529304382,147.69436450307333,149.47425842285156,172467500
2023-06-22,149.87383804564496,151.58108210038245,149.8375198953019,150.27340698242188,178362500
2023-06-23,151.5447615374348,151.58107968719966,149.25633011743582,149.65589904785156,193727500
2023-06-26,149.91016315964526,151.32680652009768,149.22000748205562,150.09178161621094,174235000
2023-06-27,150.23708661463465,152.52551803728923,149.94648598977673,152.0532989501953,201980000
2023-06-28,154.16008025993438,160.80742329197852,154.05111196649065,160.00828552246094,537092500
2023-06-29,162.46017222582122,162.46017222582122,153.46992757333643,155.46775817871094,264059300
2023-06-30,156.82993841835344,156.82993841835344,152.10778893613397,154.8321075439453,224327300
2023-07-03,156.19424581428325,157.46558878408544,155.10452128922435,155.46775817871094,160644300
2023-07-04,155.28614680861565,155.46776526163328,153.74236917306635,154.10560607910156,150755000
2023-07-05,154.01479830123617,154.28721904277032,152.56182301559085,153.19749450683594,141152000
2023-07-06,152.28940385548972,152.56183848124064,150.5640076534017,151.6537322998047,157454800
2023-07-07,150.38237548969212,152.1985876871203,149.47426939097804,150.92723083496094,198847800
2023-07-10,151.0180414033935,152.83425353366502,150.9272252542404,151.56289672851562,153163300
2023-07-11,150.92722259668858,151.0180387442426,148.0212860107422,148.0212860107422,184363800
2023-07-12,148.47533903531502,149.38344508446067,147.74885142467878,148.0212860107422,131204300
2023-07-13,148.0213054225674,148.65697696901293,146.84076463253973,148.11212158203125,94563300
2023-07-14,147.1131619966947,149.11099228952796,146.38667447477437,147.5672149658203,111158700
2023-07-18,146.4775154639869,148.56616224766344,146.20508086496832,146.6591339111328,93133500
2023-07-19,147.83964951861506,148.5661370405354,147.0223458602308,147.5672149658203,100715500
2023-07-20,148.92939900332877,149.7466889430244,148.11210906363314,148.566162109375,98174300
2023-07-21,149.83749806145917,151.83532859762556,149.56506347548225,149.92831420898438,154885800
2023-07-24,150.83642569386757,152.56182170623896,150.74560954306943,152.01695251464844,89708000
2023-07-25,153.46992230561614,153.56073845317016,147.56723298616936,148.0212860107422,262073400
2023-07-26,147.11317722618185,147.47641409644663,145.2969651616611,146.02345275878906,216438300
2023-07-27,145.9326366129237,147.02236108031644,145.38778130752647,146.02345275878906,124334300
2023-07-28,145.478591903762,146.11426339132205,144.479683525196,145.8418426513672,248444200
2023-07-31,147.567244052772,149.201837835138,147.2948094462777,147.93048095703125,170080500
2023-08-01,147.83967315891846,147.83967315891846,146.84075092447068,147.3856201171875,118098900
2023-08-02,146.20508373724385,146.93157139669916,145.38779378073139,145.5694122314453,151818200
2023-08-03,145.29698329325504,145.3877994504534,144.38887714767222,144.57049560546875,162794200
2023-08-04,145.02453898365846,145.3877897315691,143.11752451937468,143.934814453125,155700300
2023-08-07,143.4807846069336,145.6602340203477,143.4807846069336,145.2969970703125,124126600
2023-08-08,145.66020752399504,147.47641965699546,145.3877867893241,146.9315643310547,125788900
2023-08-09,147.20400714851274,149.0202193830084,146.29590103126492,147.93048095703125,179479700
2023-08-10,148.6569644045638,149.20183360209376,146.74994992640757,148.566162109375,166958900
2023-08-14,149.56507601170517,150.5639982918152,148.92940449554413,149.11102294921875,134431800
2023-08-15,149.56505374574647,149.83748831400058,148.56614547094512,148.92938232421875,112998600
2023-08-16,148.47535017001982,148.65696862214944,147.47642789840734,147.93048095703125,99291400
2023-08-17,148.02129292995403,149.02021517334802,147.6580560359558,148.20291137695312,90398300
2023-08-18,147.20400167181495,147.6580547135459,146.4775140337256,147.3856201171875,103919600
2023-08-21,147.294812344903,148.2029184800215,146.65914082164002,146.84075927734375,107195800
2023-08-22,147.11319369828797,148.38453674316406,146.47752217584994,148.38453674316406,91966100
2023-08-23,148.0212873569837,149.2018280029297,147.8396689168225,149.2018280029297,75961200
2023-08-24,149.02021089681577,150.74560687869135,148.92939474762278,150.3823699951172,105884600
2023-08-25,149.83749806145917,150.38236723341305,148.83857586507665,149.92831420898438,89491900
2023-08-28,150.83643959021313,151.56291343713062,150.56400496931886,151.19967651367188,89884300
2023-08-29,151.47211113456615,151.8353480580249,150.56400496931886,151.19967651367188,111240700
2023-08-30,151.56289256743764,152.8342493376826,151.2904718406552,152.19857788085938,163101900
2023-08-31,152.2894050362657,153.28832738623066,151.74454963713998,152.8342742919922,172197700
2023-09-01,152.38020182339247,153.92397937619972,152.01695108022668,153.106689453125,133126100
2023-09-04,152.65263086997555,153.92397378336395,152.47099857669278,153.7423553466797,129810300
2023-09-05,153.46991938636418,153.92397240230017,152.1077603385562,152.5618133544922,150431700
2023-09-06,152.4709916963413,153.74234840895738,152.01693869682077,153.56072998046875,122616800
2023-09-07,153.37912642791852,156.2850772545002,153.28832412496317,155.83102416992188,189425100
2023-09-08,154.74127468310118,157.01153994462908,154.65047238659977,155.55857849121094,213009600
2023-09-11,156.2850591891868,156.55747992316373,154.74126779479013,155.376953125,118177700
2023-09-12,155.8310088261476,157.10235179514495,155.55857423090555,157.01153564453125,122963300
2023-09-13,157.01152594338552,158.82773799065012,156.55747293156935,158.2828826904297,154576500
2023-09-14,158.91854996763843,159.46341911016665,158.28287853908745,158.55531311035156,176197500
2023-09-15,159.46342873555506,163.45908983328474,159.00937570824038,162.6417999267578,270838700
2023-09-19,161.64289948690003,164.36721801757812,161.09803023812418,164.36721801757812,205538600
2023-09-20,163.9131663828104,164.91208872889163,163.54992945147217,164.0039825439453,188662900
2023-09-21,163.00505337185328,165.1845025818174,162.9142372145214,163.4591064453125,171839200
2023-09-22,162.82341692037738,164.82124745150008,162.4601661877923,164.54881286621094,188951100
2023-09-25,165.00286171953616,165.5477308763445,164.36719027432528,164.8212432861328,134393600
2023-09-26,165.27530465606833,165.27530465606833,163.91314555176007,164.63963317871094,150313600
2023-09-27,164.8212584003508,166.54665446080008,163.73153384340392,166.3650360107422,195525900
2023-09-28,166.9174539819642,167.93018243267917,164.3395754785219,164.89198303222656,220089400
2023-09-29,165.53644223097487,166.18090831783692,162.12996658758368,162.59030151367188,223658500
2023-10-02,162.59031074278855,164.43165055166133,161.1172332763672,161.1172332763672,181446100
2023-10-03,161.0251606666004,161.4854956188186,159.3679660772612,161.1172332763672,152808200
2023-10-04,159.27587498197315,160.01241362970134,157.25040423695035,157.7107391357422,193493500
2023-10-05,158.35522390782148,161.39343740873778,158.35522390782148,160.19656372070312,170782900
2023-10-06,160.19654765281751,161.20929006764644,158.81554293167252,159.36795043945312,172903100
2023-10-10,159.64413280979525,163.78714678286926,159.64413280979525,162.4982147216797,174318600
2023-10-11,162.1299557655792,163.32681525487374,161.94581056878977,162.3140869140625,137002100
2023-10-12,162.95855846337136,163.05063106487668,161.11721881971744,161.94581604003906,153005800
2023-10-13,161.94581604003906,162.95855846337136,161.39342257592685,161.94581604003906,132534300
2023-10-16,161.11723092139604,161.3934346983514,158.1710900799235,158.5393524169922,149271500
2023-10-17,158.44727504396397,160.1965420098061,158.355202446475,159.64413452148438,111911400
2023-10-18,159.27587473907073,159.55207848758585,157.98694264374177,158.63140869140625,117869600
2023-10-19,157.89486980678393,159.92034054566452,157.80279720798228,159.5520782470703,118259700
2023-10-20,159.18382790518427,160.65690543682237,158.90763816027206,159.82830810546875,102739100
2023-10-23,159.73620939636743,160.28861689256493,159.09174334967443,159.5520782470703,111431600
2023-10-24,159.55209015044235,160.2886288508864,157.80280898084933,159.73622131347656,137788600
2023-10-25,160.1044637480046,161.76167210603367,159.828274061921,160.93307495117188,125001700
2023-10-26,160.84102233998902,160.84102233998902,158.99968261303252,159.73622131347656,130434800
2023-10-27,159.92035292892226,162.03789643057416,159.92035292892226,161.48548889160156,128695300
2023-10-30,159.73621796192296,160.38068404317423,158.72347551402314,159.92034912109375,588903200
2023-10-31,162.22202180204002,163.69509915449962,160.93308965486793,162.77442932128906,200560800
2023-11-01,163.23475623730465,164.6157609194336,162.77442134326165,164.15542602539062,176553500
2023-11-02,164.43164091984275,165.2602381659761,163.41889846496244,163.51097106933594,127479500
2023-11-06,164.0633591717835,164.98402899210586,162.86648559570312,162.86648559570312,198864800
2023-11-07,162.95855873273004,164.33956346775318,159.82828695266693,161.025146484375,199026100
2023-11-08,158.17107477538585,159.1838031284876,154.67252671851998,154.94873046875,303025100
2023-11-09,155.13288503783542,157.15835609810392,154.48841888888296,156.23768615722656,167375100
2023-11-10,155.68526056957617,159.92033299672042,155.68526056957617,159.09173583984375,157788900
2023-11-13,159.64415508508077,160.4727664242959,158.90763040352215,160.28863525390625,113936000
2023-11-14,161.66961356010762,162.03787584042277,160.47274007662523,160.93307495117188,87972200
2023-11-15,160.9330997528617,161.20930352981705,158.1710900799235,158.5393524169922,154793200
2023-11-16,158.26313674908272,159.6441414817913,158.1710781958861,158.35520935058594,111288400
2023-11-17,159.36795943825695,161.48548889160156,159.18381422639456,161.48548889160156,119137900
2023-11-20,161.48548843476235,161.57756104043307,159.73622131347656,159.73622131347656,113236300
2023-11-21,159.46001086095063,160.56481184115498,159.09174855031807,160.10447692871094,109266400
2023-11-22,159.36795043945312,160.84101371302387,158.99967408483056,159.36795043945312,96948600
2023-11-24,160.19654223790505,160.38067338483916,158.63140641650628,158.7234649658203,122515600
2023-11-27,159.1838019001699,160.3806754430604,158.81553960157567,159.5520782470703,125394600
2023-11-28,159.5520782470703,160.47274804186205,158.72346700277402,159.5520782470703,104478800
2023-11-29,159.36795177389487,159.4600103270915,158.35520935058594,158.35520935058594,110781400
2023-11-30,158.3552080246242,159.36795043945312,157.80280051684363,159.36795043945312,201184700
2023-12-01,160.1965606935525,160.2886333017799,158.99968702813456,159.46002197265625,146390400
2023-12-04,158.90760931858668,158.99966786741265,157.89486694335938,157.89486694335938,135226600
2023-12-05,157.7107469087849,157.8948780677156,156.97420822475516,157.2504119873047,141310800
2023-12-06,158.1710735548827,159.92034054566452,157.71073865748681,159.5520782470703,142109800
2023-12-07,157.6186921943846,159.09176972963368,157.4345610145556,158.9076385498047,147473800
2023-12-08,157.98697047882447,158.7234952068885,156.97422790527344,156.97422790527344,212595800
2023-12-11,157.71074328498324,158.35520935058594,157.43453952878022,158.35520935058594,109507700
2023-12-12,157.98696333978253,159.46002677765514,157.8028181177789,158.26315307617188,126302900
2023-12-13,159.3679682149614,159.92036173604808,158.26315307617188,158.26315307617188,114944000
2023-12-14,157.98694312844484,158.17107427858443,156.79006958007812,156.79006958007812,150861800
2023-12-15,156.51385831414828,157.34245547413624,155.869392295457,156.32972717285156,221754800
2023-12-18,156.23766782633837,156.32974042894688,155.04079423396163,155.50112915039062,173357100
2023-12-19,156.0535355968588,156.4217979081482,154.21219594379855,155.59320068359375,211524800
2023-12-20,154.48839532375175,156.4217934756952,154.39632272438507,155.86940002441406,167643500
2023-12-21,156.14563056204707,157.4345628844678,155.59322296769037,156.97422790527344,134071500
2023-12-22,157.06629342299667,158.7234880345648,157.06629342299667,158.26315307617188,127002000
2023-12-25,158.63140893332584,158.9076126822622,157.5266079858867,157.7107391357422,57828000
2023-12-26,157.8028054640968,157.8948780677156,156.42180069965613,157.2504119873047,104936400
2023-12-27,157.61866213882087,158.3552007659983,157.43453099410297,157.9869384765625,114352800
2023-12-28,158.7234880345648,160.10449290974367,157.89489072878072,158.26315307617188,116888800
2023-12-29,158.44727754183157,159.64413703822007,157.34246254777108,158.63140869140625,147771100
2024-01-04,156.60596142432078,159.55210240405353,156.05355384448598,158.99969482421875,161224000
2024-01-05,159.73621461807838,161.11721935541047,159.36795230744582,160.10447692871094,185151700
2024-01-09,160.1044745387623,161.48547925547953,160.1044745387623,161.20928955078125,156436300
2024-01-10,162.22201953113878,163.3268205058643,161.94581577538077,162.86648559570312,168389900
2024-01-11,164.79991748763624,166.2729949951172,164.52371369894504,166.2729949951172,202652000
2024-01-12,167.0094911840289,168.29843729506695,165.7205591212967,166.0888214111328,215851600
2024-01-15,166.64123485127433,168.666705614391,166.64123485127433,168.48257446289062,41607100
2024-01-16,173.08592585029152,173.45418815830993,170.87632390556786,171.9811248779297,182391200
2024-01-17,172.5335299524855,175.94001974831238,171.98113645327854,173.0859375,244854000
2024-01-18,173.08591783964724,174.28279135777404,172.8097140972632,173.36212158203125,134889900
2024-01-19,173.54627168505468,174.2828103957668,171.88906309802928,172.25733947753906,152763600
2024-01-22,174.0066030974225,176.03207397460938,173.63834077368205,176.03207397460938,165392000
2024-01-23,176.6765471533749,177.59721704796948,174.6510761949284,174.74314880371094,144947500
2024-01-24,174.00658447265627,174.55899194744728,172.07317235919336,172.62557983398438,138930800
2024-01-25,171.79700149715657,173.36213744951183,171.5207977294922,171.5207977294922,101700700
2024-01-26,170.7842576465755,171.15251996826953,168.85084533691406,168.85084533691406,145135700
2024-01-29,168.85085139675067,170.60013260834447,168.85085139675067,170.3239288330078,91501900
2024-01-30,172.16526751846592,172.71767506565567,170.41600036621094,170.41600036621094,136840500
2024-01-31,170.32392410181797,171.5207977294922,169.3111816364843,171.5207977294922,141456800
2024-02-01,170.96840609230946,172.99387716301575,170.87634752673236,172.3494110107422,122600400
2024-02-02,172.62557983398438,173.27004585570347,171.79698267010352,172.62557983398438,104495700
2024-02-05,174.09866935148523,174.28280050663844,171.6128495878434,171.88905334472656,127494200
2024-02-06,171.24459257284659,171.70492749911767,168.85084533691406,168.85084533691406,159652800
2024-02-07,167.00950563182968,169.49532547233926,166.27298098844162,168.85084533691406,140669200
2024-02-08,169.67944451500318,170.23183795809337,165.0760955810547,165.0760955810547,277836200
2024-02-09,164.15543297626994,167.46983592473848,162.7744282356647,166.4571075439453,202669800
2024-02-13,167.56190516013467,168.11431266460053,165.5364343909372,166.6412353515625,153824400
2024-02-14,165.81263376095595,167.46982813394322,165.62848856546313,166.9174346923828,151747000
2024-02-15,168.29844381665367,168.39050236852705,165.99676929522326,166.6412353515625,165043300
2024-02-16,167.65398910035086,170.7842610419038,167.28571272302813,168.66671752929688,209983200
2024-02-19,167.65397332943607,168.1143082215561,166.9174346923828,166.9174346923828,119497000
2024-02-20,168.66672800665498,169.311194146619,167.19366455078125,167.19366455078125,154037500
2024-02-21,166.3650464980254,168.11432771995192,166.3650464980254,167.56192016601562,157198600
2024-02-22,167.0095197005494,167.83813106662302,166.2729949951172,166.2729949951172,179049000
2024-02-26,165.7205803839715,167.6539927744409,165.07611426991758,167.56192016601562,211867600
2024-02-27,168.02224731445312,168.94291716275148,167.56191239030395,168.02224731445312,127585600
2024-02-28,168.57465455075854,169.77151411282767,167.6539847040549,168.9429168701172,131490200
2024-02-29,168.57465820984757,169.31118286455194,167.83811950683594,167.83811950683594,140079700
2024-03-01,167.65399758291494,167.74605614567287,166.36505126953125,166.36505126953125,184182700
2024-03-04,166.64125505442118,167.83812875673888,166.18092009570734,166.36505126953125,156417800
2024-03-05,165.72058513699346,167.10159001313505,165.72058513699346,166.36505126953125,139326000
2024-03-06,165.90469538893024,168.66670479290235,165.90469538893024,167.6539764404297,153554100
2024-03-07,167.10158349922395,169.67946197719306,167.0095108917471,169.49533081054688,189961200
2024-03-08,170.13980510181966,170.78427124023438,168.48259642567598,170.78427124023438,194965400
2024-03-11,170.41601111081448,170.41601111081448,166.36505495539745,167.93019104003906,174603900
2024-03-12,166.9174401731314,167.83810998760174,165.7205666046587,166.54916381835938,157159400
2024-03-13,166.54918473550015,167.19366492521573,165.72058741773478,166.2729949951172,122312000
2024-03-14,166.18088836702003,167.74602411815638,165.9046846348653,167.3777618408203,119554300
2024-03-15,166.180908203125,167.46984037595936,166.08883559864807,166.180908203125,196363100
2024-03-18,166.73330901989866,167.37777508036658,166.36503266512662,166.54916381835938,140511200
2024-03-19,166.64123403965073,168.39050104284388,165.99676798838516,167.6539764404297,183215300
2024-03-21,167.65399005586593,168.48258732502669,165.72057769674757,165.9047088623047,303574300
2024-03-22,166.64124225335812,169.49532439746218,166.45711109367878,168.9429168701172,234835100
2024-03-25,169.67944802010248,169.7715065716995,168.02223955998656,168.48257446289062,136082300
2024-03-26,169.12705215039355,170.5080569540957,168.2063822812588,169.58738708496094,150796400
2024-03-27,169.40325927734375,170.13979799690676,169.12705550146916,169.40325927734375,190678800
2024-03-28,169.0297062344021,169.87017973680824,168.09584045410156,168.09584045410156,194143300
2024-03-29,168.18921067875831,168.84291378932193,167.53549331853563,168.00242614746094,128675300
2024-04-01,168.09584384947735,168.18923612925823,165.0140838623047,165.0140838623047,219683100
2024-04-02,165.29424502794836,166.60165143564961,164.82731213238918,165.66778564453125,159739500
2024-04-03,165.29423927794687,166.04133473478498,164.5471438211088,165.57440185546875,173358100
2024-04-04,166.22812656947545,166.22812656947545,163.23975860467579,163.42652893066406,278400200
2024-04-05,162.49266305106028,163.61329925665234,161.55879717145646,163.42652893066406,177545800
2024-04-08,162.95956690426905,164.36036547364674,162.95956690426905,163.8934326171875,153481300
2024-04-09,164.0802096252497,165.20084567668482,163.70666902465817,165.1074676513672,152408900
2024-04-10,165.10748307998207,165.10748307998207,163.5199140046255,163.98684692382812,103794100
2024-04-11,163.70668029785156,164.45377580014176,163.05297707697073,163.70668029785156,111470800
2024-04-12,163.42649570319634,164.08019883607722,163.05295512716717,163.61326599121094,135428400
2024-04-15,162.9595709833424,163.51989612498303,162.21247554437497,163.05296325683594,144592800
2024-04-16,161.65216100389537,162.0257015901181,160.34474045279583,160.99844360351562,230615900
2024-04-17,160.81168195215176,160.90507422855615,158.1034769323526,158.66378784179688,190922100
2024-04-18,157.91670089064073,159.50426978419964,157.82330861763012,158.57040405273438,179465200
2024-04-19,156.98285084886913,157.16962116389695,155.02172691692294,156.7960662841797,324954800
2024-04-22,159.5976504259364,161.09184132065886,159.504272401054,160.62490844726562,193572200
2024-04-23,160.90506287466295,161.93230659432274,159.69103461537435,160.0645751953125,133773700
2024-04-24,160.99846174662432,160.99846174662432,158.57041916323755,159.69105529785156,192816500
2024-04-25,158.75717879212,159.784436825345,157.8233130345193,158.1968536376953,164722700
2024-04-26,157.35638022870947,157.72992083205878,156.4225144706756,157.0762176513672,219864600
2024-04-30,159.0373243732485,159.59763521813298,158.10345871544862,159.50425720214844,152798700
2024-05-01,158.94394326801725,159.87780899138946,158.66378070107356,159.22410583496094,87150900
2024-05-02,159.6910472096563,159.6910472096563,158.3836408271024,159.13072204589844,123658200
2024-05-07,159.22410721482802,159.50426978419964,157.63653832126911,158.57040405273438,144726800
2024-05-08,158.85056530980546,159.31749817168065,156.9828338623047,156.9828338623047,132531200
2024-05-09,156.98285084886913,158.01009470635296,156.7960662841797,156.7960662841797,130100900
2024-05-10,157.82330360204253,158.85056157387237,150.25898571770202,151.56640625,437076500
2024-05-13,149.51192287149846,150.91272159577986,149.4185305900151,149.6053009033203,318639200
2024-05-14,149.41853203369905,150.6325604564052,148.95159912109375,148.95159912109375,289391900
2024-05-15,147.6441666909001,148.48464008586208,146.3367462158203,146.3367462158203,322152100
2024-05-16,146.33675750503892,147.17724521449986,143.25499773633595,143.81532287597656,381523400
2024-05-17,141.9476040535304,146.15000022616783,141.57406342693835,141.76083374023438,417046700
2024-05-20,141.9476040535304,144.18887631240577,141.48067114545958,141.76083374023438,357280500
2024-05-21,142.88146699514894,143.16162958428737,142.22776378693345,143.0682373046875,206234500
2024-05-22,144.5624196524958,145.7764479665321,143.72193193524282,144.28225708007812,220480300
2024-05-23,143.62855262289264,144.09548548951477,141.94759145312102,142.69468688964844,211366700
2024-05-24,141.9475941610236,142.6946896118032,141.3872690105238,142.50791931152344,200563900
2024-05-27,143.34839795939652,145.4962921142578,142.78807278868106,145.4962921142578,217613000
2024-05-28,145.86984289641237,146.4301681061863,143.0682453468667,143.62857055664062,236008300
2024-05-29,143.44179229525923,144.18887353404793,141.94760131835938,141.94760131835938,215768300
2024-05-30,141.7608130655811,142.88144903158317,141.2004879577503,142.1343536376953,170568400
2024-05-31,141.94758037440894,144.46901480744359,141.94758037440894,144.09547424316406,301193300
2024-06-03,145.58966475951394,146.0565976346242,144.37565068395568,144.7491912841797,156841600
2024-06-04,144.28226830710855,144.46903862003336,143.4417947741162,144.00210571289062,151724000
2024-06-05,142.50791253420053,142.8814531169954,141.94758741034838,142.41452026367188,212277000
2024-06-06,141.94758742211891,142.0409796926553,140.54678886203223,141.29388427734375,324085100
2024-06-07,140.07986450195312,140.6401896598252,140.07986450195312,140.07986450195312,260569900
2024-06-10,140.453405028094,141.38727079091288,139.6129315414213,141.20050048828125,205286400
2024-06-11,140.54680994283845,141.57406807417914,140.2666473388672,140.2666473388672,171467200
2024-06-12,139.9864668681324,140.07985914075698,137.83858709436893,138.21212768554688,362473600
2024-06-13,138.21214568612464,138.58568632595208,137.2782798368941,138.02537536621094,288604400
2024-06-14,136.34439222316286,137.18486565344176,135.7840671032038,136.8113250732422,421260300
2024-06-17,135.59730124100318,136.81132954078518,134.94359807947754,135.317138671875,234210900
2024-06-18,134.47667324420104,136.71794543173996,134.47667324420104,135.87747192382812,188528400
2024-06-19,135.87746344021542,136.15762600858088,134.85020543942878,135.97085571289062,199446400
2024-06-20,136.06422831194337,136.90471598353517,135.6906877354534,136.34439086914062,174165700
2024-06-21,136.34439356797407,138.7724501121992,136.34439356797407,137.27825927734375,244113400
2024-06-24,138.21214007282956,139.61293878978393,137.7452071671781,139.51954650878906,213447200
2024-06-25,139.519535258307,140.9203338623047,138.77245406923643,140.9203338623047,210781500
2024-06-26,141.01372171539444,141.3872622982203,139.42615286389483,141.29388427734375,211789000
2024-06-27,140.45339659149585,141.29388427734375,139.79969344672068,141.29388427734375,210597700
2024-06-28,141.85421177205166,143.34840277774288,141.57406342693835,141.76083374023438,243807700
2024-07-01,143.90871774570152,146.05659757053786,143.06823002107555,145.8698272705078,285904100
2024-07-02,146.61692272028853,146.71031499513379,145.02935379554233,145.8698272705078,258892300
2024-07-03,146.6169319995194,148.01773071289062,146.3367694069129,148.01773071289062,262907200
2024-07-04,148.48465242784172,148.57804470155983,146.80369124853786,147.17724609375,220243000
2024-07-05,147.08386691790653,147.17725919994126,145.40290558891243,145.5896759033203,199500900
2024-07-08,144.7491773554828,145.02933990352201,142.78805376886746,144.09547424316406,250576800
2024-07-09,144.0954920398845,146.61692678433255,143.34839656939522,146.14999389648438,214952300
2024-07-10,145.8698241435497,147.83094787597656,145.40289127865378,147.83094787597656,226569200
2024-07-11,148.48466620848845,149.69869463119457,147.9243410134974,148.95159912109375,228263700
2024-07-12,148.3912533214026,149.88544413413004,148.01771274305054,148.20448303222656,250559800
2024-07-16,148.95158979210288,149.32513039892723,145.96322218852575,146.80369567871094,182234100
2024-07-17,147.08384972280504,149.32512173300285,146.99045745168848,149.1383514404297,181478900
2024-07-18,148.5780499349791,150.53915950519354,148.11111704926222,150.16561889648438,202725800
2024-07-19,149.5119076513,150.25898882846857,148.20448709193488,148.48464965820312,166570000
2024-07-22,148.95159366081742,149.32513427734375,147.45740269538993,149.32513427734375,136123300
2024-07-23,150.91270755479923,151.00608557793316,149.23174639212658,150.0722198486328,165793000
2024-07-24,149.4185294262618,149.79207004996292,147.92433843213465,148.01773071289062,168571900
2024-07-25,146.61692227630627,148.48465377027193,146.43015197684178,147.64418029785156,190618100
2024-07-26,148.7648026776109,149.04496522589994,147.45738220214844,147.45738220214844,155075500
2024-07-29,148.20448572790394,149.60528429669256,147.92432316421423,149.1383514404297,126280000
2024-07-30,148.2978753016444,148.67141587999643,147.55077989528067,148.20448303222656,138139600
2024-07-31,147.7375665732798,150.07223107111815,147.644188543163,149.7920684814453,173907800
2024-08-01,148.764822360889,148.95159266790714,144.3756560224879,145.4962921142578,250955100
2024-08-02,141.85422006675202,144.74920996593568,141.29390909410066,142.7880859375,292366900
2024-08-05,138.30551174444884,141.38725706279791,133.0758582805765,135.4105224609375,455092600
2024-08-06,140.07984666328232,141.85418568782035,134.75681534000938,136.25099182128906,396866700
2024-08-07,135.41053576293993,141.85420383386383,134.94360288099878,138.959228515625,397287200
2024-08-08,136.81133088968818,139.70632038312252,135.41053227989616,135.78407287597656,284017400
2024-08-09,135.4105363145049,137.27826784987738,135.03699570729472,136.06423950195312,274674000
2024-08-13,137.74520588093634,139.70632976622437,137.3716652597678,139.0526123046875,191822600
2024-08-14,139.79971069863097,140.36003589167623,136.90473520032808,137.74520874023438,209370900
2024-08-15,138.39890466985037,140.07986591071105,137.838593756004,139.42616271972656,133632800
2024-08-16,141.10710991921198,141.7608130451474,139.89308168552662,141.0137176513672,167453900
2024-08-19,141.0137176716932,142.6012864776678,140.3600145456636,142.1343536376953,131794100
2024-08-20,141.94760131835938,142.6946968068093,141.667438728983,141.94760131835938,152627700
2024-08-21,140.45341034145952,141.94760131835938,139.893099412368,141.94760131835938,122849000
2024-08-22,141.57405526449816,142.32113647460938,141.20050040978188,142.32113647460938,95919200
2024-08-23,142.13437162805656,143.16162970588286,141.7608310086622,141.94760131835938,119974700
2024-08-26,141.9475833516382,142.6012864776678,141.2938802256086,142.1343536376953,103760300
2024-08-27,142.4145242339955,145.3095137051736,142.4145242339955,144.9359588623047,132204800
2024-08-28,144.09548540275503,145.49628400177795,144.00209312962275,144.9359588623047,113543700
2024-08-29,145.68304314574976,147.45738220214844,144.93594776686535,147.45738220214844,226067900
2024-08-30,147.17724652462277,147.27062454895395,145.21612276808355,145.40289306640625,207328400
2024-09-02,145.68306100863617,146.14999389648438,144.9359655381469,146.14999389648438,110446200
2024-09-03,146.24338030591497,148.29788208007812,145.86982546082874,148.29788208007812,134970900
2024-09-04,145.6830597774878,146.24338493803478,143.815328241879,144.5624237060547,218188500
2024-09-05,143.44179844523902,146.61693659520677,143.44179844523902,146.52354431152344,148652700
2024-09-06,145.68305836766478,146.52353185069092,144.74919260889772,145.21612548828125,157246900
2024-09-09,142.6013069914624,144.46903862003336,142.4145366785376,144.00210571289062,170081900
2024-09-10,143.53517780265412,143.721948122081,140.17326930398474,140.2666473388672,247502600
2024-09-11,140.17325137629325,140.54679196737237,138.4922902171169,139.332763671875,218104700
2024-09-12,138.21213297526043,140.26663480469026,137.5584297908501,140.07986450195312,267649000
2024-09-13,140.07986458235166,141.013730346234,138.959228515625,138.959228515625,175862400
2024-09-17,138.39892302998243,138.86585597829523,136.99812418504402,138.585693359375,229609900
2024-09-18,139.05260381932627,139.61292896654783,138.11873807373064,139.14599609375,146308200
2024-09-19,140.07987701944032,141.20051318566345,139.79971441546905,140.2666473388672,151222500
2024-09-20,140.2666375365776,140.73357042734494,139.51954206141767,139.89309692382812,261980100
2024-09-24,140.26663480469026,141.1071225414984,139.70632389647886,140.07986450195312,151273400
2024-09-25,139.79971330576524,140.45341654340126,138.6790771484375,138.6790771484375,159343700
2024-09-26,139.05259803140913,141.29388427734375,138.5856651780469,141.29388427734375,240243300
2024-09-27,141.38891701284888,142.81420848576306,140.72378389191852,142.339111328125,195558600
2024-09-30,139.77357128888474,141.6739596707931,139.29847419340766,139.48851013183594,224760500
2024-10-01,140.05862426757812,140.62874660740377,139.1084300337443,140.05862426757812,193368400
2024-10-02,139.20345525665306,140.15364949048686,139.01341930964895,140.05862426757812,193771100
2024-10-03,141.0088260903365,142.24408156056307,140.15365703338725,141.10385131835938,168221200
2024-10-04,141.0088348388672,141.48393201082942,140.15366572886117,141.0088348388672,157401100
2024-10-07,142.24407383439964,142.4341097813092,141.38890482389996,142.14906311035156,144291300
2024-10-08,141.008813821528,141.76897208312914,140.34368077968185,140.91380310058594,149255700
2024-10-09,141.76896965326023,142.43410268370624,140.9138006853743,141.5789337158203,156108600
2024-10-10,142.62416299824378,143.8594039265635,142.24407659822614,142.43411254882812,165207100
2024-10-11,141.29388675939708,142.33910626857352,140.53372843443367,140.62875366210938,172433500
2024-10-15,141.38891753000547,141.76898945798024,139.77359008789062,139.77359008789062,199494300
2024-10-16,139.77357295759066,141.19886426103798,139.5835225180807,140.91380310058594,149167300
2024-10-17,140.8187896186467,141.00882557518403,140.34369247789633,140.62875366210938,123670200
2024-10-18,140.15364017616324,140.62873726150616,139.6785430908203,139.6785430908203,123590000
2024-10-21,139.6785691507494,139.7735943850719,138.34830286312547,138.4433135986328,160667200
2024-10-22,138.25325664045494,138.34828186035156,137.30306243674048,138.34828186035156,203516500
2024-10-23,138.3482906067635,139.20345964464533,138.25326538085938,138.25326538085938,121877100
2024-10-24,137.7781622978838,138.7283565206278,137.58812635309764,138.63333129882812,137705400
2024-10-25,138.63334606333723,138.82339652717707,137.68315173939712,138.1582489013672,117503100
2024-10-28,137.77815768835586,139.86858200869253,137.4930965313071,139.48851013183594,151094500
2024-10-29,139.86858832057405,140.91380777731658,139.77357759647867,140.05862426757812,112061400
2024-10-30,139.77358110950257,140.91381131899865,139.77358110950257,140.34368896484375,234652900
2024-10-31,140.34368896484375,140.8187860937016,140.05862778776628,140.34368896484375,164632700
2024-11-01,139.67855237356994,140.62874660740377,139.39349120365713,140.05862426757812,122261300
2024-11-05,140.0586149595697,140.15364017616324,138.4432877691662,139.6785430908203,135516900
2024-11-06,139.20347293998802,140.2486925295072,138.72837576271846,139.3935089111328,177144900
2024-11-07,138.8233756749005,144.7145766986652,138.8233756749005,143.6693572998047,369801000
2024-11-08,145.37972213683526,147.09007470879607,143.28929765946705,143.85940551757812,246117100
2024-11-11,143.859393236285,144.33449032689202,143.00422427271735,143.6693572998047,128276900
2024-11-12,143.66936435807318,144.9046197541003,143.2892924664402,144.23948669433594,152049800
2024-11-13,144.42952264015244,145.2846916457333,142.71917013017745,144.23948669433594,183171500
2024-11-14,143.57435661155267,144.7145868089073,143.47933138726745,144.04945373535156,140642700
2024-11-15,144.14446759560303,147.37513680698262,143.8594064153616,146.90003967285156,226027900
2024-11-18,146.32990839712218,147.66017449211628,146.13987245481061,147.4701385498047,133843800
2024-11-19,147.66017856185908,148.8004232447815,147.3751318899419,148.2303009033203,125869700
2024-11-20,149.08547871647312,149.18050394526333,147.0900794012072,148.13528442382812,115634100
2024-11-21,148.42034662668948,149.56057688590064,147.5651775569847,149.08547973632812,123419900
2024-11-22,148.7053980216002,148.99045919233077,147.47014261430982,148.2303009033203,133500500
2024-11-25,148.23030283077145,148.42033878079178,146.04485315850377,147.09007263183594,253417500
2024-11-26,146.4249237872436,146.90002086053278,145.66476557021855,146.61495971679688,106132700
2024-11-27,145.85481807744466,146.13987925358026,144.23949074442788,144.99964904785156,156055200
2024-11-28,144.04946545074455,146.80502319335938,143.95444021873104,146.80502319335938,119994200
2024-11-29,146.80500027752296,146.80500027752296,145.75978088378906,145.75978088378906,97729900
2024-12-02,146.99504144461923,148.04026087555246,145.94983651249905,147.4701385498047,128034700
2024-12-03,146.99505517797195,149.18050496576836,146.99505517797195,149.08547973632812,169742200
2024-12-04,149.18049567956893,149.3705316278057,147.85022954309818,148.7053985595703,137360300
2024-12-05,148.0402556621818,148.4203275334204,146.9950362680569,147.8502197265625,151837700
2024-12-06,148.42035610022185,149.7506369032241,148.13529489252028,148.990478515625,134611700
2024-12-09,148.9904520757192,149.56055989113545,147.3751248504873,147.66017150878906,139219200
2024-12-10,149.75061638735295,149.75061638735295,146.99504442217219,147.2801055908203,135136700
2024-12-11,147.37512263810802,147.9452304449659,146.80500033243763,147.8502197265625,117501800
2024-12-12,147.8502290082218,149.0854699166987,147.56516783749117,148.2303009033203,134321700
2024-12-13,147.28010911262135,148.23030336496086,146.7099867616922,147.56517028808594,132262500
2024-12-16,148.04027266807157,148.13528339738914,146.99505315387876,147.18508911132812,83549700
2024-12-17,147.28010963997974,148.80042624869213,147.1850844148801,148.04026794433594,119205800
2024-12-18,147.94524743993978,148.04027266807157,146.90004242456115,147.18508911132812,88806900
2024-12-19,146.2348831765599,147.85022493324087,145.56975012906284,147.4701385498047,110673700
2024-12-20,147.9452304449659,149.56055764594865,147.6601692921307,147.8502197265625,198022100
2024-12-23,148.04025788454598,148.3253190416605,147.0900636933728,147.66017150878906,110129800
2024-12-24,147.47013444318017,147.5651596610963,146.51994025926945,146.70997619628906,74893900
2024-12-25,146.42494201660156,146.61497796981357,145.09466134648972,146.42494201660156,133742400
2024-12-26,146.32991486028186,147.56517028808594,146.23488963552245,147.56517028808594,126564500
2024-12-27,148.23030598512935,150.03566929696112,148.04027003106506,149.94065856933594,143984500
2024-12-30,150.70081387795332,151.55598290358918,149.75061962777409,150.1306915283203,129212900
2025-01-06,151.17590992651273,151.3659458754326,148.32532719627415,149.1804962158203,184902100
2025-01-07,149.27552197287304,149.94065504587508,148.7053996252635,149.6555938720703,135965800
2025-01-08,149.18048913981988,149.37052507972587,148.3253201608365,148.61036682128906,132046800
2025-01-09,148.42035163795558,148.70541283708678,147.4701573067282,147.75521850585938,120365000
2025-01-10,147.2801009403167,147.94523398028457,145.9498348603809,146.0448455810547,133808200
2025-01-14,146.4249477651646,147.37514206734267,145.47475346298654,146.51995849609375,156747800
2025-01-15,146.80501339614338,146.99504934867338,145.6647831821497,145.94984436035156,113097100
2025-01-16,145.75978574533886,146.13987212792486,144.4295196533203,144.4295196533203,146130400
2025-01-17,143.85939921497007,143.9544244365657,142.71916904988862,143.28929138183594,160154100
2025-01-20,143.47933138726745,144.7145868089073,143.09925948775376,144.04945373535156,85655900
2025-01-21,144.42952681316322,144.61956276447043,142.90921020507812,142.90921020507812,102761200
2025-01-22,142.81419725093085,143.38430509595878,142.6241613025882,143.09925842285156,114406100
2025-01-23,142.71916959181803,144.23948615024167,141.67396464436337,143.76438903808594,181731100
2025-01-24,143.76438849218763,144.61955749129544,143.09925543745788,143.28929138183594,154568400
2025-01-27,143.85939842155446,145.94983729462328,143.5743517559661,145.3797149658203,199461600
2025-01-28,145.9498318850159,147.09006200154627,144.71457655093607,146.23487854003906,185626100
2025-01-29,145.75979914294754,146.42494674890727,145.2847019951559,145.56976318359375,133472900
2025-01-30,145.56975743061645,145.75979338245992,144.33450199541312,145.47474670410156,115408700
2025-01-31,144.52454245244618,145.75978330342096,143.95442013752495,145.0946502685547,156859700
2025-02-03,144.42952264015244,145.09465569991679,143.2892924664402,144.23948669433594,203459800
2025-02-04,144.80959977991037,145.474747362594,143.28929765946705,143.85940551757812,173699600
2025-02-05,143.95443126703805,144.99965075893155,143.76439531364304,144.33450317382812,130690700
2025-02-06,144.33449219648728,144.4295174153646,142.33909308937845,142.5291290283203,241169900
2025-02-07,142.52913452435683,142.6241597468984,138.91839354997714,139.58352661132812,283094800
2025-02-10,139.67854738437447,139.77357260388897,137.87318420410156,137.87318420410156,331976200
2025-02-12,139.29848131825855,139.29848131825855,137.30306761566808,137.96820068359375,281560900
2025-02-13,138.158230118752,140.3436796664653,138.06321939856355,139.96360778808594,156797900
2025-02-14,140.1536489489509,140.53372084149052,139.39349066505832,139.58352661132812,128591600
2025-02-17,139.10842782381465,140.81878031730687,139.01341710122867,140.24867248535156,105708600
2025-02-18,140.24866765492825,141.8639948713865,140.0586172186757,141.5789337158203,107105100
2025-02-19,141.48390621559847,141.578931432192,139.48850715644562,139.6785430908203,129474200
2025-02-20,139.48850600837494,139.67854194118553,138.2532506968877,138.7283477783203,151027400
2025-02-21,138.82337765413507,139.96360778808594,138.82337765413507,139.96360778808594,150375700
2025-02-25,139.9636130026811,140.1536489489509,139.10842949624694,139.58352661132812,144760000
2025-02-26,140.05862426757812,140.62874660740377,139.48851642656587,140.05862426757812,113531700
2025-02-27,140.438720703125,140.72378189342245,139.6785623619366,140.438720703125,94186400
2025-02-28,140.34369874619242,140.4387239781123,138.1582489013672,138.1582489013672,212328200
2025-03-03,138.53833457375057,139.86860082047698,138.3482986097632,139.77359008789062,115185800
2025-03-04,138.91840650172534,140.43872321125383,138.91840650172534,139.77359008789062,120793900
2025-03-05,139.77357705641126,140.43871011776227,139.20345471878852,139.58352661132812,114712900
2025-03-06,139.58353260221156,140.3436909187299,139.01342473893328,139.20346069335938,132231900
2025-03-07,138.82339477539062,139.39350266327176,138.34829761941575,138.82339477539062,157860200
2025-03-10,139.67855237356994,140.05862426757812,139.1084300337443,140.05862426757812,126331800
2025-03-11,139.67855015458312,140.34368320793754,138.82338115724357,140.24867248535156,172698800
2025-03-12,139.6785558842055,140.53372491662412,139.20345875534767,140.34368896484375,129084300
2025-03-13,140.24869096277965,141.19888530670414,139.96362975983928,141.0088348388672,114615400
2025-03-14,140.6287501419212,141.00882204548196,140.15365301306335,140.34368896484375,148177200
2025-03-17,140.34369547342104,141.3889150049069,140.15365951282755,140.438720703125,130475700
2025-03-18,141.2938970058449,142.33911659081932,141.00883580095962,141.9590301513672,135809100
2025-03-19,141.86399599261736,142.90920090620406,141.6739600536755,142.5291290283203,102446200
2025-03-21,142.52912790183254,142.52912790183254,141.1038366228142,141.5789337158203,235592600
2025-03-24,141.4839133706613,141.67396381345955,140.24867248535156,140.24867248535156,112160000
2025-03-25,140.6287531448623,141.38891146702974,140.15365600585938,140.15365600585938,136614900
2025-03-26,141.00882959290655,141.76898793952893,140.62875766900262,141.388916015625,145128000
2025-03-27,141.3888988958563,142.5291290283203,141.293873676979,142.5291290283203,185578800
2025-03-28,142.62583816649732,143.01261419868422,141.46549531537676,141.75558471679688,181251800
2025-03-31,140.69191697531355,141.07869297582772,139.91835021972656,139.91835021972656,243162200
2025-04-01,140.40184102886738,140.98201983969878,139.7249755859375,139.7249755859375,166484200
2025-04-02,139.72497293890592,139.82167432373254,137.8877646636785,137.9844512939453,213897200
2025-04-03,135.8571517676638,137.7910614013672,135.66376375520537,137.7910614013672,239451300
2025-04-04,137.30758477204682,139.62827044383502,136.82410736087766,139.33819580078125,263835600
2025-04-07,133.923236807848,136.05053436940744,130.73228308822937,134.3100128173828,364272300
2025-04-08,136.05053637880363,139.241490145551,135.37367097484125,138.95140075683594,260034800
2025-04-09,138.08114435108644,138.7580097403716,136.14723480766662,137.88775634765625,255053300
2025-04-10,140.78861660885724,141.94895935058594,137.6943496248361,141.94895935058594,327870300
2025-04-11,139.24150073472686,141.75558928870578,139.04811271239623,141.4654998779297,231468400
2025-04-14,142.62583547312514,142.62583547312514,141.36879126041617,142.2390594482422,138020500
2025-04-15,142.91592326412828,143.01260989198343,141.2721030449964,141.36878967285156,115168100
2025-04-16,141.56216973913612,142.8192138671875,140.8853043638957,142.8192138671875,123500400
2025-04-17,143.10931396484375,143.30270197874918,142.0456577565244,143.10931396484375,120412200
2025-04-18,144.07625363944447,145.3332977294922,143.78616427180913,145.3332977294922,152519100
2025-04-21,145.04322090534248,145.04322090534248,143.2060126756986,143.59278869628906,77965800
2025-04-22,143.592787132453,145.0432193257101,143.10930973470064,144.94651794433594,106718100
2025-04-23,145.91346171020473,146.20355107784007,144.849820368286,145.3332977294922,165591900
2025-04-24,144.26964559563908,144.94651096900742,140.88530397423875,141.2720947265625,211517600
2025-04-25,142.4324447891865,143.78617560544546,141.94896738987123,142.7225341796875,159110600
2025-04-28,143.206010020263,144.26965143444366,143.10930863962878,144.07626342773438,111756300
2025-04-30,144.84984095531186,145.13993036417665,143.78618470766105,144.36636352539062,174161700
2025-05-01,145.1399276602965,145.33331567775025,144.1729728184679,144.84983825683594,112222700
2025-05-02,145.33330578686517,146.49364856717855,145.13991778257278,146.10687255859375,140281400
2025-05-07,147.36389664016437,148.2341647598797,146.68703127231365,147.07382202148438,224792700
2025-05-08,146.97713436035545,147.4606117760145,143.9795684814453,143.9795684814453,219681600
2025-05-09,148.1374725846761,152.0052917892606,146.01017497306646,148.7176513671875,541230500
2025-05-12,148.8143354008326,151.71519975371086,146.97712721249997,151.4251251220703,241431200
2025-05-13,151.71519881726928,151.8119001969253,147.5573050741217,147.65399169921875,207783600
2025-05-14,147.4606079575728,148.13747337105633,145.7200863553584,148.04078674316406,177250200
2025-05-15,149.10441928551217,149.10441928551217,147.1705097882823,147.94407653808594,160722100
2025-05-16,149.39452055092738,149.78129657933243,148.2341777111525,149.10443115234375,135250800
2025-05-19,149.1044247184244,149.2011260986328,147.75069392286107,149.2011260986328,110113300
2025-05-20,150.2647709939586,150.2647709939586,148.04078674316406,148.04078674316406,151464800
2025-05-21,148.9110274644193,149.00772883862209,147.0738193910322,147.5572967529297,134855300
2025-05-22,146.97712354523267,147.46060092531567,145.8167807839452,145.91346740722656,102534800
2025-05-23,146.10687711248622,146.49365313312614,145.4299969445272,145.81678771972656,115398600
2025-05-26,146.39694189907522,147.84737401070896,146.20355390176908,147.07382202148438,111690300
2025-05-27,147.07382226218883,147.36389688134358,146.10686751951712,146.39694213867188,103381000
2025-05-28,147.94408116494455,150.36146811208417,147.36390239580746,149.87799072265625,231403800
2025-05-29,149.8779918336602,151.61851339941452,149.68460382736728,150.7482452392578,188049400
2025-05-30,150.55486360412328,155.29295110888015,149.9746995606933,155.09954833984375,365574500
2025-06-02,154.71276933220543,154.90615734295878,151.6185168964732,151.81190490722656,164821600
2025-06-03,152.77885548514598,153.74581026669753,151.6185126981959,153.64910888671875,154518600
2025-06-04,153.64910510283445,153.8425078580291,152.1986729662266,153.2623291015625,136749200
2025-06-05,152.77885971555284,152.87556109820926,150.9416514815567,151.81190490722656,166569800
2025-06-06,152.4887623444599,153.8425078580291,152.29537434382394,153.2623291015625,128547100
2025-06-09,153.2623355369312,153.74581293610132,152.97224614651725,153.16563415527344,85639200
2025-06-10,153.6491066311101,153.9391960122288,151.90859985351562,151.90859985351562,130635100
2025-06-11,152.29539148454168,152.48877950694333,150.84495918468892,151.2317352294922,97713200
2025-06-12,151.32842401269562,151.52181201898853,150.5548572329649,150.7482452392578,100322500
2025-06-13,149.97469665982067,150.65156207467666,149.2978164904052,149.58790588378906,136498800
2025-06-16,149.87799072265625,150.55485611694354,149.39451333322833,149.87799072265625,92426500
2025-06-17,149.39450600092886,149.78128199166457,148.33084989456816,148.42755126953125,131461200
2025-06-18,147.46060717478565,148.91103937650485,147.17051778352993,148.7176513671875,131618800
2025-06-19,148.91103671256664,149.2011260986328,148.13746993457656,149.2011260986328,79483900
2025-06-20,148.71764404436274,148.8143306669809,147.0738239142675,147.2672119140625,185301800
2025-06-23,146.9771178066816,147.17050580025244,145.3332977294922,145.3332977294922,110646600
2025-06-24,146.10687016290674,146.88042216739257,145.42999002714356,145.91346740722656,113069500
2025-06-25,146.20356212940393,146.4936515189672,144.75312993614685,144.94651794433594,139164700
2025-06-26,144.36636352539062,144.75313956750352,143.1093192566834,144.36636352539062,168093300
2025-06-27,144.3663573715549,146.39695363793066,144.1729693587419,146.0101776123047,167870800
2025-06-30,147.75069843462742,149.39451866645317,147.26722102793985,148.91104125976562,195694300
2025-07-01,150.07138056125237,150.16808194214317,147.26721757012967,147.84738159179688,114523100
2025-07-02,147.26722811215475,150.4581821007037,147.17052672434167,150.36148071289062,159642400
2025-07-03,148.52426070085116,149.68460349055673,147.75069392286107,149.2011260986328,114357300
2025-07-04,149.00773380954496,149.29780843271385,148.42755505408988,148.8143310546875,85214200
2025-07-07,150.26476218374685,151.23171693333225,149.10441943515607,150.16807556152344,127294000
2025-07-08,149.8779816663107,151.7151897333003,149.8779816663107,150.45816040039062,169953700
2025-07-09,151.71519776289978,151.71519776289978,148.7176468236616,149.0077362060547,130787800
2025-07-10,149.3945048263168,149.49120620051954,147.26720738487955,147.5572967529297,159817400
2025-07-11,148.23417932233806,148.91104475668374,147.65400051886468,147.75070190429688,118170400
2025-07-14,146.97713243092923,147.36390845655518,146.0101776123047,146.0101776123047,107750200
2025-07-15,146.01018488634182,146.300274297293,145.2366180419922,145.2366180419922,100570000
2025-07-16,145.72009547539068,146.20357290878914,145.2366180419922,145.2366180419922,103675200
2025-07-17,145.13991804609546,145.42999267578125,144.7531272822494,145.42999267578125,131608200
2025-07-18,145.42999002714356,146.10687016290674,145.3333034038622,145.91346740722656,89261100
2025-07-22,146.88042101874947,146.88042101874947,144.84982489101588,145.043212890625,122919500
2025-07-23,146.49365610043196,148.42756575192283,145.04322386181383,146.88043212890625,195837000
2025-07-24,147.84737970397182,148.330857093134,147.2672156897126,147.65399169921875,109680500
2025-07-25,148.04077676257353,148.9110301277304,147.07382202148438,147.07382202148438,109777400
2025-07-28,147.36389688134358,147.94407562876998,146.39694213867188,146.39694213867188,115640300
2025-07-29,146.49364856717855,146.78373795089664,145.52669379115758,146.10687255859375,105052800
2025-07-30,146.10686751951712,146.6870315123851,145.52668877209072,146.39694213867188,92236600
2025-07-31,146.9771263053035,147.75069307887478,146.59035029579735,147.65399169921875,99949600
2025-08-01,147.36390348817517,150.7482452392578,147.26721686230826,150.7482452392578,158919600
2025-08-04,148.52426414630364,149.29781618767944,147.8473839782607,148.04078674316406,140367700
2025-08-05,147.94408192871882,149.8779914964145,147.65399254265265,149.2011260986328,110955500
2025-08-06,148.91104016699154,150.458173758862,146.97713055443322,148.04078674316406,207521900
2025-08-07,148.42755073327987,152.58545901417915,148.137461363997,151.3284149169922,251775900
2025-08-08,152.58547093797242,155.0028579466394,152.2953815460205,154.7127685546875,286738700
2025-08-12,155.19624520518298,158.2904976103869,154.90615581463524,157.61363220214844,273986500
2025-08-13,158.58059347980398,158.58059347980398,156.35659440082156,157.51693725585938,226825300
2025-08-14,158.58059240270543,158.77398041813825,155.5830265225377,156.6466827392578,163821100
2025-08-15,157.13015480275536,158.2904976103869,156.74337878506458,157.61363220214844,147775000
2025-08-18,158.58058781747968,160.51449742500992,158.38719980763852,159.1607666015625,178486400
2025-08-19,158.67729028545355,160.03102111816406,158.19381288026273,160.03102111816406,146616800
2025-08-20,160.51448586203836,161.67482859205708,159.5475311279297,159.5475311279297,141400800
2025-08-21,159.54754179972082,159.54754179972082,157.61363220214844,157.61363220214844,132027000
2025-08-22,157.6136386415125,158.29050407740453,156.646683803221,157.51693725585938,98308400
2025-08-25,157.51693813954708,157.6136395257427,154.4226855905672,154.61607360839844,156019500
2025-08-26,154.0358911060353,154.51936846998737,151.3284149169922,151.3284149169922,193509100
2025-08-27,151.3284203353433,152.97224048072601,151.0383309556737,152.58546447753906,137010900
2025-08-28,151.32843815286978,152.77887046743402,151.13505012850663,152.1020050048828,128797500
2025-08-29,151.13504296703653,151.32843098223606,150.45817753655828,150.6515655517578,140919600
2025-09-01,150.65155681714126,152.7788543701172,150.16807942989405,152.7788543701172,118025600
2025-09-02,153.06894647458248,154.8094680505266,153.06894647458248,154.51937866210938,132708300
2025-09-03,154.519378609704,155.00285600538234,151.9086036239529,152.29537963867188,163947900
2025-09-04,152.58546985161695,154.2292900548952,152.3920818432123,153.84251403808594,111156200
2025-09-05,154.22928310239558,154.7127604788921,153.4557163490894,153.93919372558594,130287500
2025-09-08,154.42266729484422,154.9061446594208,153.5524139404297,153.5524139404297,140508100
2025-09-09,153.84251242321994,154.71276582918546,152.9722442626953,152.9722442626953,138463700
2025-09-10,154.71277387657523,156.93677295196298,154.32599784370774,155.96981811523438,185566400
2025-09-11,157.03346335143226,157.42025414814194,155.5830310615315,156.35659790039062,138023500
2025-09-12,156.9367595030263,157.13014750288738,155.58301399488164,156.16319274902344,151163700
2025-09-16,155.09953925357726,156.3565834058732,154.71276324728262,155.67971801757812,135660000
2025-09-17,155.19624063243037,155.87310602072546,154.42267386528218,155.67971801757812,151268500
2025-09-18,155.38964043428342,155.67972983831027,154.32599895893156,154.61607360839844,156120500
2025-09-19,154.616062539833,154.90615192309312,152.7788543701172,152.7788543701172,318034200
2025-09-22,152.9722442626953,153.93919904912772,152.87555763678753,152.9722442626953,140157800
2025-09-24,152.97223353153052,153.4557108908303,152.39206955310567,152.68214416503906,179168100
2025-09-25,153.35902858363215,153.84250595652563,152.8755512107387,153.06893920898438,164130600
2025-09-26,152.58546985161695,153.84251403808594,151.61851505503452,153.84251403808594,202832600
2025-09-29,155.0716672788512,155.17000661626614,152.80999755859375,152.80999755859375,196957400
2025-09-30,153.0066826443718,153.49834934309476,151.72834622679676,152.12167358398438,163886200
2025-10-01,152.7116678816198,152.90833154509136,151.43333156234127,152.22000122070312,185343700
2025-10-02,152.22001175498974,152.3183360912921,150.15500563444192,150.35166931152344,182195000
2025-10-03,150.74500955743682,152.51501263531696,150.64667021803592,152.02334594726562,127111200
2025-10-06,155.17000377164968,155.17000377164968,153.4000007619626,153.59666442871094,195874900
2025-10-07,153.59667237374185,153.79333605066293,151.82666927249855,152.5150146484375,240888100
2025-10-08,152.81000350568473,153.5966732221913,151.23667907714844,151.23667907714844,207731700
2025-10-09,150.7449999431535,151.1383272667181,150.15499395333092,150.4499969482422,190625800
2025-10-10,150.5483446861854,151.04001137032776,149.95833866342397,150.2533416748047,215395800
2025-10-14,149.07333908181306,149.663330078125,148.09000575015065,149.663330078125,261608200
2025-10-15,150.4499989860609,151.040004983875,150.05667165716872,150.94166564941406,141962600
2025-10-16,151.82666972624915,153.6950121737751,151.5316817122243,153.40000915527344,183314000
2025-10-17,153.5966609054377,155.95666986571078,153.3016579098441,155.6616668701172,211294100
2025-10-20,156.35000610351562,157.82500616109596,155.85833941765551,156.35000610351562,225384000
2025-10-21,156.54666214847038,157.43167114257812,156.05499548656908,157.43167114257812,179050900
2025-10-22,157.72666398336037,158.51333366747332,156.54666695942905,157.1366729736328,301907400
2025-10-23,157.13666941308946,157.92333907937734,156.05499674638412,157.038330078125,145429600
2025-10-24,157.4316759807347,157.72666398336037,156.54666695942905,157.1366729736328,123700500
2025-10-27,158.31667170597956,159.9883354249611,158.12000803394815,159.7916717529297,168941500
2025-10-28,159.2016693923836,159.3000087328983,157.62834497548545,157.72666931152344,162104000
2025-10-29,156.9400156960606,157.33334305189965,156.15334597990577,156.44834899902344,153175700
2025-10-30,155.66167526952873,155.9566782810405,154.87500557365613,155.4650115966797,509301900
2025-10-31,157.1366701806836,157.52999751351098,155.66167017586707,155.75999450683594,176823800
2025-11-04,155.95667630215695,159.4966673819511,152.4166702178865,152.80999755859375,359452400
2025-11-05,151.53167971320264,151.9250070630315,147.69667053222656,147.69667053222656,480883500
2025-11-06,148.48334225201305,149.56501498544094,148.0900148968448,148.18833923339844,309187700
2025-11-07,148.09000169562256,149.36832298820408,147.9916623633584,148.67999267578125,220967900
2025-11-10,148.58167520654953,149.17166621394227,148.09000853148413,148.8766632080078,212208700
2025-11-11,148.9750065730941,149.86000061035156,148.18833687082272,149.86000061035156,193568800
2025-11-12,149.9583399498142,152.22000971716574,149.66333693590286,149.86000061035156,277196400
2025-11-13,149.56500318022975,149.66332750902262,148.18832753684867,148.2866668701172,261305300
2025-11-14,148.28666535567547,148.67999267578125,147.9916623633584,148.67999267578125,202593200
2025-11-17,148.67999750141894,150.54833984375,148.1883308330912,150.54833984375,174819200
2025-11-18,150.45000534756636,150.45000534756636,149.07334463375827,150.2533416748047,177417400
2025-11-19,149.56500092886816,150.74499788795,149.4666615970799,149.9583282470703,158481900
2025-11-20,150.35165913599775,150.74500146801685,149.85999247433068,150.05667114257812,143566300
2025-11-21,150.15500480612275,151.6300048828125,150.15500480612275,151.6300048828125,217097900
2025-11-25,149.86000061035156,150.25334296372554,149.1716702475428,149.86000061035156,187110600
2025-11-26,150.84332758274473,153.20333658936045,150.45000025054676,152.711669921875,201593600
2025-11-27,153.30166015130868,153.4983388208972,151.7283358259316,151.82666015625,123985700
2025-11-28,152.12166593842994,153.20333862304688,151.8266629331275,153.20333862304688,130324000
2025-12-01,153.40000229175646,153.59666596046605,152.12166593842994,153.20333862304688,146054400
2025-12-02,153.79332605426052,154.18666838701262,152.9083320634009,153.10499572753906,143212500
2025-12-03,153.20334632296561,153.49834934309476,151.92500990539057,152.12167358398438,166641000
2025-12-04,151.82665612254306,153.39999541059575,151.334989470586,153.0066680908203,165080500
2025-12-05,152.41666410535802,152.61332776782464,151.33499145507812,151.33499145507812,150705700
2025-12-08,151.53166885870422,151.826656847707,150.84332353909627,151.72833251953125,133729600
2025-12-09,151.72834577440543,151.82667011117073,150.548348701884,151.23667907714844,144818000
2025-12-10,152.31832606651065,153.69500172442932,151.82665940392738,153.10499572753906,171518100
2025-12-11,153.10500567920076,153.79333605066293,152.22001163081748,152.5150146484375,139592500
2025-12-12,152.5150131042418,153.10500412903147,152.1216707499054,152.90834045410156,226857800
2025-12-15,153.20333990377728,153.59666724448456,152.51500955530145,152.80999755859375,152411100
2025-12-16,152.4166753077386,153.10500567920076,151.63000559557747,152.5150146484375,163048600
2025-12-17,151.92500152193867,152.4166681935307,151.23667118260502,152.31832885742188,147061100
2025-12-18,152.90833610935536,154.0883331298828,152.80999677244634,154.0883331298828,164254600
2025-12-19,154.38333129882812,154.77665862518774,153.69500097546097,154.38333129882812,227272800
2025-12-22,154.67834641913444,154.9733494392636,152.12167358398438,152.12167358398438,159514200
2025-12-23,152.1216679448382,153.69500732421875,151.72834060223124,153.69500732421875,107011400
2025-12-24,153.40000431502537,153.69500732421875,152.711673963225,153.69500732421875,101923100
2025-12-25,153.89166946054092,154.38333613613372,153.59666645429002,154.0883331298828,78061000
2025-12-26,154.77665990866308,156.25165990145646,154.57999624385243,156.15333557128906,152244900
2025-12-29,156.35000764863608,156.44834698857053,154.87500757647913,155.95668029785156,143787600
2025-12-30,156.25166758358074,156.25166758358074,155.07167053222656,155.07167053222656,131301300
2026-01-05,155.26833538792818,157.53000517284096,155.17001105217864,156.8416748046875,195773400
2026-01-06,156.8416704528784,158.51333415900442,156.54666744486175,158.02166748046875,191878700
2026-01-07,156.74332503984925,156.94000370722108,155.95667038826474,156.54666137695312,172362400
2026-01-08,155.85832847994905,156.15333147165794,154.48166785794157,155.1699981689453,181215400
2026-01-09,155.1700125858314,156.74333701366427,155.07167324463322,156.44834899902344,129385500
2026-01-13,157.2350016901396,157.72666838085857,155.95668029785156,155.95668029785156,233019600
2026-01-14,156.05500309110425,156.645009115927,155.46501207075804,156.35000610351562,161589900
2026-01-15,155.9566807605583,157.53000517284096,155.36667472815438,156.8416748046875,232520900
2026-01-16,156.0549985405241,156.35000154433314,154.48167419433594,154.48167419433594,236509300
2026-01-19,154.97334820232612,156.0550059281971,154.87500886157568,155.56333923339844,170808200
2026-01-20,155.36666842241166,157.52999877929688,155.17000475441776,157.52999877929688,209981400
2026-01-21,157.13667819327685,157.43168121017794,154.58000538610324,154.6783447265625,211897800
2026-01-22,156.35000077661573,156.35000077661573,153.59666442871094,153.59666442871094,240689800
2026-01-23,154.57999699910482,154.875,153.59666366577147,154.875,196541500
2026-01-26,154.87500970085577,154.87500970085577,153.3016702671833,154.28500366210938,185645300
2026-01-27,155.16999963943886,155.26832396795666,152.6133270263672,152.6133270263672,266984600
2026-01-28,152.41667329591607,152.51501263531696,151.4333399198134,152.02334594726562,182666500
2026-01-29,151.43334074209073,151.63000441748383,150.1550043453206,150.74501037597656,263252200
2026-01-30,152.2200045257891,153.00667420123156,151.33499551423782,152.31832885742188,197800500
2026-02-02,154.0883310978198,154.57999776692864,153.20333709521427,153.59666442871094,201792800
2026-02-03,154.18667400471563,154.7766650186261,153.30166497713546,153.69500732421875,192072100
2026-02-04,153.39999534477604,153.49833467691545,150.84332275390625,150.84332275390625,297784800
2026-02-05,152.12166672147973,153.49834241848558,149.76167267586428,151.9250030517578,403286600
2026-02-06,152.12165850613297,153.20333113790198,149.9583282470703,149.9583282470703,280506700
2026-02-09,150.4499948970607,151.92499484703188,149.9583282470703,149.9583282470703,261880900
2026-02-10,150.548348701884,151.33500341391374,149.76167898537744,151.23667907714844,254696400
2026-02-12,151.43332873779173,151.9249953895378,150.64665909410292,150.84332275390625,225704400
2026-02-13,151.92500660786473,153.20334299769354,151.6300035941386,152.02334594726562,265212000
2026-02-16,152.2200109152791,152.31833525103906,151.0400138548226,151.6300048828125,151538700
2026-02-17,152.2200035151692,152.31832784614917,150.54833984375,150.54833984375,169564300
2026-02-18,151.04000293806476,151.1383272667181,150.4499969482422,150.4499969482422,164784200
2026-02-19,150.4499948970607,150.54833422884894,149.76166458796922,149.9583282470703,196333000
2026-02-20,150.05667678058296,150.1550011139252,148.48333740234375,148.48333740234375,255358500
2026-02-24,149.4666638469612,149.4666638469612,147.99166387478726,148.2866668701172,231468300
2026-02-25,149.27000351255506,149.36832784353987,148.18833084039034,148.38499450683594,227863000
2026-02-26,149.46666310862352,150.8433237407285,149.17166011475086,149.56500244140625,215128700
2026-02-27,149.9583406699275,150.74501037597656,149.7616769945344,150.74501037597656,232615700
2026-03-02,149.95833664374575,150.1550003138587,149.17166695881775,149.7616729736328,197437300
2026-03-03,149.46666310862352,150.05666909636884,148.48332979869835,149.56500244140625,220942300
2026-03-04,148.1883260234113,149.0733350003625,147.6966593710413,148.67999267578125,344506600
2026-03-05,149.56501295510515,149.66333729032405,147.69667053222656,147.69667053222656,282065500
2026-03-06,147.89333492559223,149.17167132546098,147.79501058989567,148.58168029785156,191096900
2026-03-09,147.9916676607999,151.43333435058594,147.59834032661476,151.43333435058594,351767100
2026-03-10,151.43333790799932,151.63000157971183,149.85999852534644,151.53167724609375,259545500
2026-03-11,151.72834340004562,153.0066797938048,150.84333435614622,152.90834045410156,253772500
2026-03-12,153.10499572753906,153.10499572753906,151.2366684115129,153.10499572753906,266873000
2026-03-13,153.40001000155942,155.1700131178574,152.12167358398438,152.12167358398438,306240100
2026-03-16,152.80999272909395,154.6783350495959,151.82665940392738,153.10499572753906,219655700
2026-03-17,153.89167501631857,155.46501443680646,153.7933356758593,154.6783447265625,207634100
2026-03-18,155.17000503282512,156.44834138379326,155.07166569641367,155.36666870117188,211152400
2026-03-19,154.48168022569462,157.33334103007405,154.08833787043343,155.95668029785156,333537500
2026-03-23,155.07166162219528,155.85833127939017,153.30165864462566,154.38333129882812,304311800
2026-03-24,154.87500768305426,155.07167135858185,153.2033439343547,153.7933349609375,198285700
2026-03-25,154.38333333333333,155.07166366577147,153.79332733154297,154.875,154975700
2026-03-26,154.77665990866308,156.15333557128906,154.1866689142312,156.15333557128906,162521000
2026-03-27,156.84167278937574,157.03833646282447,155.85833941765551,156.35000610351562,275429900
2026-03-30,155.0,156.8000030517578,153.60000610351562,156.3000030517578,235755200
2026-03-31,156.0,158.5,155.39999389648438,157.1999969482422,210772400
2026-04-01,156.60000610351562,157.0,155.6999969482422,155.89999389648438,214482500
2026-04-02,156.3000030517578,158.5,156.1999969482422,157.0,209197900
2026-04-03,155.39999389648438,157.8000030517578,155.3000030517578,157.8000030517578,115776600
2026-04-06,158.0,158.39999389648438,156.8000030517578,157.10000610351562,99742600
2026-04-07,157.6999969482422,158.10000610351562,154.6999969482422,155.39999389648438,172025500
2026-04-08,157.0,157.1999969482422,154.8000030517578,155.3000030517578,224946400
2026-04-09,155.39999389648438,156.5,154.60000610351562,154.60000610351562,185266800
2026-04-10,154.10000610351562,154.3000030517578,152.60000610351562,153.10000610351562,238253700
2026-04-13,153.39999389648438,153.5,152.1999969482422,152.60000610351562,150991800
2026-04-14,152.60000610351562,153.10000610351562,152.10000610351562,152.10000610351562,163389100
2026-04-15,152.89999389648438,154.3000030517578,152.6999969482422,154.0,168195500
2026-04-16,154.5,154.5,153.0,153.0,143387100
2026-04-17,153.0,154.0,152.60000610351562,154.0,161553600
2026-04-20,153.8000030517578,154.5,153.10000610351562,153.5,139123500
2026-04-21,153.5,153.60000610351562,152.3000030517578,152.3000030517578,144632100
2026-04-22,152.3000030517578,152.89999389648438,151.5,151.5,166036600
2026-04-23,151.5,152.10000610351562,151.0,151.39999389648438,192731800
2026-04-24,152.0,152.1999969482422,151.10000610351562,151.5,176730900
2026-04-27,151.5,151.89999389648438,151.0,151.1999969482422,152114900
2026-04-28,151.1999969482422,151.60000610351562,150.60000610351562,151.10000610351562,224139200
2026-04-30,151.1999969482422,152.5,150.60000610351562,152.5,215759900
2026-05-01,151.3000030517578,152.1999969482422,150.89999389648438,152.0,174375200
2026-05-07,151.6999969482422,152.10000610351562,150.8000030517578,150.8000030517578,320065400
2026-05-08,152.8000030517578,153.6999969482422,150.1999969482422,150.1999969482422,368213400
2026-05-11,150.1999969482422,150.39999389648438,148.10000610351562,148.39999389648438,407264700
2026-05-12,148.8000030517578,149.8000030517578,148.1999969482422,149.39999389648438,229261800
2026-05-13,150.8000030517578,151.10000610351562,150.0,150.0,198913700
2026-05-14,150.3000030517578,150.60000610351562,148.39999389648438,149.60000610351562,276821400
2026-05-15,148.8000030517578,151.8000030517578,148.5,151.8000030517578,278152000
2026-05-18,151.5,152.6999969482422,150.60000610351562,152.39999389648438,213912800
2026-05-19,152.8000030517578,155.3000030517578,152.6999969482422,155.3000030517578,257853300
2026-05-20,156.0,156.89999389648438,155.60000610351562,156.5,311269500
